date,full: BTC buy and hold,full: Momentum + correction,"full: Momentum + correction, SMA(50) gate",clean: BTC buy and hold,clean: Momentum + correction,"clean: Momentum + correction, SMA(50) gate"
2020-01-01 00:00:00+00:00,99900.0,100000.0,100000.0,,,
2020-01-02 00:00:00+00:00,96637.81761875334,98414.98970163935,100000.0,,,
2020-01-03 00:00:00+00:00,101899.29022268204,101659.8385044868,100000.0,,,
2020-01-04 00:00:00+00:00,102026.2314865606,103157.88847600647,100000.0,,,
2020-01-05 00:00:00+00:00,102090.60388704111,102188.08199220106,100000.0,,,
2020-01-06 00:00:00+00:00,107629.54373442024,104735.51670589854,100000.0,,,
2020-01-07 00:00:00+00:00,113002.41943659428,104784.2747657812,100379.4899734736,,,
2020-01-08 00:00:00+00:00,111763.52819458813,104868.0895853304,99799.83650914193,,,
2020-01-09 00:00:00+00:00,108458.6158578501,104958.00395484714,100235.12945760557,,,
2020-01-10 00:00:00+00:00,113720.22719540054,110712.92122984162,105218.22305623302,,,
2020-01-11 00:00:00+00:00,111264.50335724255,111591.34396366862,106030.93534432925,,,
2020-01-12 00:00:00+00:00,113553.19191484338,114427.00875977316,107781.03007069517,,,
2020-01-13 00:00:00+00:00,112517.68416228639,113758.39668896791,107387.88435008549,,,
2020-01-14 00:00:00+00:00,122224.45947353437,118310.90375436048,111201.65313642615,,,
2020-01-15 00:00:00+00:00,122382.61580230111,118853.17747276276,114126.91120470763,,,
2020-01-16 00:00:00+00:00,120975.85687800746,119707.05150132685,114505.52713558759,,,
2020-01-17 00:00:00+00:00,123657.16158509065,124021.43996057441,119690.37581284175,,,
2020-01-18 00:00:00+00:00,123694.34219571299,118882.59594995785,114648.25484630378,,,
2020-01-19 00:00:00+00:00,120721.8356166286,118859.34625455634,113726.04288965798,,,
2020-01-20 00:00:00+00:00,119898.45157168945,120812.32007344314,115315.03745562377,,,
2020-01-21 00:00:00+00:00,121198.10814001126,121749.44562104114,115924.5008052561,,,
2020-01-22 00:00:00+00:00,120453.52479221202,121676.89134786284,115522.04742204782,,,
2020-01-23 00:00:00+00:00,116598.94984619871,118233.04998027746,113090.65736145363,,,
2020-01-24 00:00:00+00:00,117077.30337390724,118692.98802787867,113619.69184625713,,,
2020-01-25 00:00:00+00:00,115711.88706888769,117644.87219800556,112405.47890073538,,,
2020-01-26 00:00:00+00:00,119519.015116271,120818.30352020108,116442.74028048872,,,
2020-01-27 00:00:00+00:00,123577.94468708555,122628.70530627925,119685.80379202586,,,
2020-01-28 00:00:00+00:00,130051.81041127087,123074.79651116033,120050.95262403342,,,
2020-01-29 00:00:00+00:00,129043.49444857205,123119.04148628692,120095.62238256913,,,
2020-01-30 00:00:00+00:00,131980.20775325134,123749.24974646872,120686.64911301351,,,
2020-01-31 00:00:00+00:00,129756.03032975273,123568.21628162707,120512.67264951687,,,
2020-02-01 00:00:00+00:00,130196.09337786511,124621.89206318931,121321.20978320036,,,
2020-02-02 00:00:00+00:00,129459.41784650422,124586.2071939708,121461.74810186613,,,
2020-02-03 00:00:00+00:00,128914.61091398931,124971.87834269746,121397.59702125721,,,
2020-02-04 00:00:00+00:00,127593.58936792184,124868.87492067888,121697.76228366593,,,
2020-02-05 00:00:00+00:00,133351.31213676164,124909.76564432765,121684.07000521707,,,
2020-02-06 00:00:00+00:00,135570.49514987814,125902.51520376201,122659.49759149631,,,
2020-02-07 00:00:00+00:00,136149.43055333744,126374.72486655759,123145.83001359891,,,
2020-02-08 00:00:00+00:00,137277.61236520685,126063.19445601503,122666.17010485302,,,
2020-02-09 00:00:00+00:00,140838.9044348931,131150.95935986403,128097.58136579594,,,
2020-02-10 00:00:00+00:00,136678.0056521105,132178.86388812336,128980.7544409061,,,
2020-02-11 00:00:00+00:00,141828.49135865903,137459.2843531944,134385.74059458412,,,
2020-02-12 00:00:00+00:00,143262.71954005427,143005.68649809642,139963.55160516736,,,
2020-02-13 00:00:00+00:00,141919.36188088905,142391.24248135285,139280.79305779003,,,
2020-02-14 00:00:00+00:00,143511.05272294243,148897.50896527848,145569.8849138157,,,
2020-02-15 00:00:00+00:00,137411.76777741514,140178.08651070308,136865.2841149951,,,
2020-02-16 00:00:00+00:00,137585.8784726803,138456.65081052072,135130.54887277033,,,
2020-02-17 00:00:00+00:00,134654.85324649172,136448.9057828671,133208.38853708448,,,
2020-02-18 00:00:00+00:00,141018.70320864895,141397.0126366823,138022.9785734938,,,
2020-02-19 00:00:00+00:00,133098.12327711313,136797.95269174402,133669.96109113097,,,
2020-02-20 00:00:00+00:00,133134.61021962683,137149.2512368747,134050.40920438475,,,
2020-02-21 00:00:00+00:00,134253.2194115972,137488.88746674673,134390.38819144462,,,
2020-02-22 00:00:00+00:00,133889.8760562989,137178.31106744206,134084.73232850543,,,
2020-02-23 00:00:00+00:00,137851.27589104063,138690.02514521053,135563.13853272592,,,
2020-02-24 00:00:00+00:00,133962.98867494808,137159.1158099727,134076.70153467412,,,
2020-02-25 00:00:00+00:00,129242.02226126082,129292.3511847366,126423.02019566075,,,
2020-02-26 00:00:00+00:00,121880.95502614274,121320.97227217245,118601.69011837007,,,
2020-02-27 00:00:00+00:00,122407.58785421163,126229.84214879476,123390.44754220803,,,
2020-02-28 00:00:00+00:00,120599.88876313213,125487.73931152702,122651.98105928606,,,
2020-02-29 00:00:00+00:00,118251.12854732428,123555.50083678169,120762.87270205183,,,
2020-03-01 00:00:00+00:00,118365.861252491,123452.96007898303,120385.68877439959,,,
2020-03-02 00:00:00+00:00,123684.35337494878,127544.44543214227,120332.54607852294,,,
2020-03-03 00:00:00+00:00,121531.62376663866,128155.56855525383,120332.54607852294,,,
2020-03-04 00:00:00+00:00,121403.98883465148,131511.9365608409,120332.54607852294,,,
2020-03-05 00:00:00+00:00,125618.85499628515,131811.84269157538,120332.54607852294,,,
2020-03-06 00:00:00+00:00,126689.87855600378,133463.4680566102,120332.54607852294,,,
2020-03-07 00:00:00+00:00,123287.85268405813,133826.21945633015,120332.54607852294,,,
2020-03-08 00:00:00+00:00,111449.01907413708,126232.59611150481,120332.54607852294,,,
2020-03-09 00:00:00+00:00,110013.95849101148,124266.05221708391,120332.54607852294,,,
2020-03-10 00:00:00+00:00,109524.09007269975,126576.6802050715,120332.54607852294,,,
2020-03-11 00:00:00+00:00,110078.46962511369,122034.45710313777,120332.54607852294,,,
2020-03-12 00:00:00+00:00,66592.13842810223,82283.873770696,120332.54607852294,,,
2020-03-13 00:00:00+00:00,77393.93821562732,87464.55822098273,120332.54607852294,,,
2020-03-14 00:00:00+00:00,71753.86155801051,84755.06745337349,120332.54607852294,,,
2020-03-15 00:00:00+00:00,74379.25661553844,84604.50397361636,120332.54607852294,,,
2020-03-16 00:00:00+00:00,69768.72216474444,83205.60298114244,120332.54607852294,,,
2020-03-17 00:00:00+00:00,73704.17881222356,83458.52132468944,120332.54607852294,,,
2020-03-18 00:00:00+00:00,74819.59713089427,83422.78241821297,120332.54607852294,,,
2020-03-19 00:00:00+00:00,85492.79085108008,84466.86904313276,120332.54607852294,,,
2020-03-20 00:00:00+00:00,86130.82677739434,83785.27704104576,120332.54607852294,,,
2020-03-21 00:00:00+00:00,85834.21429414583,83770.68894401815,120332.54607852294,,,
2020-03-22 00:00:00+00:00,80690.11033419665,83770.68894401815,120332.54607852294,,,
2020-03-23 00:00:00+00:00,89723.33391196872,83770.68894401815,120332.54607852294,,,
2020-03-24 00:00:00+00:00,93571.94331224785,83770.68894401815,120332.54607852294,,,
2020-03-25 00:00:00+00:00,92638.4047716589,83770.68894401815,120332.54607852294,,,
2020-03-26 00:00:00+00:00,93469.8353666581,83770.68894401815,120332.54607852294,,,
2020-03-27 00:00:00+00:00,88222.23612490192,83770.68894401815,120332.54607852294,,,
2020-03-28 00:00:00+00:00,86523.30419325495,83770.68894401815,120332.54607852294,,,
2020-03-29 00:00:00+00:00,81595.06974871022,83770.68894401815,120332.54607852294,,,
2020-03-30 00:00:00+00:00,88711.54960872674,83770.68894401815,120332.54607852294,,,
2020-03-31 00:00:00+00:00,88934.35580521743,83770.68894401815,120332.54607852294,,,
2020-04-01 00:00:00+00:00,92159.63504308519,83770.68894401815,120332.54607852294,,,
2020-04-02 00:00:00+00:00,94256.87120270522,83770.68894401815,120332.54607852294,,,
2020-04-03 00:00:00+00:00,93424.60820597567,83770.68894401815,120332.54607852294,,,
2020-04-04 00:00:00+00:00,95129.50568335682,83770.68894401815,120332.54607852294,,,
2020-04-05 00:00:00+00:00,93961.2298548088,83996.09969289212,120332.54607852294,,,
2020-04-06 00:00:00+00:00,101690.35738836387,85005.3520342609,120332.54607852294,,,
2020-04-07 00:00:00+00:00,99851.02703153099,85033.82037772847,120332.54607852294,,,
2020-04-08 00:00:00+00:00,102125.70349333758,86025.28464115332,120332.54607852294,,,
2020-04-09 00:00:00+00:00,101047.18831804578,85789.83027789227,120332.54607852294,,,
2020-04-10 00:00:00+00:00,95156.28127234979,83241.54098575882,120332.54607852294,,,
2020-04-11 00:00:00+00:00,95404.75318885964,83978.51454452041,120332.54607852294,,,
2020-04-12 00:00:00+00:00,95778.77903303082,83955.97144308529,120332.54607852294,,,
2020-04-13 00:00:00+00:00,94864.80193310512,83331.82299877149,120332.54607852294,,,
2020-04-14 00:00:00+00:00,95291.96275439704,83955.73472758594,120332.54607852294,,,
2020-04-15 00:00:00+00:00,91858.86055118493,83581.59808014538,120332.54607852294,,,
2020-04-16 00:00:00+00:00,98527.78574751591,84614.64693870046,120332.54607852294,,,
2020-04-17 00:00:00+00:00,97495.74633550206,84490.15552817317,120332.54607852294,,,
2020-04-18 00:00:00+00:00,100562.45304373789,84887.39775860713,121159.32204296233,,,
2020-04-19 00:00:00+00:00,98788.60495635931,84536.70879801348,120906.57632509212,,,
2020-04-20 00:00:00+00:00,94711.08508023358,81494.7182917697,119665.7210766468,,,
2020-04-21 00:00:00+00:00,94912.80376622204,82383.94397515416,123151.66045222436,,,
2020-04-22 00:00:00+00:00,98849.64774991841,85712.03318367747,128710.36665289314,,,
2020-04-23 00:00:00+00:00,103805.90638605165,87601.41874575344,131422.88089149893,,,
2020-04-24 00:00:00+00:00,104119.58310477235,89042.98030871892,133406.27685807282,,,
2020-04-25 00:00:00+00:00,104586.69920912114,88983.72024885085,133273.6861084729,,,
2020-04-26 00:00:00+00:00,106729.1625294236,88821.31226700304,133030.4426215321,,,
2020-04-27 00:00:00+00:00,107860.11901372754,89935.917725437,134667.29117826762,,,
2020-04-28 00:00:00+00:00,107365.67238589888,90046.70264970679,134802.1657416099,,,
2020-04-29 00:00:00+00:00,121788.2809668303,91924.70026807423,137884.00649040387,,,
2020-04-30 00:00:00+00:00,119588.3819271336,90512.50703764567,135602.4197859085,,,
2020-05-01 00:00:00+00:00,122459.61296235859,91894.29010506344,137774.79393210667,,,
2020-05-02 00:00:00+00:00,124472.4990799697,92228.19553318784,138270.79535935,,,
2020-05-03 00:00:00+00:00,123391.90290035204,91256.04963284542,136831.99292975006,,,
2020-05-04 00:00:00+00:00,123083.91426012205,92921.66576880575,139278.72032072418,,,
2020-05-05 00:00:00+00:00,125163.11504891783,92283.30154040823,138300.82581000976,,,
2020-05-06 00:00:00+00:00,126843.04047438843,91751.68487651504,137646.00857192045,,,
2020-05-07 00:00:00+00:00,138544.9439996667,92351.23292154264,138454.4108764222,,,
2020-05-08 00:00:00+00:00,135959.08802433044,93085.79248117298,139641.55804655992,,,
2020-05-09 00:00:00+00:00,132343.55110854967,92957.33858415483,139447.9495104869,,,
2020-05-10 00:00:00+00:00,121014.14735760361,89846.2632575299,134764.28820161018,,,
2020-05-11 00:00:00+00:00,118777.06770728456,87698.0758789966,131542.65033913747,,,
2020-05-12 00:00:00+00:00,122235.28069602895,94397.47647537198,141521.9396836089,,,
2020-05-13 00:00:00+00:00,129152.26160800461,100107.99465115042,150017.80364169925,,,
2020-05-14 00:00:00+00:00,135847.68492608512,101311.15603166168,151810.93806013226,,,
2020-05-15 00:00:00+00:00,129250.06881132087,101560.92880825646,152206.13738143732,,,
2020-05-16 00:00:00+00:00,130149.75634820889,101593.6470451964,152255.4895959389,,,
2020-05-17 00:00:00+00:00,134294.70076449309,101664.35062248545,152365.97909634246,,,
2020-05-18 00:00:00+00:00,135042.33625197024,101505.72113946301,152128.4513400919,,,
2020-05-19 00:00:00+00:00,135619.46811834714,101672.89344894452,152381.04865049722,,,
2020-05-20 00:00:00+00:00,131955.51316858426,101752.39599206136,152500.24772885826,,,
2020-05-21 00:00:00+00:00,125812.66586583528,101542.16550022771,152188.50668191665,,,
2020-05-22 00:00:00+00:00,127218.73112202031,105785.30417190946,158544.09610123944,,,
2020-05-23 00:00:00+00:00,127345.67238589888,105800.89139523657,158574.2269147251,,,
2020-05-24 00:00:00+00:00,120980.43508752438,105427.61195977576,158010.84514711596,,,
2020-05-25 00:00:00+00:00,123477.77901219994,112799.52158143112,169063.76723687843,,,
2020-05-26 00:00:00+00:00,122656.89217245186,111277.95410209385,166782.51942525618,,,
2020-05-27 00:00:00+00:00,127691.39657123812,113923.89129377405,170749.01871264537,,,
2020-05-28 00:00:00+00:00,132849.79009422497,112563.67324751482,168709.83146021824,,,
2020-05-29 00:00:00+00:00,130785.15633571036,115942.4695035996,173770.13504415203,,,
2020-05-30 00:00:00+00:00,134539.98180770324,115334.5825988049,172857.42739355177,,,
2020-05-31 00:00:00+00:00,131079.2716137678,109275.30632899405,163775.77614419768,,,
2020-06-01 00:00:00+00:00,141518.9766485901,110877.59365145434,166175.1016640476,,,
2020-06-02 00:00:00+00:00,132047.21609254464,111270.44232459791,166765.9414991823,,,
2020-06-03 00:00:00+00:00,134103.24836651227,112809.41400971092,169073.77292068873,,,
2020-06-04 00:00:00+00:00,135807.17470854134,113921.61470582274,170740.40818379307,,,
2020-06-05 00:00:00+00:00,133477.837199775,113291.57305475336,169795.332052104,,,
2020-06-06 00:00:00+00:00,134104.08076824262,115193.33162334753,172646.5526002529,,,
2020-06-07 00:00:00+00:00,135223.52236194338,115176.70679807666,172621.4521594009,,,
2020-06-08 00:00:00+00:00,135709.36750522506,115066.53842448804,172456.25963699468,,,
2020-06-09 00:00:00+00:00,135576.4606956123,115141.59996900227,172568.87690874416,,,
2020-06-10 00:00:00+00:00,137138.18507537304,116524.28663497398,174640.53508103668,,,
2020-06-11 00:00:00+00:00,128750.35030586667,110649.7674720638,165836.93493059432,,,
2020-06-12 00:00:00+00:00,131313.1764999965,115367.67047580864,172908.87653526303,,,
2020-06-13 00:00:00+00:00,131427.07680343292,115647.70402287433,173328.91212269108,,,
2020-06-14 00:00:00+00:00,129606.33675191122,113028.4326027581,169402.55676428377,,,
2020-06-15 00:00:00+00:00,130770.58930542921,115193.80942653207,172647.50326665727,,,
2020-06-16 00:00:00+00:00,132151.95997694717,115324.77169419364,172843.73031433142,,,
2020-06-17 00:00:00+00:00,131313.31523361825,116532.63666229924,174653.7416359287,,,
2020-06-18 00:00:00+00:00,130219.81682718011,115274.24088107544,172767.38427221647,,,
2020-06-19 00:00:00+00:00,129164.19269947297,114592.61059051465,171745.8211372843,,,
2020-06-20 00:00:00+00:00,129840.10290451822,114668.90190027104,171860.06435853595,,,
2020-06-21 00:00:00+00:00,128948.600651312,114544.87225538454,171729.64887872167,,,
2020-06-22 00:00:00+00:00,134373.0852607678,115918.14419530376,173670.18938498193,,,
2020-06-23 00:00:00+00:00,133529.58484067852,116348.40705557188,173406.94695128116,,,
2020-06-24 00:00:00+00:00,128973.57270322253,115695.62706370087,172594.726431136,,,
2020-06-25 00:00:00+00:00,128321.52468111402,114242.6013911301,170985.35882470774,,,
2020-06-26 00:00:00+00:00,127110.65763069635,111169.33798546015,169407.22628449765,,,
2020-06-27 00:00:00+00:00,125026.73989876195,106909.27964577936,164436.31542090338,,,
2020-06-28 00:00:00+00:00,126474.42524146455,110122.41650910642,166361.68956300593,,,
2020-06-29 00:00:00+00:00,127531.71417263239,113410.02297430052,166218.9476580343,,,
2020-06-30 00:00:00+00:00,126782.4138816945,111115.19594239633,166218.9476580343,,,
2020-07-01 00:00:00+00:00,128078.87957671663,111342.40246373291,166218.9476580343,,,
2020-07-02 00:00:00+00:00,126060.8603151017,110761.686047537,166218.9476580343,,,
2020-07-03 00:00:00+00:00,125668.52163286279,113479.95894422737,166218.9476580343,,,
2020-07-04 00:00:00+00:00,126739.54519258141,114430.37308333704,166218.9476580343,,,
2020-07-05 00:00:00+00:00,125823.2096210864,113511.42776921128,166218.9476580343,,,
2020-07-06 00:00:00+00:00,129635.47081247353,120942.4367483161,166218.9476580343,,,
2020-07-07 00:00:00+00:00,128431.12424227694,121466.80296371384,166218.9476580343,,,
2020-07-08 00:00:00+00:00,130909.87786164133,123449.53042251119,166218.9476580343,,,
2020-07-09 00:00:00+00:00,128084.84512245082,123034.5633836695,168614.33860637152,,,
2020-07-10 00:00:00+00:00,128860.50480151648,129188.06648551,164327.0450855699,,,
2020-07-11 00:00:00+00:00,128107.04250192686,132083.69628596038,168453.41938121035,,,
2020-07-12 00:00:00+00:00,129060.41995042251,134388.5875822448,172092.0975402327,,,
2020-07-13 00:00:00+00:00,128226.21468298882,133053.72220107,167800.1112386736,,,
2020-07-14 00:00:00+00:00,128409.75926453127,136620.7352457198,167597.8662345687,,,
2020-07-15 00:00:00+00:00,127601.6359179819,139216.5193384731,167597.8662345687,,,
2020-07-16 00:00:00+00:00,126715.40554240122,140186.22871038894,167597.8662345687,,,
2020-07-17 00:00:00+00:00,127001.19680315518,140098.8888842367,167597.8662345687,,,
2020-07-18 00:00:00+00:00,127222.61566342863,143399.0339585599,167597.8662345687,,,
2020-07-19 00:00:00+00:00,127759.65351312692,149210.02089846498,167597.8662345687,,,
2020-07-20 00:00:00+00:00,127090.81872278969,142673.93945045138,167597.8662345687,,,
2020-07-21 00:00:00+00:00,130270.87079997499,144817.40641076566,167597.8662345687,,,
2020-07-22 00:00:00+00:00,132048.8808960053,144696.56798578246,168026.53991540408,,,
2020-07-23 00:00:00+00:00,133229.64275050862,145730.55871809466,169721.5551363172,,,
2020-07-24 00:00:00+00:00,132321.35372907363,142031.55413262872,166415.5046146864,,,
2020-07-25 00:00:00+00:00,134577.43988556907,140409.65216094788,165086.33425770875,,,
2020-07-26 00:00:00+00:00,137783.8513508822,138589.42026376585,163416.78248389094,,,
2020-07-27 00:00:00+00:00,153022.62982842303,133172.55029877956,155785.0838373818,,,
2020-07-28 00:00:00+00:00,151306.63366130387,135534.93875224376,158426.20067203394,,,
2020-07-29 00:00:00+00:00,154001.67299693785,134228.1280238225,157755.5935172684,,,
2020-07-30 00:00:00+00:00,153988.90950373912,136214.78266788347,160433.92268876266,,,
2020-07-31 00:00:00+00:00,157260.9419721283,135727.72914716095,159672.34049372887,,,
2020-08-01 00:00:00+00:00,163721.90546949318,138771.02008556752,163269.05638277432,,,
2020-08-02 00:00:00+00:00,153596.84828874367,136282.18965758258,160000.8005471282,,,
2020-08-03 00:00:00+00:00,155656.4876368762,138666.8408693862,163116.8216971616,,,
2020-08-04 00:00:00+00:00,155270.2532339932,139382.22822497276,163822.04808720504,,,
2020-08-05 00:00:00+00:00,162941.39011366712,142184.12193475285,167144.87414866377,,,
2020-08-06 00:00:00+00:00,163184.86761979488,145803.56666732137,171494.42628783386,,,
2020-08-07 00:00:00+00:00,160850.9519015116,145655.52502911288,171313.83314204114,,,
2020-08-08 00:00:00+00:00,163170.30058951373,146854.7259187785,172559.65199991025,,,
2020-08-09 00:00:00+00:00,162064.1774234986,146390.18133652033,172173.8577443897,,,
2020-08-10 00:00:00+00:00,164994.786448822,151062.44180873796,177815.8563930237,,,
2020-08-11 00:00:00+00:00,158046.45173833644,142957.60820528667,168331.34322098375,,,
2020-08-12 00:00:00+00:00,160436.13837255322,151593.6426136423,179943.85475590368,,,
2020-08-13 00:00:00+00:00,163428.2063923009,154430.70748325926,182874.50455826314,,,
2020-08-14 00:00:00+00:00,163158.23076442364,157808.0499274532,186481.61969170487,,,
2020-08-15 00:00:00+00:00,164432.63781359146,159070.71907847817,187960.61925926682,,,
2020-08-16 00:00:00+00:00,165245.6168369012,162657.9079669844,191883.69148510677,,,
2020-08-17 00:00:00+00:00,170380.5643778165,162710.17670345434,191843.73486496805,,,
2020-08-18 00:00:00+00:00,165717.44988438865,159929.06761022564,188371.30328266052,,,
2020-08-19 00:00:00+00:00,163075.68425949712,154715.17063141163,181991.75182057763,,,
2020-08-20 00:00:00+00:00,164448.59218008985,158165.21088978022,186134.75919084135,,,
2020-08-21 00:00:00+00:00,159978.45615448174,144948.61033685657,170954.98403919954,,,
2020-08-22 00:00:00+00:00,161804.468083629,156495.41503328836,184340.48483337302,,,
2020-08-23 00:00:00+00:00,161598.7261226105,158899.93259171772,187049.53887372246,,,
2020-08-24 00:00:00+00:00,162987.03347521473,160355.16280141886,188948.2131822182,,,
2020-08-25 00:00:00+00:00,157024.53988070853,154689.98836875148,182060.28694966112,,,
2020-08-26 00:00:00+00:00,159008.5694050008,157914.82393899205,185972.80890346237,,,
2020-08-27 00:00:00+00:00,157190.46529229186,151538.9447018965,178248.79779805645,,,
2020-08-28 00:00:00+00:00,159916.99716005748,158566.2802862999,186576.31103434457,,,
2020-08-29 00:00:00+00:00,159069.7509321816,157756.3843127149,185576.23469204377,,,
2020-08-30 00:00:00+00:00,162473.16414034454,157820.77117589308,185495.02280480252,,,
2020-08-31 00:00:00+00:00,161617.8713624086,156498.10018580253,184137.34887366748,,,
2020-09-01 00:00:00+00:00,165397.80761993374,158333.60124609448,186293.49727177038,,,
2020-09-02 00:00:00+00:00,157997.3400362457,163874.41168215062,192838.9155348079,,,
2020-09-03 00:00:00+00:00,140687.6847872126,134466.84036982918,158312.26775649187,,,
2020-09-04 00:00:00+00:00,144924.60959470063,146200.34180538374,171199.83118432443,,,
2020-09-05 00:00:00+00:00,141046.17246575057,123952.83906200621,146315.35432485523,,,
2020-09-06 00:00:00+00:00,142287.97711381296,131868.1101876226,155124.79069719353,,,
2020-09-07 00:00:00+00:00,143914.49009491934,134269.54008995328,155430.82856360293,,,
2020-09-08 00:00:00+00:00,140490.6830443628,133678.485214854,155405.69982852947,,,
2020-09-09 00:00:00+00:00,141774.6627134297,134026.9141297241,155405.69982852947,,,
2020-09-10 00:00:00+00:00,143407.14124027026,136373.974260881,155405.69982852947,,,
2020-09-11 00:00:00+00:00,144114.96017831226,137315.77993721148,155405.69982852947,,,
2020-09-12 00:00:00+00:00,144850.66457432107,138506.16384424712,155405.69982852947,,,
2020-09-13 00:00:00+00:00,143351.09285709326,140219.3541179788,155405.69982852947,,,
2020-09-14 00:00:00+00:00,148053.33023184762,141715.76320096912,155405.69982852947,,,
2020-09-15 00:00:00+00:00,149628.5117729157,134055.27181479483,155405.69982852947,,,
2020-09-16 00:00:00+00:00,151968.94797142004,132940.1418776927,155405.69982852947,,,
2020-09-17 00:00:00+00:00,151774.44343376128,133131.25989710315,155405.69982852947,,,
2020-09-18 00:00:00+00:00,151682.87924342265,134417.7390393315,155405.69982852947,,,
2020-09-19 00:00:00+00:00,153725.87055694812,134239.38650603849,155405.69982852947,,,
2020-09-20 00:00:00+00:00,151500.9994653409,134331.72698307526,155405.69982852947,,,
2020-09-21 00:00:00+00:00,144521.8658908323,130711.79651377341,155405.69982852947,,,
2020-09-22 00:00:00+00:00,146081.093065402,134883.26234956688,155405.69982852947,,,
2020-09-23 00:00:00+00:00,142083.48375538996,126848.73252362784,155405.69982852947,,,
2020-09-24 00:00:00+00:00,148948.85576008388,135293.17615625827,155405.69982852947,,,
2020-09-25 00:00:00+00:00,148260.0433282182,135144.7573528708,155405.69982852947,,,
2020-09-26 00:00:00+00:00,148841.753404112,135342.6615005724,155405.69982852947,,,
2020-09-27 00:00:00+00:00,149475.0723872876,135634.6760828736,155405.69982852947,,,
2020-09-28 00:00:00+00:00,148391.14660074853,136225.27840635832,155405.69982852947,,,
2020-09-29 00:00:00+00:00,150393.9051639737,139258.64382861747,155405.69982852947,,,
2020-09-30 00:00:00+00:00,149507.5360547713,140457.36146010598,155405.69982852947,,,
2020-10-01 00:00:00+00:00,147323.03644708608,135704.83954520244,155405.69982852947,,,
2020-10-02 00:00:00+00:00,146646.98750841914,134357.68860721,155405.69982852947,,,
2020-10-03 00:00:00+00:00,146253.81642444988,134852.26172428118,155405.69982852947,,,
2020-10-04 00:00:00+00:00,147982.02115028084,136951.94757620717,155405.69982852947,,,
2020-10-05 00:00:00+00:00,149724.23797190608,136874.96288554676,155405.69982852947,,,
2020-10-06 00:00:00+00:00,147052.9220855871,129839.0909734471,155405.69982852947,,,
2020-10-07 00:00:00+00:00,147978.69154335945,130567.99434964043,155405.69982852947,,,
2020-10-08 00:00:00+00:00,151574.38955123353,131740.0162434475,155405.69982852947,,,
2020-10-09 00:00:00+00:00,153309.53095815078,132356.16023447743,155405.69982852947,,,
2020-10-10 00:00:00+00:00,156674.931153961,134345.4660304168,155405.69982852947,,,
2020-10-11 00:00:00+00:00,157726.5320066381,133865.48285148537,155405.69982852947,,,
2020-10-12 00:00:00+00:00,159935.58746536868,134180.71978594546,155405.76192885038,,,
2020-10-13 00:00:00+00:00,158441.56509300985,134241.8713332536,155393.54083208757,,,
2020-10-14 00:00:00+00:00,158404.52321600923,133943.20509271172,156989.73984214696,,,
2020-10-15 00:00:00+00:00,159614.69659831826,134183.01794873129,156662.22328626737,,,
2020-10-16 00:00:00+00:00,157037.0259066638,130787.39333681243,150933.62619614328,,,
2020-10-17 00:00:00+00:00,157604.16895227646,131664.34367226236,152078.93595844862,,,
2020-10-18 00:00:00+00:00,159587.22734121664,133587.3453952494,153710.0934254016,,,
2020-10-19 00:00:00+00:00,163032.39936951885,133363.20958196212,154385.08405358266,,,
2020-10-20 00:00:00+00:00,165231.60474110694,131022.74730444021,151501.60483395812,,,
2020-10-21 00:00:00+00:00,177314.88699250782,134776.73528370674,156302.69612070022,,,
2020-10-22 00:00:00+00:00,179916.97480158592,135965.80535319555,157650.49338468764,,,
2020-10-23 00:00:00+00:00,179286.43049084482,135377.17582258568,157475.58366910214,,,
2020-10-24 00:00:00+00:00,181903.7789983127,137174.31678321835,158854.56319869243,,,
2020-10-25 00:00:00+00:00,180753.67727421067,136993.32047902653,158690.68535815,,,
2020-10-26 00:00:00+00:00,181077.75901456078,136584.91628004087,158062.15614457268,,,
2020-10-27 00:00:00+00:00,189179.52505606975,138651.01007131077,160375.07656585347,,,
2020-10-28 00:00:00+00:00,184049.57192553655,133867.52370266095,155006.47970300296,,,
2020-10-29 00:00:00+00:00,186675.79938479484,131033.5450627173,151953.7292489422,,,
2020-10-30 00:00:00+00:00,188124.17839560605,129405.83774036476,150222.72464280645,,,
2020-10-31 00:00:00+00:00,191327.53772124124,129773.39062898088,150544.8179898159,,,
2020-11-01 00:00:00+00:00,190918.27353715186,130008.28527644604,150790.4083685086,,,
2020-11-02 00:00:00+00:00,187975.3172194949,130252.33924572845,151076.00773392763,,,
2020-11-03 00:00:00+00:00,194553.51062721762,130849.14190474465,151768.17667549924,,,
2020-11-04 00:00:00+00:00,196224.97330176298,132407.82303034788,153576.18383366405,,,
2020-11-05 00:00:00+00:00,216285.9937368505,137510.13510892517,159494.95257045847,,,
2020-11-06 00:00:00+00:00,216145.87277890803,143396.4977463446,166323.17132790812,,,
2020-11-07 00:00:00+00:00,205579.64268107235,141243.20811357928,163825.45870445747,,,
2020-11-08 00:00:00+00:00,214691.66695598434,141667.68963233006,164317.74323424714,,,
2020-11-09 00:00:00+00:00,212656.5834588972,142097.86543714497,164816.62281376706,,,
2020-11-10 00:00:00+00:00,212223.73455911453,144086.11855422286,167122.5655664109,,,
2020-11-11 00:00:00+00:00,217593.14192074546,141455.50691674254,164071.47159740495,,,
2020-11-12 00:00:00+00:00,226022.87424401284,140982.57290318154,163522.9884121758,,,
2020-11-13 00:00:00+00:00,226422.98200906836,146060.07621910394,169412.10471388992,,,
2020-11-14 00:00:00+00:00,222951.1731253949,147362.54365240375,170923.0709663805,,,
2020-11-15 00:00:00+00:00,221377.24018692237,148785.9500218968,172574.22449766187,,,
2020-11-16 00:00:00+00:00,231873.4098057868,152732.01215516042,177151.3997565838,,,
2020-11-17 00:00:00+00:00,244994.97448217918,155535.60933917435,180403.19664580017,,,
2020-11-18 00:00:00+00:00,246614.5507821993,158191.4467947297,183483.44714822722,,,
2020-11-19 00:00:00+00:00,246984.96955220564,161175.97067775644,186945.29812180705,,,
2020-11-20 00:00:00+00:00,258816.8664810404,167453.90684498634,194227.0187476458,,,
2020-11-21 00:00:00+00:00,259484.59140240386,175500.35311545467,203559.97319078044,,,
2020-11-22 00:00:00+00:00,255470.05659054138,179436.3784375158,208125.21832781253,,,
2020-11-23 00:00:00+00:00,254825.9163848712,182010.88409607115,211111.24942694075,,,
2020-11-24 00:00:00+00:00,265813.75795912975,179756.97893073334,208496.9295888745,,,
2020-11-25 00:00:00+00:00,259696.99257726516,172337.6189458238,199891.44713275187,,,
2020-11-26 00:00:00+00:00,237920.80837678883,164061.04768641776,190291.79415024977,,,
2020-11-27 00:00:00+00:00,237782.76842317227,168612.56120551185,195571.0545859068,,,
2020-11-28 00:00:00+00:00,245833.8966927515,174960.63521081867,202934.13470030227,,,
2020-11-29 00:00:00+00:00,252286.95237367813,177675.42029366628,206082.98914073248,,,
2020-11-30 00:00:00+00:00,273247.9378128971,182268.23177507176,211410.13366309967,,,
2020-12-01 00:00:00+00:00,260333.08623287527,181950.28387522697,211041.35439419866,,,
2020-12-02 00:00:00+00:00,266425.29576369456,183905.6187079758,213309.30797022584,,,
2020-12-03 00:00:00+00:00,269447.05277849146,186440.17863700772,216249.09396184568,,,
2020-12-04 00:00:00+00:00,258745.41866585193,180978.2391128116,209913.90901752375,,,
2020-12-05 00:00:00+00:00,265642.4219362992,188264.48415279097,218365.10046478512,,,
2020-12-06 00:00:00+00:00,268579.96764270886,187745.5508635214,217763.19980424034,,,
2020-12-07 00:00:00+00:00,265909.3454244985,187678.61900221105,217685.56327544805,,,
2020-12-08 00:00:00+00:00,254217.01451911926,182265.73905306982,211407.23887576716,,,
2020-12-09 00:00:00+00:00,257229.8925821257,192028.377212046,222730.7682799546,,,
2020-12-10 00:00:00+00:00,253253.09331537248,185056.52074783502,214644.22524770783,,,
2020-12-11 00:00:00+00:00,250227.3130255456,180546.14941057982,209412.712935054,,,
2020-12-12 00:00:00+00:00,260939.7683606796,191943.72621210213,222632.58397741138,,,
2020-12-13 00:00:00+00:00,266021.5809244742,193241.79105885385,224138.19487712032,,,
2020-12-14 00:00:00+00:00,267383.25142170716,193193.09858582664,224081.71713011444,,,
2020-12-15 00:00:00+00:00,269509.89910913294,193054.7331295289,223921.22799352065,,,
2020-12-16 00:00:00+00:00,295995.3960990716,193829.84110117183,224820.26377248997,,,
2020-12-17 00:00:00+00:00,316273.25718491565,192868.75945038794,223705.51987575958,,,
2020-12-18 00:00:00+00:00,320577.19033169694,197894.3855507295,229534.6665204199,,,
2020-12-19 00:00:00+00:00,330485.8230625551,197690.8073487134,229298.5392834581,,,
2020-12-20 00:00:00+00:00,325406.9239048168,194664.16351836725,225787.98147671818,,,
2020-12-21 00:00:00+00:00,315198.76528465387,199644.19701325003,231564.2460079238,,,
2020-12-22 00:00:00+00:00,330335.7132838484,214820.85396330204,249167.41787604275,,,
2020-12-23 00:00:00+00:00,322316.49374726595,200809.5305697181,232915.8986067491,,,
2020-12-24 00:00:00+00:00,329203.7856641924,215877.8106195997,250393.36570579882,,,
2020-12-25 00:00:00+00:00,342845.0464875674,213682.1400047473,247846.64102064283,,,
2020-12-26 00:00:00+00:00,367552.39464785403,221085.1214664992,256433.2458832068,,,
2020-12-27 00:00:00+00:00,364614.9876750661,210793.73768286116,244496.42735368697,,,
2020-12-28 00:00:00+00:00,375682.46234819497,213882.9499876962,248079.5574068101,,,
2020-12-29 00:00:00+00:00,379922.02309449576,215269.19874446618,249687.44608819118,,,
2020-12-30 00:00:00+00:00,400600.82434712566,212478.52178100002,246450.58270074427,,,
2020-12-31 00:00:00+00:00,401267.9943340022,218352.76753731404,253264.0303783776,,,
2021-01-01 00:00:00+00:00,406929.1585021213,219419.94531325143,254501.83339484272,,,
2021-01-02 00:00:00+00:00,446421.6261969073,221739.53307227365,257192.2877748998,,,
2021-01-03 00:00:00+00:00,457821.64536131156,226730.64456011518,262981.4015519997,,,
2021-01-04 00:00:00+00:00,443790.9592617538,239132.58941063005,277366.2273791071,,,
2021-01-05 00:00:00+00:00,470994.125276877,251272.37022986522,291446.97317114024,,,
2021-01-06 00:00:00+00:00,510114.64813181775,255985.11576675152,296913.21451753983,,,
2021-01-07 00:00:00+00:00,547058.3017282682,253524.18456247734,294058.81811371766,,,
2021-01-08 00:00:00+00:00,563020.021108619,257079.4885104514,298182.56070611044,,,
2021-01-09 00:00:00+00:00,556158.3949117118,257276.80719890524,298411.4276429067,,,
2021-01-10 00:00:00+00:00,529269.0443489309,255554.71551177214,296413.9998511759,,,
2021-01-11 00:00:00+00:00,491179.03483616514,234047.35538803038,271467.94230365305,,,
2021-01-12 00:00:00+00:00,472405.18494344415,240882.0692437999,279395.42222341645,,,
2021-01-13 00:00:00+00:00,518466.68962691893,264953.8361361516,307315.8958779371,,,
2021-01-14 00:00:00+00:00,543065.82556226,278976.59840994334,323580.68302794534,,,
2021-01-15 00:00:00+00:00,509738.1250824555,282831.07684859185,328051.43353392556,,,
2021-01-16 00:00:00+00:00,499371.39393266075,286175.46141090506,331930.533972592,,,
2021-01-17 00:00:00+00:00,497063.2826680183,288047.7461761505,334102.16840360867,,,
2021-01-18 00:00:00+00:00,508198.8755494142,293627.0093706677,340573.47032478737,,,
2021-01-19 00:00:00+00:00,497935.63968142646,279679.3086224094,324395.74587412935,,,
2021-01-20 00:00:00+00:00,492063.60040828516,300187.7694776534,348183.19546119496,,,
2021-01-21 00:00:00+00:00,427995.0265593645,265319.8819886052,307740.46689379046,,,
2021-01-22 00:00:00+00:00,457060.2752452835,297070.8352109498,344567.91117408185,,,
2021-01-23 00:00:00+00:00,445029.71177013824,306001.35895320494,354926.2888595593,,,
2021-01-24 00:00:00+00:00,447553.27634931984,313076.8491139194,363133.0415030002,,,
2021-01-25 00:00:00+00:00,447474.1981849365,314060.08403183497,364273.48061919026,,,
2021-01-26 00:00:00+00:00,450437.13214412186,326317.97272094915,378491.2179416435,,,
2021-01-27 00:00:00+00:00,421280.59673510765,314815.53767126775,365149.71972418687,,,
2021-01-28 00:00:00+00:00,462882.78661546897,339586.7598855475,393881.4809166965,,,
2021-01-29 00:00:00+00:00,475193.17580563395,346718.27806101134,402153.21960628906,,,
2021-01-30 00:00:00+00:00,475341.3433136365,371079.4300487288,430409.3466248962,,,
2021-01-31 00:00:00+00:00,459110.89690800395,378456.3926200033,438965.7725023952,,,
2021-02-01 00:00:00+00:00,465123.47333995294,386754.7649980752,448590.92750830215,,,
2021-02-02 00:00:00+00:00,492035.99241756176,384597.7596287617,446089.0500214207,,,
2021-02-03 00:00:00+00:00,521900.2080309964,396932.92512796837,460396.4195263567,,,
2021-02-04 00:00:00+00:00,512435.6616232806,409708.80584452767,475214.9678623051,,,
2021-02-05 00:00:00+00:00,531214.367192762,427101.9091543596,495388.9619557192,,,
2021-02-06 00:00:00+00:00,543654.6110528618,429187.4049938026,497807.8966336226,,,
2021-02-07 00:00:00+00:00,538226.6581028629,433022.32709490514,502255.9640341963,,,
2021-02-08 00:00:00+00:00,643375.3672135929,449092.10813929175,520895.05690592667,,,
2021-02-09 00:00:00+00:00,644007.2988605512,458454.2012947902,531754.0053457335,,,
2021-02-10 00:00:00+00:00,621631.7854142219,469211.92117259704,544231.7198421145,,,
2021-02-11 00:00:00+00:00,665498.3854683822,468640.86838755046,543569.3644642239,,,
2021-02-12 00:00:00+00:00,656038.0010693182,476045.42981447524,552157.8018380685,,,
2021-02-13 00:00:00+00:00,654180.2191407959,483478.0534446222,560778.788131563,,,
2021-02-14 00:00:00+00:00,673937.2742106834,470042.40989278123,545194.9909869113,,,
2021-02-15 00:00:00+00:00,664688.0423838852,466152.60283289046,540683.2633633543,,,
2021-02-16 00:00:00+00:00,681646.1466354666,460995.3515999517,534701.4466585601,,,
2021-02-17 00:00:00+00:00,723075.61315678,479626.8875973334,556311.8798585804,,,
2021-02-18 00:00:00+00:00,715207.8907351216,512954.7407355083,594968.3461877018,,,
2021-02-19 00:00:00+00:00,775604.1856169758,535710.6944827144,621362.6283567016,,,
2021-02-20 00:00:00+00:00,774705.0530145746,534225.3331712089,619639.7805246884,,,
2021-02-21 00:00:00+00:00,796449.883416541,550852.3085343826,638925.1545515426,,,
2021-02-22 00:00:00+00:00,750377.834977815,536050.9936437443,621757.3361407778,,,
2021-02-23 00:00:00+00:00,678282.5499767389,482818.42360439966,560013.6935842882,,,
2021-02-24 00:00:00+00:00,689175.9139546026,511783.01495971484,593609.2794091995,,,
2021-02-25 00:00:00+00:00,653070.905101481,494658.1089152115,573746.3632125254,,,
2021-02-26 00:00:00+00:00,642015.7777206857,498477.6004784159,578176.5329685928,,,
2021-02-27 00:00:00+00:00,639651.2018720012,488084.7243427064,566121.9951399132,,,
2021-02-28 00:00:00+00:00,626183.3580757827,511110.6353295114,592829.39657584,,,
2021-03-01 00:00:00+00:00,687938.8262496789,551725.7132250757,639938.2032732102,,,
2021-03-02 00:00:00+00:00,672034.6813223439,534731.1103835618,620226.4237656571,,,
2021-03-03 00:00:00+00:00,698515.0451682787,533466.6923985814,618759.8447136045,,,
2021-03-04 00:00:00+00:00,671111.2703361409,514833.1139400467,597147.0424941785,,,
2021-03-05 00:00:00+00:00,676350.1293597283,516801.37597495364,599429.9994780511,,,
2021-03-06 00:00:00+00:00,678160.4643896206,523184.24160511256,606833.3875478617,,,
2021-03-07 00:00:00+00:00,707149.5483172125,532909.3468130173,618113.3881064916,,,
2021-03-08 00:00:00+00:00,726619.7022573723,569092.7805145144,660081.9985883911,,,
2021-03-09 00:00:00+00:00,761432.5461577452,601998.5268653026,698248.8697207808,,,
2021-03-10 00:00:00+00:00,774849.3359811689,610395.3168144694,707988.1777583242,,,
2021-03-11 00:00:00+00:00,801507.9725310206,611192.4994733412,708912.8177128714,,,
2021-03-12 00:00:00+00:00,793857.6456946054,628477.916395984,728961.9080183504,,,
2021-03-13 00:00:00+00:00,848888.6952234805,637471.0091476436,739392.8585421636,,,
2021-03-14 00:00:00+00:00,818088.7213315094,642592.0304637306,745332.6527213841,,,
2021-03-15 00:00:00+00:00,771431.0782754814,631543.6285781125,732517.7806169213,,,
2021-03-16 00:00:00+00:00,789404.7126380913,653411.5369312388,757882.0325366682,,,
2021-03-17 00:00:00+00:00,817320.9694688821,701024.9900267904,813108.1474253365,,,
2021-03-18 00:00:00+00:00,799773.8022594554,696354.4544872832,807690.8647976979,,,
2021-03-19 00:00:00+00:00,805071.3456050328,694008.2518011493,804969.5402418731,,,
2021-03-20 00:00:00+00:00,806073.9734892409,676166.3114271708,784274.9469101795,,,
2021-03-21 00:00:00+00:00,795658.9630390856,695080.1914191896,806212.8665845518,,,
2021-03-22 00:00:00+00:00,750316.5147170125,697205.3894534429,808677.8512300747,,,
2021-03-23 00:00:00+00:00,753890.8477471409,710960.4792815163,824632.16921715,,,
2021-03-24 00:00:00+00:00,725627.4793947936,698089.1003309072,809702.8539399024,,,
2021-03-25 00:00:00+00:00,711617.1871376296,706272.9664115924,819195.1948440245,,,
2021-03-26 00:00:00+00:00,763389.9388266662,761437.6677553877,883179.8869035919,,,
2021-03-27 00:00:00+00:00,774371.3986543255,774590.5655840382,898435.7316150905,,,
2021-03-28 00:00:00+00:00,773823.2621148892,768500.2302810033,891371.6449906457,,,
2021-03-29 00:00:00+00:00,799597.7492934861,768062.0082516812,890863.3579716487,,,
2021-03-30 00:00:00+00:00,815012.4420033746,774147.0161308054,897921.2653987063,,,
2021-03-31 00:00:00+00:00,814928.924363096,793279.1588606982,920112.3446793263,,,
2021-04-01 00:00:00+00:00,814649.9310498065,786730.076576534,912516.1644586906,,,
2021-04-02 00:00:00+00:00,817834.8388037523,791306.3979792951,917824.1695523176,,,
2021-04-03 00:00:00+00:00,791502.2262649548,782564.7555884547,907684.8724502278,,,
2021-04-04 00:00:00+00:00,807457.5638987063,792353.1891376324,919038.3265818184,,,
2021-04-05 00:00:00+00:00,820331.7665275626,799445.0748534275,927264.0961879803,,,
2021-04-06 00:00:00+00:00,804532.2267510085,808227.8286460243,937451.0777752106,,,
2021-04-07 00:00:00+00:00,776262.4766520619,773681.3299193389,897381.1230955443,,,
2021-04-08 00:00:00+00:00,805730.4690418491,847319.2301040967,982792.5955128571,,,
2021-04-09 00:00:00+00:00,806632.5150503066,820003.306995373,951109.2747323834,,,
2021-04-10 00:00:00+00:00,829198.7872265079,822639.6931739612,954167.1786759901,,,
2021-04-11 00:00:00+00:00,832435.4426213572,837301.787158974,971173.5168909433,,,
2021-04-12 00:00:00+00:00,830459.459647125,835522.2707891534,969109.4831127432,,,
2021-04-13 00:00:00+00:00,881999.0001180415,834212.7325294266,967590.5697451776,,,
2021-04-14 00:00:00+00:00,873460.3619017199,854014.5581011125,990558.4038955949,,,
2021-04-15 00:00:00+00:00,876241.2773492017,853415.5861915799,989863.6655529558,,,
2021-04-16 00:00:00+00:00,850919.8941791593,876997.0313318992,1017215.4225437078,,,
2021-04-17 00:00:00+00:00,832494.1269433469,863809.6952441856,1001919.6334230572,,,
2021-04-18 00:00:00+00:00,778989.4247206927,886050.6211692016,1027716.542710446,,,
2021-04-19 00:00:00+00:00,771818.7000145816,842700.860676483,977435.8195593078,,,
2021-04-20 00:00:00+00:00,782804.4605845143,873486.2156223255,995803.9807885437,,,
2021-04-21 00:00:00+00:00,746215.2713915718,848576.5191946285,972604.8982056899,,,
2021-04-22 00:00:00+00:00,717127.4091253115,839143.773553424,968714.5520413567,,,
2021-04-23 00:00:00+00:00,709277.5833408555,863413.0170932256,968411.8529880876,,,
2021-04-24 00:00:00+00:00,694331.8102723984,823497.8076606689,968411.8529880876,,,
2021-04-25 00:00:00+00:00,680721.0708458029,831152.0507996725,968411.8529880876,,,
2021-04-26 00:00:00+00:00,749180.84128957,914635.5187533908,968411.8529880876,,,
2021-04-27 00:00:00+00:00,763200.9836338765,932311.7586095333,968411.8529880876,,,
2021-04-28 00:00:00+00:00,760901.4738537811,938941.4171030351,968411.8529880876,,,
2021-04-29 00:00:00+00:00,742987.9111493782,941339.7775212971,968411.8529880876,,,
2021-04-30 00:00:00+00:00,800413.5029892304,945673.2068532836,968411.8529880876,,,
2021-05-01 00:00:00+00:00,801885.4667157349,948220.99581601,968411.8529880876,,,
2021-05-02 00:00:00+00:00,784929.9984029663,957345.3865205967,976360.8269037242,,,
2021-05-03 00:00:00+00:00,793131.6526521174,952328.6968130318,976599.645851624,,,
2021-05-04 00:00:00+00:00,738063.0063117548,936198.2435605908,960509.2846590893,,,
2021-05-05 00:00:00+00:00,796831.9558107723,974514.8129667621,1054886.3466817376,,,
2021-05-06 00:00:00+00:00,782369.946881271,990425.0441330124,1045476.5756136599,,,
2021-05-07 00:00:00+00:00,795148.2845775151,973540.8034550009,1023768.8515252417,,,
2021-05-08 00:00:00+00:00,816614.5378670574,986960.5818622112,1066864.7677084303,,,
2021-05-09 00:00:00+00:00,807996.2665518654,984245.0068121817,1060784.2663482728,,,
2021-05-10 00:00:00+00:00,774357.525292153,955755.3729330859,1041594.3356082006,,,
2021-05-11 00:00:00+00:00,786203.7117840254,1022788.8086307087,1121151.4747396652,,,
2021-05-12 00:00:00+00:00,688553.2774602998,879751.2117331935,988318.3984310548,,,
2021-05-13 00:00:00+00:00,689103.3562704403,905254.8148033293,1016563.0949065273,,,
2021-05-14 00:00:00+00:00,691468.4870536117,1008993.5957062674,1122340.0383029797,,,
2021-05-15 00:00:00+00:00,648759.8965399917,1000740.6651722022,1120874.5799752593,,,
2021-05-16 00:00:00+00:00,644161.0157134227,1006678.9587657409,1120874.5799752593,,,
2021-05-17 00:00:00+00:00,604018.9972017192,1003549.4967257681,1120874.5799752593,,,
2021-05-18 00:00:00+00:00,594470.5169528597,1011527.3931223345,1120874.5799752593,,,
2021-05-19 00:00:00+00:00,509014.9067124019,740537.3083581636,1120874.5799752593,,,
2021-05-20 00:00:00+00:00,562240.7543553886,883925.696304167,1120874.5799752593,,,
2021-05-21 00:00:00+00:00,516810.62638438516,778292.8934646489,1120874.5799752593,,,
2021-05-22 00:00:00+00:00,519553.6675531361,725334.9819975665,1120874.5799752593,,,
2021-05-23 00:00:00+00:00,480784.8344292687,685877.4545441433,1120874.5799752593,,,
2021-05-24 00:00:00+00:00,538234.9821201663,738026.5235969189,1120874.5799752593,,,
2021-05-25 00:00:00+00:00,531692.7207204704,745614.0232511689,1120874.5799752593,,,
2021-05-26 00:00:00+00:00,544417.2297714853,760572.6011430883,1120874.5799752593,,,
2021-05-27 00:00:00+00:00,534540.3670400023,745667.1251738325,1120874.5799752593,,,
2021-05-28 00:00:00+00:00,494772.5131060916,745439.1013067327,1120874.5799752593,,,
2021-05-29 00:00:00+00:00,480089.7789844254,747351.165599686,1120874.5799752593,,,
2021-05-30 00:00:00+00:00,494464.2469986181,754966.8826183511,1120874.5799752593,,,
2021-05-31 00:00:00+00:00,516835.5984362957,755277.6637736377,1120874.5799752593,,,
2021-06-01 00:00:00+00:00,509056.5267989195,753184.2888219898,1120874.5799752593,,,
2021-06-02 00:00:00+00:00,521203.9039835575,752045.359334183,1120874.5799752593,,,
2021-06-03 00:00:00+00:00,544484.9317788872,751902.4723784499,1120874.5799752593,,,
2021-06-04 00:00:00+00:00,510942.0554517869,751902.4723784499,1120874.5799752593,,,
2021-06-05 00:00:00+00:00,492687.48550518334,753053.1558249615,1120874.5799752593,,,
2021-06-06 00:00:00+00:00,496615.1730698459,755815.4608791677,1120874.5799752593,,,
2021-06-07 00:00:00+00:00,465490.00756855094,750959.4246044761,1120874.5799752593,,,
2021-06-08 00:00:00+00:00,463104.0667421207,750685.894397262,1120874.5799752593,,,
2021-06-09 00:00:00+00:00,518697.95857433503,751236.9552534776,1120874.5799752593,,,
2021-06-10 00:00:00+00:00,508815.54649798287,751124.7061152827,1120874.5799752593,,,
2021-06-11 00:00:00+00:00,517920.0791573218,748558.6754300098,1120874.5799752593,,,
2021-06-12 00:00:00+00:00,493144.05785428104,744893.9844721805,1120874.5799752593,,,
2021-06-13 00:00:00+00:00,541346.4997882195,797142.8302989872,1120874.5799752593,,,
2021-06-14 00:00:00+00:00,562097.165056903,801124.74548071,1120874.5799752593,,,
2021-06-15 00:00:00+00:00,556932.805988182,796913.0936932553,1120874.5799752593,,,
2021-06-16 00:00:00+00:00,532029.704687641,787326.4080978404,1120874.5799752593,,,
2021-06-17 00:00:00+00:00,528477.5690369887,784395.5478385093,1120874.5799752593,,,
2021-06-18 00:00:00+00:00,496941.61328176525,758854.4577201295,1120874.5799752593,,,
2021-06-19 00:00:00+00:00,492278.49878833746,762739.6739061475,1120874.5799752593,,,
2021-06-20 00:00:00+00:00,493893.9130797059,766812.9740067099,1120874.5799752593,,,
2021-06-21 00:00:00+00:00,438522.13377587363,671744.9477492865,1120874.5799752593,,,
2021-06-22 00:00:00+00:00,451016.8999493115,675253.4517198082,1120874.5799752593,,,
2021-06-23 00:00:00+00:00,467228.06238152436,713875.6429127865,1120874.5799752593,,,
2021-06-24 00:00:00+00:00,480893.60158870125,722593.2285301894,1120874.5799752593,,,
2021-06-25 00:00:00+00:00,438182.51386989036,689977.8483030455,1120874.5799752593,,,
2021-06-26 00:00:00+00:00,447882.76870091725,696873.2528693671,1120874.5799752593,,,
2021-06-27 00:00:00+00:00,481410.3843296277,696723.4495146987,1120874.5799752593,,,
2021-06-28 00:00:00+00:00,478560.1020712832,696723.4495146987,1120874.5799752593,,,
2021-06-29 00:00:00+00:00,498216.4365317984,696723.4495146987,1120874.5799752593,,,
2021-06-30 00:00:00+00:00,486191.9773360089,696723.4495146987,1120874.5799752593,,,
2021-07-01 00:00:00+00:00,464822.69884805265,696120.9014047508,1120874.5799752593,,,
2021-07-02 00:00:00+00:00,468733.0447099996,697237.5256652737,1120874.5799752593,,,
2021-07-03 00:00:00+00:00,480977.3966962233,702957.6408079162,1120874.5799752593,,,
2021-07-04 00:00:00+00:00,489542.53303429455,711490.825357634,1120874.5799752593,,,
2021-07-05 00:00:00+00:00,467395.5138629467,708763.3677647172,1120874.5799752593,,,
2021-07-06 00:00:00+00:00,474746.59227730054,708583.9352641919,1120874.5799752593,,,
2021-07-07 00:00:00+00:00,469781.454689377,708498.1710293605,1120874.5799752593,,,
2021-07-08 00:00:00+00:00,456096.6315087802,701346.9341492911,1120874.5799752593,,,
2021-07-09 00:00:00+00:00,469138.9792871675,748605.8889791283,1120874.5799752593,,,
2021-07-10 00:00:00+00:00,464797.44932889874,740780.995392833,1120874.5799752593,,,
2021-07-11 00:00:00+00:00,475287.37593478546,768124.6336868065,1120874.5799752593,,,
2021-07-12 00:00:00+00:00,459022.80105820834,734978.7148377539,1120874.5799752593,,,
2021-07-13 00:00:00+00:00,454071.9530333224,732934.2438652075,1120874.5799752593,,,
2021-07-14 00:00:00+00:00,455324.0239693924,760878.8860037221,1120874.5799752593,,,
2021-07-15 00:00:00+00:00,442282.786059979,738321.3874712527,1120874.5799752593,,,
2021-07-16 00:00:00+00:00,435399.794885326,694527.9216569216,1120874.5799752593,,,
2021-07-17 00:00:00+00:00,437289.34681322344,699761.7385871349,1120874.5799752593,,,
2021-07-18 00:00:00+00:00,440875.47220119846,735988.4982247679,1120874.5799752593,,,
2021-07-19 00:00:00+00:00,427849.63372379646,699748.0812913057,1120874.5799752593,,,
2021-07-20 00:00:00+00:00,413292.31479616987,699035.4843751191,1120874.5799752593,,,
2021-07-21 00:00:00+00:00,445952.42908823263,785234.4989961952,1120874.5799752593,,,
2021-07-22 00:00:00+00:00,447940.75935479836,788460.9279501699,1120874.5799752593,,,
2021-07-23 00:00:00+00:00,466617.9119131768,823691.4566249418,1120874.5799752593,,,
2021-07-24 00:00:00+00:00,475275.58357693884,814557.9214129207,1120874.5799752593,,,
2021-07-25 00:00:00+00:00,490853.70449321944,833150.7252653535,1120874.5799752593,,,
2021-07-26 00:00:00+00:00,516610.7112354791,824700.1612886015,1107779.3484169042,,,
2021-07-27 00:00:00+00:00,547413.321066263,894701.4963755987,1235391.1900758203,,,
2021-07-28 00:00:00+00:00,555205.8498649464,890599.9126446729,1204289.0813662733,,,
2021-07-29 00:00:00+00:00,555163.1199094552,892420.3810172102,1215625.3930018519,,,
2021-07-30 00:00:00+00:00,585544.2569974378,889412.2596083907,1215940.9213541881,,,
2021-07-31 00:00:00+00:00,575214.9839255088,883347.2551176993,1207035.06216368,,,
2021-08-01 00:00:00+00:00,552790.220043467,875086.294407687,1209010.381441877,,,
2021-08-02 00:00:00+00:00,543111.8851246728,903662.041389165,1230551.832292923,,,
2021-08-03 00:00:00+00:00,530060.24219363,926635.9912748835,1243337.8039045823,,,
2021-08-04 00:00:00+00:00,551094.0627842546,955376.2126356189,1288091.4788871934,,,
2021-08-05 00:00:00+00:00,566899.7068401647,964192.987343054,1301319.259867103,,,
2021-08-06 00:00:00+00:00,594291.4118472125,985200.419820807,1333053.3062446082,,,
2021-08-07 00:00:00+00:00,618370.9903691924,1008462.3983555974,1361604.8053673683,,,
2021-08-08 00:00:00+00:00,607575.1561274016,998106.5493410926,1348126.4583877395,,,
2021-08-09 00:00:00+00:00,641690.1699104967,1032809.2644421859,1393838.9300200145,,,
2021-08-10 00:00:00+00:00,632417.0759007616,1055245.4404433912,1421305.1881057909,,,
2021-08-11 00:00:00+00:00,631390.5858336168,1085057.6389585517,1456584.0540021495,,,
2021-08-12 00:00:00+00:00,615963.4070977732,1074943.7567781194,1445294.573337879,,,
2021-08-13 00:00:00+00:00,663146.7118465181,1123352.354782691,1515313.167631694,,,
2021-08-14 00:00:00+00:00,652998.4861509405,1133255.4825762087,1528864.0551899178,,,
2021-08-15 00:00:00+00:00,651684.8174868245,1163911.5004250659,1569723.3308141315,,,
2021-08-16 00:00:00+00:00,636805.2203559302,1120884.6277169464,1511050.895983369,,,
2021-08-17 00:00:00+00:00,620083.1019949033,1069982.3800762384,1443952.7080672812,,,
2021-08-18 00:00:00+00:00,620212.6791975946,1120618.5912891058,1516691.063299335,,,
2021-08-19 00:00:00+00:00,648727.0166716429,1206871.1286595282,1630272.6747922166,,,
2021-08-20 00:00:00+00:00,684268.4895533166,1229498.280558378,1663026.502767717,,,
2021-08-21 00:00:00+00:00,677323.4844497524,1209619.2531506633,1633955.831793651,,,
2021-08-22 00:00:00+00:00,683113.5321524541,1217673.3384539303,1645333.090978984,,,
2021-08-23 00:00:00+00:00,686576.7395515806,1219813.7199213072,1648134.7122612488,,,
2021-08-24 00:00:00+00:00,661398.8069464022,1182937.0874774428,1598284.8422699287,,,
2021-08-25 00:00:00+00:00,679424.6051507808,1201874.879337904,1623898.776575857,,,
2021-08-26 00:00:00+00:00,649881.9740725053,1150278.0895858295,1554175.959045183,,,
2021-08-27 00:00:00+00:00,680764.4944694029,1253619.9500318035,1693751.0471963794,,,
2021-08-28 00:00:00+00:00,678342.8991021893,1259149.6044444544,1701218.5043344067,,,
2021-08-29 00:00:00+00:00,676573.7679579494,1250389.304248481,1689398.8049290637,,,
2021-08-30 00:00:00+00:00,651810.9263489726,1245545.1929622185,1682851.0812010346,,,
2021-08-31 00:00:00+00:00,653447.7056180867,1247924.8132530542,1686068.1132180332,,,
2021-09-01 00:00:00+00:00,677166.0217890943,1305397.72165565,1763725.083839773,,,
2021-09-02 00:00:00+00:00,683216.4724997743,1288785.3941468159,1741278.1271953927,,,
2021-09-03 00:00:00+00:00,693656.1775345965,1311611.377441659,1772118.0887495033,,,
2021-09-04 00:00:00+00:00,692497.7517931911,1326142.2863309847,1791750.739894258,,,
2021-09-05 00:00:00+00:00,718041.9411597241,1325865.6677155248,1791377.0015997845,,,
2021-09-06 00:00:00+00:00,730625.3581174444,1339603.186868683,1809937.8107611397,,,
2021-09-07 00:00:00+00:00,650157.4990452515,1269230.0891286144,1714858.3298296614,,,
2021-09-08 00:00:00+00:00,638844.8820625342,1304508.4273716006,1762522.7843340742,,,
2021-09-09 00:00:00+00:00,643656.5802648298,1368527.8591440998,1849020.2257107238,,,
2021-09-10 00:00:00+00:00,622232.9181971572,1355416.8727904921,1831305.7054505814,,,
2021-09-11 00:00:00+00:00,626710.9620392036,1349360.2281442096,1823123.0281239753,,,
2021-09-12 00:00:00+00:00,638524.8235972142,1348095.2807688732,1821413.9402861525,,,
2021-09-13 00:00:00+00:00,623479.0235874931,1373423.3365747803,1855634.6986091933,,,
2021-09-14 00:00:00+00:00,653595.1794579807,1347403.0185239012,1820478.9093027075,,,
2021-09-15 00:00:00+00:00,667605.7491823882,1371572.1199504673,1851604.3071166999,,,
2021-09-16 00:00:00+00:00,662284.0661866307,1364797.5338584906,1847429.125284213,,,
2021-09-17 00:00:00+00:00,656209.753293014,1300156.9346729864,1745812.4892334202,,,
2021-09-18 00:00:00+00:00,669982.6723234062,1327923.3607815227,1784555.5571929677,,,
2021-09-19 00:00:00+00:00,655401.907413708,1309876.1768016515,1755961.205511523,,,
2021-09-20 00:00:00+00:00,596771.2753355507,1159249.730908992,1574242.6041930874,,,
2021-09-21 00:00:00+00:00,565122.806613108,1077311.1862422258,1460332.6329202133,,,
2021-09-22 00:00:00+00:00,604096.2718290201,1227385.1234112668,1632647.4885485843,,,
2021-09-23 00:00:00+00:00,622432.0009443329,1261395.5099967355,1660848.7868105327,,,
2021-09-24 00:00:00+00:00,593926.5424220752,1246692.4991851272,1624366.5417388214,,,
2021-09-25 00:00:00+00:00,591985.2428532742,1228106.813345138,1623226.684932543,,,
2021-09-26 00:00:00+00:00,598786.7973919745,1236514.4466073986,1623226.684932543,,,
2021-09-27 00:00:00+00:00,584725.4511620156,1218879.3523581377,1623226.684932543,,,
2021-09-28 00:00:00+00:00,569176.048105432,1193575.5358110128,1623226.684932543,,,
2021-09-29 00:00:00+00:00,576081.3753931827,1201166.2346735594,1623226.684932543,,,
2021-09-30 00:00:00+00:00,607987.6111847906,1224450.8338087476,1623226.684932543,,,
2021-10-01 00:00:00+00:00,667885.9910982731,1237732.9695253896,1623226.684932543,,,
2021-10-02 00:00:00+00:00,660856.2197518349,1242933.1935689051,1624206.9381388652,,,
2021-10-03 00:00:00+00:00,668696.1954491483,1258013.0332033564,1632523.1834338112,,,
2021-10-04 00:00:00+00:00,682915.4205406306,1247635.9768318958,1630844.6752091432,,,
2021-10-05 00:00:00+00:00,714089.5590103946,1247268.4258180736,1630804.9647963683,,,
2021-10-06 00:00:00+00:00,767405.0285730157,1235813.016662602,1627246.3261233065,,,
2021-10-07 00:00:00+00:00,746181.836588736,1268417.0971691948,1660942.2075266386,,,
2021-10-08 00:00:00+00:00,748487.7281154308,1300689.1614771034,1684005.7109739368,,,
2021-10-09 00:00:00+00:00,762337.366838637,1285347.8420079467,1667048.346487512,,,
2021-10-10 00:00:00+00:00,758304.1029878417,1233239.5125370042,1600335.533369463,,,
2021-10-11 00:00:00+00:00,797320.8530937319,1245907.0741059084,1599429.3956409763,,,
2021-10-12 00:00:00+00:00,776865.6904393231,1248010.55699529,1601841.0019676436,,,
2021-10-13 00:00:00+00:00,795873.1677510294,1247219.344624424,1601822.4147667966,,,
2021-10-14 00:00:00+00:00,795608.7414680211,1249775.1698521972,1605130.1809191504,,,
2021-10-15 00:00:00+00:00,855603.818715846,1257359.2183642306,1614109.0128799146,,,
2021-10-16 00:00:00+00:00,844548.8300686724,1268217.6187255492,1619618.2081645778,,,
2021-10-17 00:00:00+00:00,853604.8059604074,1297003.326829689,1645670.002108402,,,
2021-10-18 00:00:00+00:00,860284.9685800981,1293733.4582584933,1644529.3217891788,,,
2021-10-19 00:00:00+00:00,891787.9057333509,1306788.2278200751,1649933.178581541,,,
2021-10-20 00:00:00+00:00,915661.464827069,1355809.513685524,1719107.635610688,,,
2021-10-21 00:00:00+00:00,862828.094599943,1336555.5581915271,1693162.8747976995,,,
2021-10-22 00:00:00+00:00,841949.6556656505,1347815.2267399726,1702517.0291102189,,,
2021-10-23 00:00:00+00:00,850253.2791267697,1356561.4911482886,1711975.6726411725,,,
2021-10-24 00:00:00+00:00,844224.887061944,1356841.3528062892,1711851.9428501425,,,
2021-10-25 00:00:00+00:00,875114.7603407931,1371434.1781678838,1719791.9182706617,,,
2021-10-26 00:00:00+00:00,836963.4305672246,1370538.5981574603,1720725.024125492,,,
2021-10-27 00:00:00+00:00,810390.8088628425,1349535.8960446352,1709162.2142719375,,,
2021-10-28 00:00:00+00:00,840391.2608928112,1416539.0676643262,1794904.7410242618,,,
2021-10-29 00:00:00+00:00,863668.265413111,1434692.0916172492,1813390.2172971135,,,
2021-10-30 00:00:00+00:00,858194.9465688078,1392518.0460993624,1757004.5729967363,,,
2021-10-31 00:00:00+00:00,850434.3265031211,1399902.9187822747,1769720.6385554988,,,
2021-11-01 00:00:00+00:00,845041.8893602839,1405313.082352338,1776327.2375412423,,,
2021-11-02 00:00:00+00:00,877073.8178131748,1414500.7847549801,1784381.5196076084,,,
2021-11-03 00:00:00+00:00,872585.6464167425,1408685.579318789,1767478.8550627131,,,
2021-11-04 00:00:00+00:00,851755.2093155668,1387877.8339736343,1744110.9114779518,,,
2021-11-05 00:00:00+00:00,845402.7355103911,1388840.9628255982,1746871.9087201501,,,
2021-11-06 00:00:00+00:00,852804.0354958095,1412514.2729528355,1776454.7960108628,,,
2021-11-07 00:00:00+00:00,877817.4300256219,1433549.1618203637,1803058.3826471546,,,
2021-11-08 00:00:00+00:00,936810.295590104,1440089.1027088175,1812090.0086940913,,,
2021-11-09 00:00:00+00:00,928789.1337828173,1417485.0086615486,1782912.4333173835,,,
2021-11-10 00:00:00+00:00,900137.4500232611,1438134.9058758668,1809811.7040642048,,,
2021-11-11 00:00:00+00:00,898636.7684370595,1461369.4958418196,1838641.2063929066,,,
2021-11-12 00:00:00+00:00,889590.9200997105,1466589.8358524805,1846004.1819860844,,,
2021-11-13 00:00:00+00:00,893167.0566669212,1513666.6654670918,1905123.4540263806,,,
2021-11-14 00:00:00+00:00,908970.2035176402,1531120.897738486,1927803.7484383855,,,
2021-11-15 00:00:00+00:00,882439.3406333975,1502692.5193162458,1891247.6846743054,,,
2021-11-16 00:00:00+00:00,833218.4551823742,1553220.6333104074,1954284.0454747519,,,
2021-11-17 00:00:00+00:00,837186.2367637154,1595709.5556599237,2007721.7446470405,,,
2021-11-18 00:00:00+00:00,789278.0488414562,1592714.6427572747,2003862.3578823807,,,
2021-11-19 00:00:00+00:00,805379.7504461278,1652674.1306608676,2075028.9632103094,,,
2021-11-20 00:00:00+00:00,828343.9106494372,1718601.4394596424,2147531.8361593536,,,
2021-11-21 00:00:00+00:00,813284.514744787,1723464.7492466297,2158813.886759537,,,
2021-11-22 00:00:00+00:00,780337.4993229966,1722631.5768210392,2144873.831382126,,,
2021-11-23 00:00:00+00:00,798290.8785768347,1752261.1762257512,2144791.800334209,,,
2021-11-24 00:00:00+00:00,792700.191088552,1798640.0740343365,2144791.800334209,,,
2021-11-25 00:00:00+00:00,817978.4281022379,1838365.0505258846,2144791.800334209,,,
2021-11-26 00:00:00+00:00,745367.6089628307,1660497.915923912,2144791.800334209,,,
2021-11-27 00:00:00+00:00,759164.6676434032,1662489.8284636713,2144791.800334209,,,
2021-11-28 00:00:00+00:00,794595.1536276967,1780705.812239693,2144791.800334209,,,
2021-11-29 00:00:00+00:00,801550.8412201337,1711304.0584996883,2144791.800334209,,,
2021-11-30 00:00:00+00:00,790095.7448079046,1649157.6646414371,2144791.800334209,,,
2021-12-01 00:00:00+00:00,793335.3136088101,1660197.1903858157,2144791.800334209,,,
2021-12-02 00:00:00+00:00,783572.2124471416,1623553.2374633967,2144791.800334209,,,
2021-12-03 00:00:00+00:00,743626.7794774228,1570646.4647098212,2144791.800334209,,,
2021-12-04 00:00:00+00:00,681910.0179839879,1633241.4015924023,2144791.800334209,,,
2021-12-05 00:00:00+00:00,685293.176083379,1536480.725083503,2144791.800334209,,,
2021-12-06 00:00:00+00:00,699799.0248373456,1575333.4961908667,2144791.800334209,,,
2021-12-07 00:00:00+00:00,701838.8252775713,1565843.5806482641,2144791.800334209,,,
2021-12-08 00:00:00+00:00,700205.0981481352,1586239.5408503576,2144791.800334209,,,
2021-12-09 00:00:00+00:00,659617.189776207,1556129.1027285112,2144791.800334209,,,
2021-12-10 00:00:00+00:00,653997.7844282272,1534077.9527329563,2144791.800334209,,,
2021-12-11 00:00:00+00:00,685205.2189672053,1547011.0598407239,2144791.800334209,,,
2021-12-12 00:00:00+00:00,694415.8828471638,1557489.012723459,2144791.800334209,,,
2021-12-13 00:00:00+00:00,647924.165202719,1488792.7505621489,2144791.800334209,,,
2021-12-14 00:00:00+00:00,670683.8320476054,1514259.7049605744,2144791.800334209,,,
2021-12-15 00:00:00+00:00,677921.5650930098,1545500.4741624794,2144791.800334209,,,
2021-12-16 00:00:00+00:00,660821.25887916,1531428.3322398602,2144791.800334209,,,
2021-12-17 00:00:00+00:00,639994.8450530146,1527939.959448903,2144791.800334209,,,
2021-12-18 00:00:00+00:00,649751.7032017054,1527268.857190877,2144791.800334209,,,
2021-12-19 00:00:00+00:00,647625.6104487664,1537899.5889445615,2144791.800334209,,,
2021-12-20 00:00:00+00:00,650857.1326996118,1535870.8319702582,2144791.800334209,,,
2021-12-21 00:00:00+00:00,678267.0118111057,1565702.7693168547,2144791.800334209,,,
2021-12-22 00:00:00+00:00,674081.1409764125,1568545.71531813,2144791.800334209,,,
2021-12-23 00:00:00+00:00,705305.2235499976,1590238.9198744053,2144791.800334209,,,
2021-12-24 00:00:00+00:00,705044.2656075325,1578688.1030884814,2144791.800334209,,,
2021-12-25 00:00:00+00:00,699212.7365519349,1605979.7977192365,2144791.800334209,,,
2021-12-26 00:00:00+00:00,704426.7622572335,1610676.3057834695,2144791.800334209,,,
2021-12-27 00:00:00+00:00,703399.4397883583,1623061.9378274083,2144791.800334209,,,
2021-12-28 00:00:00+00:00,659591.5240561878,1566935.8870649196,2144791.800334209,,,
2021-12-29 00:00:00+00:00,644621.0564030635,1582917.8871725188,2144791.800334209,,,
2021-12-30 00:00:00+00:00,653724.8953942937,1607934.6897299774,2144791.800334209,,,
2021-12-31 00:00:00+00:00,641184.2083920648,1618855.5838645988,2144791.800334209,,,
2022-01-01 00:00:00+00:00,662073.6072824736,1660453.692763222,2144791.800334209,,,
2022-01-02 00:00:00+00:00,656018.3008950332,1655258.3942306093,2144791.800334209,,,
2022-01-03 00:00:00+00:00,644363.5668011415,1649567.467931787,2144791.800334209,,,
2022-01-04 00:00:00+00:00,635844.0738246179,1634796.2426232295,2144791.800334209,,,
2022-01-05 00:00:00+00:00,602813.2632953054,1565679.2890456922,2144791.800334209,,,
2022-01-06 00:00:00+00:00,597696.489858836,1627684.5039819558,2144791.800334209,,,
2022-01-07 00:00:00+00:00,576666.8312768632,1548996.705427493,2144791.800334209,,,
2022-01-08 00:00:00+00:00,578238.1282765229,1484918.6125664404,2144791.800334209,,,
2022-01-09 00:00:00+00:00,580803.0354749787,1482208.9163012202,2144791.800334209,,,
2022-01-10 00:00:00+00:00,580218.5507266503,1476960.1716551995,2144791.800334209,,,
2022-01-11 00:00:00+00:00,592798.9155446927,1530309.7170081811,2144791.800334209,,,
2022-01-12 00:00:00+00:00,609077.5025170639,1555440.1873598797,2144791.800334209,,,
2022-01-13 00:00:00+00:00,590451.8201323454,1535311.735674284,2144791.800334209,,,
2022-01-14 00:00:00+00:00,597386.4202142803,1563930.2808240338,2144791.800334209,,,
2022-01-15 00:00:00+00:00,597723.9591159377,1564742.9447880215,2144791.800334209,,,
2022-01-16 00:00:00+00:00,597548.7385516987,1571446.4883902194,2144791.800334209,,,
2022-01-17 00:00:00+00:00,585478.3585271183,1522164.0755867464,2144791.800334209,,,
2022-01-18 00:00:00+00:00,587566.2995340828,1518495.1503923328,2144791.800334209,,,
2022-01-19 00:00:00+00:00,577964.406840859,1447761.2541843606,2144791.800334209,,,
2022-01-20 00:00:00+00:00,564380.9979377436,1378481.9043215609,2144791.800334209,,,
2022-01-21 00:00:00+00:00,505618.9851198122,1222481.6060406938,2144791.800334209,,,
2022-01-22 00:00:00+00:00,486558.5115646069,1116348.3882989471,2144791.800334209,,,
2022-01-23 00:00:00+00:00,502833.7689300569,1138251.3857576651,2144791.800334209,,,
2022-01-24 00:00:00+00:00,508602.3129213912,1136393.0112393354,2144791.800334209,,,
2022-01-25 00:00:00+00:00,512736.15864793735,1138335.7464135916,2144791.800334209,,,
2022-01-26 00:00:00+00:00,510669.30515147507,1138255.7587463048,2144791.800334209,,,
2022-01-27 00:00:00+00:00,515535.5256671087,1138255.7587463048,2144791.800334209,,,
2022-01-28 00:00:00+00:00,523255.4967816299,1138255.7587463048,2144791.800334209,,,
2022-01-29 00:00:00+00:00,529502.3943006727,1138255.7587463048,2144791.800334209,,,
2022-01-30 00:00:00+00:00,525547.3762125304,1138255.7587463048,2144791.800334209,,,
2022-01-31 00:00:00+00:00,533665.2353541596,1138255.7587463048,2144791.800334209,,,
2022-02-01 00:00:00+00:00,536824.0611872209,1138255.7587463048,2144791.800334209,,,
2022-02-02 00:00:00+00:00,511876.5651277279,1138255.7587463048,2144791.800334209,,,
2022-02-03 00:00:00+00:00,517637.47876986745,1138255.7587463048,2144791.800334209,,,
2022-02-04 00:00:00+00:00,576774.6273009436,1138255.7587463048,2144791.800334209,,,
2022-02-05 00:00:00+00:00,574115.658706958,1138255.7587463048,2144791.800334209,,,
2022-02-06 00:00:00+00:00,587965.1586965428,1139530.1272381316,2144791.800334209,,,
2022-02-07 00:00:00+00:00,608208.058909712,1135531.9035052971,2144791.800334209,,,
2022-02-08 00:00:00+00:00,611024.3514307338,1154085.112517013,2181752.472780505,,,
2022-02-09 00:00:00+00:00,615598.8151398792,1167233.390700137,2211094.9855719507,,,
2022-02-10 00:00:00+00:00,603427.9919731698,1127546.7209851206,2155833.4487928674,,,
2022-02-11 00:00:00+00:00,587866.102890631,1074996.4868744176,2054512.8020904853,,,
2022-02-12 00:00:00+00:00,585703.8006624219,1086520.9926332678,2079031.1180552815,,,
2022-02-13 00:00:00+00:00,583425.6558600721,1070588.5546682111,2049079.073779742,,,
2022-02-14 00:00:00+00:00,590116.5009686357,1079786.0242383531,2070210.724940049,,,
2022-02-15 00:00:00+00:00,617986.9757042571,1099795.2405814538,2137581.422933528,,,
2022-02-16 00:00:00+00:00,608673.7876778436,1099799.8183550271,2136450.8358888957,,,
2022-02-17 00:00:00+00:00,562088.9797732211,1053298.4125584383,2071330.5960723392,,,
2022-02-18 00:00:00+00:00,554579.8837637223,1034350.9437926062,2033254.580664916,,,
2022-02-19 00:00:00+00:00,556032.8409840504,1035690.7487921665,2035453.9301667663,,,
2022-02-20 00:00:00+00:00,532555.2276467361,963643.9853931749,1894268.3824108073,,,
2022-02-21 00:00:00+00:00,513427.6070186159,899091.7009451932,1768429.8488212859,,,
2022-02-22 00:00:00+00:00,530383.2140650062,898987.3801278713,1765576.2711360815,,,
2022-02-23 00:00:00+00:00,516782.8796600401,897173.3182423732,1765576.2711360815,,,
2022-02-24 00:00:00+00:00,531727.2653922801,948545.0051804739,1765576.2711360815,,,
2022-02-25 00:00:00+00:00,544101.7495156821,1008062.4910104647,1765576.2711360815,,,
2022-02-26 00:00:00+00:00,542680.4235611074,1006511.2175703752,1765576.2711360815,,,
2022-02-27 00:00:00+00:00,523012.85167723254,962211.6675008051,1765576.2711360815,,,
2022-02-28 00:00:00+00:00,598774.3113660193,1063820.1756664973,1765576.2711360815,,,
2022-03-01 00:00:00+00:00,616271.3957380031,1062530.4866659336,1767568.82227212,,,
2022-03-02 00:00:00+00:00,608943.2083712339,1062316.3840428884,1762016.5901384829,,,
2022-03-03 00:00:00+00:00,588979.7176722193,1062820.7274286333,1752117.5279476417,,,
2022-03-04 00:00:00+00:00,543123.5387488977,1017641.9802018851,1669381.1683880151,,,
2022-03-05 00:00:00+00:00,546582.1679385073,1034220.2811048579,1696558.9994063934,,,
2022-03-06 00:00:00+00:00,533025.8120916281,965650.5719781081,1596703.5257340595,,,
2022-03-07 00:00:00+00:00,527021.2822097391,963221.6959235262,1596055.3041922187,,,
2022-03-08 00:00:00+00:00,537324.0571599185,995348.6956911397,1654264.6137831088,,,
2022-03-09 00:00:00+00:00,581872.5329648583,1024842.0694626018,1653186.3738392463,,,
2022-03-10 00:00:00+00:00,546915.6835651346,1046752.0053420898,1715719.5671277775,,,
2022-03-11 00:00:00+00:00,537309.3513960157,1026888.006675431,1667112.297563304,,,
2022-03-12 00:00:00+00:00,538388.5602394162,1016402.8897613557,1684422.2912243116,,,
2022-03-13 00:00:00+00:00,524098.7197344757,1006688.1488211169,1652106.1636005496,,,
2022-03-14 00:00:00+00:00,550375.2838900964,1021113.4449828682,1690318.0901394817,,,
2022-03-15 00:00:00+00:00,544950.2443461536,1020674.6839442042,1688155.5311986727,,,
2022-03-16 00:00:00+00:00,570389.4123610407,1027291.3014526931,1688155.5311986727,,,
2022-03-17 00:00:00+00:00,567668.8460390093,1009502.329686379,1680698.1046565706,,,
2022-03-18 00:00:00+00:00,579317.0596526798,1010261.7392123938,1776290.6716056399,,,
2022-03-19 00:00:00+00:00,585471.5605796537,1011494.9681179958,1816130.0331504983,,,
2022-03-20 00:00:00+00:00,572444.1960324128,1006413.0513074927,1779729.284500001,,,
2022-03-21 00:00:00+00:00,568839.0641382614,1027051.2526528245,1836914.842169193,,,
2022-03-22 00:00:00+00:00,587732.9186137747,1026951.8803900547,1814072.6065184218,,,
2022-03-23 00:00:00+00:00,594928.0604373094,1020628.4690685836,1825496.286586923,,,
2022-03-24 00:00:00+00:00,610309.4570779838,1042705.8878586516,1861345.7588078626,,,
2022-03-25 00:00:00+00:00,614772.5176888839,1054679.8612103746,1874657.2266849198,,,
2022-03-26 00:00:00+00:00,617520.9694688821,1048086.2838413934,1874335.3042823488,,,
2022-03-27 00:00:00+00:00,649658.4742079059,1064939.9715861697,1908677.3539701626,,,
2022-03-28 00:00:00+00:00,653743.4856996048,1052942.111957316,1886292.7670885269,,,
2022-03-29 00:00:00+00:00,658080.1599811133,1060197.6048744365,1901201.271188695,,,
2022-03-30 00:00:00+00:00,652991.2720026107,1082310.4815235073,1940059.3612123285,,,
2022-03-31 00:00:00+00:00,631381.429414583,1065824.1504325287,1908676.0236752874,,,
2022-04-01 00:00:00+00:00,642107.6193782678,1085099.3834189058,1943507.9472705708,,,
2022-04-02 00:00:00+00:00,635552.5944853732,1074413.943622578,1925240.2380344789,,,
2022-04-03 00:00:00+00:00,643825.9740169563,1090349.989078998,1953169.1968311034,,,
2022-04-04 00:00:00+00:00,646228.2854107501,1085665.356411773,1942303.8748882213,,,
2022-04-05 00:00:00+00:00,631203.9891123964,1064315.0852998914,1902405.9370190569,,,
2022-04-06 00:00:00+00:00,598919.5654679656,992415.7608439035,1774647.6629760144,,,
2022-04-07 00:00:00+00:00,602716.9821618281,1026308.869582244,1835280.072893165,,,
2022-04-08 00:00:00+00:00,586177.4372469917,974572.1949137729,1745243.4354367375,,,
2022-04-09 00:00:00+00:00,593141.3101231104,995020.9538890927,1780056.381202411,,,
2022-04-10 00:00:00+00:00,584884.9948269996,974407.5328926826,1745343.5090032378,,,
2022-04-11 00:00:00+00:00,548420.2496927445,958503.6911316937,1715594.057097387,,,
2022-04-12 00:00:00+00:00,555974.1566620606,970354.7207069809,1737841.0711239292,,,
2022-04-13 00:00:00+00:00,570858.1932688502,978833.8053327702,1753488.4309641279,,,
2022-04-14 00:00:00+00:00,554135.1037724712,973049.1536650948,1740345.8851103305,,,
2022-04-15 00:00:00+00:00,562591.1954838665,980568.9575746695,1750491.6836957203,,,
2022-04-16 00:00:00+00:00,560188.4678892075,978541.4772442387,1750054.6973373336,,,
2022-04-17 00:00:00+00:00,550468.9290847608,973391.4862388427,1750054.6973373336,,,
2022-04-18 00:00:00+00:00,566048.8535381239,996710.002436548,1750054.6973373336,,,
2022-04-19 00:00:00+00:00,575649.9138296173,1006318.2642575126,1750054.6973373336,,,
2022-04-20 00:00:00+00:00,573777.1486699487,999702.7919630529,1750054.6973373336,,,
2022-04-21 00:00:00+00:00,561593.8394772839,976976.5926003424,1750054.6973373336,,,
2022-04-22 00:00:00+00:00,550899.8357138393,980040.9617264544,1750054.6973373336,,,
2022-04-23 00:00:00+00:00,547187.601463716,987332.2206522175,1750054.6973373336,,,
2022-04-24 00:00:00+00:00,547305.9412430476,988112.8463378978,1750054.6973373336,,,
2022-04-25 00:00:00+00:00,560845.6490553198,1009836.8257557801,1750054.6973373336,,,
2022-04-26 00:00:00+00:00,528750.5968045439,1001849.3714348478,1750054.6973373336,,,
2022-04-27 00:00:00+00:00,544331.3536596374,1013705.6574538607,1750054.6973373336,,,
2022-04-28 00:00:00+00:00,551356.1305956935,1009760.7945963818,1750054.6973373336,,,
2022-04-29 00:00:00+00:00,535457.812480471,999494.1286744291,1750054.6973373336,,,
2022-04-30 00:00:00+00:00,522065.71724171453,959781.3269630561,1750054.6973373336,,,
2022-05-01 00:00:00+00:00,533685.3517293097,962382.4417589569,1750054.6973373336,,,
2022-05-02 00:00:00+00:00,534473.4974343308,926737.8576417478,1750054.6973373336,,,
2022-05-03 00:00:00+00:00,523427.3877389474,926033.3108051408,1750054.6973373336,,,
2022-05-04 00:00:00+00:00,550633.7446273704,948234.0993518699,1750054.6973373336,,,
2022-05-05 00:00:00+00:00,507112.59129130584,900617.4679416555,1750054.6973373336,,,
2022-05-06 00:00:00+00:00,499632.0744078823,878381.7579771756,1750054.6973373336,,,
2022-05-07 00:00:00+00:00,492121.3135949228,853527.9214992081,1750054.6973373336,,,
2022-05-08 00:00:00+00:00,472227.05097314896,841340.77353644,1750054.6973373336,,,
2022-05-09 00:00:00+00:00,417259.54144302406,663135.676528913,1750054.6973373336,,,
2022-05-10 00:00:00+00:00,430311.4618413104,681878.2055260186,1750054.6973373336,,,
2022-05-11 00:00:00+00:00,403769.5002673295,629163.4654463832,1750054.6973373336,,,
2022-05-12 00:00:00+00:00,402740.23552775016,639800.4609742566,1750054.6973373336,,,
2022-05-13 00:00:00+00:00,406309.8516147399,646197.6174521153,1750054.6973373336,,,
2022-05-14 00:00:00+00:00,417404.24061048345,646116.3299483814,1750054.6973373336,,,
2022-05-15 00:00:00+00:00,434637.0374330808,646116.3299483814,1750054.6973373336,,,
2022-05-16 00:00:00+00:00,414452.960275523,646116.3299483814,1750054.6973373336,,,
2022-05-17 00:00:00+00:00,422373.5402070589,646116.3299483814,1750054.6973373336,,,
2022-05-18 00:00:00+00:00,398378.0342598443,646116.3299483814,1750054.6973373336,,,
2022-05-19 00:00:00+00:00,420629.65858197294,646116.3299483814,1750054.6973373336,,,
2022-05-20 00:00:00+00:00,405116.18753341615,646116.3299483814,1750054.6973373336,,,
2022-05-21 00:00:00+00:00,408501.98157162,646116.3299483814,1750054.6973373336,,,
2022-05-22 00:00:00+00:00,420278.8012526299,646116.3299483814,1750054.6973373336,,,
2022-05-23 00:00:00+00:00,403841.78048424836,646116.3299483814,1750054.6973373336,,,
2022-05-24 00:00:00+00:00,411408.72841400665,646116.3299483814,1750054.6973373336,,,
2022-05-25 00:00:00+00:00,409848.9463049501,646116.3299483814,1750054.6973373336,,,
2022-05-26 00:00:00+00:00,405120.90447655483,646116.3299483814,1750054.6973373336,,,
2022-05-27 00:00:00+00:00,397191.5843268503,646116.3299483814,1750054.6973373336,,,
2022-05-28 00:00:00+00:00,402762.1554399828,646116.3299483814,1750054.6973373336,,,
2022-05-29 00:00:00+00:00,408821.6238360749,646116.3299483814,1750054.6973373336,,,
2022-05-30 00:00:00+00:00,440260.32732246886,646116.3299483814,1750054.6973373336,,,
2022-05-31 00:00:00+00:00,441187.3453828367,646116.3299483814,1750054.6973373336,,,
2022-06-01 00:00:00+00:00,413507.0744426005,642713.7548693256,1750054.6973373336,,,
2022-06-02 00:00:00+00:00,422480.22636216553,660604.6653774047,1750054.6973373336,,,
2022-06-03 00:00:00+00:00,412041.76992993883,637583.8450138781,1750054.6973373336,,,
2022-06-04 00:00:00+00:00,414314.64285466296,640974.9733101373,1750054.6973373336,,,
2022-06-05 00:00:00+00:00,415080.036245721,634460.3725630362,1750054.6973373336,,,
2022-06-06 00:00:00+00:00,435250.378774728,636162.8986501481,1750054.6973373336,,,
2022-06-07 00:00:00+00:00,431812.9758292424,647331.7176844752,1750054.6973373336,,,
2022-06-08 00:00:00+00:00,419041.71354770614,610347.7599549531,1750054.6973373336,,,
2022-06-09 00:00:00+00:00,417725.96387926425,619064.3087819724,1750054.6973373336,,,
2022-06-10 00:00:00+00:00,403602.1875195289,585983.113821684,1750054.6973373336,,,
2022-06-11 00:00:00+00:00,394346.15774526616,546114.5586242209,1750054.6973373336,,,
2022-06-12 00:00:00+00:00,368678.0792545324,521425.73256151506,1750054.6973373336,,,
2022-06-13 00:00:00+00:00,311975.9832519772,498354.124113352,1750054.6973373336,,,
2022-06-14 00:00:00+00:00,307106.4331294222,487023.53139978414,1750054.6973373336,,,
2022-06-15 00:00:00+00:00,313312.1267628127,499077.4479491774,1750054.6973373336,,,
2022-06-16 00:00:00+00:00,283034.7624238805,470823.4988928847,1750054.6973373336,,,
2022-06-17 00:00:00+00:00,283971.21437052573,479331.47551649273,1750054.6973373336,,,
2022-06-18 00:00:00+00:00,263188.6403688453,492996.4038010137,1750054.6973373336,,,
2022-06-19 00:00:00+00:00,285430.5533374532,507521.39316315355,1750054.6973373336,,,
2022-06-20 00:00:00+00:00,285429.0272676142,522360.24514373165,1750054.6973373336,,,
2022-06-21 00:00:00+00:00,287504.89844948857,517489.36632169096,1750054.6973373336,,,
2022-06-22 00:00:00+00:00,277300.62437073403,524643.1569239056,1750054.6973373336,,,
2022-06-23 00:00:00+00:00,292868.478999007,524537.7719189257,1750054.6973373336,,,
2022-06-24 00:00:00+00:00,294638.1650777338,524537.7719189257,1750054.6973373336,,,
2022-06-25 00:00:00+00:00,298155.06238846795,526012.6408751478,1750054.6973373336,,,
2022-06-26 00:00:00+00:00,291868.76452085515,519694.23296939745,1750054.6973373336,,,
2022-06-27 00:00:00+00:00,287769.04726525344,529098.830678454,1750054.6973373336,,,
2022-06-28 00:00:00+00:00,281369.6814959345,515860.400836598,1750054.6973373336,,,
2022-06-29 00:00:00+00:00,279173.8057312678,513808.92758528877,1750054.6973373336,,,
2022-06-30 00:00:00+00:00,276665.50185047596,510385.4654898305,1750054.6973373336,,,
2022-07-01 00:00:00+00:00,267475.6480137761,503222.3508276376,1750054.6973373336,,,
2022-07-02 00:00:00+00:00,267101.2059687398,507288.35585823434,1750054.6973373336,,,
2022-07-03 00:00:00+00:00,267975.5052528521,515778.37348517,1750054.6973373336,,,
2022-07-04 00:00:00+00:00,280751.2070102835,516692.6867057454,1750054.6973373336,,,
2022-07-05 00:00:00+00:00,279906.5967212204,516251.09322216123,1750054.6973373336,,,
2022-07-06 00:00:00+00:00,285298.89513043594,520851.5200689881,1750054.6973373336,,,
2022-07-07 00:00:00+00:00,300011.17951352964,521711.7663584715,1750054.6973373336,,,
2022-07-08 00:00:00+00:00,299591.78777505434,522025.05288243014,1750054.6973373336,,,
2022-07-09 00:00:00+00:00,299551.27755751053,543320.9949108707,1750054.6973373336,,,
2022-07-10 00:00:00+00:00,289432.60212336044,549203.1851959284,1750054.6973373336,,,
2022-07-11 00:00:00+00:00,276962.3918009679,527101.4531882535,1750054.6973373336,,,
2022-07-12 00:00:00+00:00,268154.749092121,522416.87879821757,1750054.6973373336,,,
2022-07-13 00:00:00+00:00,280725.68002388603,551853.9843392607,1750054.6973373336,,,
2022-07-14 00:00:00+00:00,285636.43403209344,579389.6696848595,1750054.6973373336,,,
2022-07-15 00:00:00+00:00,288982.68898810557,578581.9935486467,1750054.6973373336,,,
2022-07-16 00:00:00+00:00,294054.2352638924,572383.3856731821,1750054.6973373336,,,
2022-07-17 00:00:00+00:00,288540.40620204556,566453.9370581794,1750054.6973373336,,,
2022-07-18 00:00:00+00:00,311215.30680405785,579800.6091955064,1750054.6973373336,,,
2022-07-19 00:00:00+00:00,324589.78287285526,580979.598513491,1750054.6973373336,,,
2022-07-20 00:00:00+00:00,322185.2517411139,574281.4103477811,1729499.0595628559,,,
2022-07-21 00:00:00+00:00,321198.71695702587,589325.6106547744,1880373.6176637018,,,
2022-07-22 00:00:00+00:00,314714.8624120763,569878.8774350742,1838795.1085251053,,,
2022-07-23 00:00:00+00:00,311471.82527062774,572670.2015831226,1839779.872245023,,,
2022-07-24 00:00:00+00:00,313256.0783796357,577318.140779298,1834144.7402642772,,,
2022-07-25 00:00:00+00:00,295653.8339223842,553277.2042767433,1784462.6682581687,,,
2022-07-26 00:00:00+00:00,294873.73476742324,566179.9309632131,1793085.9444888742,,,
2022-07-27 00:00:00+00:00,318427.6515966865,607807.7089109618,1782752.8543300154,,,
2022-07-28 00:00:00+00:00,330781.6031440733,665507.8574394112,1825467.6089058602,,,
2022-07-29 00:00:00+00:00,329821.84394897823,668947.984504761,1823946.8607036069,,,
2022-07-30 00:00:00+00:00,328014.97725962906,651931.0418214671,1776767.3679533713,,,
2022-07-31 00:00:00+00:00,323156.6645604338,649489.4054503611,1757259.8717081156,,,
2022-08-01 00:00:00+00:00,322805.5297638473,646669.029156468,1746461.7471716967,,,
2022-08-02 00:00:00+00:00,318917.9362158634,678160.2044423411,1785039.1956982962,,,
2022-08-03 00:00:00+00:00,316567.5111965948,705225.0495137036,1823901.9168916137,,,
2022-08-04 00:00:00+00:00,313856.7949617059,695074.957598498,1802876.3100980588,,,
2022-08-05 00:00:00+00:00,323421.645777929,728426.8879777971,1864501.3713556007,,,
2022-08-06 00:00:00+00:00,318452.0687141101,718917.7715025756,1847962.14048135,,,
2022-08-07 00:00:00+00:00,321506.70559725584,717032.5977074702,1841996.9767990531,,,
2022-08-08 00:00:00+00:00,330324.75332773215,718351.8120442682,1846884.1698537446,,,
2022-08-09 00:00:00+00:00,321167.64062575944,714107.6161711051,1837163.8746073374,,,
2022-08-10 00:00:00+00:00,332323.2111486838,744433.3093349012,1916129.88089426,,,
2022-08-11 00:00:00+00:00,332050.460848372,731415.349637263,1882496.8163353046,,,
2022-08-12 00:00:00+00:00,338561.09098231455,756652.493491716,1948002.95343363,,,
2022-08-13 00:00:00+00:00,339084.1167362186,747633.5925133874,1924502.2918861508,,,
2022-08-14 00:00:00+00:00,337195.3972100516,753557.45658557,1939288.8947027242,,,
2022-08-15 00:00:00+00:00,334276.16434170963,752690.2619923657,1936948.3817372096,,,
2022-08-16 00:00:00+00:00,330945.4475513307,760099.5915151334,1955891.4421139988,,,
2022-08-17 00:00:00+00:00,323841.17625002604,730632.1035283853,1879860.4608252165,,,
2022-08-18 00:00:00+00:00,321739.91681537597,699501.3863582846,1799801.8666842876,,,
2022-08-19 00:00:00+00:00,289043.03811355605,640508.7022923472,1648113.6472870351,,,
2022-08-20 00:00:00+00:00,293283.8474624523,636944.7415397868,1640023.9289842187,,,
2022-08-21 00:00:00+00:00,298493.849892721,645982.6248178666,1660223.394069314,,,
2022-08-22 00:00:00+00:00,296887.5920203865,664715.5904204472,1679617.5349616674,,,
2022-08-23 00:00:00+00:00,298681.27901567175,669213.233834256,1686939.2350349897,,,
2022-08-24 00:00:00+00:00,296447.1127714089,671869.2566710802,1686575.3923676584,,,
2022-08-25 00:00:00+00:00,299096.3700118736,666714.8833691147,1686575.3923676584,,,
2022-08-26 00:00:00+00:00,280811.4174021122,634135.2038634003,1686575.3923676584,,,
2022-08-27 00:00:00+00:00,277988.8818681128,637933.381628704,1686575.3923676584,,,
2022-08-28 00:00:00+00:00,271302.06003457925,628785.1088006735,1686575.3923676584,,,
2022-08-29 00:00:00+00:00,281431.2792239805,644333.7603484697,1686575.3923676584,,,
2022-08-30 00:00:00+00:00,274854.33441885334,639271.2560274063,1686575.3923676584,,,
2022-08-31 00:00:00+00:00,278161.1890262955,638483.9611787723,1686575.3923676584,,,
2022-09-01 00:00:00+00:00,279291.03564162564,638383.127377814,1686575.3923676584,,,
2022-09-02 00:00:00+00:00,276799.3797954408,638383.127377814,1686575.3923676584,,,
2022-09-03 00:00:00+00:00,275135.13126922515,638383.127377814,1686575.3923676584,,,
2022-09-04 00:00:00+00:00,277471.40545907774,638383.127377814,1686575.3923676584,,,
2022-09-05 00:00:00+00:00,274648.73119145655,639955.9088072937,1686575.3923676584,,,
2022-09-06 00:00:00+00:00,260688.93797260046,638248.5043119903,1686575.3923676584,,,
2022-09-07 00:00:00+00:00,267656.5566565058,666104.2672436138,1686575.3923676584,,,
2022-09-08 00:00:00+00:00,268030.1662998118,666497.936392417,1686575.3923676584,,,
2022-09-09 00:00:00+00:00,296336.5420748939,685845.1005708665,1686575.3923676584,,,
2022-09-10 00:00:00+00:00,300335.26125387975,693547.17621985,1686575.3923676584,,,
2022-09-11 00:00:00+00:00,302812.07260253996,688804.0905638217,1686575.3923676584,,,
2022-09-12 00:00:00+00:00,310704.21214162215,686083.1162052664,1686575.3923676584,,,
2022-09-13 00:00:00+00:00,279875.2429227105,661720.4650461647,1650786.8762163129,,,
2022-09-14 00:00:00+00:00,280612.47338855825,645077.2066854837,1672818.9644406575,,,
2022-09-15 00:00:00+00:00,273331.3167195539,635210.5208511642,1619352.1731086085,,,
2022-09-16 00:00:00+00:00,274738.353111091,647903.6197531371,1624358.9176112139,,,
2022-09-17 00:00:00+00:00,279043.53486046783,654516.27171459,1633033.1550563225,,,
2022-09-18 00:00:00+00:00,269367.6971468646,631822.9428177074,1631736.8763186724,,,
2022-09-19 00:00:00+00:00,271044.1542317921,643279.8804908537,1631736.8763186724,,,
2022-09-20 00:00:00+00:00,261859.71100633952,634688.9709988466,1631736.8763186724,,,
2022-09-21 00:00:00+00:00,256121.13347729782,628924.3240800602,1631736.8763186724,,,
2022-09-22 00:00:00+00:00,269165.8397272544,646838.3636166169,1631736.8763186724,,,
2022-09-23 00:00:00+00:00,267615.9077053403,645518.3542787622,1631736.8763186724,,,
2022-09-24 00:00:00+00:00,262490.94898518926,643213.1804288151,1631736.8763186724,,,
2022-09-25 00:00:00+00:00,260921.59425623363,648687.8476710217,1631736.8763186724,,,
2022-09-26 00:00:00+00:00,266754.5106480485,646898.200779558,1631736.8763186724,,,
2022-09-27 00:00:00+00:00,264691.6804266163,647260.3886280463,1631736.8763186724,,,
2022-09-28 00:00:00+00:00,269321.0826499649,645977.9818619865,1631736.8763186724,,,
2022-09-29 00:00:00+00:00,271800.11373657273,655019.7507808851,1631736.8763186724,,,
2022-09-30 00:00:00+00:00,269456.9028656339,649444.7166892885,1631736.8763186724,,,
2022-10-01 00:00:00+00:00,267907.8032454502,644932.5651115112,1631736.8763186724,,,
2022-10-02 00:00:00+00:00,264381.8882493039,630561.7977444634,1631736.8763186724,,,
2022-10-03 00:00:00+00:00,272321.3359533944,640031.8357666091,1631736.8763186724,,,
2022-10-04 00:00:00+00:00,282153.94265954715,646474.9543271128,1631736.8763186724,,,
2022-10-05 00:00:00+00:00,279662.8417478492,657663.6825606317,1636536.641535109,,,
2022-10-06 00:00:00+00:00,276921.6041161807,655731.0262448766,1629829.1472809564,,,
2022-10-07 00:00:00+00:00,270948.0118319365,650732.1786109861,1624987.2311334123,,,
2022-10-08 00:00:00+00:00,269392.3917315317,639843.4664940675,1620270.2011830641,,,
2022-10-09 00:00:00+00:00,269684.564738885,641121.1550751441,1622221.957205753,,,
2022-10-10 00:00:00+00:00,265423.36154759506,629853.5509500671,1621761.242305621,,,
2022-10-11 00:00:00+00:00,264426.28300825594,626316.3840950449,1621761.242305621,,,
2022-10-12 00:00:00+00:00,265751.60529659694,627897.2735893903,1621761.242305621,,,
2022-10-13 00:00:00+00:00,268798.19562968257,631854.2022348632,1621761.242305621,,,
2022-10-14 00:00:00+00:00,266048.4952470889,638939.3763917505,1621761.242305621,,,
2022-10-15 00:00:00+00:00,264556.55387905595,636254.9793059187,1621761.242305621,,,
2022-10-16 00:00:00+00:00,267242.29806203436,637002.3934421581,1621761.242305621,,,
2022-10-17 00:00:00+00:00,271222.2882020872,642067.507511177,1621761.242305621,,,
2022-10-18 00:00:00+00:00,268136.574987675,642973.9305714904,1621761.242305621,,,
2022-10-19 00:00:00+00:00,265313.76198643213,640967.6052496108,1621761.242305621,,,
2022-10-20 00:00:00+00:00,264175.4526201767,628216.3871394389,1621761.242305621,,,
2022-10-21 00:00:00+00:00,265874.245818202,634191.8648737075,1621761.242305621,,,
2022-10-22 00:00:00+00:00,266428.90283785935,628404.4382454872,1621761.242305621,,,
2022-10-23 00:00:00+00:00,271507.24706111086,638436.8967436149,1621761.242305621,,,
2022-10-24 00:00:00+00:00,268168.2062534284,635634.8148981298,1621761.242305621,,,
2022-10-25 00:00:00+00:00,278578.08355957974,631739.0883623846,1621761.242305621,,,
2022-10-26 00:00:00+00:00,288171.7909691217,637600.3792527671,1621761.242305621,,,
2022-10-27 00:00:00+00:00,281561.4113611587,641410.3483526516,1619108.382973317,,,
2022-10-28 00:00:00+00:00,285678.054118611,644846.8062121148,1626926.8606682103,,,
2022-10-29 00:00:00+00:00,288700.08860065124,648274.8645434326,1606221.5266522097,,,
2022-10-30 00:00:00+00:00,286172.5007464396,646454.3987633951,1605133.9300928067,,,
2022-10-31 00:00:00+00:00,284275.4572029691,648304.3181113355,1611045.783733558,,,
2022-11-01 00:00:00+00:00,284176.6788643007,650990.2170389869,1623820.0540990988,,,
2022-11-02 00:00:00+00:00,279573.7747627016,641868.8694973554,1593920.8413606046,,,
2022-11-03 00:00:00+00:00,280350.4055771194,659748.079301271,1630679.990781439,,,
2022-11-04 00:00:00+00:00,293401.07737281016,681003.9959299092,1673931.3528647085,,,
2022-11-05 00:00:00+00:00,295493.87405653496,680353.581515288,1671976.3199368068,,,
2022-11-06 00:00:00+00:00,290030.68276661786,673033.8645963029,1654482.7196723982,,,
2022-11-07 00:00:00+00:00,285668.2040314685,677064.5967460965,1664487.2091865283,,,
2022-11-08 00:00:00+00:00,257312.43908705222,563711.3490338719,1386006.757138297,,,
2022-11-09 00:00:00+00:00,220902.90993424386,453389.6632562516,1114818.0497080279,,,
2022-11-10 00:00:00+00:00,244187.1286028733,564952.1920479012,1388955.181723322,,,
2022-11-11 00:00:00+00:00,236822.59302721207,562606.7217000014,1383062.97378888,,,
2022-11-12 00:00:00+00:00,233240.0747134019,542171.311365267,1329778.5904403701,,,
2022-11-13 00:00:00+00:00,226549.92327294694,546260.6463034591,1328572.4298502842,,,
2022-11-14 00:00:00+00:00,230567.78769173083,551565.8130896742,1328572.4298502842,,,
2022-11-15 00:00:00+00:00,234467.7285320483,562616.4082141363,1328572.4298502842,,,
2022-11-16 00:00:00+00:00,231168.50427380097,569653.4573755796,1328572.4298502842,,,
2022-11-17 00:00:00+00:00,231581.93046654217,573703.7486576245,1328572.4298502842,,,
2022-11-18 00:00:00+00:00,231691.39129408333,589488.9642287269,1328572.4298502842,,,
2022-11-19 00:00:00+00:00,231694.582167383,581456.0271575717,1328572.4298502842,,,
2022-11-20 00:00:00+00:00,225861.52704194642,573403.7331229256,1328572.4298502842,,,
2022-11-21 00:00:00+00:00,218939.55171958864,569195.3462893227,1328572.4298502842,,,
2022-11-22 00:00:00+00:00,225122.21557177277,582222.3625197741,1328572.4298502842,,,
2022-11-23 00:00:00+00:00,230340.9582202101,602585.8076369578,1328572.4298502842,,,
2022-11-24 00:00:00+00:00,230283.24503357243,593098.383730373,1328572.4298502842,,,
2022-11-25 00:00:00+00:00,229217.63208510104,588535.8356595333,1328572.4298502842,,,
2022-11-26 00:00:00+00:00,228335.70245179388,586817.094005284,1328572.4298502842,,,
2022-11-27 00:00:00+00:00,227922.41499267446,586660.7166529575,1328572.4298502842,,,
2022-11-28 00:00:00+00:00,224927.5723004923,589028.9427132363,1328572.4298502842,,,
2022-11-29 00:00:00+00:00,228113.17372254663,590785.6600375909,1328572.4298502842,,,
2022-11-30 00:00:00+00:00,238117.39391877348,594585.2057130672,1328572.4298502842,,,
2022-12-01 00:00:00+00:00,235533.20274689794,593378.7955567299,1328572.4298502842,,,
2022-12-02 00:00:00+00:00,237133.77254074175,593917.6492788325,1328572.4298502842,,,
2022-12-03 00:00:00+00:00,234254.49495545664,588172.5636852976,1328572.4298502842,,,
2022-12-04 00:00:00+00:00,237313.5713144976,594302.734329318,1328572.4298502842,,,
2022-12-05 00:00:00+00:00,235380.3182957567,590461.6427697846,1328572.4298502842,,,
2022-12-06 00:00:00+00:00,237081.33123172956,588172.2818497939,1328572.4298502842,,,
2022-12-07 00:00:00+00:00,233580.804488359,577710.9808810768,1328572.4298502842,,,
2022-12-08 00:00:00+00:00,238956.17739572408,582819.492268739,1328572.4298502842,,,
2022-12-09 00:00:00+00:00,237630.71637376145,577708.3280449535,1328572.4298502842,,,
2022-12-10 00:00:00+00:00,237615.87187623687,577977.4143463528,1328572.4298502842,,,
2022-12-11 00:00:00+00:00,237027.08638563502,573092.8156699357,1328572.4298502842,,,
2022-12-12 00:00:00+00:00,238758.20451752224,571600.5129897369,1328572.4298502842,,,
2022-12-13 00:00:00+00:00,246594.85060791433,586058.0774336244,1328572.4298502842,,,
2022-12-14 00:00:00+00:00,246989.54776172258,578030.0198611253,1328572.4298502842,,,
2022-12-15 00:00:00+00:00,240790.7908094183,565031.6331371634,1328572.4298502842,,,
2022-12-16 00:00:00+00:00,230743.42445683494,521360.90783993946,1328572.4298502842,,,
2022-12-17 00:00:00+00:00,232746.73795454702,540150.2325696456,1328572.4298502842,,,
2022-12-18 00:00:00+00:00,232215.24944971772,533408.9550636461,1328572.4298502842,,,
2022-12-19 00:00:00+00:00,228062.53595061693,525288.9938092101,1328572.4298502842,,,
2022-12-20 00:00:00+00:00,234398.222987564,537981.5764983377,1328572.4298502842,,,
2022-12-21 00:00:00+00:00,233414.74034315388,536790.6603250008,1328572.4298502842,,,
2022-12-22 00:00:00+00:00,233369.79064971494,537045.1378963102,1328572.4298502842,,,
2022-12-23 00:00:00+00:00,232774.2072116486,535246.7920354145,1328572.4298502842,,,
2022-12-24 00:00:00+00:00,233573.5903400293,535470.7497081042,1328572.4298502842,,,
2022-12-25 00:00:00+00:00,233517.95815771748,536099.9419306247,1328572.4298502842,,,
2022-12-26 00:00:00+00:00,234728.82520813515,536475.7964710968,1328572.4298502842,,,
2022-12-27 00:00:00+00:00,231773.38286452292,535997.7746816364,1328572.4298502842,,,
2022-12-28 00:00:00+00:00,229566.82461098346,530676.478482625,1328572.4298502842,,,
2022-12-29 00:00:00+00:00,230762.15349576785,531421.9202917152,1328572.4298502842,,,
2022-12-30 00:00:00+00:00,230401.584812904,529359.6407493862,1328572.4298502842,,,
2022-12-31 00:00:00+00:00,229498.70640271637,529924.4689042915,1328572.4298502842,,,
2023-01-01 00:00:00+00:00,230530.1908802433,531743.7409846265,1328572.4298502842,,,
2023-01-02 00:00:00+00:00,231308.7639653652,531679.4639576515,1328572.4298502842,,,
2023-01-03 00:00:00+00:00,231340.81143198372,531679.4639576515,1328572.4298502842,,,
2023-01-04 00:00:00+00:00,233771.147017366,531679.4639576515,1328572.4298502842,,,
2023-01-05 00:00:00+00:00,233514.35108355258,531685.2772321336,1329006.8874764156,,,
2023-01-06 00:00:00+00:00,235162.5065096482,550279.9550416287,1391335.9210156754,,,
2023-01-07 00:00:00+00:00,235064.2831054667,550443.2658988504,1434322.0663582124,,,
2023-01-08 00:00:00+00:00,237620.58881937552,574054.5826772286,1460702.8872110704,,,
2023-01-09 00:00:00+00:00,238320.2224737357,579136.8801341287,1490192.5664140494,,,
2023-01-10 00:00:00+00:00,241960.5927078053,595680.7641628371,1529728.180117542,,,
2023-01-11 00:00:00+00:00,248933.34453571448,600595.2531309768,1549676.5563308704,,,
2023-01-12 00:00:00+00:00,261465.98498788336,626917.5772099344,1625278.736549992,,,
2023-01-13 00:00:00+00:00,276496.24683197116,657293.5828331545,1727788.5747903767,,,
2023-01-14 00:00:00+00:00,290715.19445621,688161.1782904641,1806751.883556745,,,
2023-01-15 00:00:00+00:00,289557.8785837783,699628.4845284072,1831875.4269164996,,,
2023-01-16 00:00:00+00:00,293916.1953102759,695634.0801261832,1824160.010094,,,
2023-01-17 00:00:00+00:00,293210.8735774249,694051.1691808519,1820087.755321172,,,
2023-01-18 00:00:00+00:00,286866.03012144397,672401.3061750454,1761257.188243853,,,
2023-01-19 00:00:00+00:00,292333.79962087807,687488.6608060856,1802225.1041576234,,,
2023-01-20 00:00:00+00:00,314470.4137705965,748756.7090295495,1969327.8225479207,,,
2023-01-21 00:00:00+00:00,316084.4407257476,740120.5928234706,1947951.87265195,,,
2023-01-22 00:00:00+00:00,315034.64341015293,747962.2568857746,1968832.6654587486,,,
2023-01-23 00:00:00+00:00,317928.2105584757,747110.3818241411,1966612.0625273122,,,
2023-01-24 00:00:00+00:00,313994.27998083556,732863.5418605444,1929192.386165101,,,
2023-01-25 00:00:00+00:00,319932.7726587833,774465.575368643,2038759.251870111,,,
2023-01-26 00:00:00+00:00,319221.2079129547,774335.3350332865,2038294.0817737042,,,
2023-01-27 00:00:00+00:00,320116.17850670405,790830.6268128359,2081730.1207033356,,,
2023-01-28 00:00:00+00:00,319400.86795308883,780302.3033778672,2054017.914957666,,,
2023-01-29 00:00:00+00:00,329385.52670865244,781062.4318029457,2056019.591256577,,,
2023-01-30 00:00:00+00:00,316675.445954297,774174.136227557,2037883.548973279,,,
2023-01-31 00:00:00+00:00,320823.3037766375,776756.2946401013,2044681.400932583,,,
2023-02-01 00:00:00+00:00,329251.7874973093,814458.5255598335,2143930.8307037777,,,
2023-02-02 00:00:00+00:00,325870.57166862243,811609.6888553704,2136430.6111598704,,,
2023-02-03 00:00:00+00:00,325079.23509030184,834249.1440091456,2196025.916946557,,,
2023-02-04 00:00:00+00:00,323621.69966045674,836929.1270188278,2203079.6914532976,,,
2023-02-05 00:00:00+00:00,318156.56609983544,869325.3242399108,2288359.406641815,,,
2023-02-06 00:00:00+00:00,315792.6839192595,861833.4369664659,2268639.40240094,,,
2023-02-07 00:00:00+00:00,322423.31863599434,906350.4932213051,2385824.1353667993,,,
2023-02-08 00:00:00+00:00,318574.0155676066,881867.0438176559,2321375.6323660593,,,
2023-02-09 00:00:00+00:00,302388.6575890346,799780.113810648,2105295.9468482127,,,
2023-02-10 00:00:00+00:00,300014.0929195859,799620.5546135751,2104874.586225841,,,
2023-02-11 00:00:00+00:00,303307.0741648555,814347.0149281409,2143640.0265763937,,,
2023-02-12 00:00:00+00:00,302210.9398196046,814749.5961871403,2144700.486977224,,,
2023-02-13 00:00:00+00:00,302078.1717436136,792939.6787573892,2087288.9724407853,,,
2023-02-14 00:00:00+00:00,307986.4204920252,805344.7569924499,2119943.599550477,,,
2023-02-15 00:00:00+00:00,337456.3551525167,821712.3205690478,2163028.9572586548,,,
2023-02-16 00:00:00+00:00,326269.8470319476,804527.041751964,2117791.070801053,,,
2023-02-17 00:00:00+00:00,340868.09237798315,837772.9105438867,2205305.882125022,,,
2023-02-18 00:00:00+00:00,341727.963365436,832542.3784903337,2191537.27353298,,,
2023-02-19 00:00:00+00:00,336730.91704451555,827448.1049638612,2178127.3764028354,,,
2023-02-20 00:00:00+00:00,344644.8377622086,831183.401561457,2187959.9004306206,,,
2023-02-21 00:00:00+00:00,339233.6715804384,823981.1585000115,2169001.108959596,,,
2023-02-22 00:00:00+00:00,335488.5574619663,837706.2858776757,2205130.3571061287,,,
2023-02-23 00:00:00+00:00,332131.0650825944,847852.148252547,2231837.7888785275,,,
2023-02-24 00:00:00+00:00,321657.92524493637,801902.0138463259,2110881.434877511,,,
2023-02-25 00:00:00+00:00,321266.4189644278,794069.2952830745,2090263.112055756,,,
2023-02-26 00:00:00+00:00,326784.9649694133,817807.9430727375,2152751.2807583297,,,
2023-02-27 00:00:00+00:00,325914.2727594659,815952.6396476977,2147867.5088626766,,,
2023-02-28 00:00:00+00:00,321051.38185075374,801150.8667806417,2108904.3325245474,,,
2023-03-01 00:00:00+00:00,327813.2585736406,815010.9308476651,2145388.7828430743,,,
2023-03-02 00:00:00+00:00,325542.8828541075,804919.5435450312,2118824.785906087,,,
2023-03-03 00:00:00+00:00,310129.8549476798,766313.4616368513,2017200.3116278674,,,
2023-03-04 00:00:00+00:00,310022.0589235993,719581.9647739353,1893755.6813993133,,,
2023-03-05 00:00:00+00:00,311182.84313657414,738066.3079735546,1941332.9103741874,,,
2023-03-06 00:00:00+00:00,310902.0462862023,741421.2475570133,1950705.9226626107,,,
2023-03-07 00:00:00+00:00,307960.3385711409,737877.3193565228,1942549.8841912607,,,
2023-03-08 00:00:00+00:00,301127.4302339307,732283.2625513104,1941111.4527327097,,,
2023-03-09 00:00:00+00:00,282492.45269655663,724048.2195190549,1941111.4527327097,,,
2023-03-10 00:00:00+00:00,279557.8203962032,742557.0038881436,1941111.4527327097,,,
2023-03-11 00:00:00+00:00,283789.7507933091,729539.6183537813,1941111.4527327097,,,
2023-03-12 00:00:00+00:00,305173.87377879,781961.4904630061,1941111.4527327097,,,
2023-03-13 00:00:00+00:00,334535.0412798489,829613.5595779596,1941111.4527327097,,,
2023-03-14 00:00:00+00:00,342261.5328745912,864714.9258763251,1957768.2556360732,,,
2023-03-15 00:00:00+00:00,336923.7567787136,848031.7556521206,1925187.6304050344,,,
2023-03-16 00:00:00+00:00,346817.128811182,861447.1807392188,1961165.0985616595,,,
2023-03-17 00:00:00+00:00,380062.5602533034,909049.6320991331,2108729.166671019,,,
2023-03-18 00:00:00+00:00,373297.3539234951,885213.32579967,2039692.1438292176,,,
2023-03-19 00:00:00+00:00,388077.7565148559,903021.4478402871,2101906.3151322105,,,
2023-03-20 00:00:00+00:00,384528.11806939455,901711.5277376221,2099060.33484413,,,
2023-03-21 00:00:00+00:00,389917.3643389322,908625.9124451036,2106747.572195315,,,
2023-03-22 00:00:00+00:00,378062.5763625127,891425.0237254899,2077986.6185113222,,,
2023-03-23 00:00:00+00:00,392552.4707499809,926038.5525765275,2143287.6990079912,,,
2023-03-24 00:00:00+00:00,380885.8055646208,902602.1260446454,2077169.6630144457,,,
2023-03-25 00:00:00+00:00,381003.4516758438,878251.9275270815,2035235.25729698,,,
2023-03-26 00:00:00+00:00,388010.88690918434,898960.8008854706,2091299.6410773853,,,
2023-03-27 00:00:00+00:00,376313.7003270447,876193.1334217682,2034472.5239328803,,,
2023-03-28 00:00:00+00:00,378202.6973204552,922941.8526351037,2123982.1244765352,,,
2023-03-29 00:00:00+00:00,393290.3948839373,929279.8711519577,2131595.847828685,,,
2023-03-30 00:00:00+00:00,388849.9478533784,928257.1688765201,2125064.2919193506,,,
2023-03-31 00:00:00+00:00,394910.2486512009,935073.3394130967,2140361.416087479,,,
2023-04-01 00:00:00+00:00,394735.02808696195,927249.8602407881,2124626.1880073957,,,
2023-04-02 00:00:00+00:00,390838.5555871876,927094.453550389,2123036.669543449,,,
2023-04-03 00:00:00+00:00,385679.4683960921,942201.4311812771,2151373.7489111875,,,
2023-04-04 00:00:00+00:00,390749.7660692835,948795.1598138574,2169092.480104001,,,
2023-04-05 00:00:00+00:00,390812.7511335467,945864.6028174435,2154176.2194243567,,,
2023-04-06 00:00:00+00:00,388923.33793927106,936691.2620796252,2132420.6726305047,,,
2023-04-07 00:00:00+00:00,387154.6229958963,935434.5103721714,2124147.917712675,,,
2023-04-08 00:00:00+00:00,387599.2642535256,932640.1081267372,2113001.5453873444,,,
2023-04-09 00:00:00+00:00,392945.78056757187,934846.3236841633,2117513.485242133,,,
2023-04-10 00:00:00+00:00,411169.55165015237,929353.5136487867,2103510.435706496,,,
2023-04-11 00:00:00+00:00,418981.36442225566,924957.3564902991,2093287.7652313847,,,
2023-04-12 00:00:00+00:00,414648.01974766864,911315.1854147002,2062581.0712897615,,,
2023-04-13 00:00:00+00:00,421387.28289021435,914769.9461999002,2070723.1739273083,,,
2023-04-14 00:00:00+00:00,422678.7541748543,934476.0502729644,2118427.741165625,,,
2023-04-15 00:00:00+00:00,420294.7556191283,929789.7541814251,2107078.7155510588,,,
2023-04-16 00:00:00+00:00,420427.38496149756,937344.8594574493,2123861.106270338,,,
2023-04-17 00:00:00+00:00,408296.7945450884,935890.5630453352,2120465.1673234203,,,
2023-04-18 00:00:00+00:00,421472.8815348188,947949.9198419914,2147524.035836528,,,
2023-04-19 00:00:00+00:00,399512.5978183131,898988.0696304819,2036876.7810026677,,,
2023-04-20 00:00:00+00:00,391834.3855239312,881980.4772478326,1998371.297549869,,,
2023-04-21 00:00:00+00:00,378227.2531715006,830213.0479744991,1880902.3218539779,,,
2023-04-22 00:00:00+00:00,385913.2345486991,852009.137909964,1930372.4119401148,,,
2023-04-23 00:00:00+00:00,382774.38635716616,841588.2465466477,1906688.647647983,,,
2023-04-24 00:00:00+00:00,381669.0955928814,840732.0990420533,1904774.7995336906,,,
2023-04-25 00:00:00+00:00,392627.10943846905,846296.5710330408,1917231.472330512,,,
2023-04-26 00:00:00+00:00,394215.6094072227,853282.9278771785,1932920.1169420492,,,
2023-04-27 00:00:00+00:00,408886.4124374206,859787.094495568,1947565.0854266195,,,
2023-04-28 00:00:00+00:00,406651.82999229257,859555.1244551525,1947060.3193627847,,,
2023-04-29 00:00:00+00:00,405524.6193157752,856108.3939004657,1939301.719804389,,,
2023-04-30 00:00:00+00:00,405562.90979537135,859394.3602410168,1946745.2960977354,,,
2023-05-01 00:00:00+00:00,389401.13653249264,858270.8137508656,1944201.9271903564,,,
2023-05-02 00:00:00+00:00,397747.35121548147,860049.461181073,1938224.4661676188,,,
2023-05-03 00:00:00+00:00,402690.43015755084,877937.4317213844,1982746.230063662,,,
2023-05-04 00:00:00+00:00,400082.23806911684,864728.145199755,1959723.6948205843,,,
2023-05-05 00:00:00+00:00,409342.01365116617,869380.5515299105,1965017.0091838893,,,
2023-05-06 00:00:00+00:00,400221.52662532893,838222.7712028759,1928120.687207801,,,
2023-05-07 00:00:00+00:00,394421.07390099776,824171.9824732065,1892919.403032184,,,
2023-05-08 00:00:00+00:00,383859.1445454356,805474.7690484398,1849731.5075340946,,,
2023-05-09 00:00:00+00:00,383296.995910205,798371.3301987762,1843479.0945352705,,,
2023-05-10 00:00:00+00:00,382887.4542588722,784285.1952149938,1808416.9101858165,,,
2023-05-11 00:00:00+00:00,374145.43255310133,766811.9189946882,1807424.3325850244,,,
2023-05-12 00:00:00+00:00,371736.87814632995,776086.2336844411,1807424.3325850244,,,
2023-05-13 00:00:00+00:00,371463.1567106661,773973.2451058691,1807424.3325850244,,,
2023-05-14 00:00:00+00:00,373437.8910823028,774222.9313303342,1807424.3325850244,,,
2023-05-15 00:00:00+00:00,376830.2056007277,773366.8642750253,1807424.3325850244,,,
2023-05-16 00:00:00+00:00,375050.2532339932,774008.914566507,1807424.3325850244,,,
2023-05-17 00:00:00+00:00,380207.95308887144,773885.3194823319,1807424.3325850244,,,
2023-05-18 00:00:00+00:00,372101.33137060207,773656.3113208539,1807424.3325850244,,,
2023-05-19 00:00:00+00:00,372919.5822715374,776338.1480864051,1807424.3325850244,,,
2023-05-20 00:00:00+00:00,376001.82714540645,779112.4291457643,1807424.3325850244,,,
2023-05-21 00:00:00+00:00,371081.6392509217,777103.5509745508,1807424.3325850244,,,
2023-05-22 00:00:00+00:00,372489.64677781094,775939.077339441,1807424.3325850244,,,
2023-05-23 00:00:00+00:00,377627.50772478245,775227.9430365518,1807424.3325850244,,,
2023-05-24 00:00:00+00:00,365271.891373935,775101.6307116477,1807424.3325850244,,,
2023-05-25 00:00:00+00:00,367280.4767492726,770891.1822082154,1807424.3325850244,,,
2023-05-26 00:00:00+00:00,370500.90031038,774364.5409986494,1807424.3325850244,,,
2023-05-27 00:00:00+00:00,372559.01358867355,765148.4850574711,1807424.3325850244,,,
2023-05-28 00:00:00+00:00,389355.90937181027,768505.6070403224,1807424.3325850244,,,
2023-05-29 00:00:00+00:00,384797.12256191974,760782.0402915773,1807424.3325850244,,,
2023-05-30 00:00:00+00:00,384214.44135067385,763965.874659146,1807424.3325850244,,,
2023-05-31 00:00:00+00:00,377499.04039106495,767767.0409752273,1807424.3325850244,,,
2023-06-01 00:00:00+00:00,372054.8556073241,778436.6152370555,1807424.3325850244,,,
2023-06-02 00:00:00+00:00,377946.317587507,787623.7300759731,1807424.3325850244,,,
2023-06-03 00:00:00+00:00,375541.092787657,757680.034589569,1807424.3325850244,,,
2023-06-04 00:00:00+00:00,376179.12871397124,746365.0302128587,1807424.3325850244,,,
2023-06-05 00:00:00+00:00,356936.6366470625,718848.2397569926,1807424.3325850244,,,
2023-06-06 00:00:00+00:00,377772.76182672876,729731.2413615913,1807424.3325850244,,,
2023-06-07 00:00:00+00:00,365415.20320517715,710918.7422505622,1807424.3325850244,,,
2023-06-08 00:00:00+00:00,367624.8135983946,711957.4695233074,1807424.3325850244,,,
2023-06-09 00:00:00+00:00,367336.24766520615,702836.5943542987,1807424.3325850244,,,
2023-06-10 00:00:00+00:00,358504.46530617913,645399.3844091608,1807424.3325850244,,,
2023-06-11 00:00:00+00:00,359674.54467180953,666369.76551698,1807424.3325850244,,,
2023-06-12 00:00:00+00:00,359392.083017977,677286.5651943025,1807424.3325850244,,,
2023-06-13 00:00:00+00:00,359795.2429227105,676115.3001665137,1807424.3325850244,,,
2023-06-14 00:00:00+00:00,348618.1686884187,677473.4239893595,1807424.3325850244,,,
2023-06-15 00:00:00+00:00,355137.12283966475,674595.9572197078,1807424.3325850244,,,
2023-06-16 00:00:00+00:00,365493.7264350736,673369.202888931,1807424.3325850244,,,
2023-06-17 00:00:00+00:00,367879.80599512556,674363.2808982374,1807424.3325850244,,,
2023-06-18 00:00:00+00:00,365423.94342334586,675256.5868221188,1807424.3325850244,,,
2023-06-19 00:00:00+00:00,372421.3898359221,675158.7530110388,1807424.3325850244,,,
2023-06-20 00:00:00+00:00,392726.9976461112,675158.7530110388,1807424.3325850244,,,
2023-06-21 00:00:00+00:00,416116.09893276484,675158.7530110388,1807424.3325850244,,,
2023-06-22 00:00:00+00:00,414604.3186568252,676247.8570069171,1810339.9032624203,,,
2023-06-23 00:00:00+00:00,425752.6750314199,677816.2599259485,1814538.5744438458,,,
2023-06-24 00:00:00+00:00,423518.0925862919,673718.1748794473,1803567.8529697987,,,
2023-06-25 00:00:00+00:00,422619.5149183777,673421.5149378327,1802773.6836065399,,,
2023-06-26 00:00:00+00:00,419918.787504253,669651.8891356924,1792682.2593761003,,,
2023-06-27 00:00:00+00:00,425807.3360783796,674482.2488935208,1805613.306663131,,,
2023-06-28 00:00:00+00:00,417274.80214141385,661342.2150714432,1770436.9622032607,,,
2023-06-29 00:00:00+00:00,422406.55880902946,668266.7690753604,1788974.243017828,,,
2023-06-30 00:00:00+00:00,422749.092121069,681265.4935787341,1823772.2973349628,,,
2023-07-01 00:00:00+00:00,424329.2680725192,685509.1039287073,1835132.5952950274,,,
2023-07-02 00:00:00+00:00,424761.14583694976,688118.7320393499,1842118.6638679928,,,
2023-07-03 00:00:00+00:00,432241.2465195081,688534.7386329798,1843232.3285231418,,,
2023-07-04 00:00:00+00:00,426834.9360144983,683403.5073410606,1829495.8372878947,,,
2023-07-05 00:00:00+00:00,423204.27713394945,688846.6085298191,1844067.2154851102,,,
2023-07-06 00:00:00+00:00,414750.1276932584,672551.0828874139,1800443.5056139228,,,
2023-07-07 00:00:00+00:00,420983.01311650703,681991.4728159849,1825715.7699367865,,,
2023-07-08 00:00:00+00:00,420149.6402508037,678078.7528218778,1815241.2773935115,,,
2023-07-09 00:00:00+00:00,418430.4532103849,673574.4286705451,1803183.0391841107,,,
2023-07-10 00:00:00+00:00,421910.72484498355,673592.2500742988,1803230.7477247193,,,
2023-07-11 00:00:00+00:00,424831.48378316447,674252.2999093649,1804997.7249390362,,,
2023-07-12 00:00:00+00:00,421472.74280119705,674476.4910093086,1805597.8925994274,,,
2023-07-13 00:00:00+00:00,436375.9246477846,670860.1063113916,1795916.700331901,,,
2023-07-14 00:00:00+00:00,420529.4929070873,678425.2236795833,1816168.7923756628,,,
2023-07-15 00:00:00+00:00,420217.4809918273,671762.8318383205,1798333.3291258551,,,
2023-07-16 00:00:00+00:00,419419.34646604216,664286.0080858319,1778317.6022757932,,,
2023-07-17 00:00:00+00:00,418115.3891554469,665617.9829311466,1781883.3469766895,,,
2023-07-18 00:00:00+00:00,414246.5246463959,657822.8145062171,1761015.3999568494,,,
2023-07-19 00:00:00+00:00,414941.30262399575,663955.540480579,1777432.928577643,,,
2023-07-20 00:00:00+00:00,413426.1927411347,672227.5715932589,1799577.454211473,,,
2023-07-21 00:00:00+00:00,414837.39114132355,669306.4680636356,1791757.5547079935,,,
2023-07-22 00:00:00+00:00,413342.9525680996,665597.5413734996,1781828.624189609,,,
2023-07-23 00:00:00+00:00,417362.7592575876,662738.5532656335,1774175.0099104736,,,
2023-07-24 00:00:00+00:00,404776.1514265677,653920.8961720576,1750569.8238468347,,,
2023-07-25 00:00:00+00:00,405503.25433802954,657578.6196605789,1760361.6815477647,,,
2023-07-26 00:00:00+00:00,407210.3715533583,668823.2666875981,1790464.0071968432,,,
2023-07-27 00:00:00+00:00,405418.21062791196,669367.8952166287,1791921.9974120331,,,
2023-07-28 00:00:00+00:00,406685.6809959935,670697.2443511409,1795480.7129904106,,,
2023-07-29 00:00:00+00:00,407223.41251380043,671743.9182283643,1798282.6967098515,,,
2023-07-30 00:00:00+00:00,406227.16637619166,671520.4634072696,1797684.500094494,,,
2023-07-31 00:00:00+00:00,405549.59136768576,668313.8342143828,1789608.681834754,,,
2023-08-01 00:00:00+00:00,412121.957963296,673915.9973091241,1778167.3787660017,,,
2023-08-02 00:00:00+00:00,404908.08710082836,663653.4022581731,1754003.2204122113,,,
2023-08-03 00:00:00+00:00,405013.9408542047,664627.2566435596,1745495.4448217205,,,
2023-08-04 00:00:00+00:00,403908.92755716335,672882.8700418907,1751131.8612707912,,,
2023-08-05 00:00:00+00:00,403328.18861662166,672423.8172248565,1779341.9416706779,,,
2023-08-06 00:00:00+00:00,403554.185686412,669547.145495378,1761837.1494650757,,,
2023-08-07 00:00:00+00:00,405255.61482325,667104.7923936809,1761293.5595737807,,,
2023-08-08 00:00:00+00:00,413015.8186880715,661793.4373966473,1761293.5595737807,,,
2023-08-09 00:00:00+00:00,410401.66105390334,656595.7912657738,1761293.5595737807,,,
2023-08-10 00:00:00+00:00,408650.2878132443,659256.3915890623,1761293.5595737807,,,
2023-08-11 00:00:00+00:00,408237.9714894769,665339.389226759,1761293.5595737807,,,
2023-08-12 00:00:00+00:00,408295.40720887115,661309.0700916564,1761293.5595737807,,,
2023-08-13 00:00:00+00:00,406542.78536561655,657673.7237071609,1761293.5595737807,,,
2023-08-14 00:00:00+00:00,408305.95096412225,656287.9892546537,1761293.5595737807,,,
2023-08-15 00:00:00+00:00,405102.17543762195,645302.8695664402,1761293.5595737807,,,
2023-08-16 00:00:00+00:00,398588.77063124493,638203.2611631817,1761293.5595737807,,,
2023-08-17 00:00:00+00:00,369356.2091975253,587697.3637490198,1761293.5595737807,,,
2023-08-18 00:00:00+00:00,361456.5780428699,620394.1299255312,1761293.5595737807,,,
2023-08-19 00:00:00+00:00,362094.8914364276,635578.2750648028,1761293.5595737807,,,
2023-08-20 00:00:00+00:00,363343.21656471107,629529.8670057897,1761293.5595737807,,,
2023-08-21 00:00:00+00:00,362468.22361249017,634104.4760776407,1761293.5595737807,,,
2023-08-22 00:00:00+00:00,361484.32476721494,644678.857410857,1761293.5595737807,,,
2023-08-23 00:00:00+00:00,366710.6977648472,663758.9391450712,1761293.5595737807,,,
2023-08-24 00:00:00+00:00,363205.31534471625,643283.289432067,1761293.5595737807,,,
2023-08-25 00:00:00+00:00,361539.9569495268,640971.3317874784,1761293.5595737807,,,
2023-08-26 00:00:00+00:00,360948.39678649046,641057.3464089164,1761293.5595737807,,,
2023-08-27 00:00:00+00:00,362119.30855385127,640289.6332219583,1761293.5595737807,,,
2023-08-28 00:00:00+00:00,362372.2199462563,643996.988591017,1761293.5595737807,,,
2023-08-29 00:00:00+00:00,384518.822916739,654390.0586017488,1761293.5595737807,,,
2023-08-30 00:00:00+00:00,378742.6485762097,657211.1558169037,1761293.5595737807,,,
2023-08-31 00:00:00+00:00,359885.83597769705,649491.7171554415,1761293.5595737807,,,
2023-09-01 00:00:00+00:00,358002.80453002075,659285.2544466453,1761293.5595737807,,,
2023-09-02 00:00:00+00:00,358897.08145566145,642536.9070234718,1761293.5595737807,,,
2023-09-03 00:00:00+00:00,360308.0023886069,634357.7405865934,1761293.5595737807,,,
2023-09-04 00:00:00+00:00,358293.72893477854,619922.175899625,1761293.5595737807,,,
2023-09-05 00:00:00+00:00,357823.1444898866,622917.2778507109,1761293.5595737807,,,
2023-09-06 00:00:00+00:00,357377.11589604005,625627.8455933601,1761293.5595737807,,,
2023-09-07 00:00:00+00:00,364245.1238395467,622629.023821798,1761293.5595737807,,,
2023-09-08 00:00:00+00:00,359465.75057111314,616908.6410937286,1761293.5595737807,,,
2023-09-09 00:00:00+00:00,359342.4163813994,614042.3970022601,1761293.5595737807,,,
2023-09-10 00:00:00+00:00,358510.0146510481,596582.1949776115,1761293.5595737807,,,
2023-09-11 00:00:00+00:00,349088.75313331065,588041.2649347692,1761293.5595737807,,,
2023-09-12 00:00:00+00:00,358489.0658741676,588033.378094353,1761293.5595737807,,,
2023-09-13 00:00:00+00:00,363787.3028878535,597366.6768617377,1761293.5595737807,,,
2023-09-14 00:00:00+00:00,367959.43909399584,601484.7751351706,1761293.5595737807,,,
2023-09-15 00:00:00+00:00,369031.43378906656,642151.6778646143,1761293.5595737807,,,
2023-09-16 00:00:00+00:00,368471.92109264876,683367.7356282237,1761293.5595737807,,,
2023-09-17 00:00:00+00:00,368025.7537651805,587502.3182662638,1761293.5595737807,,,
2023-09-18 00:00:00+00:00,371285.993875723,619029.3072297545,1761293.5595737807,,,
2023-09-19 00:00:00+00:00,377497.7917884694,647729.4098065948,1761293.5595737807,,,
2023-09-20 00:00:00+00:00,376314.94892964023,646953.7304249802,1762322.093407471,,,
2023-09-21 00:00:00+00:00,368588.5960685197,617929.5433418638,1711622.960060698,,,
2023-09-22 00:00:00+00:00,368755.9088163203,617783.8003106023,1704468.0862132227,,,
2023-09-23 00:00:00+00:00,368697.91816243913,618720.432498819,1691969.1815106315,,,
2023-09-24 00:00:00+00:00,364153.2821819646,614343.0836996094,1679302.6860170045,,,
2023-09-25 00:00:00+00:00,364936.15600936,627444.1496287582,1678434.5469314705,,,
2023-09-26 00:00:00+00:00,363782.7246783366,633295.3438702851,1678434.5469314705,,,
2023-09-27 00:00:00+00:00,365882.0418422825,644899.138252639,1678434.5469314705,,,
2023-09-28 00:00:00+00:00,374877.5298749453,649003.1277408395,1678434.5469314705,,,
2023-09-29 00:00:00+00:00,373290.00104154367,642367.240847124,1680404.2915981263,,,
2023-09-30 00:00:00+00:00,374061.35997833585,642333.1153421612,1690026.471946241,,,
2023-10-01 00:00:00+00:00,388351.06174965453,653525.865642631,1710453.3201226662,,,
2023-10-02 00:00:00+00:00,381441.29498600855,649587.1880809452,1697893.8734315278,,,
2023-10-03 00:00:00+00:00,380497.2126901685,626557.5884684733,1630056.7411258013,,,
2023-10-04 00:00:00+00:00,385382.162244735,613357.5908919058,1596845.9652756518,,,
2023-10-05 00:00:00+00:00,380274.2677600561,604657.7054475737,1632430.6326959147,,,
2023-10-06 00:00:00+00:00,387498.1274432879,611646.9892808846,1629676.5902472436,,,
2023-10-07 00:00:00+00:00,387853.00804766105,607641.3229525082,1629964.8327256427,,,
2023-10-08 00:00:00+00:00,387303.34543838573,604271.0708617296,1624243.2676476245,,,
2023-10-09 00:00:00+00:00,382767.72714332334,599611.9895932202,1608106.4755115777,,,
2023-10-10 00:00:00+00:00,379993.0547088191,594552.7243501504,1593095.7664699336,,,
2023-10-11 00:00:00+00:00,372853.8225348396,600474.6341616042,1606326.1256223237,,,
2023-10-12 00:00:00+00:00,371246.0385926661,600214.0383689173,1595967.6705172309,,,
2023-10-13 00:00:00+00:00,372666.2546782671,600540.6606722166,1591692.3548541758,,,
2023-10-14 00:00:00+00:00,372534.1802703847,606940.8642522881,1604483.128126939,,,
2023-10-15 00:00:00+00:00,376719.35743696924,618562.4331044813,1631990.611334116,,,
2023-10-16 00:00:00+00:00,395401.64313935157,620747.3282574505,1629638.9201452942,,,
2023-10-17 00:00:00+00:00,393946.7436483193,594099.2293248471,1559152.0607242053,,,
2023-10-18 00:00:00+00:00,392893.6167258032,563656.9274313193,1471453.8252377938,,,
2023-10-19 00:00:00+00:00,398355.69814674655,541698.0865885844,1411273.4729574998,,,
2023-10-20 00:00:00+00:00,411609.3372310213,540395.6167248155,1410362.011467638,,,
2023-10-21 00:00:00+00:00,414949.48790767754,545890.4054519027,1425645.8710440614,,,
2023-10-22 00:00:00+00:00,416096.2600248582,545965.4895655133,1423576.848120924,,,
2023-10-23 00:00:00+00:00,458791.94831165764,556985.3455770661,1453194.5667934148,,,
2023-10-24 00:00:00+00:00,470622.3191706535,556144.2521835136,1450884.1304803034,,,
2023-10-25 00:00:00+00:00,478576.1951714034,563706.2469713279,1470647.8854289576,,,
2023-10-26 00:00:00+00:00,473798.3479728088,563769.4539348873,1470825.7461875337,,,
2023-10-27 00:00:00+00:00,470196.26821833523,559233.8223437457,1459013.6321218752,,,
2023-10-28 00:00:00+00:00,472818.0562016984,564920.4558719439,1473854.0958564498,,,
2023-10-29 00:00:00+00:00,478990.1762986314,571385.3141753174,1490827.5814451966,,,
2023-10-30 00:00:00+00:00,478280.41508988524,575561.4869374105,1501820.9368279679,,,
2023-10-31 00:00:00+00:00,480570.07478283806,576419.5366946553,1504050.963655506,,,
2023-11-01 00:00:00+00:00,491414.3270586111,589405.6073602256,1537854.3529747021,,,
2023-11-02 00:00:00+00:00,484757.3329537484,577164.4706428634,1505832.8411138863,,,
2023-11-03 00:00:00+00:00,481638.462403744,587091.948023572,1531591.5123185343,,,
2023-11-04 00:00:00+00:00,486428.7956282939,606756.629462843,1582725.787959265,,,
2023-11-05 00:00:00+00:00,485732.4915808549,603319.3087320911,1573784.573573392,,,
2023-11-06 00:00:00+00:00,486207.0993007769,606094.4864889712,1581010.0738725245,,,
2023-11-07 00:00:00+00:00,491104.8123485422,607717.2090427696,1585258.4691506329,,,
2023-11-08 00:00:00+00:00,494234.64285466296,611135.6656354093,1594147.594575941,,,
2023-11-09 00:00:00+00:00,509167.51369629963,620935.1374391506,1619778.0234195082,,,
2023-11-10 00:00:00+00:00,517499.0226153856,650652.451504454,1697428.6753540717,,,
2023-11-11 00:00:00+00:00,515117.9374657158,624462.9936378556,1629019.9202222792,,,
2023-11-12 00:00:00+00:00,514204.0990994118,628690.1559094908,1640085.6787605183,,,
2023-11-13 00:00:00+00:00,505863.433761292,584049.7154705506,1523569.1416289976,,,
2023-11-14 00:00:00+00:00,493214.5345341175,602654.4202698345,1572028.7677736902,,,
2023-11-15 00:00:00+00:00,525220.5197997458,631808.7723593022,1647961.610185581,,,
2023-11-16 00:00:00+00:00,501709.4716595957,618775.3164767618,1613995.2185387341,,,
2023-11-17 00:00:00+00:00,507958.172715721,615373.6363768687,1605142.4337514213,,,
2023-11-18 00:00:00+00:00,507322.4952609761,614560.041289509,1603017.23837502,,,
2023-11-19 00:00:00+00:00,518306.86849469156,620372.7164274699,1618212.9597282931,,,
2023-11-20 00:00:00+00:00,519540.48785907216,610350.6895256322,1592013.5558767319,,,
2023-11-21 00:00:00+00:00,495856.85509349586,574422.7636842654,1498275.1076744597,,,
2023-11-22 00:00:00+00:00,518979.44909281534,619105.5408555621,1614781.4466932674,,,
2023-11-23 00:00:00+00:00,517397.05340341764,613437.8405066861,1600008.8163520466,,,
2023-11-24 00:00:00+00:00,523214.01542873407,620150.3014762732,1617502.839758576,,,
2023-11-25 00:00:00+00:00,524144.91803051025,628566.4005277152,1639442.6626632044,,,
2023-11-26 00:00:00+00:00,519521.7588201393,627804.9325174515,1637461.989913727,,,
2023-11-27 00:00:00+00:00,516681.46538255893,620826.6647170493,1619254.545003374,,,
2023-11-28 00:00:00+00:00,524674.8804655006,655920.6727608232,1710767.899373018,,,
2023-11-29 00:00:00+00:00,525171.1306304117,638390.0491714701,1665027.7617385949,,,
2023-11-30 00:00:00+00:00,523358.1596617066,642527.2191269163,1675810.7348611897,,,
2023-12-01 00:00:00+00:00,536656.6097057986,661969.0962699993,1726472.7629838267,,,
2023-12-02 00:00:00+00:00,547308.9933827256,670738.29977565,1749307.7714664317,,,
2023-12-03 00:00:00+00:00,554549.6398341862,668873.0221376161,1744445.910751359,,,
2023-12-04 00:00:00+00:00,582557.7383225592,678274.4785433233,1768960.4073706712,,,
2023-12-05 00:00:00+00:00,611445.1305054264,689340.7592874388,1797825.6268434164,,,
2023-12-06 00:00:00+00:00,607135.6480137762,676743.5570502644,1764966.817443695,,,
2023-12-07 00:00:00+00:00,600343.9435622183,680804.2236201069,1775555.5941873484,,,
2023-12-08 00:00:00+00:00,612800.1417888165,702365.2838547932,1831782.1673639675,,,
2023-12-09 00:00:00+00:00,606454.604664727,693695.5681710823,1809169.580659551,,,
2023-12-10 00:00:00+00:00,607507.7315872431,700211.9353745936,1826163.4717269465,,,
2023-12-11 00:00:00+00:00,572323.3590478902,688473.1804957611,1795549.943005364,,,
2023-12-12 00:00:00+00:00,575638.953873501,694665.7292528811,1811699.7512130088,,,
2023-12-13 00:00:00+00:00,594737.5791746808,731819.2660936288,1908596.6422241013,,,
2023-12-14 00:00:00+00:00,596863.3944603761,743235.6435361998,1938370.7496475733,,,
2023-12-15 00:00:00+00:00,581852.971524195,709929.7593989975,1851508.7433068715,,,
2023-12-16 00:00:00+00:00,586538.4221307207,718558.3763145453,1874012.6395741804,,,
2023-12-17 00:00:00+00:00,574005.5042113083,702706.827517431,1832671.404769759,,,
2023-12-18 00:00:00+00:00,591807.1088829791,759745.5517660091,1981429.574612746,,,
2023-12-19 00:00:00+00:00,586510.1204718887,751970.9549655016,1961153.376268442,,,
2023-12-20 00:00:00+00:00,605834.8815764806,795502.3324099279,2074684.285249412,,,
2023-12-21 00:00:00+00:00,608510.6369386947,814715.0146590156,2124790.5897665196,,,
2023-12-22 00:00:00+00:00,609998.4162980759,800289.2354289757,2087168.0889867847,,,
2023-12-23 00:00:00+00:00,606295.8934014734,811353.0085608747,2116022.607165646,,,
2023-12-24 00:00:00+00:00,596436.6498399494,813831.9349596703,2122487.688946678,,,
2023-12-25 00:00:00+00:00,604547.4335668705,809028.1622425864,2109959.3674573465,,,
2023-12-26 00:00:00+00:00,589741.7814563558,827914.9181875808,2159216.3559483904,,,
2023-12-27 00:00:00+00:00,602504.1647861017,831018.3884639385,2167310.260248864,,,
2023-12-28 00:00:00+00:00,590502.4579042752,795801.3695140281,2075463.6684203406,,,
2023-12-29 00:00:00+00:00,583610.0328433448,787958.3248224354,2055008.8719463788,,,
2023-12-30 00:00:00+00:00,584627.3664914558,812503.6791170867,2119023.5788246575,,,
2023-12-31 00:00:00+00:00,586615.4192907781,798256.5112610394,2081866.7188675315,,,
2024-01-01 00:00:00+00:00,612918.8977690133,804526.5977207739,2098219.2125059227,99900.0,100000.0,100000.0
2024-01-02 00:00:00+00:00,623564.7609657192,802663.8804721889,2093361.2137130615,101635.17530169501,100050.63965314669,100050.63965314669
2024-01-03 00:00:00+00:00,594407.3931549748,845333.4282423068,2204644.127817928,96882.79932683788,102558.42162111434,102558.42162111434
2024-01-04 00:00:00+00:00,612524.2006152051,864357.8509188743,2254260.149346051,99835.66808625257,105139.79110969535,105139.79110969535
2024-01-05 00:00:00+00:00,612441.0991757917,833380.7504960124,2173471.338545133,99822.12333534406,100793.3560194053,100793.3560194053
2024-01-06 00:00:00+00:00,609988.4274773117,784676.6812333302,2046450.2879487262,99422.36097923134,94860.84651402575,94860.84651402575
2024-01-07 00:00:00+00:00,609443.2043439316,768064.0066273425,2003124.1467352286,99333.49475039922,93344.78329030538,93344.78329030538
2024-01-08 00:00:00+00:00,651368.7822965344,782664.6084198302,2041202.7679579714,106166.96856350958,94017.24127169234,94017.24127169234
2024-01-09 00:00:00+00:00,639700.729774957,777311.2416135303,2027241.095066503,104265.18604195832,93979.51777679258,93979.51777679258
2024-01-10 00:00:00+00:00,647247.7000631869,817533.5853320026,2132141.659812855,105495.27102471617,98787.67385406792,98787.67385406792
2024-01-11 00:00:00+00:00,642879.9494504121,827288.1284707728,2157581.676269356,104783.36886636463,99626.9027818046,99626.9027818046
2024-01-12 00:00:00+00:00,593540.3080191922,801685.0469109095,2090808.3990296123,96741.47262704125,96868.78365935182,96868.78365935182
2024-01-13 00:00:00+00:00,594445.6836345709,813574.263752872,2121815.6811124305,96889.04031390088,97671.59607565512,97671.59607565512
2024-01-14 00:00:00+00:00,578968.0058604192,805370.9770057515,2100421.368068354,94366.32480412317,97252.85158857804,97252.85158857804
2024-01-15 00:00:00+00:00,589771.8866522702,809075.2124429808,2110082.0778350574,96127.25548358912,97323.13948801273,97323.13948801273
2024-01-16 00:00:00+00:00,598468.4037301152,816837.2218402569,2130325.531990864,97544.70575186935,97750.83526662565,97750.83526662565
2024-01-17 00:00:00+00:00,593448.3276279883,813715.8934733806,2126385.983313325,96726.4806907268,97343.95962082448,97536.72094101082
2024-01-18 00:00:00+00:00,573351.3751848739,807510.3990012633,2099488.3511973666,93450.86697352055,96532.55988997786,96166.2185157064
2024-01-19 00:00:00+00:00,577950.81094593,812202.5920561731,2105169.534898944,94200.53162605775,97392.68328124774,96418.26557117273
2024-01-20 00:00:00+00:00,578464.264079935,797158.771829148,2086571.9896010342,94284.21964460931,95608.11487282581,95564.90980019783
2024-01-21 00:00:00+00:00,576858.9773429525,782517.6259283066,2078466.4246870014,94022.57304567384,93863.23048622657,95192.98272672654
2024-01-22 00:00:00+00:00,548941.4719095661,749068.1580008735,2077860.1577307011,89472.28294538987,89856.84702892022,95165.1639260395
2024-01-23 00:00:00+00:00,553513.8546143858,757928.8108753602,2077860.1577307011,90217.53820489344,90912.71280496121,95165.1639260395
2024-01-24 00:00:00+00:00,556112.0578820555,756285.1603920159,2077860.1577307011,90641.02083430001,90700.3162917996,95165.1639260395
2024-01-25 00:00:00+00:00,554394.6743787191,745630.6278592574,2077860.1577307011,90361.10351961483,89482.7676984514,95165.1639260395
2024-01-26 00:00:00+00:00,580232.7015560663,758582.4977628393,2077860.1577307011,94572.45827537854,90786.08663560284,95165.1639260395
2024-01-27 00:00:00+00:00,584354.7549247658,760650.5481131251,2077860.1577307011,95244.3141000757,91056.7920510993,95165.1639260395
2024-01-28 00:00:00+00:00,583112.1178749731,761583.5812158887,2077860.1577307011,95041.77598006316,91173.35734480339,95165.1639260395
2024-01-29 00:00:00+00:00,600754.0401480381,782662.6439614461,2077860.1577307011,97917.24293253326,93697.29585210851,95165.1639260395
2024-01-30 00:00:00+00:00,595737.4323864543,778898.0731911869,2077860.1577307011,97099.5831781899,93246.6456800008,95165.1639260395
2024-01-31 00:00:00+00:00,590727.7613059569,770537.1443568144,2066544.293671705,96283.05403744492,92245.25552882507,94646.90187932158
2024-02-01 00:00:00+00:00,597705.2300770048,784365.3845729171,2100658.1328971153,97420.31564377635,93901.09772339383,96209.30206778191
2024-02-02 00:00:00+00:00,599329.2458529201,787991.4158332676,2113756.939273271,97685.01489942745,94335.81691404153,96809.22215931673
2024-02-03 00:00:00+00:00,596708.4290049091,785789.8181598679,2105614.3583911713,97257.84646969015,94072.47437195331,96436.29521255227
2024-02-04 00:00:00+00:00,590767.7165890137,776135.7884635264,2085423.3350996394,96289.56637177154,92916.58776854444,95511.5544237055
2024-02-05 00:00:00+00:00,592513.2630175604,776538.7772813488,2094839.2289846377,96574.07397766612,92964.81651036428,95942.79859658319
2024-02-06 00:00:00+00:00,597927.3426053869,776425.8111442814,2089037.92197588,97456.51789119626,92951.2926441236,95677.10105653475
2024-02-07 00:00:00+00:00,615278.0630064505,777252.5645952466,2093962.3006354487,100284.52168480665,93050.26900607673,95902.63562902663
2024-02-08 00:00:00+00:00,628305.8437545567,776312.7440931178,2085911.2205945137,102407.92708391098,92937.75660682915,95533.8993841804
2024-02-09 00:00:00+00:00,653889.9884041467,778913.6224399129,2116977.58870968,106577.90138197422,93249.12570497952,96956.72661500584
2024-02-10 00:00:00+00:00,662468.1657026601,777088.9692423842,2108769.6470453353,107976.06338226622,93030.6838776597,96580.80617056371
2024-02-11 00:00:00+00:00,670083.254199157,788558.2104743199,2141084.5190347023,109217.2509905601,94403.74590443245,98060.81437933347
2024-02-12 00:00:00+00:00,692520.3653735323,800988.869867773,2176022.3691294114,112874.28851131348,95891.90593504134,99660.95393594235
2024-02-13 00:00:00+00:00,689500.4118958178,789317.8526573832,2143489.5186042273,112382.06457512581,94494.68791274879,98170.9623974397
2024-02-14 00:00:00+00:00,718573.15219731,811722.3726538931,2197333.4955530623,117120.6470640828,97176.88763466211,100636.99500011586
2024-02-15 00:00:00+00:00,719750.029510405,816935.0204357672,2213057.3009882113,117312.46696718277,97800.92967797295,101357.13899835842
2024-02-16 00:00:00+00:00,723136.6559503392,808952.4644834693,2193965.6958059054,117864.45513818043,96845.28281042984,100482.75111906554
2024-02-17 00:00:00+00:00,716457.0482651354,809743.458360341,2198741.023535684,116775.74207976313,96939.97814681752,100701.45921860448
2024-02-18 00:00:00+00:00,723324.7787413986,813348.9672986632,2210999.613123446,117895.11737896831,97371.61850664068,101262.89771737976
2024-02-19 00:00:00+00:00,718289.5806745037,815665.848440893,2216749.228179159,117074.42758018132,97648.98833899137,101526.2277866594
2024-02-20 00:00:00+00:00,725005.5365685995,819300.6574209362,2227115.862183548,118169.0650538541,98084.13640897782,102001.01547663863
2024-02-21 00:00:00+00:00,719325.3658943041,817947.9863897101,2228114.5522270836,117243.25080269038,97922.19882392167,102046.75508108255
2024-02-22 00:00:00+00:00,711542.8259163848,847445.4258011046,2304241.830135945,115974.77018213178,101453.5408834037,105533.35395275644
2024-02-23 00:00:00+00:00,703991.9710867467,838212.4070366169,2279830.3319523153,114744.05205575882,100348.19248194959,104415.31710235427
2024-02-24 00:00:00+00:00,715424.5926522563,853196.9515107546,2329621.668334377,116607.4615517813,102142.09572256681,106695.74038842878
2024-02-25 00:00:00+00:00,717653.0708180284,859353.4871800547,2343330.5263964557,116970.68247639462,102879.13709909222,107323.60060311297
2024-02-26 00:00:00+00:00,755771.7981904914,870381.3618499639,2380134.6066249493,123183.67554671787,104199.36008895625,109009.21275321882
2024-02-27 00:00:00+00:00,791299.675177236,848317.5765878744,2320529.4246436544,128974.38443804882,101557.95207377346,106279.31926496486
2024-02-28 00:00:00+00:00,866143.134491067,923783.3671517017,2515673.839981755,141173.1624699663,110592.48271715576,115216.85541522407
2024-02-29 00:00:00+00:00,848092.2255011561,911214.5821077022,2480943.4707244695,138231.03453973614,109087.7867113656,113626.21839796158
2024-03-01 00:00:00+00:00,865529.9318830415,1026791.758360873,2791559.9702370744,141073.2162278701,122924.32817948054,127852.32980602326
2024-03-02 00:00:00+00:00,859971.9855294861,1029141.365583036,2797271.546326164,140167.32338830974,123205.6158767658,128113.91770584989
2024-03-03 00:00:00+00:00,875602.963955644,1068103.4666530013,2912734.497008495,142715.0254586115,127870.03790751254,133402.0746533649
2024-03-04 00:00:00+00:00,946797.4515508587,1107191.0147106207,3026684.8887275755,154319.05551324086,132549.47806288596,138620.9570054987
2024-03-05 00:00:00+00:00,884066.2698153689,1067963.248976151,2926963.4108053716,144094.46449771442,127853.25148192096,134053.75321264198
2024-03-06 00:00:00+00:00,916669.0871216591,1206865.2390959768,3281195.294039688,149408.41624688343,144482.1674024247,150277.4317457728
2024-03-07 00:00:00+00:00,927062.0389259601,1220883.1903038588,3316480.7155185575,151102.36937678177,146160.35309154025,151893.4899327219
2024-03-08 00:00:00+00:00,945111.5605796537,1311547.9152485302,3549794.19767254,154044.27118429227,157014.45307068812,162579.15407269355
2024-03-09 00:00:00+00:00,947734.7358992341,1381289.3161880255,3729096.3163394984,154471.82402265302,165363.6775231206,170791.119373507
2024-03-10 00:00:00+00:00,956649.897164918,1375566.3175740247,3713528.4669090887,155924.91123155397,164678.5378596304,170078.1180978876
2024-03-11 00:00:00+00:00,999965.5860072075,1419490.9987692814,3833196.3371023647,162984.9600097783,169937.06460807906,175558.85867672449
2024-03-12 00:00:00+00:00,991279.6126846134,1410934.35455591,3807167.2736675693,161569.22827416754,168912.6896723772,174366.73798496492
2024-03-13 00:00:00+00:00,1013760.0087489671,1433450.7951137605,3866335.937631347,165233.3208237748,171608.2881771329,177076.63912265614
2024-03-14 00:00:00+00:00,990404.6197323926,1453538.026694066,3923259.6055069016,161426.61267486878,174013.06930917516,179683.72033767146
2024-03-15 00:00:00+00:00,964196.5899859045,1421492.3972235618,3836249.0177901327,157154.9509897679,170176.66583039865,175698.67023092578
2024-03-16 00:00:00+00:00,905939.2900838095,1337526.531393431,3613635.732420586,147659.5605206481,160124.5325102767,165503.07082280968
2024-03-17 00:00:00+00:00,948847.518279092,1399321.775875972,3780371.458902537,154653.197056104,167522.46773014625,173139.50038903783
2024-03-18 00:00:00+00:00,937977.8777505434,1353684.8224975206,3661487.572964028,152881.5481597255,162058.95306088257,167694.66597541748
2024-03-19 00:00:00+00:00,859279.9822243206,1287497.7943099337,3484134.376952758,140054.53337573606,154135.2471021696,159571.96055252105
2024-03-20 00:00:00+00:00,941175.9651985528,1426613.050184328,3857974.1042856146,153402.80625311934,170789.69453856006,176693.6705007745
2024-03-21 00:00:00+00:00,908722.8414701042,1400828.6828246,3788237.808369736,148113.25314540323,167702.86996151775,173499.77604751295
2024-03-22 00:00:00+00:00,885073.8921099592,1378679.6666590502,3728597.642921852,144258.69742901408,165051.25836666528,170768.28033048517
2024-03-23 00:00:00+00:00,887756.5841532596,1372344.9331845148,3711501.25293607,144695.95093204887,164292.88370090828,169985.27250895914
2024-03-24 00:00:00+00:00,932428.5328815349,1384788.4511834702,3744472.000858758,151977.05728102708,165782.58312412057,171495.319573076
2024-03-25 00:00:00+00:00,969470.6873494099,1391017.1852022961,3760988.0272978297,158014.57912088282,166528.26786343384,172251.74697635113
2024-03-26 00:00:00+00:00,970968.8717304206,1397513.5368366602,3778213.66496776,158258.76904585943,167305.99095456544,173040.6742901025
2024-03-27 00:00:00+00:00,963782.331391433,1400394.918579427,3785998.622550488,157087.43074567307,167650.94104992057,173397.2222328316
2024-03-28 00:00:00+00:00,981964.8985883612,1413088.6264381688,3820238.594067988,160051.01772200034,169170.59242803854,174965.39922980743
2024-03-29 00:00:00+00:00,969061.8393661857,1396773.581681572,3776183.033995848,157947.94075539472,167217.4058158733,172947.67220399185
2024-03-30 00:00:00+00:00,965338.783893568,1385538.099112195,3745795.491654504,157341.11782487595,165872.328651628,171555.93492202682
2024-03-31 00:00:00+00:00,988893.3943909397,1421141.4070328628,3842383.9137561657,161180.2971963272,170134.6463722997,175979.64601175717
2024-04-01 00:00:00+00:00,966276.900643674,1388347.5803376008,3753446.484566358,157494.02200791994,166208.6710398029,171906.34733642562
2024-04-02 00:00:00+00:00,908205.6425283126,1327311.4208244062,3588309.623510306,148028.95459550855,158901.6111207024,164343.14516703904
2024-04-03 00:00:00+00:00,915132.4735274308,1338276.0853857985,3617717.187797462,149157.96272257186,160214.26679205548,165689.99984618608
2024-04-04 00:00:00+00:00,950155.9150655824,1345521.513002045,3637211.02726206,154866.4533930291,161081.66693900997,166582.8098946844
2024-04-05 00:00:00+00:00,940900.0240249415,1319691.3966156521,3567500.2109409617,153357.8304441761,157989.36543023481,163390.08239667007
2024-04-06 00:00:00+00:00,955819.1602380275,1334280.1790149673,3606940.9723923085,155789.5089470128,159735.8892611687,165196.4534919147
2024-04-07 00:00:00+00:00,962261.8108973246,1345212.1517014909,3636648.761230723,156839.60024490967,161044.63116255408,166557.0583353973
2024-04-08 00:00:00+00:00,993610.1987959754,1354529.4588781511,3661804.212597088,161949.09183094892,162160.0703115349,167709.1679439323
2024-04-09 00:00:00+00:00,959287.5007811578,1320507.927051851,3569773.7615811653,156354.8157461993,158087.1179243422,163494.21010640264
2024-04-10 00:00:00+00:00,979890.5534763257,1334296.6560121933,3607044.892895349,159712.91903154287,159737.86183622997,165201.21300937806
2024-04-11 00:00:00+00:00,971221.7831228258,1332006.7494556752,3600854.8073757486,158299.99121765612,159463.72131770675,164917.70956907322
2024-04-12 00:00:00+00:00,931131.7897192693,1234528.0534362893,3337380.873078435,151765.70037494722,147793.87383172382,152850.7087873527
2024-04-13 00:00:00+00:00,886847.8789309595,1114374.6501909127,3012569.985397172,144547.84055066202,133409.48064578502,137974.50007997343
2024-04-14 00:00:00+00:00,910950.4872341459,1181692.7486982094,3194577.7825494865,148476.33839638473,141468.59483900736,146310.38437294433
2024-04-15 00:00:00+00:00,879848.4902476791,1172213.450975194,3168925.3438802203,143407.0062053597,140333.76268368313,145135.51294476815
2024-04-16 00:00:00+00:00,885028.8036828985,1148212.4428727913,3093443.7938132905,144251.34844062466,137460.43635185374,141678.48814991576
2024-04-17 00:00:00+00:00,850123.1469895914,1131275.7138627262,3063134.5386463376,138562.05558906778,135432.8236269197,140290.33638921723
2024-04-18 00:00:00+00:00,880543.4069589006,1135873.8621274095,3062404.2323123273,143520.2710756447,135983.29969151664,140256.8886512962
2024-04-19 00:00:00+00:00,885370.3658595859,1136275.9407635198,3062404.2323123273,144307.01985420854,136031.4353001408,140256.8886512962
2024-04-20 00:00:00+00:00,900944.324767215,1172793.5418109172,3062404.2323123273,146845.4282807317,140403.2093613406,140256.8886512962
2024-04-21 00:00:00+00:00,900952.0938500315,1150189.7249357507,3062404.2323123273,146846.69456796185,137697.15043455886,140256.8886512962
2024-04-22 00:00:00+00:00,927008.626481596,1167367.9004330959,3062404.2323123273,151093.66365207432,139753.66838491816,140256.8886512962
2024-04-23 00:00:00+00:00,921385.4753258296,1163889.5544558484,3062404.2323123273,150177.1430446892,139337.2515808824,140256.8886512962
2024-04-24 00:00:00+00:00,891912.7659929036,1164433.093721353,3062404.2323123273,145373.36937565004,139402.32241779455,140256.8886512962
2024-04-25 00:00:00+00:00,894808.8303464174,1173828.066006253,3062404.2323123273,145845.40055297076,140527.05939291802,140256.8886512962
2024-04-26 00:00:00+00:00,884704.4444753049,1161860.2309621829,3062404.2323123273,144198.48094876474,139094.3072593243,140256.8886512962
2024-04-27 00:00:00+00:00,880431.0327253032,1153093.5544561828,3062404.2323123273,143501.95513535108,138044.78790831007,140256.8886512962
2024-04-28 00:00:00+00:00,875667.4750897463,1145293.6103399014,3062404.2323123273,142725.54016507635,137111.00276393245,140256.8886512962
2024-04-29 00:00:00+00:00,886036.1485102453,1144969.5209209886,3062404.2323123273,144415.5361473804,137072.20378277067,140256.8886512962
2024-04-30 00:00:00+00:00,841724.6297312123,1130866.784270446,3062404.2323123273,137193.17648097366,135383.86784304804,140256.8886512962
2024-05-01 00:00:00+00:00,809718.3669983405,1138129.6470091552,3062404.2323123273,131976.45750126473,136253.35526884944,140256.8886512962
2024-05-02 00:00:00+00:00,819369.2326600332,1151244.176264364,3062404.2323123273,133549.4575884091,137823.3860807955,140256.8886512962
2024-05-03 00:00:00+00:00,872384.898866106,1161121.3665748248,3062404.2323123273,142190.5111980543,139005.85270396608,140256.8886512962
2024-05-04 00:00:00+00:00,886397.4108612178,1162297.7378769019,3062404.2323123273,144474.41850358367,139146.68423170212,140256.8886512962
2024-05-05 00:00:00+00:00,888061.6593874334,1160994.163462656,3062404.2323123273,144745.67531810532,138990.62434146873,140256.8886512962
2024-05-06 00:00:00+00:00,876313.5575661206,1160899.8668634458,3062404.2323123273,142830.84551562884,138979.3354447542,140256.8886512962
2024-05-07 00:00:00+00:00,864478.053563121,1146460.6378372032,3062404.2323123273,140901.76998181283,137250.7156803091,140256.8886512962
2024-05-08 00:00:00+00:00,848953.067623961,1135743.4426472564,3062404.2323123273,138371.34368729423,135967.6862754089,140256.8886512962
2024-05-09 00:00:00+00:00,875048.5844032301,1204923.609202211,3062404.2323123273,142624.66681982952,144249.72148637162,140256.8886512962
2024-05-10 00:00:00+00:00,843500.2813556732,1174467.45947637,3062404.2323123273,137482.59094988517,140603.60559823771,140256.8886512962
2024-05-11 00:00:00+00:00,843860.9887721587,1167528.161215081,3062404.2323123273,137541.38285700057,139772.854309229,140256.8886512962
2024-05-12 00:00:00+00:00,852989.6610816778,1166046.531294554,3062404.2323123273,139029.27035245945,139595.47816542233,140256.8886512962
2024-05-13 00:00:00+00:00,873190.5250074643,1170121.543777172,3062404.2323123273,142321.82066136933,140083.3260349319,140256.8886512962
2024-05-14 00:00:00+00:00,854286.8204448086,1136041.7056412683,3062404.2323123273,139240.6950953552,136003.3933969951,140256.8886512962
2024-05-15 00:00:00+00:00,918506.7526750314,1189498.653211779,3062404.2323123273,149707.93840136443,142403.09354368184,140256.8886512962
2024-05-16 00:00:00+00:00,905031.6947304831,1178305.6766342311,3086244.734613711,147511.631037437,141063.1050650896,141348.77411873214
2024-05-17 00:00:00+00:00,929848.2262510675,1195248.812108729,3103067.0405679056,151556.4916347043,143091.48475209763,142119.22900126543
2024-05-18 00:00:00+00:00,928338.8044466972,1194528.313981259,3096241.8984190323,151310.47011569832,143005.2289484722,141806.64022140962
2024-05-19 00:00:00+00:00,919443.3433552982,1182285.6094179372,3049837.2988628503,149860.59384941673,141539.57028761454,139681.32812701474
2024-05-20 00:00:00+00:00,991204.8352625037,1234795.575582965,3265176.6923040953,161557.0402595771,147825.9007543063,149543.78619491035
2024-05-21 00:00:00+00:00,973193.3266211627,1233082.6271697506,3245029.659634412,158621.3342145857,147620.8318772093,148621.06015894475
2024-05-22 00:00:00+00:00,959573.5695091551,1245635.608286018,3282024.505107918,156401.44225099622,149123.63588570926,150315.40928095195
2024-05-23 00:00:00+00:00,942967.5711895121,1253165.2485370664,3342542.6474332614,153694.82113330712,150025.061088777,153087.11598771156
2024-05-24 00:00:00+00:00,951018.8381927134,1251467.6032754215,3317937.0221614754,155007.10172466675,149821.8242575749,151960.18819433707
2024-05-25 00:00:00+00:00,961293.1727504393,1265164.8533043682,3360254.577857468,156681.7213620329,151461.61659520937,153898.31531505563
2024-05-26 00:00:00+00:00,950431.7175055722,1266467.312469577,3366586.580251349,154911.40658970043,151617.54297128326,154188.3184914252
2024-05-27 00:00:00+00:00,963316.741356923,1299932.364316426,3447390.1914820955,157011.54396095022,155623.87529938092,157889.09155836163
2024-05-28 00:00:00+00:00,948915.6364873591,1313542.626074005,3505704.225375909,154664.29968164003,157253.2536706681,160559.8509807638
2024-05-29 00:00:00+00:00,938566.5245075234,1292458.4179299888,3439092.016069004,152977.4920296834,154729.11759323766,157509.03844432702
2024-05-30 00:00:00+00:00,948274.4096877452,1300956.065368532,3424065.268768013,154559.78576060644,155746.42961778236,156820.819429754
2024-05-31 00:00:00+00:00,937007.0198657102,1307259.1035955679,3451949.55665518,152723.30748049717,156501.00982670524,158097.9086592049
2024-06-01 00:00:00+00:00,940154.0533409251,1295781.3904012835,3422241.472894889,153236.24425780706,155126.93356250774,156737.2903084184
2024-06-02 00:00:00+00:00,940137.1278390745,1273789.66422175,3361853.1833990514,153233.485560627,152494.15223747195,153971.53080929944
2024-06-03 00:00:00+00:00,954624.6637549732,1289594.0898157242,3373441.8744454756,155594.81728537296,154386.20910545244,154502.28822289055
2024-06-04 00:00:00+00:00,978597.0011873598,1285234.1018226726,3365719.2859946806,159502.08220771825,153864.24485072427,154148.59676145174
2024-06-05 00:00:00+00:00,986507.0373636446,1301626.3741010851,3400574.8321595946,160791.34350621497,155826.67690254154,155744.96683100366
2024-06-06 00:00:00+00:00,982221.0008540658,1293645.457429784,3374051.9831484132,160092.75997605227,154871.22628455306,154530.23095739642
2024-06-07 00:00:00+00:00,962195.3574925184,1245539.1866688316,3250852.6333509833,156828.7689666373,149112.09258842614,148887.75002554274
2024-06-08 00:00:00+00:00,961569.1139240507,1231016.2960941042,3211428.2359906277,156726.69717097617,147373.45712259065,147082.1283991187
2024-06-09 00:00:00+00:00,966253.8708624676,1238165.0106532902,3228609.2198824915,157490.26837077335,148229.27908198515,147869.0105876994
2024-06-10 00:00:00+00:00,964753.6054771311,1188970.3326008047,3104947.342382579,157245.73926171724,142339.84463694075,142205.3460721174
2024-06-11 00:00:00+00:00,933874.8308880202,1110565.7198665717,2901127.1326168496,152212.79021628786,132953.48730790784,132870.46200803338
2024-06-12 00:00:00+00:00,947051.0566113724,1125421.7526842393,2943924.8081965423,154360.39074639737,134732.0055309509,134830.57842734188
2024-06-13 00:00:00+00:00,926366.1510793862,1099002.9598770065,2875316.8455382576,150988.94622059297,131569.22950486513,131688.36118586117
2024-06-14 00:00:00+00:00,916252.1925883751,1102119.1541017636,2887004.41384215,149340.46636962125,131942.29062308514,132223.64713828615
2024-06-15 00:00:00+00:00,918808.4983022837,1106235.783650311,2899738.384219781,149757.12009289366,132435.12075879282,132806.85788704987
2024-06-16 00:00:00+00:00,925032.3660401203,1122268.724854526,2941568.400182125,150771.55183789783,134354.53480766076,134722.6558830194
2024-06-17 00:00:00+00:00,922638.6561308734,1081021.4034131563,2833591.7996790623,150381.3996973713,129416.53327417272,129777.37077862007
2024-06-18 00:00:00+00:00,904200.8190699709,1041594.55839692,2730392.578594015,147376.20614062386,124696.47353823311,125050.8877402601
2024-06-19 00:00:00+00:00,901412.9669414028,1033328.2953079342,2708740.543699546,146921.81253543776,123706.86213115911,124059.23320451172
2024-06-20 00:00:00+00:00,899964.8653978349,1033776.219863974,2709923.4765205397,146685.7856406414,123760.4862712807,124113.41105445247
2024-06-21 00:00:00+00:00,889886.8389148503,1031832.0883004377,2704828.3474255763,145043.16236810922,123527.74086366215,123880.05618033232
2024-06-22 00:00:00+00:00,891530.1386641854,1031253.7093026747,2703312.5597234764,145311.00472956378,123458.49912194203,123810.63371000353
2024-06-23 00:00:00+00:00,876935.3616586931,1031178.1561005128,2703312.5597234764,142932.193718587,123449.4541266527,123810.63371000353
2024-06-24 00:00:00+00:00,836470.7874764784,1040628.5980980496,2703312.5597234764,136336.84974156594,124580.83176392084,123810.63371000353
2024-06-25 00:00:00+00:00,857457.1611684731,1038320.0414961295,2703312.5597234764,139757.43073435558,124304.45851974233,123810.63371000353
2024-06-26 00:00:00+00:00,844402.0498968872,1032975.4879849486,2703312.5597234764,137629.57071767366,123664.62513149349,123810.63371000353
2024-06-27 00:00:00+00:00,856076.2066978203,1031570.291711299,2703312.5597234764,139532.3481791915,123496.39938708978,123810.63371000353
2024-06-28 00:00:00+00:00,838337.3096231695,1011078.3298491829,2703312.5597234764,136641.07524861614,121043.16519967373,123810.63371000353
2024-06-29 00:00:00+00:00,846090.2993396613,1013005.5999813937,2703312.5597234764,137904.7394552457,121273.89200897285,123810.63371000353
2024-06-30 00:00:00+00:00,870858.8290271288,1015433.2478446717,2703312.5597234764,141941.77620641224,121564.5224900012,123810.63371000353
2024-07-01 00:00:00+00:00,872634.341917968,1016880.499455472,2703312.5597234764,142231.1680630518,121737.78296907578,123810.63371000353
2024-07-02 00:00:00+00:00,862027.879069832,999369.0129178173,2703312.5597234764,140502.41464659554,119641.36205361082,123810.63371000353
2024-07-03 00:00:00+00:00,835295.4362332224,987537.7169430966,2703312.5597234764,136145.27857345762,118224.95595438412,123810.63371000353
2024-07-04 00:00:00+00:00,791475.4506759618,972164.0274952754,2703312.5597234764,129003.03418663159,116384.46548334547,123810.63371000353
2024-07-05 00:00:00+00:00,785631.7130616524,965481.3054700131,2703312.5597234764,128050.56006681823,115584.43070640787,123810.63371000353
2024-07-06 00:00:00+00:00,807847.6828429977,989390.4513943181,2703312.5597234764,131671.55362605548,118446.75958287627,123810.63371000353
2024-07-07 00:00:00+00:00,774935.6282938819,975563.3010675679,2703312.5597234764,126307.199122671,116791.4159840364,123810.63371000353
2024-07-08 00:00:00+00:00,786822.4637369199,976582.4238261817,2703312.5597234764,128244.64119711495,116913.42220332511,123810.63371000353
2024-07-09 00:00:00+00:00,805348.6741148614,976434.7155149115,2703312.5597234764,131264.23877110562,116895.73902191906,123810.63371000353
2024-07-10 00:00:00+00:00,800851.6237666386,978606.8789975141,2703312.5597234764,130531.26197528042,117155.7837044162,123810.63371000353
2024-07-11 00:00:00+00:00,795497.0609025323,973237.9225481264,2703312.5597234764,129658.51872642431,116513.02887200867,123810.63371000353
2024-07-12 00:00:00+00:00,803116.4501413028,972562.3012673632,2703312.5597234764,130900.40731514919,116432.14558543677,123810.63371000353
2024-07-13 00:00:00+00:00,821358.8115291945,966904.1855353125,2703312.5597234764,133873.74018069444,115754.77349956124,123810.63371000353
2024-07-14 00:00:00+00:00,843471.4247623543,972259.9432919883,2703312.5597234764,137477.88759731594,116395.94822536853,123810.63371000353
2024-07-15 00:00:00+00:00,897941.4355249727,986326.8282151569,2703312.5597234764,146355.985653996,118079.99210736318,123810.63371000353
2024-07-16 00:00:00+00:00,902378.8304158536,990236.7340149316,2729338.558179279,147079.2391728752,118548.07391632439,125002.61402695143
2024-07-17 00:00:00+00:00,889115.8961789233,987386.5354959071,2710953.2861172073,144917.50597278605,118206.85697990602,124160.5759219797
2024-07-18 00:00:00+00:00,887727.5888263191,990786.2335941187,2715155.4464658694,144691.22496720767,118613.85830352477,124353.0331847729
2024-07-19 00:00:00+00:00,924798.3224202698,1005460.71594517,2763590.50431257,150733.40493508874,120370.64186717107,126571.33945653975
2024-07-20 00:00:00+00:00,931456.9813285932,1008497.128965696,2773604.5543677146,151818.70354043896,120734.15182679289,127029.97894270332
2024-07-21 00:00:00+00:00,945682.449433053,1012643.9758862496,2788996.9347266736,154137.32068343836,121230.59949265985,127734.943805051
2024-07-22 00:00:00+00:00,936896.03296833,1001469.386747028,2759148.798181083,152705.2176629232,119892.8123012174,126367.91109272923
2024-07-23 00:00:00+00:00,914754.1469409859,989074.4643405848,2707805.0127703007,149096.29905691658,118408.93059177158,124016.38626223401
2024-07-24 00:00:00+00:00,906984.9253907524,982577.4176912995,2725916.81098699,147829.98921446686,117631.12429559989,124845.89937449706
2024-07-25 00:00:00+00:00,912866.5372837929,981803.5825662664,2737861.454163571,148788.63648452732,117538.48315187107,125392.95925324212
2024-07-26 00:00:00+00:00,942112.1396779547,1014414.1882862464,2835917.3418439035,153555.3938643558,121442.52383684325,129883.87967938061
2024-07-27 00:00:00+00:00,941952.7347465924,1005592.5784604852,2820481.8014418255,153529.41236386518,120386.42803897767,129176.93810432532
2024-07-28 00:00:00+00:00,946855.303471118,1000199.0432760759,2810267.1071826788,154328.4848306513,119740.7307165614,128709.10919389102
2024-07-29 00:00:00+00:00,926528.1919495615,999223.2033303935,2809519.15658998,151015.357354251,119623.90618154118,128674.85335598106
2024-07-30 00:00:00+00:00,918250.0954748397,998940.217649146,2801491.4935056292,149666.10569822462,119590.02801250802,128307.18959837785
2024-07-31 00:00:00+00:00,896607.6504857065,975686.5841626283,2739683.8869249118,146138.59127130086,116806.17505423022,125476.4259446034
2024-08-01 00:00:00+00:00,906679.9888902004,959356.3057973031,2699662.231526845,147780.28744068238,114851.16472162268,123643.45013899961
2024-08-02 00:00:00+00:00,853188.6050952318,892787.5818178675,2514137.6977862283,139061.69635046078,106881.76332521832,115146.50071723967
2024-08-03 00:00:00+00:00,842085.1984140761,854680.1723566188,2426857.0607533306,137251.9457758171,102319.66232614181,111149.08245985502
2024-08-04 00:00:00+00:00,806888.6173160112,824555.4548395693,2351013.051713468,131515.23498994444,98713.22447522514,107675.45718905274
2024-08-05 00:00:00+00:00,749422.5152586153,803066.3085012264,2296961.5849919724,122148.80230785509,96140.61045172016,105199.9216378
2024-08-06 00:00:00+00:00,777213.6343626099,804283.7577161357,2296236.8724256866,126678.4926283767,96286.35969991588,105166.73009220284
2024-08-07 00:00:00+00:00,764896.1697577368,796851.9788773686,2296236.8724256866,124670.86206174575,95396.65016193921,105166.73009220284
2024-08-08 00:00:00+00:00,855792.0802405272,799263.8510166913,2296236.8724256866,139486.03824620214,95685.39202217082,105166.73009220284
2024-08-09 00:00:00+00:00,844027.4691182291,796440.9496804391,2296236.8724256866,137568.51758336154,95347.44301990379,105166.73009220284
2024-08-10 00:00:00+00:00,845213.9190512231,794532.3470753997,2296236.8724256866,137761.89773322723,95118.95102912324,105166.73009220284
2024-08-11 00:00:00+00:00,814541.0251567523,788416.6104179854,2296236.8724256866,132762.50529939757,94386.79398383127,105166.73009220284
2024-08-12 00:00:00+00:00,823337.4304422394,790483.7617100306,2296236.8724256866,134196.23640349437,94634.26693221608,105166.73009220284
2024-08-13 00:00:00+00:00,840547.4749508738,791684.5251933774,2296236.8724256866,137001.31135332974,94778.01861632364,105166.73009220284
2024-08-14 00:00:00+00:00,814135.9229813147,792066.4937273196,2296236.8724256866,132696.47746525257,94823.74670581988,105166.73009220284
2024-08-15 00:00:00+00:00,798287.9651707785,778448.6249763786,2296236.8724256866,130113.40980159372,93193.45764885482,105166.73009220284
2024-08-16 00:00:00+00:00,816788.6485623225,768761.1133327924,2296236.8724256866,133128.8467175424,92033.6987680337,105166.73009220284
2024-08-17 00:00:00+00:00,825353.9236340154,771755.6901650785,2296236.8724256866,134524.9057765414,92392.20022881331,105166.73009220284
2024-08-18 00:00:00+00:00,810583.7873306624,769221.2631095892,2296236.8724256866,132117.51285379773,92088.78647370903,105166.73009220284
2024-08-19 00:00:00+00:00,824611.8374914072,764157.7014979902,2296236.8724256866,134403.95273378745,91482.59256512931,105166.73009220284
2024-08-20 00:00:00+00:00,818719.8205767374,769428.799465791,2296236.8724256866,133443.60954332942,92113.63208329932,105166.73009220284
2024-08-21 00:00:00+00:00,848439.7532235777,775849.4740010158,2296236.8724256866,138287.6782810146,92882.29534658624,105166.73009220284
2024-08-22 00:00:00+00:00,837615.8947901983,781699.4219108872,2296236.8724256866,136523.49143438536,93582.63298646986,105166.73009220284
2024-08-23 00:00:00+00:00,888411.8230486679,784220.473882737,2296236.8724256866,144802.7486925512,93884.44551799854,105166.73009220284
2024-08-24 00:00:00+00:00,890073.4356360707,780441.275209133,2297546.356398675,145073.57587390544,93432.01156123512,105226.70393427508
2024-08-25 00:00:00+00:00,890947.3187193178,778694.5330422386,2309830.2637607637,145216.0105750285,93222.89700064494,105789.30197698559
2024-08-26 00:00:00+00:00,871718.8387482032,756351.7366583636,2237235.4865754144,142081.94968033853,90548.0866384058,102464.49022518651
2024-08-27 00:00:00+00:00,824285.813480353,732928.916942475,2158740.7185345907,134350.81389466394,87743.97922890828,98869.46125264026
2024-08-28 00:00:00+00:00,819012.5485185776,713052.2594500533,2106606.3811320346,133491.32143718077,85364.40737434044,96481.72945720112
2024-08-29 00:00:00+00:00,823509.0439323134,702869.3919737433,2074361.1714382647,134224.20778391813,84145.34602790132,95004.91175369965
2024-08-30 00:00:00+00:00,820248.5263545276,723813.4692869867,2128369.2820315473,133692.77416813886,86652.70607641489,97478.4616116259
2024-08-31 00:00:00+00:00,818167.5220286493,714446.6663139855,2111620.5476630004,133353.59008862698,85531.34144403978,96711.37627828124
2024-09-01 00:00:00+00:00,794969.4569391113,701272.0860985855,2110904.7749774447,129572.52425613208,83954.12151718515,96678.59417564492
2024-09-02 00:00:00+00:00,820361.4555226119,718577.4585846851,2110904.7749774447,133711.1805575204,86025.86709696561,96678.59417564492
2024-09-03 00:00:00+00:00,797548.0987661178,687023.0566504761,2110904.7749774447,129992.81855519125,82248.27185697158,96678.59417564492
2024-09-04 00:00:00+00:00,804251.291167015,696386.958451602,2110904.7749774447,131085.37569984302,83369.28917003801,96678.59417564492
2024-09-05 00:00:00+00:00,779405.4868522466,678359.5496685259,2110904.7749774447,127035.7439131906,81211.10364174427,96678.59417564492
2024-09-06 00:00:00+00:00,748647.8267149017,671448.4385129574,2110904.7749774447,122022.5353811888,80383.72682570512,96678.59417564492
2024-09-07 00:00:00+00:00,751393.2263552219,681442.530866893,2110904.7749774447,122470.00963115286,81580.18859934303,96678.59417564492
2024-09-08 00:00:00+00:00,761230.688738135,689003.53055618,2110904.7749774447,124073.4232240935,82485.36805720121,96678.59417564492
2024-09-09 00:00:00+00:00,791364.3250449599,701957.5199008863,2110904.7749774447,128984.92175678565,84036.1795284351,96678.59417564492
2024-09-10 00:00:00+00:00,799604.9634418158,709681.5993376074,2110904.7749774447,130328.06809938082,84960.88238841417,96678.59417564492
2024-09-11 00:00:00+00:00,795470.8402480262,708458.5573299255,2110904.7749774447,129654.24500702247,84814.46358839494,96678.59417564492
2024-09-12 00:00:00+00:00,806490.7292889033,721136.609644511,2110904.7749774447,131450.38299394175,86332.24073327094,96678.59417564492
2024-09-13 00:00:00+00:00,839310.6647131935,724294.331634314,2110904.7749774447,136799.72294873986,86710.27342686392,96678.59417564492
2024-09-14 00:00:00+00:00,832305.0330169355,723128.5846331301,2110904.7749774447,135657.871051199,86570.71380751535,96678.59417564492
2024-09-15 00:00:00+00:00,820359.6519855295,720164.8292825648,2102211.90957635,133710.88659798482,86215.90219903851,96280.46441806505
2024-09-16 00:00:00+00:00,807623.7667775332,711785.9730556454,2097239.762479666,131635.0574191,85212.811490319,96052.74207026421
2024-09-17 00:00:00+00:00,836757.8273398279,719854.8814736885,2101008.4321100186,136383.63453226662,86178.79620761775,96225.34563158725
2024-09-18 00:00:00+00:00,856818.7090412937,735673.9280832366,2140056.5988750197,139653.36905876134,88072.60345828492,98013.73604726425
2024-09-19 00:00:00+00:00,873300.263302249,744638.7291254341,2162207.157655035,142339.7069684956,89145.84166495758,99028.22277752415
2024-09-20 00:00:00+00:00,876811.0563336272,744285.6594710032,2154465.7904609866,142911.93312290413,89103.57325978404,98673.6712571572
2024-09-21 00:00:00+00:00,878863.0653325649,745014.419156327,2160108.705818595,143246.39123757483,89190.81811152038,98932.1145229514
2024-09-22 00:00:00+00:00,882051.1639598103,739876.7122203505,2148188.031682945,143766.02124738708,88575.74775441791,98386.15241669156
2024-09-23 00:00:00+00:00,878738.6212738773,756612.3468586702,2194961.6350186653,143226.10802962002,90579.28608418282,100528.36473656041
2024-09-24 00:00:00+00:00,891539.7112840845,784803.0895701597,2239404.0762341535,145312.56497632954,93954.19446307895,102563.81076396024
2024-09-25 00:00:00+00:00,876130.7066526868,784563.6345411262,2247342.4389452795,142801.0425411757,93925.52764886535,102927.38460019651
2024-09-26 00:00:00+00:00,904182.3674982814,802368.3106296028,2280755.0768007864,147373.1987084522,96057.048309016,104457.67004644782
2024-09-27 00:00:00+00:00,912450.3364186172,806335.3857387297,2291550.685760075,148720.79966862497,96531.97425057503,104952.10461773971
2024-09-28 00:00:00+00:00,913671.8859579077,801541.8103703726,2273216.8430491327,148919.90072329843,95958.10225858437,104112.42195647412
2024-09-29 00:00:00+00:00,910120.4439753639,805685.58251688,2292764.9862796594,148341.0491732034,96454.1818220286,105007.7190957265
2024-09-30 00:00:00+00:00,878566.5915829381,800633.7649808422,2259899.8443010603,143198.06881238037,95849.39387779043,103502.50874159863
2024-10-01 00:00:00+00:00,843580.6081226522,775022.5127350554,2189933.9065394276,137495.68345535433,92783.29410585713,100298.09678367525
2024-10-02 00:00:00+00:00,841409.4269426526,750561.5961438586,2132776.069036431,137141.80139906358,89854.90895460447,97680.29069340826
2024-10-03 00:00:00+00:00,842844.3487921564,717944.3722957447,2025616.7318320228,137375.68012802303,85950.0759678359,92772.43592112142
2024-10-04 00:00:00+00:00,861341.5638431574,765433.4542282114,2142830.232081259,140390.5517371725,91635.32172954641,98140.76733845114
2024-10-05 00:00:00+00:00,860953.1097023268,753072.411728105,2115171.620943361,140327.23737566362,90155.4960175229,96874.0140138293
2024-10-06 00:00:00+00:00,871523.3630751924,765500.2866736236,2135311.172125099,142050.08898913636,91643.32270285569,97796.39740064013
2024-10-07 00:00:00+00:00,863256.0878229653,779308.7968086794,2159600.321369763,140702.60109032344,93296.43475569558,98908.8307185863
2024-10-08 00:00:00+00:00,862374.9905913884,776461.8688051432,2152172.2596815443,140558.99055105812,92955.60935525899,98568.62846504097
2024-10-09 00:00:00+00:00,841225.4661602449,754419.5199719698,2091862.54497268,137111.81752643472,90316.7676429649,95806.46765972962
2024-10-10 00:00:00+00:00,836929.8570307671,758003.6788145618,2099849.828814315,136411.67374950627,90745.85203541793,96172.28206417117
2024-10-11 00:00:00+00:00,867640.070269482,801663.7673338882,2180679.3231102596,141417.1488844952,95972.70256841817,99874.24056513846
2024-10-12 00:00:00+00:00,876882.7816160591,818324.0888134823,2199292.46822457,142923.6236675113,97967.2246401502,100726.71516473668
2024-10-13 00:00:00+00:00,872218.5572536575,821029.7383850393,2202688.205745107,142163.3990839653,98291.13662440889,100882.23858463066
2024-10-14 00:00:00+00:00,916807.1270752759,828710.3895005404,2227934.959832412,149430.9154574911,99210.64038031804,102038.52982125687
2024-10-15 00:00:00+00:00,930543.8366303977,822003.3357603999,2211514.3638896104,151669.86956634914,98407.692685858,101286.47309653167
2024-10-16 00:00:00+00:00,938116.8888395118,808740.0309937662,2169885.100670015,152904.20565623685,96819.85093060965,99379.86949586411
2024-10-17 00:00:00+00:00,935366.772256053,792171.6051073482,2122432.4541996587,152455.9625890259,94836.33031458835,97206.55727209648
2024-10-18 00:00:00+00:00,949326.4267412875,819793.5007422026,2192868.2906850814,154731.25461893567,98143.13808383068,100432.49040357515
2024-10-19 00:00:00+00:00,948632.7586326614,813880.2804140253,2174471.9833057784,154618.19325909836,97435.22566605353,99589.94688548913
2024-10-20 00:00:00+00:00,957705.7987598687,813593.5888362612,2171576.9291917626,156097.01323349832,97400.90383857075,99457.35456530338
2024-10-21 00:00:00+00:00,934752.4597790538,811090.9693344097,2164967.9195304415,152355.835448754,97101.29798524408,99154.66456690844
2024-10-22 00:00:00+00:00,935425.3178444211,808271.8018142747,2160550.9355327943,152465.50496779618,96763.79598387476,98952.36846693709
2024-10-23 00:00:00+00:00,924918.327003062,783982.4149973636,2087875.6820326154,150752.96455034058,93855.94584577842,95623.87093211533
2024-10-24 00:00:00+00:00,946139.4379830159,793589.3801895648,2113371.441966146,154211.80550729917,95006.0619549829,96791.56653687792
2024-10-25 00:00:00+00:00,925330.0883923426,754942.9118625999,2006333.8603675528,150820.07777354002,90379.42649857617,91889.28812262615
2024-10-26 00:00:00+00:00,930802.1586340499,763100.0588105922,2029090.9643605212,151711.9736167525,91355.97485930617,92931.55438097626
2024-10-27 00:00:00+00:00,943689.679690592,776043.1346474102,2063755.3246512825,153812.51800889778,92905.4797991871,94519.16821398049
2024-10-28 00:00:00+00:00,970611.0777199914,774444.3622298006,2059351.191630288,158200.45199645538,92714.07971855212,94317.46068359847
2024-10-29 00:00:00+00:00,1009098.6977926217,781330.838823098,2078632.7883180822,164473.5710979401,93538.50736111717,95200.55009783208
2024-10-30 00:00:00+00:00,1003664.7792968886,779944.8507888356,2074726.689696838,163587.89362951866,93372.58116762333,95021.65234370796
2024-10-31 00:00:00+00:00,975186.5125644887,772807.1929967732,2055732.5729816537,158946.20472594217,92518.08289013358,94151.72939720663
2024-11-01 00:00:00+00:00,964143.3162751618,774202.0072453237,2059535.6976932385,157146.26787733234,92685.06573065727,94325.9109874655
2024-11-02 00:00:00+00:00,962460.8936445004,762449.2070545298,2028437.9707463603,156872.048855183,91278.05690349227,92901.6475346935
2024-11-03 00:00:00+00:00,954154.2180437032,736422.3023207872,1959209.6695507895,155518.13907113133,88162.19650344546,89731.01903638647
2024-11-04 00:00:00+00:00,941307.7621391917,712000.2893937754,1894450.25994037,153424.28791148844,85238.46877834048,86765.0639847916
2024-11-05 00:00:00+00:00,962423.0193657691,720208.7862438939,1916212.094685176,156865.87570493584,86221.16459026447,87761.74730975731
2024-11-06 00:00:00+00:00,1048437.587368158,725503.8219220698,1930500.4656027115,170885.4391002172,86855.06985695851,88416.14898137334
2024-11-07 00:00:00+00:00,1052403.9816132816,729509.1069227464,1941194.6290509843,171531.92395576686,87334.57016835475,88905.93738884643
2024-11-08 00:00:00+00:00,1061447.8876799266,734308.1826334966,1953963.7594585354,173005.99535305361,87909.10064429592,89490.75845291397
2024-11-09 00:00:00+00:00,1063774.1730490152,744181.0002734393,1980234.4398806263,173385.157929404,89091.04378489919,90693.94510602698
2024-11-10 00:00:00+00:00,1115002.2565391583,768873.994390189,2045942.000229347,181734.85241474843,92047.21253850519,93703.32508210551
2024-11-11 00:00:00+00:00,1229845.6711360463,805001.4645685388,2142060.5134312403,200453.24592486795,96372.28134073794,98105.51453222483
2024-11-12 00:00:00+00:00,1220190.088531215,794841.0588788739,2115023.215855667,198879.47702047665,95155.90904980645,96867.21712018599
2024-11-13 00:00:00+00:00,1253807.881014047,803750.8553660952,2138736.3528241417,204358.8601513596,96222.56228156849,97953.26930633026
2024-11-14 00:00:00+00:00,1211499.5369991043,785018.533864382,2088878.122485247,197462.99907989101,93979.98678650921,95669.78230379536
2024-11-15 00:00:00+00:00,1262920.876424311,842233.3951953365,2241099.286600439,205844.19246008617,100829.57272609924,102641.45072052635
2024-11-16 00:00:00+00:00,1256745.149253213,868317.1628310769,2310504.2786059594,204837.6071734547,103952.24057660473,105820.17158723969
2024-11-17 00:00:00+00:00,1246604.6926404522,866360.4449173233,2305312.2553988015,203184.80837853713,103717.98837013225,105582.37900154588
2024-11-18 00:00:00+00:00,1255040.9454439406,869134.7037734748,2312693.928811324,204559.8380246064,104050.1140453823,105920.45669062305
2024-11-19 00:00:00+00:00,1280661.0221015573,877333.3051217634,2334510.7199358204,208735.66890110922,105031.62519848475,106919.65699579197
2024-11-20 00:00:00+00:00,1308071.5948811597,864355.4663099234,2299978.708252926,213203.33375962407,103477.95854293433,105338.1046760788
2024-11-21 00:00:00+00:00,1363989.0135192373,876585.5520584045,2332518.558663859,222317.34564974066,104942.10651837397,106828.41680654827
2024-11-22 00:00:00+00:00,1371964.5319649763,891403.5743737798,2371950.2827192307,223617.27994060598,106716.07424184398,108634.37399267292
2024-11-23 00:00:00+00:00,1355044.5794593694,890166.5512276215,2368658.8086645817,220859.48725145456,106567.98166324168,108483.62579780348
2024-11-24 00:00:00+00:00,1358202.711624322,893467.4607739056,2377441.954805606,221374.23301052183,106963.15632748324,108885.89037715315
2024-11-25 00:00:00+00:00,1290361.5543998277,878745.4160136752,2338267.387085326,210316.76418161794,105200.67873956444,107091.71084829413
2024-11-26 00:00:00+00:00,1275865.971933869,899032.1644905962,2392248.578897025,207954.12094509788,107629.3454162822,109564.02783679336
2024-11-27 00:00:00+00:00,1329943.6440142482,935576.3000332622,2489489.2860062113,216768.271496654,112004.29610504837,114017.61331890599
2024-11-28 00:00:00+00:00,1326903.5741613836,937795.3647479021,2495394.399260515,216272.76878103102,112269.95565773896,114288.06514347024
2024-11-29 00:00:00+00:00,1352097.8773339258,983403.1295659186,2616754.140404732,220379.2025948657,117729.97596306834,119846.29273498655
2024-11-30 00:00:00+00:00,1337502.9615948116,993588.1325362923,2643855.8753173137,218000.36897161693,118949.29296424073,121087.54135128066
2024-12-01 00:00:00+00:00,1348285.1999416735,993922.2161966794,2644744.8561986363,219757.77213665599,118989.2884250284,121128.25631998699
2024-12-02 00:00:00+00:00,1329631.6320989882,1013992.7096669908,2698150.650706605,216717.41649699915,121392.06572234051,123574.22034217695
2024-12-03 00:00:00+00:00,1329757.463493893,1028811.794965484,2737583.0124208545,216737.92582767364,123166.16070285614,125380.20673282308
2024-12-04 00:00:00+00:00,1367737.5959782526,1042474.5849554839,2773938.554615369,222928.3292383014,124801.82759138959,127045.27602042112
2024-12-05 00:00:00+00:00,1344961.836033246,1040349.494805938,2768283.922204456,219216.09516167548,124547.4183824868,126786.29611827325
2024-12-06 00:00:00+00:00,1383740.7967114993,1086665.7473965746,2891527.574950344,225536.70003429186,130092.25664896857,132430.80610744184
2024-12-07 00:00:00+00:00,1385005.3536735247,1074778.513714354,2859896.6559583643,225742.81089327528,128669.1538607021,130982.12267232052
2024-12-08 00:00:00+00:00,1402729.9611851377,1076769.3154674713,2865194.0117127434,228631.75475983796,128907.48647882708,131224.73944653626
2024-12-09 00:00:00+00:00,1349551.699174403,981487.4541038752,2611656.869224722,219964.19956744692,117500.63723175984,119612.83975422828
2024-12-10 00:00:00+00:00,1340069.67233035,984618.1497790865,2619987.3745226595,218418.71861528693,117875.43441870084,119994.37356405443
2024-12-11 00:00:00+00:00,1402943.7496962163,1065438.1663812108,2835042.780741853,228666.60027093982,127550.95641556787,129843.82513079602
2024-12-12 00:00:00+00:00,1387395.73397585,1093161.0474542598,2908811.0987340463,226132.4203392746,130869.85384860505,133222.38458204526
2024-12-13 00:00:00+00:00,1407095.3533263432,1099927.1676910778,2926815.1897756285,229343.27250956607,131679.8728010517,134046.96474877928
2024-12-14 00:00:00+00:00,1407036.39153711,1101055.0729221792,2929816.4450108856,229333.6622939799,131814.9021209246,134184.42103782954
2024-12-15 00:00:00+00:00,1449266.7672566432,1101315.3945876905,2930509.131985265,236216.81526860278,131846.06702420986,134216.14582412998
2024-12-16 00:00:00+00:00,1471390.2017122977,1100338.8002510993,2927910.499006968,239822.7264424377,131729.1521758472,134097.12947336974
2024-12-17 00:00:00+00:00,1472431.8137442106,1095866.7051380342,2916010.623676861,239992.4993803694,131193.7668040332,133552.11994408275
2024-12-18 00:00:00+00:00,1390166.521868946,1065220.0192204535,2834462.330974766,226584.0326350087,127524.84051332972,129817.2407636864
2024-12-19 00:00:00+00:00,1352123.6817875667,997103.230028776,2653209.184419023,220383.40847745165,119370.10954581955,121515.91916612229
2024-12-20 00:00:00+00:00,1356890.2915628015,1052129.4431905379,2799629.378724283,221160.32091770964,125957.67730730558,128221.90548637617
2024-12-21 00:00:00+00:00,1349767.0137553206,990807.2567842237,2636456.130615608,219999.29381354043,118616.3751347115,120748.63600438875
2024-12-22 00:00:00+00:00,1320553.597561399,1003726.7578934506,2670833.8527858164,215237.7824808084,120163.05778124268,122323.12192614812
2024-12-23 00:00:00+00:00,1316324.9967712145,1019748.7000524597,2713466.9027537187,214548.56043124024,122081.15505849503,124275.6985582991
2024-12-24 00:00:00+00:00,1368795.578577529,1031520.5848951748,2744790.9136330495,223100.77042432528,123490.44864106133,125710.32572464707
2024-12-25 00:00:00+00:00,1379422.8514689237,1031331.5246626496,2744287.8401503433,224832.91568157665,123467.81493575618,125687.28516040582
2024-12-26 00:00:00+00:00,1328951.5598852911,1023255.4070532129,2722797.959522417,216606.57113981468,122500.96715639878,124703.05722519141
2024-12-27 00:00:00+00:00,1308244.5957074512,996007.8865309632,2650294.562255783,213231.5312627675,119238.9784157756,121382.4306371108
2024-12-28 00:00:00+00:00,1322131.4150412797,1019604.1716918207,2713082.3243814055,215494.95184989434,122063.85257092668,124258.08502270703
2024-12-29 00:00:00+00:00,1300463.998000236,984934.4724538702,2620829.123768451,211963.3672140164,117913.3035893179,120032.92534274969
2024-12-30 00:00:00+00:00,1287337.716380705,976817.3773254069,2599230.205353553,209823.9071018152,116941.55010833625,119043.70352051515
2024-12-31 00:00:00+00:00,1298213.738655853,966508.9127505985,2571675.843995755,211596.59616270423,115707.45266638073,117781.72479411424
2025-01-01 00:00:00+00:00,1312306.1612170786,970992.0572671577,2571371.110272506,213893.52813688686,116244.16083854857,117767.7681115055
2025-01-02 00:00:00+00:00,1345505.116895922,972662.1328741778,2571371.110272506,219304.64481870004,116444.09711611336,117767.7681115055
2025-01-03 00:00:00+00:00,1362005.955130297,990866.3356926164,2595386.597992366,221994.12583423778,118623.4478785902,118867.66784110054
2025-01-04 00:00:00+00:00,1362648.5692661281,986262.8353226327,2583080.255286264,222098.86587799105,118072.3310765282,118304.04226860999
2025-01-05 00:00:00+00:00,1364633.9861266378,983690.408950847,2576548.427234563,222422.47010211737,117764.36816100361,118004.88715705731
2025-01-06 00:00:00+00:00,1418351.5057250184,988452.9040530035,2589138.762464653,231177.91919564593,118334.51931981539,118581.51947352842
2025-01-07 00:00:00+00:00,1345086.4188255554,934441.7635657055,2436746.583822388,219236.40098190223,111868.47291409131,111602.01865987599
2025-01-08 00:00:00+00:00,1318810.2708708,909724.1283446748,2369466.8437632928,214953.63667126533,108909.35420382208,108520.63348205065
2025-01-09 00:00:00+00:00,1284014.213738656,871626.2711183068,2275726.2978328094,209282.20751456273,104348.39676871145,104227.35398159878
2025-01-10 00:00:00+00:00,1314169.6312240916,892428.2437777631,2325402.5639768294,214197.25617395376,106838.74448833201,106502.50709680759
2025-01-11 00:00:00+00:00,1312419.922786893,904931.8074949046,2344496.968927743,213912.07019990016,108335.63239891,107377.02320438263
2025-01-12 00:00:00+00:00,1311657.8590027567,900138.6255704018,2341715.162441031,213787.8609899829,107761.80750879862,107249.61758021993
2025-01-13 00:00:00+00:00,1311533.5536776907,916821.770837855,2341715.162441031,213767.60039430007,109759.06197370213,107249.61758021993
2025-01-14 00:00:00+00:00,1339623.782470125,922942.3310683095,2341715.162441031,218346.0427731835,110491.79648221441,107249.61758021993
2025-01-15 00:00:00+00:00,1394236.1339286333,961005.7886051607,2341715.162441031,227247.34102090218,115048.63569307068,107249.61758021993
2025-01-16 00:00:00+00:00,1387160.025552539,966840.0743651459,2379473.6091973176,226094.00208920188,115747.09830889327,108978.93933548135
2025-01-17 00:00:00+00:00,1443904.5740433421,981167.7316925324,2401384.9786754753,235342.82834478846,117462.36105521466,109982.47129140963
2025-01-18 00:00:00+00:00,1450546.4461834366,980238.8063299725,2412563.1695868364,236425.3908652306,117351.15298873847,110494.42796304534
2025-01-19 00:00:00+00:00,1405809.570120194,935326.6110759764,2287001.977788125,229133.70197297164,111974.40411665023,104743.7756124448
2025-01-20 00:00:00+00:00,1418690.1544956497,960956.2602339721,2332114.978488712,231233.1157515185,115042.70630991722,106809.93299598867
2025-01-21 00:00:00+00:00,1472571.6572349097,970986.7514487574,2347744.589202071,240015.29255051262,116243.52564240774,107525.76291365808
2025-01-22 00:00:00+00:00,1438760.0538825276,946346.7099754276,2307488.195383837,234504.32007569112,113293.69621521793,105682.03618232338
2025-01-23 00:00:00+00:00,1441585.780289827,947256.7526868759,2297453.7034711107,234964.88683112434,113402.64370920387,105222.46046726083
2025-01-24 00:00:00+00:00,1454906.4277133949,947280.400726177,2293810.443791008,237136.02673635198,113405.47477920436,105055.60063148596
2025-01-25 00:00:00+00:00,1453190.9864807627,948295.6419706417,2289774.1809870936,236856.42599347435,113527.01631564456,104870.74140987085
2025-01-26 00:00:00+00:00,1423684.4261441357,941391.5545866496,2259295.5138294008,232047.1349300751,112700.48036377801,103474.83064777376
2025-01-27 00:00:00+00:00,1416232.0721859224,951704.5528621045,2266491.892641781,230832.47151679904,113935.12056632891,103804.42191829602
2025-01-28 00:00:00+00:00,1405864.3699007756,931689.8414939963,2217852.9754065587,229142.6338203988,111539.02132947248,101576.77896809373
2025-01-29 00:00:00+00:00,1439128.8078490733,947656.9428164524,2256737.0802730164,234564.4234945806,113450.5532316766,103357.65541445436
2025-01-30 00:00:00+00:00,1452859.2743912176,975849.2189425549,2324210.740014572,236802.36005120014,116825.64518621951,106447.92203615411
2025-01-31 00:00:00+00:00,1421042.3830520008,967382.5483646473,2304183.9321599463,231616.50682272678,115812.04161545979,105530.70224861932
2025-02-01 00:00:00+00:00,1396154.819917093,934626.6482173325,2226353.8896539453,227560.06874221217,111890.60673178782,101966.11743962843
2025-02-02 00:00:00+00:00,1355435.6695390127,895402.3071676218,2133042.454297977,220923.23124613083,107194.79014333746,97692.49103181335
2025-02-03 00:00:00+00:00,1405767.256365568,947474.5583987378,2225615.979694854,229126.80523002156,113428.71873423806,101932.32145872072
2025-02-04 00:00:00+00:00,1356303.309609282,906422.6433160603,2131988.7204079344,221064.64839501533,108514.11064461884,97644.230441221
2025-02-05 00:00:00+00:00,1340339.231757362,890016.9671378396,2109076.104939731,218462.6542597197,106550.07391944353,96594.84181952123
2025-02-06 00:00:00+00:00,1339533.4668823818,873904.1366039121,2089528.4718446564,218331.3221841327,104621.09576752977,95699.5680442685
2025-02-07 00:00:00+00:00,1338873.7885110786,865557.8365198532,2088437.5631570239,218223.80083092742,103621.90257937045,95649.60486281924
2025-02-08 00:00:00+00:00,1338012.8076546518,864305.0642520601,2088437.5631570239,218083.46907109735,103471.92456471884,95649.60486281924
2025-02-09 00:00:00+00:00,1338262.666907379,860071.3228000134,2088437.5631570239,218124.19377291074,102965.07415475184,95649.60486281924
2025-02-10 00:00:00+00:00,1351693.0526257316,861547.5615957929,2088437.5631570239,220313.21998526467,103141.80488980612,95649.60486281924
2025-02-11 00:00:00+00:00,1328765.6568321795,861425.7707252915,2088437.5631570239,216576.27069537828,103127.22446411339,95649.60486281924
2025-02-12 00:00:00+00:00,1357785.8170910378,871610.6560340469,2088437.5631570239,221306.2831332596,104346.52737920139,95649.60486281924
2025-02-13 00:00:00+00:00,1340279.7150336418,877718.6058276528,2088437.5631570239,218452.95359504566,105077.7522052829,95649.60486281924
2025-02-14 00:00:00+00:00,1352659.4710346696,897071.2528911447,2088437.5631570239,220470.73707178998,107394.59115475047,95649.60486281924
2025-02-15 00:00:00+00:00,1353619.2302297645,908731.4360911292,2088437.5631570239,220627.16876926087,108790.51216271502,95649.60486281924
2025-02-16 00:00:00+00:00,1333481.490101863,898337.9813579526,2088437.5631570239,217344.90704409618,107546.23996231006,95649.60486281924
2025-02-17 00:00:00+00:00,1328790.62888409,894225.0434436847,2088437.5631570239,216580.3409043324,107053.85177762117,95649.60486281924
2025-02-18 00:00:00+00:00,1327288.698695293,893893.3534169969,2088437.5631570239,216335.5404480127,107014.14287524417,95649.60486281924
2025-02-19 00:00:00+00:00,1340782.3469451522,899951.3744896065,2088437.5631570239,218534.87785638377,107739.39038953357,95649.60486281924
2025-02-20 00:00:00+00:00,1363820.8683697062,893872.3557284415,2088437.5631570239,222289.93957611607,107011.62909702385,95649.60486281924
2025-02-21 00:00:00+00:00,1334367.4430102,887869.7911060809,2088437.5631570239,217489.30901288037,106293.02065714709,95649.60486281924
2025-02-22 00:00:00+00:00,1339487.1298527257,891420.1340267701,2088437.5631570239,218323.76968529556,106718.05671219596,95649.60486281924
2025-02-23 00:00:00+00:00,1335422.0960025552,891754.8467510248,2088437.5631570239,217661.207504377,106758.12748256094,95649.60486281924
2025-02-24 00:00:00+00:00,1270146.2621773817,859923.3558788006,2088437.5631570239,207021.86219642343,102947.36001336473,95649.60486281924
2025-02-25 00:00:00+00:00,1230295.3068040577,886205.3485122926,2088437.5631570239,200526.53229831447,106093.75874647465,95649.60486281924
2025-02-26 00:00:00+00:00,1168832.011637515,896867.3518629621,2088437.5631570239,190508.5948362987,107370.18075536791,95649.60486281924
2025-02-27 00:00:00+00:00,1175192.8094599943,858287.917988914,2088437.5631570239,191545.34489373476,102751.57045598306,95649.60486281924
2025-02-28 00:00:00+00:00,1170217.2668504412,880857.539485451,2088437.5631570239,190734.37837189378,105453.53561797692,95649.60486281924
2025-03-01 00:00:00+00:00,1194004.3948978244,878236.5698146599,2088437.5631570239,194611.4559111625,105139.7612490888,95649.60486281924
2025-03-02 00:00:00+00:00,1307841.8520035828,884626.6507315486,2088437.5631570239,213165.88783724594,105904.76193917144,95649.60486281924
2025-03-03 00:00:00+00:00,1196169.7492657115,784096.6206382872,2088437.5631570239,194964.38825203062,93869.61819128608,95649.60486281924
2025-03-04 00:00:00+00:00,1210894.5196747605,787895.348929597,2088437.5631570239,197364.38696184094,94324.39017337601,95649.60486281924
2025-03-05 00:00:00+00:00,1257009.9917370866,797725.2408663243,2088437.5631570239,204880.77400064055,95501.19438177961,95649.60486281924
2025-03-06 00:00:00+00:00,1247657.6808293464,770623.0965367798,2088437.5631570239,203356.43552277013,92256.60962855305,95649.60486281924
2025-03-07 00:00:00+00:00,1204232.1149586507,752429.8053715233,2088437.5631570239,196278.4778251476,90078.56517538948,95649.60486281924
2025-03-08 00:00:00+00:00,1196195.276252109,758786.2344675459,2088437.5631570239,194968.54891007263,90839.53717373566,95649.60486281924
2025-03-09 00:00:00+00:00,1120057.1547803383,733018.4741929576,2088437.5631570239,182558.75315615482,87754.70074547612,95649.60486281924
2025-03-10 00:00:00+00:00,1090388.8310407798,703190.1745522853,2088437.5631570239,177723.09618364152,84183.74912437884,95649.60486281924
2025-03-11 00:00:00+00:00,1150559.4063200874,749718.3132657529,2088437.5631570239,187530.33249546454,89753.95374103566,95649.60486281924
2025-03-12 00:00:00+00:00,1160924.611400043,746227.3869021614,2088437.5631570239,189219.76317096935,89336.03085212247,95649.60486281924
2025-03-13 00:00:00+00:00,1125348.5938465598,711095.7562183561,2088437.5631570239,183421.2078212657,85130.1808689386,95649.60486281924
2025-03-14 00:00:00+00:00,1165129.3500072907,724119.2219163541,2088437.5631570239,189905.09590975914,86689.30983394194,95649.60486281924
2025-03-15 00:00:00+00:00,1170057.7231854573,733633.5880719726,2088437.5631570239,190708.3742591312,87828.3402733704,95649.60486281924
2025-03-16 00:00:00+00:00,1145586.3609157251,733480.2227887106,2088437.5631570239,186719.77299451895,87809.97985680352,95649.60486281924
2025-03-17 00:00:00+00:00,1165501.5723143795,736305.576478045,2088437.5631570239,189965.76463544785,88148.22244718384,95649.60486281924
2025-03-18 00:00:00+00:00,1147535.5683009643,723401.3432951738,2088437.5631570239,187037.47541566176,86603.36762949394,95649.60486281924
2025-03-19 00:00:00+00:00,1204845.1788330544,730810.0889354069,2088437.5631570239,196378.4014549718,87490.31970430189,95649.60486281924
2025-03-20 00:00:00+00:00,1168461.5928675085,733620.4259722012,2088437.5631570239,190448.22007014556,87826.76454756365,95649.60486281924
2025-03-21 00:00:00+00:00,1166594.238319087,746946.7828426713,2088437.5631570239,190143.85888946353,89422.15470533977,95649.60486281924
2025-03-22 00:00:00+00:00,1163150.8698278675,736930.5008834982,2088437.5631570239,189582.62229923118,88223.03646090906,95649.60486281924
2025-03-23 00:00:00+00:00,1194253.6992160648,709354.8711912802,2088437.5631570239,194652.09016388803,84921.76750698136,95649.60486281924
2025-03-24 00:00:00+00:00,1213893.6631092161,710348.4714618672,2088437.5631570239,197853.21905723348,85040.71825307544,95649.60486281924
2025-03-25 00:00:00+00:00,1212432.9368060715,707132.0211043902,2088437.5631570239,197615.1344456881,84655.65478125252,95649.60486281924
2025-03-26 00:00:00+00:00,1205722.391523223,700889.4928544704,2088437.5631570239,196521.37885062204,83908.31863932237,95649.60486281924
2025-03-27 00:00:00+00:00,1210201.2677669998,705028.7943730102,2088437.5631570239,197251.39343881953,84403.86299303689,95649.60486281924
2025-03-28 00:00:00+00:00,1171249.9999305636,688212.7882182046,2088437.5631570239,190902.70412441954,82390.70283431954,95649.60486281924
2025-03-29 00:00:00+00:00,1146613.1284501133,661372.566087543,2088437.5631570239,186887.1264193501,79177.47459527479,95649.60486281924
2025-03-30 00:00:00+00:00,1143026.1706604082,661833.4632701876,2088437.5631570239,186302.48612763145,79232.65177806262,95649.60486281924
2025-03-31 00:00:00+00:00,1145246.1860752548,665374.4900538896,2088437.5631570239,186664.3277036547,79656.57253405396,95649.60486281924
2025-04-01 00:00:00+00:00,1181432.4928307075,675701.8130089627,2088437.5631570239,192562.35443774326,80892.92764286906,95649.60486281924
2025-04-02 00:00:00+00:00,1144778.3763027973,668003.2506599836,2088437.5631570239,186588.07912258044,79971.27960957923,95649.60486281924
2025-04-03 00:00:00+00:00,1154445.3350646105,682717.4951549115,2088437.5631570239,188163.70223327307,81732.82337390224,95649.60486281924
2025-04-04 00:00:00+00:00,1163834.5491157293,689900.4897595535,2088437.5631570239,189694.05557548683,82592.74923413478,95649.60486281924
2025-04-05 00:00:00+00:00,1158952.7904344627,689051.2810966301,2088437.5631570239,188898.37494949586,82491.08460396656,95649.60486281924
2025-04-06 00:00:00+00:00,1088087.7951908454,634121.185974799,2088437.5631570239,177348.04904078922,75915.02379643508,95649.60486281924
2025-04-07 00:00:00+00:00,1098260.2992702252,660569.037207178,2088437.5631570239,179006.07127053128,79081.27860715264,95649.60486281924
2025-04-08 00:00:00+00:00,1058848.574543283,642244.447821256,2088437.5631570239,172582.33182547128,76887.51553778964,95649.60486281924
2025-04-09 00:00:00+00:00,1146150.868022525,697878.4919977698,2088437.5631570239,186811.78232915455,83547.85094522362,95649.60486281924
2025-04-10 00:00:00+00:00,1104420.9044765548,691365.2462269304,2088437.5631570239,180010.19181951828,82768.10534040644,95649.60486281924
2025-04-11 00:00:00+00:00,1157369.1461424693,689026.0458759875,2088437.5631570239,188640.2558649873,82488.06352153317,95649.60486281924
2025-04-12 00:00:00+00:00,1183077.3186498815,690272.8867814592,2088437.5631570239,192830.44553418944,82637.33145186378,95649.60486281924
2025-04-13 00:00:00+00:00,1162032.815570384,633134.3615555924,2073343.375035689,189400.38999944544,75796.88423427584,94958.29708565577
2025-04-14 00:00:00+00:00,1173569.6260858092,638782.5377613015,2099072.420410274,191280.7813117155,76473.06639085169,96136.67707028717
2025-04-15 00:00:00+00:00,1160423.3668247499,643261.5221710276,2104220.927710364,189138.06503235095,77009.27652791802,96372.47664484689
2025-04-16 00:00:00+00:00,1165783.8952345904,632345.2072013754,2084465.241315168,190011.7806089016,75702.40911989001,95467.67411168531
2025-04-17 00:00:00+00:00,1178513.1212287438,632948.8183939965,2081512.4915071195,192086.52439873197,75774.671581806,95332.43935179539
2025-04-18 00:00:00+00:00,1171947.9687814633,630815.9175442411,2073486.141222331,191016.46646468784,75519.32730007266,94964.83571988692
2025-04-19 00:00:00+00:00,1180304.1722852162,627641.170296467,2077043.4267271103,192378.44882983188,75139.25639534183,95127.75797282803
2025-04-20 00:00:00+00:00,1181722.4461001132,622666.1722038324,2076733.5380352251,192609.61408615526,74543.66503687145,95113.56519471813
2025-04-21 00:00:00+00:00,1214144.3547636736,626252.2450510989,2076733.5380352251,197894.07943267867,74972.97856803425,95113.56519471813
2025-04-22 00:00:00+00:00,1296368.442753286,622813.7723612536,2071337.1277086004,211295.83033326504,74561.33527043377,94866.41176072272
2025-04-23 00:00:00+00:00,1299810.285174667,633778.8987010261,2094335.7730971961,211856.81818850574,75874.04622446871,95919.74051835813
2025-04-24 00:00:00+00:00,1303825.0974537728,638084.7960824731,2110069.5441550766,212511.19472697208,76389.53491875522,96640.3409381348
2025-04-25 00:00:00+00:00,1312956.683169348,657211.4894363248,2176196.9875749117,213999.55708014226,78679.32339013813,99668.95139088604
2025-04-26 00:00:00+00:00,1312808.5156613456,654842.1435467287,2167229.3643158274,213975.40717368101,78395.67264077204,99258.23783333374
2025-04-27 00:00:00+00:00,1300617.992320351,654707.5990033819,2166707.5993975736,211988.4668359003,78379.56538487876,99234.34120882234
2025-04-28 00:00:00+00:00,1318124.510578612,666001.0288870039,2207653.2771917144,214841.86421093016,79731.57982205701,101109.63687048893
2025-04-29 00:00:00+00:00,1307659.001090149,659080.6953320217,2183839.9981786143,213136.08486279284,78903.09892893225,100018.99821876505
2025-04-30 00:00:00+00:00,1306482.2625106757,674644.7454991735,2234560.56740678,212944.28757196484,80766.37879552731,102341.97999742911
2025-05-01 00:00:00+00:00,1338639.4674239845,666053.7872466814,2208305.7634051004,218185.60870357437,79737.89588942548,101139.5204780192
2025-05-02 00:00:00+00:00,1344150.3830797751,674588.2490097913,2237532.4811518816,219083.8359829378,80759.61521085183,102478.09245796906
2025-05-03 00:00:00+00:00,1329850.8312213141,656178.5088202057,2177900.233822994,216753.14388670775,78555.65815108233,99746.9593876235
2025-05-04 00:00:00+00:00,1307947.5670233374,653284.2432821008,2169281.630042607,213183.11838848516,78209.1656476649,99352.2307825619
2025-05-05 00:00:00+00:00,1314274.6525757376,651249.9787222145,2163655.8924577264,214214.37366383313,77965.62979696688,99094.57425188628
2025-05-06 00:00:00+00:00,1343413.430081171,643935.5303981665,2141911.0541616045,218963.71959424665,77089.96670470749,98098.66935747041
2025-05-07 00:00:00+00:00,1346139.268280828,642169.7294325085,2137487.929687859,219408.0055138633,76878.57048377594,97896.09202615039
2025-05-08 00:00:00+00:00,1432585.5753140254,693542.2003319404,2309038.106355213,233497.93829950734,83028.72354137627,105753.02148473318
2025-05-09 00:00:00+00:00,1428567.7108952415,703656.4460528961,2342104.4419774534,232843.06429105773,84239.56970386332,107267.44642724746
2025-05-10 00:00:00+00:00,1454060.5688217361,715505.1743400758,2381028.803936269,236998.15971416637,85658.06274553011,109050.16663233223
2025-05-11 00:00:00+00:00,1444466.7226785726,712703.7632940375,2372203.6866342463,235434.45327080062,85322.68649422782,108645.9797906004
2025-05-12 00:00:00+00:00,1426061.210551532,720837.1087347954,2399349.4629617,232434.52837342164,86296.38541225181,109889.24548607584
2025-05-13 00:00:00+00:00,1444268.611066749,730558.2514916926,2431556.4360797587,235402.16294643108,87460.17050576503,111364.31196970725
2025-05-14 00:00:00+00:00,1436001.4745481436,726899.2967973356,2419090.076840858,234054.69765989014,87022.13178566581,110793.357704033
2025-05-15 00:00:00+00:00,1439551.52919447,698721.9444309514,2325367.579284279,234633.32308726548,83648.8264574007,106500.90481188531
2025-05-16 00:00:00+00:00,1435392.1564815263,692977.7067411132,2306078.0833359133,233955.38456140904,82961.14411755567,105617.45361467783
2025-05-17 00:00:00+00:00,1430713.3650888435,673814.992793886,2242412.5195697257,233192.78568930647,80667.04337233023,102701.59626512937
2025-05-18 00:00:00+00:00,1476878.5037877471,721726.4409235367,2401482.603900428,240717.26792147043,86402.85350662313,109986.94248765518
2025-05-19 00:00:00+00:00,1464662.7309275987,724464.8121209524,2410695.7805741075,238726.21215019166,86730.68282255385,110408.90229335634
2025-05-20 00:00:00+00:00,1482368.6094002791,726253.6075752338,2416746.0861326605,241612.10336003875,86944.8318724235,110686.00386736756
2025-05-21 00:00:00+00:00,1521130.7833103035,726514.6445089725,2417531.1923134285,247929.9721477471,86976.08240540492,110721.96141634608
2025-05-22 00:00:00+00:00,1549601.9746279952,733201.236565923,2439739.4760462316,252570.50782545315,87776.58049054636,111739.09192634941
2025-05-23 00:00:00+00:00,1488865.6436392926,730402.6948317841,2430416.6616793526,242671.05866854684,87441.54774437516,111312.11075816289
2025-05-24 00:00:00+00:00,1495020.0058326446,730373.75438932,2430304.477730224,243674.16166529534,87438.08308426457,111306.9727781747
2025-05-25 00:00:00+00:00,1512254.6061923245,735774.0108261544,2448333.9052710095,246483.23898726897,88084.58505419783,112132.71334643575
2025-05-26 00:00:00+00:00,1518228.4759438122,737419.380590189,2453772.6670760727,247456.9234181878,88281.56362478227,112381.80646119994
2025-05-27 00:00:00+00:00,1511338.6868216945,755155.5553983309,2512844.9816470747,246333.9527677398,90404.88352387698,115087.2948352489
2025-05-28 00:00:00+00:00,1495295.6695390127,755247.8923817666,2513152.5294569675,243719.0922496947,90415.93782146212,115101.38040190007
2025-05-29 00:00:00+00:00,1464884.8434559808,749864.8806148968,2495227.0367099866,238762.41439761154,89771.50032999081,114280.40000561366
2025-05-30 00:00:00+00:00,1442628.2247234702,718104.5228633096,2389620.8264532387,235134.79544268784,85969.24869761772,109443.67782616382
2025-05-31 00:00:00+00:00,1451041.031544887,689346.6775938154,2293942.1626983527,236506.0036147946,82526.44855743347,105061.63330474508
2025-06-01 00:00:00+00:00,1465622.6288563155,698968.2494504413,2325964.728530853,238882.6664599345,83678.31333124956,106528.25400847448
2025-06-02 00:00:00+00:00,1468606.234125138,701481.6980207182,2334270.388434126,239368.9659808667,83979.21560709827,106908.649909165
2025-06-03 00:00:00+00:00,1461931.759583938,697479.3170721073,2320942.8172106612,238281.0895765122,83500.06295981821,106298.2524791463
2025-06-04 00:00:00+00:00,1452497.4571057584,704642.2603402933,2344846.8387228977,236743.38724590902,84357.5883361718,107393.04710102694
2025-06-05 00:00:00+00:00,1408266.6812945693,690062.0192801456,2296328.4234650712,229534.18792178732,82612.0870479009,105170.92309317966
2025-06-06 00:00:00+00:00,1446831.298527257,701754.6091271474,2335237.356780624,235819.856834214,84011.88767924641,106952.9366725756
2025-06-07 00:00:00+00:00,1464363.205038294,713636.6654081934,2374776.920220185,238677.3922550139,85434.37064508449,108763.83285935236
2025-06-08 00:00:00+00:00,1466886.075949367,710848.2729905492,2365498.3781412537,239088.59642074216,85100.55294364018,108338.87934424164
2025-06-09 00:00:00+00:00,1529718.8106959595,743183.0770932779,2473097.6573042236,249329.73961934875,88971.5755134637,113266.88328222124
2025-06-10 00:00:00+00:00,1529876.550823861,739858.1714792928,2462032.917333031,249355.44977257575,88573.52811433989,112760.12261825646
2025-06-11 00:00:00+00:00,1507273.0980370373,738844.7798140898,2458660.7905799896,245671.3001377334,88452.20800379869,112605.6805620677
2025-06-12 00:00:00+00:00,1466022.181686884,703863.6568843673,2342254.3807313405,238947.78980320078,84264.37634264134,107274.31356218891
2025-06-13 00:00:00+00:00,1471500.2174743258,702846.1833120938,2338868.991972772,239840.65797410792,84142.56755883193,107119.26411145277
2025-06-14 00:00:00+00:00,1462455.4790059505,685827.4133850886,2282235.9559130836,238366.45090318937,82105.1331494949,104525.49371732982
2025-06-15 00:00:00+00:00,1464943.9439788358,689208.8675731043,2293488.3660104587,238772.0472254697,82509.95036870694,105040.84959799181
2025-06-16 00:00:00+00:00,1481599.192734191,689460.3021304482,2294325.25658164,241486.6956997072,82540.05133493576,105079.17885133368
2025-06-17 00:00:00+00:00,1450476.2469708438,684709.2385591794,2278514.3374414537,236413.94905561508,81971.26872358554,104355.04508025237
2025-06-18 00:00:00+00:00,1455132.2860495634,684599.1407102365,2278147.948438543,237172.83951511502,81958.08815020732,104338.26461050178
2025-06-19 00:00:00+00:00,1451966.523535416,684879.9856835727,2279082.519293307,236656.85008108953,81991.71004032152,104381.06758175237
2025-06-20 00:00:00+00:00,1433090.4269634834,682956.7826031859,2272682.6555987075,233580.22435719692,81761.47012586653,104087.9563849594
2025-06-21 00:00:00+00:00,1416747.8837914967,671426.3138732981,2233344.708923744,230916.54394397407,80381.07813238996,102286.29416533955
2025-06-22 00:00:00+00:00,1400708.334849358,661702.618015813,2213070.9178019916,228302.24873272813,79216.98738958419,101357.76264298198
2025-06-23 00:00:00+00:00,1461335.7599450063,700303.000403888,2281370.340881085,238183.94725613997,83838.1055801672,104485.84889517445
2025-06-24 00:00:00+00:00,1471727.879347577,723991.2186955059,2294547.806306441,239877.76471240653,86673.98568491232,105089.37153969315
2025-06-25 00:00:00+00:00,1489174.7421484962,721819.1938736414,2302684.051454871,242721.43881049036,86413.95760244917,105462.00831239033
2025-06-26 00:00:00+00:00,1483715.2966663658,713835.8161674594,2299335.496034259,241831.60068402687,85458.21235698939,105308.64581379658
2025-06-27 00:00:00+00:00,1485109.9857655694,714235.1827807453,2301527.02520818,242058.92185411573,85506.02329064316,105409.01697318809
2025-06-28 00:00:00+00:00,1488567.2276189616,723404.9373681266,2331019.596585121,242622.41967154486,86603.79790077294,106759.76494303813
2025-06-29 00:00:00+00:00,1503274.9337925382,725534.0513514951,2337773.6307447245,245019.63707190315,86858.68883059462,107069.09700543387
2025-06-30 00:00:00+00:00,1486482.2000180534,726518.7049816803,2340918.8815465467,242282.5798361459,86976.56851261762,107213.14823382393
2025-07-01 00:00:00+00:00,1466152.7300249275,726452.3858508873,2340708.843629581,238969.06795112215,86968.62899174423,107203.52858125763
2025-07-02 00:00:00+00:00,1510109.9231340743,726476.0657707866,2340785.14899358,246133.67587492403,86971.46387839117,107207.023336401
2025-07-03 00:00:00+00:00,1520309.3415360686,726349.81233119,2341845.5126789287,247796.08488542776,86956.34920775195,107255.58756896592
2025-07-04 00:00:00+00:00,1498104.4704444613,726064.6638739558,2331289.837945332,244176.9003079479,86922.21211787824,106772.14188921922
2025-07-05 00:00:00+00:00,1501071.7051459202,728724.7985907469,2335347.808383329,244660.53158078794,87240.67520473518,106957.99531179061
2025-07-06 00:00:00+00:00,1515024.4229500683,729627.4542313381,2342913.4485841515,246934.6929970993,87348.73834148423,107304.49860617163
2025-07-07 00:00:00+00:00,1501970.976481943,724127.5529360315,2334052.302728447,244807.104327681,86690.30719780717,106898.6616710953
2025-07-08 00:00:00+00:00,1511127.950450294,741380.8840411961,2392006.7204998457,246299.60472662124,88755.8225446929,109552.95081896399
2025-07-09 00:00:00+00:00,1543189.4291646124,744975.1480327663,2403992.600451849,251525.32339057323,89186.11669427456,110101.89932552564
2025-07-10 00:00:00+00:00,1609448.7456341959,761484.9020450307,2516765.1718796142,262324.9670945041,91162.61329529516,115266.83797953257
2025-07-11 00:00:00+00:00,1630503.7924689446,757695.0986351469,2593043.5559796467,265756.7411619177,90708.90977235913,118760.35745430843
2025-07-12 00:00:00+00:00,1629010.186297451,763629.0593295731,2648738.1155632897,265513.29744191596,91419.30516252731,121311.14600128861
2025-07-13 00:00:00+00:00,1652132.0866286617,742380.0223927313,2668154.794760392,269281.9491371007,88875.43629268043,122200.4221404055
2025-07-14 00:00:00+00:00,1662600.093322316,742766.6432174231,2667798.380056934,270988.1355061335,88921.7213400118,122184.09848957942
2025-07-15 00:00:00+00:00,1633700.6313143587,742012.77773334,2675990.047751341,266277.79574486386,88831.47089982899,122559.27359270923
2025-07-16 00:00:00+00:00,1645802.920071936,748367.2225489892,2704842.216754133,268250.35467767325,89592.20534627646,123880.69139003161
2025-07-17 00:00:00+00:00,1653393.4527173874,758771.1247011019,2748820.3194007715,269487.5399138289,90837.728279309,125894.87089674798
2025-07-18 00:00:00+00:00,1636014.0144566265,760930.935074243,2769435.088364261,266654.8553799212,91096.29408581293,126839.01906784071
2025-07-19 00:00:00+00:00,1634836.99840991,767166.9872800087,2784494.709720429,266463.0128645493,91842.85493580055,127528.74370098878
2025-07-20 00:00:00+00:00,1626861.4799641708,770902.2514219224,2798195.462751842,265163.078573684,92290.02918654482,128156.23270851109
2025-07-21 00:00:00+00:00,1628460.246220932,779891.1445403576,2867832.4614943853,265423.66239583696,93366.15162194431,131345.57939096016
2025-07-22 00:00:00+00:00,1664171.1128547324,796434.8203460013,2923331.4471157193,271244.196873893,95346.70923497423,133887.4107287107
2025-07-23 00:00:00+00:00,1647544.8594263177,763148.0551804948,2810309.1637598854,268534.2743644967,91361.72083601198,128711.0353683015
2025-07-24 00:00:00+00:00,1641787.4141247212,753086.003576772,2764285.6039012778,267595.8650778471,90157.12319153598,126603.1747396114
2025-07-25 00:00:00+00:00,1631705.9193011934,789069.5164379076,2885949.7381065306,265952.6764985157,94464.95786974998,132175.34341154338
2025-07-26 00:00:00+00:00,1635946.7286500898,791346.6621406875,2888300.7143223006,266643.88842801703,94737.5706983984,132283.0171816609
2025-07-27 00:00:00+00:00,1656695.1741808257,807901.7803431517,2942215.8102436326,270025.6893743825,96719.49815972566,134752.30700482463
2025-07-28 00:00:00+00:00,1637921.324288105,794892.8830513561,2885646.8081772793,266965.72889492987,95162.11327917808,132161.46934197808
2025-07-29 00:00:00+00:00,1636373.6120041383,796583.9731783539,2890087.116162638,266713.4663888609,95364.56534996895,132364.8336712553
2025-07-30 00:00:00+00:00,1634841.1604185617,804659.7765832788,2925125.7101423074,266463.69123270834,96331.37551373563,133969.5872574903
2025-07-31 00:00:00+00:00,1606037.0084087295,776536.7934171102,2821267.7764412053,261768.88610228035,92964.57909767756,129212.93544484887
2025-08-01 00:00:00+00:00,1571823.216286966,755397.9170478996,2744930.191911544,256192.36065102517,90433.898309696,125716.7046140806
2025-08-02 00:00:00+00:00,1561396.2747453426,733289.5835412147,2663334.7231214326,254492.8675144948,87787.1571167181,121979.66478772699
2025-08-03 00:00:00+00:00,1584460.0456890506,746555.2092263971,2716390.6843413506,258252.04466772522,89375.27672514455,124409.60658528343
2025-08-04 00:00:00+00:00,1596200.1009603033,745314.3240539721,2711684.5632696813,260165.5629584276,89226.72179672266,124194.06812299813
2025-08-05 00:00:00+00:00,1583363.3564093127,741009.0988303949,2696050.765628308,258073.29465782244,88711.31357109388,123478.0464457007
2025-08-06 00:00:00+00:00,1595329.4087503557,748915.6596539395,2724802.245257809,260023.6483395598,89657.86253735283,124794.8527100096
2025-08-07 00:00:00+00:00,1629731.7398640437,757809.7648292315,2757156.6995076514,265630.90386841877,90722.63725386439,126276.67377047331
2025-08-08 00:00:00+00:00,1618670.9244047578,760618.9245659605,2767378.7575327046,263828.0952612691,91058.94115440975,126744.83993844011
2025-08-09 00:00:00+00:00,1615722.9736767185,763548.4954700205,2778038.1102536926,263347.6070942325,91409.66030685877,127233.03402853046
2025-08-10 00:00:00+00:00,1655009.0057423776,771547.6817839174,2805056.3833897677,269750.85982088995,92367.2981098571,128470.46012885148
2025-08-11 00:00:00+00:00,1646573.862807863,774535.4474835051,2815345.6952207624,268376.0110729964,92724.9841629318,128941.70649422388
2025-08-12 00:00:00+00:00,1666663.6011026476,785757.4763106351,2855467.542412755,271650.44895206037,94068.45068683644,130779.27104390538
2025-08-13 00:00:00+00:00,1710674.7615906454,787736.6712605928,2863216.6428594575,278823.8530496576,94305.3937744465,131134.17674414997
2025-08-14 00:00:00+00:00,1641150.6268010025,767966.2020914895,2792513.016248915,267492.07474951644,91938.53445696142,127895.97893207667
2025-08-15 00:00:00+00:00,1627928.757716103,756214.8461968058,2749759.6793434983,265337.03478192963,90531.69853645212,125937.89320631124
2025-08-16 00:00:00+00:00,1628464.4082295839,763341.1399438744,2775832.2115074415,265424.340763996,91384.8363456825,127132.00474847508
2025-08-17 00:00:00+00:00,1628802.2245984848,770221.863927557,2801116.020460303,265479.4016462368,92208.5753036468,128289.99308311909
2025-08-18 00:00:00+00:00,1612459.9588937417,752231.2898547892,2735545.961071113,262815.76645755785,90054.79951275246,125286.91059597654
2025-08-19 00:00:00+00:00,1565927.1760972661,746927.3733883195,2715884.260823523,255231.36170468008,89419.83106559774,124386.41259077389
2025-08-20 00:00:00+00:00,1585326.2984231028,754644.8835069905,2743980.5185657684,258393.23569389002,90343.74746717248,125673.20995478377
2025-08-21 00:00:00+00:00,1560753.2444086461,748130.296692738,2723477.0338576594,254388.05963392564,89563.8413167926,124734.15855806552
2025-08-22 00:00:00+00:00,1622295.3402723288,778943.2754802626,2797334.5155969756,264418.84086641896,93252.6756746892,128116.8016732609
2025-08-23 00:00:00+00:00,1601513.8761396224,774765.2737577306,2790243.6051453,261031.65819932523,92752.49825245093,127792.0408114637
2025-08-24 00:00:00+00:00,1574537.6783296415,782376.9310004683,2787907.2161328895,256634.7923643405,93663.74227566466,127685.03512942404
2025-08-25 00:00:00+00:00,1527623.3780734218,730898.0754760416,2761156.0060685296,248988.20386355225,87500.85318035315,126459.84041094259
2025-08-26 00:00:00+00:00,1550531.628627176,736785.8766231459,2776516.0976199135,252722.03265990713,88205.72249252413,127163.32645882122
2025-08-27 00:00:00+00:00,1543578.1607726866,719660.5682114166,2768696.1816489575,251588.68297662603,86155.53362586579,126805.17743589723
2025-08-28 00:00:00+00:00,1561681.3723379879,722871.76120266,2767976.141917791,254539.33573338794,86539.96770209122,126772.19990427906
2025-08-29 00:00:00+00:00,1503558.9215162098,703985.7720044102,2767976.141917791,245065.92439262054,84278.9955864847,126772.19990427906
2025-08-30 00:00:00+00:00,1509648.3563745946,702368.5124217764,2767976.141917791,246058.44484608827,84085.38227972863,126772.19990427906
2025-08-31 00:00:00+00:00,1501740.817403501,702091.2348457199,2767976.141917791,244769.59056848698,84052.18746736449,126772.19990427906
2025-09-01 00:00:00+00:00,1515490.2904518216,701674.7550735062,2767976.141917791,247010.62500636606,84002.32779934263,126772.19990427906
2025-09-02 00:00:00+00:00,1543272.946804891,708766.3493405686,2767976.141917791,251538.93597829764,84851.31149433009,126772.19990427906
2025-09-03 00:00:00+00:00,1549733.771568634,712364.2843642288,2767976.141917791,252591.98948382225,85282.04512850022,126772.19990427906
2025-09-04 00:00:00+00:00,1536209.4631883735,697867.8324766043,2767976.141917791,250387.65476334636,83546.57482037424,126772.19990427906
2025-09-05 00:00:00+00:00,1535226.1192775853,716353.1720512258,2767976.141917791,250227.378979641,85759.58240430371,126772.19990427906
2025-09-06 00:00:00+00:00,1528677.6148649117,714645.917960644,2767976.141917791,249160.03451823298,85555.1952338706,126772.19990427906
2025-09-07 00:00:00+00:00,1541848.5687106382,717978.8791292944,2767976.141917791,251306.77578200772,85954.20701904182,126772.19990427906
2025-09-08 00:00:00+00:00,1554721.522736899,719714.7946273072,2767976.141917791,253404.94588559636,86162.02544437586,126772.19990427906
2025-09-09 00:00:00+00:00,1547523.467507308,718345.0115353084,2767976.141917791,252231.73076683667,85998.03925636483,126772.19990427906
2025-09-10 00:00:00+00:00,1581008.3531805272,716589.5888028871,2767976.141917791,257689.4513411748,85787.8854853633,126772.19990427906
2025-09-11 00:00:00+00:00,1602133.1830270037,725665.8379621047,2767976.141917791,261132.599381388,86874.46591532507,126772.19990427906
2025-09-12 00:00:00+00:00,1609718.1663275862,726483.7981102774,2778491.9566305336,262368.88012666494,86972.38957011924,127253.82001101755
2025-09-13 00:00:00+00:00,1608176.419589354,733848.623404193,2803147.226654174,262117.58994829055,87854.08363713692,128383.0215141654
2025-09-14 00:00:00+00:00,1599154.8496358069,729720.7567988073,2800257.656030864,260647.15912679053,87359.90823579839,128250.68033566016
2025-09-15 00:00:00+00:00,1600288.3033253017,673195.4074578072,2593848.7830457455,260831.9013887647,80592.86853544945,118797.23653178522
2025-09-16 00:00:00+00:00,1620255.539832103,679066.3229252206,2621888.1270522145,264086.3726316814,81295.7163463618,120081.4272694663
2025-09-17 00:00:00+00:00,1615519.5901872695,696049.7052762795,2689820.1360023306,263314.4575035282,83328.91426474175,123192.68610154443
2025-09-18 00:00:00+00:00,1624203.4825055376,703886.3511508439,2714334.7235164046,264729.8500550594,84267.09322991426,124315.44440203758
2025-09-19 00:00:00+00:00,1604209.8866106083,661342.1705950736,2542913.5333252614,261471.08248046887,79173.8357410855,116464.42247246111
2025-09-20 00:00:00+00:00,1604948.643146295,661079.291693286,2541338.229075474,261591.4928286956,79142.36469339591,116392.27416805932
2025-09-21 00:00:00+00:00,1598659.2931390044,658854.4410417737,2533629.7352146283,260566.3880913228,78876.01246626847,116039.22823320128
2025-09-22 00:00:00+00:00,1562847.9833630752,640272.5424659426,2460548.916666306,254729.48232836233,76651.44513786629,112692.15598143058
2025-09-23 00:00:00+00:00,1553799.9152877785,630506.961174512,2428165.37810475,253254.73256291653,75482.34000067503,111209.00287112627
2025-09-24 00:00:00+00:00,1571949.0476818709,635482.1788287583,2446916.4895622996,256212.86998169965,76077.95764438133,112067.79627404806
2025-09-25 00:00:00+00:00,1512120.034579251,594632.1691463527,2292081.3010963076,246461.30508346055,71187.52104375392,104976.40658785385
2025-09-26 00:00:00+00:00,1521123.4304283522,606946.9159077688,2333086.084595901,247928.7736973328,72661.80437337146,106854.4092671835
2025-09-27 00:00:00+00:00,1521017.8541422193,607469.6575156895,2331002.361840438,247911.56575836556,72724.38537915143,106758.97559862681
2025-09-28 00:00:00+00:00,1556091.1010505704,607306.3199056473,2331002.361840438,253628.17423445915,72704.83110651797,106758.97559862681
2025-09-29 00:00:00+00:00,1585891.2217307677,604162.2060809017,2331002.361840438,258485.31286534152,72328.42754028583,106758.97559862681
2025-09-30 00:00:00+00:00,1582242.1112785295,596383.6329869237,2333289.3445597417,257890.54227578142,71397.20086848825,106863.71849220834
2025-10-01 00:00:00+00:00,1645311.2481165417,563202.479551686,2368766.849155697,268170.21678582055,67424.85597867513,108488.57400907247
2025-10-02 00:00:00+00:00,1672147.32496858,573168.7670171522,2487625.134060167,272544.2442261182,68617.9890372086,113932.23590557619
2025-10-03 00:00:00+00:00,1695768.8050716233,578958.4448029082,2550819.4846682,276394.32271265774,69311.11132455769,116826.51188100135
2025-10-04 00:00:00+00:00,1697974.6696570544,577167.7908855362,2537574.5021562474,276753.8578369404,69096.73978524456,116219.89698092834
2025-10-05 00:00:00+00:00,1713114.8085295486,575593.4114131202,2528949.4734203652,279221.5576890213,68908.25995243572,115824.87411547554
2025-10-06 00:00:00+00:00,1729433.0733177331,585840.5098289844,2531580.2190132826,281881.2809546498,70135.01082796259,115945.36121113798
2025-10-07 00:00:00+00:00,1683295.9588104181,590156.6879282726,2522581.529954452,274361.3664014233,70651.73029793802,115533.22485238593
2025-10-08 00:00:00+00:00,1710668.7960449113,608663.0190020915,2615061.034629165,278822.88072196295,72867.25091911707,119768.74916783348
2025-10-09 00:00:00+00:00,1687866.5379781553,617199.3615793295,2651516.4873928614,275106.32770139124,73889.19540578384,121438.39431952842
2025-10-10 00:00:00+00:00,1564561.4823250032,536178.1162290522,2278223.7357880333,255008.76649943242,64189.58292662042,104341.73564078783
2025-10-11 00:00:00+00:00,1535009.8335613157,555114.0823028974,2354973.231309144,250192.12644764374,66456.53811893845,107856.83183016955
2025-10-12 00:00:00+00:00,1594865.0673184416,588422.8113175208,2496685.0200803247,259947.96506528472,70444.15596187016,114347.1750606737
2025-10-13 00:00:00+00:00,1597739.6279605879,594362.760255482,2528456.0314910673,260416.49134045048,71155.268246002,115802.274672527
2025-10-14 00:00:00+00:00,1568080.3219064416,588348.6754772869,2526368.859764709,255582.30416561506,70435.28064875968,115706.68304248314
2025-10-15 00:00:00+00:00,1536659.0988563849,578420.6982386522,2484959.648888376,250460.9411367929,69246.7339718925,113810.15775109974
2025-10-16 00:00:00+00:00,1501018.4314351778,567789.9970252814,2429921.48944306,244651.84846835243,67974.05935789859,111289.43206784621
2025-10-17 00:00:00+00:00,1476565.2432698917,568759.517379706,2438156.0599491512,240666.20941136792,68090.12733103234,111666.57210258683
2025-10-18 00:00:00+00:00,1487016.4631953172,576930.039597942,2446999.0070702266,242369.6596954926,69068.27693767761,112071.575542898
2025-10-19 00:00:00+00:00,1507240.6343695535,591843.4239564701,2445936.275914143,245666.008866093,70853.6611095101,112022.90288112056
2025-10-20 00:00:00+00:00,1533451.7162557198,592182.3874992887,2445936.275914143,249938.1680211772,70894.24077470397,112022.90288112056
2025-10-21 00:00:00+00:00,1502452.7983501947,582490.6611529137,2445936.275914143,244885.636748224,69733.97732272267,112022.90288112056
2025-10-22 00:00:00+00:00,1492322.0530909544,581244.5122727811,2445936.275914143,243234.42081234415,69584.79223952167,112022.90288112056
2025-10-23 00:00:00+00:00,1527154.4584319906,580261.8352598427,2445936.275914143,248911.77438430223,69467.14919199163,112022.90288112056
2025-10-24 00:00:00+00:00,1540011.0418908878,585281.209024918,2445936.275914143,251007.27623979872,70068.05306848511,112022.90288112056
2025-10-25 00:00:00+00:00,1548909.1389210995,581961.3962639836,2445936.275914143,252457.58213924768,69670.61536995022,112022.90288112056
2025-10-26 00:00:00+00:00,1589324.0464667366,592016.9023109731,2445936.275914143,259044.83092290437,70874.4294006531,112022.90288112056
2025-10-27 00:00:00+00:00,1583056.7551052999,590426.2840386619,2447283.4806141444,258023.32153677434,70684.00550903066,112084.60431739895
2025-10-28 00:00:00+00:00,1566281.0855662872,585308.5606665742,2445814.809344712,255289.04561046907,70071.32752228531,112017.33976083627
2025-10-29 00:00:00+00:00,1526365.2028579959,589146.30721441,2445067.5365889147,248783.13316907934,70530.770649163,111983.11496758522
2025-10-30 00:00:00+00:00,1502802.545810564,576195.7121925246,2449873.98509735,244942.64228585397,68980.36553574118,112203.24838633602
2025-10-31 00:00:00+00:00,1520631.6197393362,611980.2871576943,2447773.859108468,247848.61319320815,73264.38398538518,112107.06345625124
2025-11-01 00:00:00+00:00,1527430.8158064673,683738.475102423,2447404.335507895,248956.8180300614,81855.05193009194,112090.1394231818
2025-11-02 00:00:00+00:00,1533570.8884367817,699095.6696706654,2447404.335507895,249957.59196279725,83693.56768525067,112090.1394231818
2025-11-03 00:00:00+00:00,1478665.1153683246,690550.8244872922,2447404.335507895,241008.4687598674,82670.60529291957,112090.1394231818
2025-11-04 00:00:00+00:00,1408107.6925640723,673730.093488156,2447404.335507895,229508.27425811262,80656.87949047712,112090.1394231818
2025-11-05 00:00:00+00:00,1441236.4490303227,699341.4177096833,2447404.335507895,234907.94913031027,83722.98787912307,112090.1394231818
2025-11-06 00:00:00+00:00,1406010.3176708305,711802.5489625197,2447404.335507895,229166.42193050857,85214.79590653563,112090.1394231818
2025-11-07 00:00:00+00:00,1433660.4834151524,761134.4836397027,2447404.335507895,233673.1381827112,91120.66228945027,112090.1394231818
2025-11-08 00:00:00+00:00,1419424.4715554414,750643.5237095172,2447404.335507895,231352.80250704227,89864.71706894295,112090.1394231818
2025-11-09 00:00:00+00:00,1452859.551858461,742537.2655029554,2447404.335507895,236802.40527574407,88894.26095067718,112090.1394231818
2025-11-10 00:00:00+00:00,1470730.8008082379,724844.7293482155,2447404.335507895,239715.25031377637,86776.16533596962,112090.1394231818
2025-11-11 00:00:00+00:00,1429774.6934042508,694460.5384938796,2447404.335507895,233039.79105717462,83138.66414099457,112090.1394231818
2025-11-12 00:00:00+00:00,1410287.891429484,693697.1561155899,2447404.335507895,229863.62611208126,83047.2743677219,112090.1394231818
2025-11-13 00:00:00+00:00,1383063.4991702368,681082.113458209,2447404.335507895,225426.30692254673,81537.04054379449,112090.1394231818
2025-11-14 00:00:00+00:00,1312336.8213474797,674743.7274865159,2447404.335507895,213898.52544899166,80778.22861239311,112090.1394231818
2025-11-15 00:00:00+00:00,1326241.2598512676,704633.7760550539,2447404.335507895,216164.81779465836,84356.5726238284,112090.1394231818
2025-11-16 00:00:00+00:00,1307723.096023386,688096.8684788746,2447404.335507895,213146.5317324418,82376.82528226111,112090.1394231818
2025-11-17 00:00:00+00:00,1279334.0350097558,681212.5559695815,2447404.335507895,208519.38251974047,81552.65671712844,112090.1394231818
2025-11-18 00:00:00+00:00,1289679.262448183,702035.9158178885,2447404.335507895,210205.557028082,84045.56484473794,112090.1394231818
2025-11-19 00:00:00+00:00,1270175.1187707006,721564.6371983229,2447404.335507895,207026.5655489927,86383.4828659292,112090.1394231818
2025-11-20 00:00:00+00:00,1201949.6694140274,697664.4752051563,2447404.335507895,195906.46072673894,83522.22951786329,112090.1394231818
2025-11-21 00:00:00+00:00,1181031.4139302997,670486.9573687178,2447404.335507895,192496.9823594853,80268.62128190813,112090.1394231818
2025-11-22 00:00:00+00:00,1175625.1034252902,651384.7844136737,2447404.335507895,191615.8047331854,77981.76831670312,112090.1394231818
2025-11-23 00:00:00+00:00,1204624.0374400243,651986.2562976293,2447404.335507895,196342.35749345567,78053.77466721353,112090.1394231818
2025-11-24 00:00:00+00:00,1225018.0185672524,663052.9162332498,2447404.335507895,199666.38408494426,79378.64090877934,112090.1394231818
2025-11-25 00:00:00+00:00,1212115.098078699,669693.6717842949,2447404.335507895,197563.32973061065,80173.65158944114,112090.1394231818
2025-11-26 00:00:00+00:00,1255317.5802856607,671230.5742711838,2447404.335507895,204604.9268949095,80357.64479365118,112090.1394231818
2025-11-27 00:00:00+00:00,1267108.9669969517,669870.5469161742,2447404.335507895,206526.81172623983,80194.82653224797,112090.1394231818
2025-11-28 00:00:00+00:00,1260959.5992139815,671823.3254488517,2447404.335507895,205524.52277128218,80428.60712822268,112090.1394231818
2025-11-29 00:00:00+00:00,1259735.1362686348,669913.9887129143,2447404.335507895,205324.94685889737,80200.02724956546,112090.1394231818
2025-11-30 00:00:00+00:00,1253597.0059090245,670289.3019555138,2447404.335507895,204324.48949796907,80244.95858820107,112090.1394231818
2025-12-01 00:00:00+00:00,1197077.0671517944,664512.07828909,2447404.335507895,195112.2725106978,79553.327269434,112090.1394231818
2025-12-02 00:00:00+00:00,1266331.0875799384,674345.073324962,2447404.335507895,206400.0247173183,80730.50297125343,112090.1394231818
2025-12-03 00:00:00+00:00,1296187.5341105564,683876.9926740751,2447404.335507895,211266.34393061948,81871.63482462503,112090.1394231818
2025-12-04 00:00:00+00:00,1277432.2745231465,679620.9668118302,2447404.335507895,208209.41349561053,81362.11659410904,112090.1394231818
2025-12-05 00:00:00+00:00,1239307.9978058145,667340.0605061741,2447404.335507895,201995.51593440856,79891.884539013,112090.1394231818
2025-12-06 00:00:00+00:00,1238014.306783227,670196.9106589309,2447404.335507895,201784.656498312,80233.89778841422,112090.1394231818
2025-12-07 00:00:00+00:00,1254086.8743273362,668002.7211216122,2447404.335507895,204404.33343028618,79971.21621488598,112090.1394231818
2025-12-08 00:00:00+00:00,1257403.0240874342,672901.852895367,2447404.335507895,204944.83456712437,80557.72509270362,112090.1394231818
2025-12-09 00:00:00+00:00,1285766.558114667,683977.5803711315,2447404.335507895,209567.8231217837,81883.67687208304,112090.1394231818
2025-12-10 00:00:00+00:00,1276562.553448551,684260.5881106892,2447404.335507895,208067.6571626465,81917.55768186874,112090.1394231818
2025-12-11 00:00:00+00:00,1283471.6265440886,691487.6021765636,2447404.335507895,209193.770918898,82782.75341562211,112090.1394231818
2025-12-12 00:00:00+00:00,1252326.483401265,672035.3406903453,2447404.335507895,204117.40631129107,80453.98893608394,112090.1394231818
2025-12-13 00:00:00+00:00,1251932.3411819437,674074.3665637153,2447404.335507895,204053.16484663152,80698.09479648108,112090.1394231818
2025-12-14 00:00:00+00:00,1223244.4479471173,659374.3696530259,2447404.335507895,199377.30880011225,78938.25670880226,112090.1394231818
2025-12-15 00:00:00+00:00,1199103.5491643348,638099.3790305926,2447404.335507895,195442.5699673265,76391.28074412423,112090.1394231818
2025-12-16 00:00:00+00:00,1218961.0473763514,634920.524977471,2447404.335507895,198679.15490311693,76010.71818538058,112090.1394231818
2025-12-17 00:00:00+00:00,1196483.4259844322,623430.0014042283,2447404.335507895,195015.51459894906,74635.10830230237,112090.1394231818
2025-12-18 00:00:00+00:00,1186400.127623822,610893.8215691828,2447404.335507895,193372.03206008207,73134.31569113785,112090.1394231818
2025-12-19 00:00:00+00:00,1222755.6893977793,618417.5334395033,2447404.335507895,199297.6457659709,74035.03116683179,112090.1394231818
2025-12-20 00:00:00+00:00,1225862.7675899372,617751.9110800065,2447404.335507895,199804.07020895413,73955.34492013596,112090.1394231818
2025-12-21 00:00:00+00:00,1229996.4745828616,612448.9045933717,2447404.335507895,200477.82546449656,73320.48541294779,112090.1394231818
2025-12-22 00:00:00+00:00,1229468.3156849537,613269.024389335,2447404.335507895,200391.74054511645,73418.6676140846,112090.1394231818
2025-12-23 00:00:00+00:00,1213724.9630251983,611102.2644037622,2447404.335507895,197825.72253452105,73159.26982151114,112090.1394231818
2025-12-24 00:00:00+00:00,1216270.0313157474,610749.6396087392,2447404.335507895,198240.5446637641,73117.05467352767,112090.1394231818
2025-12-25 00:00:00+00:00,1210107.7613059569,610786.3553622508,2447404.335507895,197236.15276751347,73121.450169788,112090.1394231818
2025-12-26 00:00:00+00:00,1212109.54873383,611106.5537332408,2447404.335507895,197562.42523973194,73159.78332674743,112090.1394231818
2025-12-27 00:00:00+00:00,1219149.5863682758,612192.4236530547,2447404.335507895,198709.8849807207,73289.78030938382,112090.1394231818
2025-12-28 00:00:00+00:00,1220199.7998847358,612214.2184976268,2447404.335507895,198881.0598795144,73292.38952065277,112090.1394231818
2025-12-29 00:00:00+00:00,1210272.299381323,616971.9615282984,2447404.335507895,197262.97092206686,73861.97177618885,112090.1394231818
2025-12-30 00:00:00+00:00,1227591.2497830116,620822.6576565793,2447404.335507895,200085.79650539672,74322.96518671795,112090.1394231818
2025-12-31 00:00:00+00:00,1215975.4998368248,615940.2514706724,2447404.335507895,198192.53881037718,73738.45864445946,112090.1394231818
2026-01-01 00:00:00+00:00,1232496.1769791066,612580.0143040589,2447404.335507895,200885.25338080627,73336.18146131664,112090.1394231818
2026-01-02 00:00:00+00:00,1248535.0322531366,615678.2512647804,2447404.335507895,203499.43553069237,73707.09279152018,112090.1394231818
2026-01-03 00:00:00+00:00,1257315.205704882,615860.9057909062,2447404.335507895,204930.52099896898,73728.95962550087,112090.1394231818
2026-01-04 00:00:00+00:00,1269825.093843088,613769.4259508235,2458338.9611390587,206969.51478681876,73478.57413871799,112590.94090242861
2026-01-05 00:00:00+00:00,1302149.750237819,618007.3053355983,2466565.4272614876,212238.12893069303,73985.91992917134,112967.70975963987
2026-01-06 00:00:00+00:00,1300599.5407486616,620562.674186484,2516198.2214706843,211985.45940372863,74291.84077114012,115240.87187762573
2026-01-07 00:00:00+00:00,1267528.0812681837,603218.1001189935,2440282.0591786224,206595.12339985353,72215.40209948708,111763.94201673938
2026-01-08 00:00:00+00:00,1263863.1551830687,605285.813860501,2435409.9129368407,205997.77501128914,72462.94238257899,111540.7996680853
2026-01-09 00:00:00+00:00,1257499.3052209113,598613.322491466,2406622.9463263107,204960.52748386978,71664.13238810902,110222.3681142427
2026-01-10 00:00:00+00:00,1255604.4814153884,589751.1181158533,2380456.3537560585,204651.6890733382,70603.17673650231,109023.94864310106
2026-01-11 00:00:00+00:00,1262665.329093093,593448.0062256895,2388457.270790603,205802.5406551221,71045.75672758011,109390.38744232354
2026-01-12 00:00:00+00:00,1266585.247574939,587159.0250832788,2353485.3956349455,206441.4503995627,70292.85938927796,107788.68955153582
2026-01-13 00:00:00+00:00,1323712.9783289472,588191.8266292611,2361197.7126729432,215752.73175032338,70416.50319061178,108141.91058637784
2026-01-14 00:00:00+00:00,1345047.157210607,588088.5609437963,2359667.8785608965,219230.00170893545,70404.14054267823,108071.84479609312
2026-01-15 00:00:00+00:00,1326360.0158314642,586120.5089151608,2343767.535337187,216184.17389946253,70168.53145108669,107343.6154377627
2026-01-16 00:00:00+00:00,1325612.7965448522,588825.076439046,2353307.6364262425,216062.38420264577,70492.31389595041,107780.54825089412
2026-01-17 00:00:00+00:00,1320019.473117757,589053.0783034445,2355340.225630838,215150.72523373368,70519.60957277732,107873.64002327828
2026-01-18 00:00:00+00:00,1299561.3970572918,573626.0235493667,2284999.0200092094,211816.25177259612,68672.73037260617,104652.04094750204
2026-01-19 00:00:00+00:00,1285103.4114028204,564351.7308769795,2244410.3722994546,209459.73646177925,67562.44078681181,102793.09712086183
2026-01-20 00:00:00+00:00,1226788.9532485749,552353.1576280294,2191595.968401882,199955.0297366089,66126.00877056071,100374.21855202797
2026-01-21 00:00:00+00:00,1241037.8673351062,559117.4493729676,2216226.4913974395,202277.46835357082,66935.8088216245,101502.28665119025
2026-01-22 00:00:00+00:00,1242493.7379614906,560629.8474361817,2220481.242768191,202514.76153559732,67116.86843215003,101697.15256175486
2026-01-23 00:00:00+00:00,1243056.8577320732,561584.3013155782,2219978.8772136234,202606.54474751325,67231.1326935713,101674.14442033909
2026-01-24 00:00:00+00:00,1237855.4567863515,561190.5412096758,2219875.617163829,201758.76544690924,67183.99295361179,101669.41515137024
2026-01-25 00:00:00+00:00,1202409.293902803,549477.7042646252,2219239.8408789565,195981.37518376714,65781.76840241595,101640.29685188069
2026-01-26 00:00:00+00:00,1225671.037724713,568060.3108988386,2219239.8408789565,199772.8200490951,68006.42049737397,101640.29685188069
2026-01-27 00:00:00+00:00,1238197.573897526,584762.3021109933,2219239.8408789565,201814.527309581,70005.93114039002,101640.29685188069
2026-01-28 00:00:00+00:00,1238891.1032725303,573757.5620153446,2219239.8408789565,201927.56605714632,68688.47775023006,101640.29685188069
2026-01-29 00:00:00+00:00,1174382.3276418755,555373.8103518528,2219239.8408789565,191413.24400090086,66487.63195628871,101640.29685188069
2026-01-30 00:00:00+00:00,1168976.2946041094,546123.8607634015,2219239.8408789565,190532.11159914488,65380.25664908519,101640.29685188069
2026-01-31 00:00:00+00:00,1092403.6594290952,523400.8983022747,2219239.8408789565,178051.49420942494,62659.93398188057,101640.29685188069
2026-02-01 00:00:00+00:00,1067807.8531006756,504014.8749675788,2219239.8408789565,174042.6097368579,60339.09932862838,101640.29685188069
2026-02-02 00:00:00+00:00,1092369.2534909074,504776.02541949967,2219239.8408789565,178045.886365977,60430.221902591,101640.29685188069
2026-02-03 00:00:00+00:00,1051187.565217995,501337.96537552273,2219239.8408789565,171333.6595551562,60018.62800567543,101640.29685188069
2026-02-04 00:00:00+00:00,1015056.058243124,497107.86516974785,2219239.8408789565,165444.5646684948,59512.21351443105,101640.29685188069
2026-02-05 00:00:00+00:00,872771.2720026107,489224.4075716447,2219239.8408789565,142253.48637548368,58568.43039474521,101640.29685188069
2026-02-06 00:00:00+00:00,979185.509210718,494482.6512837984,2219239.8408789565,159598.0034654042,59197.93104125328,101640.29685188069
2026-02-07 00:00:00+00:00,961276.6634494539,496122.52951242466,2219239.8408789565,156679.03050166875,59394.252182232114,101640.29685188069
2026-02-08 00:00:00+00:00,975718.8334710485,517958.43217714486,2219239.8408789565,159032.96801348135,62008.378798835576,101640.29685188069
2026-02-09 00:00:00+00:00,973049.8760562988,505345.83699930395,2219239.8408789565,158597.95312537134,60498.43797957607,101640.29685188069
2026-02-10 00:00:00+00:00,955060.1485935686,505816.7221557365,2219239.8408789565,155665.7972070788,60554.8108916418,101640.29685188069
2026-02-11 00:00:00+00:00,930660.0954054035,511433.19664020813,2219239.8408789565,151688.81865025786,61227.19781636706,101640.29685188069
2026-02-12 00:00:00+00:00,919417.8163689008,504465.8146441191,2219239.8408789565,149856.43319137473,60393.08442963507,101640.29685188069
2026-02-13 00:00:00+00:00,955235.9240922948,502511.06855244667,2219239.8408789565,155694.4469556616,60159.06828359323,101640.29685188069
2026-02-14 00:00:00+00:00,968679.0733038461,500355.88384559203,2219239.8408789565,157885.5534970365,59901.05624752623,101640.29685188069
2026-02-15 00:00:00+00:00,954939.3116090461,496309.32825946424,2219239.8408789565,155646.10191819517,59416.61514950132,101640.29685188069
2026-02-16 00:00:00+00:00,955769.6323350713,496147.06234226935,2219239.8408789565,155781.4363659204,59397.1891766153,101640.29685188069
2026-02-17 00:00:00+00:00,936500.7808800349,495235.09137497423,2219239.8408789565,152640.79530008792,59288.01083781333,101640.29685188069
2026-02-18 00:00:00+00:00,922037.5233479381,493546.0357340457,2219239.8408789565,150283.42072293628,59085.80232939158,101640.29685188069
2026-02-19 00:00:00+00:00,929567.0131998305,493428.0779828584,2219239.8408789565,151510.65655942625,59071.68079286763,101640.29685188069
2026-02-20 00:00:00+00:00,943666.2337085203,493281.1537990214,2219239.8408789565,153808.69653493524,59054.09148476855,101640.29685188069
2026-02-21 00:00:00+00:00,943054.6959039556,493281.1537990214,2219239.8408789565,153709.0216401027,59054.09148476855,101640.29685188069
2026-02-22 00:00:00+00:00,938441.3867807271,493281.1537990214,2219239.8408789565,152957.09576036874,59054.09148476855,101640.29685188069
2026-02-23 00:00:00+00:00,896996.3820937806,490970.170852692,2219239.8408789565,146201.9508573537,58777.42776615446,101640.29685188069
2026-02-24 00:00:00+00:00,888701.9150516952,489774.8590004791,2219239.8408789565,144850.03095323514,58634.32873443641,101640.29685188069
2026-02-25 00:00:00+00:00,943222.7023198649,495367.0549439263,2219239.8408789565,153736.40510145528,59303.80910744824,101640.29685188069
2026-02-26 00:00:00+00:00,936246.3434177907,494749.5209649679,2219239.8408789565,152599.32439329958,59229.87985268652,101640.29685188069
2026-02-27 00:00:00+00:00,913867.5003645404,489990.4491580542,2219239.8408789565,148951.78402677257,58660.13852017545,101640.29685188069
2026-02-28 00:00:00+00:00,929144.2918544337,501116.1505145989,2219239.8408789565,151441.75696674138,59992.07301773642,101640.29685188069
2026-03-01 00:00:00+00:00,912540.790739982,497911.3219195877,2219239.8408789565,148735.54286994773,59608.400867310214,101640.29685188069
2026-03-02 00:00:00+00:00,954904.3507363714,499699.8081102632,2219239.8408789565,155640.40362565938,59822.512893099105,101640.29685188069
2026-03-03 00:00:00+00:00,948077.8241457605,496970.6006961607,2219239.8408789565,154527.74417122852,59495.78063691609,101640.29685188069
2026-03-04 00:00:00+00:00,1008132.4181173055,503313.94642103894,2219239.8408789565,164316.07662368673,60255.18633460285,101640.29685188069
2026-03-05 00:00:00+00:00,983492.6332307991,497424.68548546766,2219239.8408789565,160300.024060906,59550.14226107921,101640.29685188069
2026-03-06 00:00:00+00:00,944970.4684863592,490393.73489838943,2219239.8408789565,154021.27450370137,58708.418639577605,101640.29685188069
2026-03-07 00:00:00+00:00,933162.7112077046,486422.5948844426,2219239.8408789565,152096.72142427886,58233.00606020713,101640.29685188069
2026-03-08 00:00:00+00:00,915242.3505558372,482506.7940637107,2219239.8408789565,149175.8716419701,57764.21851760046,101640.29685188069
2026-03-09 00:00:00+00:00,949384.1399279251,489424.443065975,2219239.8408789565,154740.66132407414,58592.37802439091,101640.29685188069
2026-03-10 00:00:00+00:00,970422.6774616885,495084.603142088,2219239.8408789565,158169.74453112355,59269.994852803946,101640.29685188069
2026-03-11 00:00:00+00:00,973797.0953429108,493959.1617150955,2219239.8408789565,158719.74282218807,59135.26049192576,101640.29685188069
2026-03-12 00:00:00+00:00,978645.5579549636,496071.9501167899,2219239.8408789565,159509.99650290687,59388.196973688144,101640.29685188069
2026-03-13 00:00:00+00:00,984037.5788969357,493257.62174835755,2219239.8408789565,160388.84506519418,59051.27430056836,101640.29685188069
2026-03-14 00:00:00+00:00,987949.1733614781,495970.6601729315,2219239.8408789565,161026.39807331673,59376.07085541861,101640.29685188069
2026-03-15 00:00:00+00:00,1010192.19619906,499819.55248543865,2219239.8408789565,164651.80102558763,59836.848318711745,101640.29685188069
2026-03-16 00:00:00+00:00,1038902.1480797406,503783.7910205489,2218951.2702803006,169331.2524233497,60311.43467441757,101627.08043391188
2026-03-17 00:00:00+00:00,1025371.3192192587,506138.5075248813,2230571.684233417,167125.85492609136,60593.33403910361,102159.29074393796
2026-03-18 00:00:00+00:00,988429.0529590255,496680.59609131236,2184494.1397577184,161104.61392205214,59461.062184094975,100048.95764138296
2026-03-19 00:00:00+00:00,970164.2167244144,490268.73810337635,2162654.1938238507,158127.61786844817,58693.454410534694,99048.69685520847
2026-03-20 00:00:00+00:00,978220.8943388627,492185.1140621122,2174672.2701129625,159440.78033841448,58922.87700313694,99599.11994112878
2026-03-21 00:00:00+00:00,956126.0390092835,480556.5493003832,2126310.5821463848,155839.52729260482,57530.74125664239,97384.17398051819
2026-03-22 00:00:00+00:00,941432.4836651228,474739.8322005824,2104596.327492904,153444.6163439872,56834.38190638712,96389.66980469956
2026-03-23 00:00:00+00:00,983710.8612177728,481272.5210115948,2139569.106903312,160335.59316471082,57616.45517173678,97991.40910999311
2026-03-24 00:00:00+00:00,978859.2077324205,481179.7328511474,2136869.9032850284,159544.81940173678,57605.3468606376,97867.78666415719
2026-03-25 00:00:00+00:00,989677.5168209308,475368.32768701506,2093268.99928822,161308.10175748734,56909.623438863506,95870.88270469566
2026-03-26 00:00:00+00:00,954769.0854551892,463299.994815629,2053833.4662999972,155618.3566604911,55464.8400167386,94064.75107097029
2026-03-27 00:00:00+00:00,921292.2463320302,453832.84371945786,2036421.3000438518,150161.9475979271,54331.462017948885,93267.28082259552
2026-03-28 00:00:00+00:00,920872.5771263115,452358.1647208361,2031783.3248004012,150093.54547522552,54154.91801697788,93054.86341197926
2026-03-29 00:00:00+00:00,915793.5392349513,449800.2170490732,2027185.75562855,149265.7101984968,53848.688446563174,92844.2965832768
2026-03-30 00:00:00+00:00,926704.106181909,451492.019488844,2031146.9038452993,151044.02971510575,54051.225793232385,93025.71558685112
2026-03-31 00:00:00+00:00,947335.3218022871,451360.0365601268,2031182.9223240844,154406.72329165868,54035.42520590636,93027.36521876941
2026-04-01 00:00:00+00:00,944969.0811501419,450956.23980073445,2031182.9223240844,154021.0483809817,53987.083908885856,93027.36521876941
2026-04-02 00:00:00+00:00,928155.5373323984,433186.04604468716,2031182.9223240844,151280.5993044293,51859.691366742976,93027.36521876941
2026-04-03 00:00:00+00:00,929019.986529368,424573.19914765924,2031182.9223240844,151421.49637105854,50828.5880199311,93027.36521876941
2026-04-04 00:00:00+00:00,933683.1010227959,431827.7927736613,2031182.9223240844,152181.5400564288,51697.08549317797,93027.36521876941
2026-04-05 00:00:00+00:00,957736.1814230263,427872.77831571305,2031182.9223240844,156101.96532105914,51223.603415412595,93027.36521876941
2026-04-06 00:00:00+00:00,955231.7620836429,412926.038131505,2020755.7366628922,155693.7685875026,49434.22598747033,92549.80428713368
2026-04-07 00:00:00+00:00,997830.7530360998,434936.0192370063,2125345.6693268907,162637.002368743,52069.19273568684,97339.98135942194
2026-04-08 00:00:00+00:00,985978.8784657365,429356.0025977836,2101811.1288465355,160705.25858683483,51401.17043124372,96262.1088209817
2026-04-09 00:00:00+00:00,995940.5074400938,445315.270823559,2195122.4942475813,162328.91016318635,53311.76457938118,100535.73202488935
2026-04-10 00:00:00+00:00,1012237.9621850197,440553.24828550627,2203973.9308408997,164985.2415880198,52741.669994479846,100941.12427963282
2026-04-11 00:00:00+00:00,1013354.2129054208,457881.4976104298,2216650.8697201163,165167.17992826996,54816.15431852892,101521.72300858606
2026-04-12 00:00:00+00:00,981415.2359790858,462587.916336262,2291357.7241006736,159961.42790046526,55379.592187298935,104943.26705093827
2026-04-13 00:00:00+00:00,1032427.7274210685,487141.47043842706,2386980.3790520593,168275.9829151723,58319.067614361855,109322.74639156443
2026-04-14 00:00:00+00:00,1028453.8415603713,478396.79456130805,2367290.614451876,167628.27699693636,57272.1821104765,108420.96305024081
2026-04-15 00:00:00+00:00,1037866.0853926968,478100.7415332884,2374155.5035556788,169162.38397629673,57236.7395591721,108735.37222473067
2026-04-16 00:00:00+00:00,1042642.6839886956,482548.18564573745,2383498.500753034,169940.92450013635,57769.17378956432,109163.27775847836
2026-04-17 00:00:00+00:00,1069247.7693605616,486778.6976226581,2402818.871752394,174277.30250760814,58275.637576774534,110048.14302066906
2026-04-18 00:00:00+00:00,1050099.1999555607,475865.72191481607,2311941.1983040664,171156.2662815714,56969.169934825004,105885.98193453881
2026-04-19 00:00:00+00:00,1023878.9616503605,461513.82087396545,2232257.3621617067,166882.61471653738,55251.004806237805,102236.49411865752
2026-04-20 00:00:00+00:00,1052169.2443253226,471435.24844259035,2289039.3637617817,171493.66399159792,56438.7673769031,104837.08707493292
2026-04-21 00:00:00+00:00,1059039.0558059115,472823.57922457415,2291163.154218804,172613.37847488257,56604.974036896034,104934.35582819102
2026-04-22 00:00:00+00:00,1084594.8987966697,463561.2613179595,2246145.6170639005,176778.73986946448,55496.118032960636,102872.57063684693
2026-04-23 00:00:00+00:00,1085694.362748842,471846.40214022866,2279699.708011986,176957.9421248066,56487.98942377768,104409.33457814663
2026-04-24 00:00:00+00:00,1074313.3500906143,465216.1695738479,2248189.709187424,175102.94439395602,55694.23852223834,102966.18923831602
2026-04-25 00:00:00+00:00,1076919.738641966,465430.5794865113,2250601.713204191,175527.7611474087,55719.9070127131,103076.65805730363
2026-04-26 00:00:00+00:00,1091244.6787532028,461809.64224169764,2235256.5821825005,177862.59128940877,55286.41962389031,102373.85719569965
2026-04-27 00:00:00+00:00,1073400.3441260408,458447.10132227454,2217060.031139571,174954.13303213817,54883.86664259843,101540.46243790218
2026-04-28 00:00:00+00:00,1059130.8974634937,465245.35760791856,2239175.3656096263,172628.34779892507,55697.73282324902,102553.33590885827
2026-04-29 00:00:00+00:00,1051323.385433664,459406.34922025923,2210571.4632696286,171355.7969694123,54998.704829072594,101243.28862536678
2026-04-30 00:00:00+00:00,1059183.6162397496,468384.8405931918,2245646.996666032,172636.9404622727,56073.58199972645,102849.73402210968
2026-05-01 00:00:00+00:00,1085328.7996555963,469037.53845250024,2251272.74057844,176898.35878817234,56151.72096530147,103107.39084258355
2026-05-02 00:00:00+00:00,1091651.1682648577,469115.2040849142,2251344.306199586,177928.84524627344,56161.01885419602,103110.66851940048
2026-05-03 00:00:00+00:00,1090010.2269870918,468657.1117753005,2249627.1561240177,177661.38729344233,56106.17746211759,103032.02373292671
2026-05-04 00:00:00+00:00,1107940.715193345,467985.9133844423,2246661.119494994,180583.8877716047,56025.82367022243,102896.18044195187
2026-05-05 00:00:00+00:00,1122431.5807161655,465154.4721501589,2234165.121377918,182945.7621908779,55686.85229782079,102323.86872751494
2026-05-06 00:00:00+00:00,1129943.867598964,461462.03138368943,2217867.520001299,184170.19410564387,55244.80472891242,101577.44510471397
2026-05-07 00:00:00+00:00,1109952.213974739,462551.5562725088,2222723.2353253476,180911.74310286093,55375.239273114545,101799.83492390945
2026-05-08 00:00:00+00:00,1112548.89117257,464897.688412502,2233323.770306132,181334.97699727587,55656.110944297354,102285.33518502992
2026-05-09 00:00:00+00:00,1119280.6626995422,464190.69551857625,2229973.4656619723,182432.1922699529,55571.47194539089,102131.89257269751
2026-05-10 00:00:00+00:00,1140530.0753383283,475122.36560427665,2282411.4548296276,185895.6461303929,56880.17762034007,104533.53149749496
2026-05-11 00:00:00+00:00,1134087.0084781656,469228.8414340648,2253991.3856885815,184845.48699568008,56174.62316557331,103231.90370096857
2026-05-12 00:00:00+00:00,1116867.6688168757,457759.9297474318,2198566.9040475236,182038.8970236229,54801.600590603644,100693.48461570752
2026-05-13 00:00:00+00:00,1100346.436740107,443083.1861332886,2127613.4764978066,179346.09200410597,53044.54631554566,97443.84602055892
2026-05-14 00:00:00+00:00,1124990.7998361306,450284.3825683156,2162361.372096685,183362.89077186165,53906.6512425203,99035.28573725463
2026-05-15 00:00:00+00:00,1097566.214960734,445531.087306646,2139529.727485168,178892.94207387808,53337.60146010936,97989.60554839672
2026-05-16 00:00:00+00:00,1084176.200726303,441985.4679378417,2122421.0751771857,176710.49603266668,52913.13089405801,97206.03611741978
2026-05-17 00:00:00+00:00,1074598.308949638,437956.48331972543,2103217.0201151976,175149.39000057717,52430.79333788635,96326.49807862571
2026-05-18 00:00:00+00:00,1068274.8304714027,441920.90561578964,2122280.2817503307,174118.72264430035,52905.40169288427,97199.58783479761
2026-05-19 00:00:00+00:00,1065950.9035738837,437063.53628372354,2098954.4005439174,173739.94447657344,52323.892485200224,96131.27180762474
2026-05-20 00:00:00+00:00,1075910.1740766715,442827.1629281592,2126776.9621969652,175363.21164430148,53013.896010620185,97405.5340002481
2026-05-21 00:00:00+00:00,1076788.2191685704,446387.1794933118,2143843.4813709,175506.32471358354,53440.090164413996,98187.17375054206
2026-05-22 00:00:00+00:00,1047986.8418311727,438652.9274700151,2106697.730691805,170811.9718285949,52514.16947388604,96485.91323049218
2026-05-23 00:00:00+00:00,1064808.4321989764,448403.110907957,2144111.5278768446,173553.73241692138,53681.43122776219,98199.45017327587
2026-05-24 00:00:00+00:00,1069150.1008908672,449004.57299179933,2150461.502033583,174261.3834681431,53753.43640503339,98490.27644919432
2026-05-25 00:00:00+00:00,1072716.2486373135,454814.79032954894,2180165.5285126516,174842.6319190666,54449.01762391298,99850.7089781241
2026-05-26 00:00:00+00:00,1053404.5284931639,445365.38127027487,2152564.4816545146,171695.00366119616,53317.76364681349,98586.59207448532
2026-05-27 00:00:00+00:00,1032862.1023906899,440382.64685259265,2128194.358033025,168346.7819387024,52721.24611947654,97470.45016247628
2026-05-28 00:00:00+00:00,1021322.3784692083,433287.67511647724,2093179.2231512272,166465.91576872102,51871.85808435788,95866.7709935384
2026-05-29 00:00:00+00:00,1019148.0064159092,428182.62210775993,2078506.7189755742,166111.51363017503,51260.69695426084,95194.77617238236
2026-05-30 00:00:00+00:00,1025024.7626321892,430754.63499568775,2078366.4547427376,167069.36947071666,51568.61036877895,95188.35212663452
2026-05-31 00:00:00+00:00,1022111.4953095814,431939.51782004395,2078366.4547427376,166594.53437167194,51710.46086959247,95188.35212663452
2026-06-01 00:00:00+00:00,990681.5320413561,424623.06186996953,2078366.4547427376,161471.74676971583,50834.55743056505,95188.35212663452
2026-06-02 00:00:00+00:00,926197.1735281252,414046.23185583326,2078366.4547427376,150961.40447333665,49568.332109643656,95188.35212663452
2026-06-03 00:00:00+00:00,889875.6014914905,427867.7664368226,2078366.4547427376,145041.33077407986,51223.00340879929,95188.35212663452
2026-06-04 00:00:00+00:00,886313.477020074,403430.64516329765,2078366.4547427376,144460.73807904334,48297.46695925739,95188.35212663452
2026-06-05 00:00:00+00:00,847058.5212856815,396379.69083271,2078366.4547427376,138062.5505013066,47453.34855155699,95188.35212663452
2026-06-06 00:00:00+00:00,844674.3839963337,394756.78279421746,2078366.4547427376,137673.9586075458,47259.05902916518,95188.35212663452
2026-06-07 00:00:00+00:00,878627.9118437406,408313.5794125524,2078366.4547427376,143208.06343659,48882.036719623895,95188.35212663452
2026-06-08 00:00:00+00:00,875214.787282057,408913.8229692863,2078366.4547427376,142651.75632164654,48953.89601860485,95188.35212663452
2026-06-09 00:00:00+00:00,856402.6469097398,404960.5651495957,2078366.4547427376,139585.55485513093,48480.6242401294,95188.35212663452
2026-06-10 00:00:00+00:00,853364.2418603359,395748.9612739845,2078366.4547427376,139090.32348677158,47377.83956286717,95188.35212663452
2026-06-11 00:00:00+00:00,882706.4028552184,407539.24149948737,2078366.4547427376,143872.8190078894,48789.33538366957,95188.35212663452
2026-06-12 00:00:00+00:00,882068.5056625259,403290.75266082434,2078366.4547427376,143768.847781383,48280.71946226616,95188.35212663452
2026-06-13 00:00:00+00:00,894249.3176499996,405251.30422328523,2078366.4547427376,145754.205260126,48515.4306212847,95188.35212663452
2026-06-14 00:00:00+00:00,912124.312407563,413603.94635761285,2078366.4547427376,148667.66082950143,49515.38306005369,95188.35212663452
2026-06-15 00:00:00+00:00,920202.6324670005,412013.00226413226,2078366.4547427376,149984.35081389468,49324.92016213031,95188.35212663452
2026-06-16 00:00:00+00:00,911133.1994139579,407976.9483695115,2078366.4547427376,148506.11875856586,48841.73629407704,95188.35212663452
2026-06-17 00:00:00+00:00,894962.2697320455,405186.40998254734,2078366.4547427376,145870.40972576677,48507.66168383421,95188.35212663452
2026-06-18 00:00:00+00:00,873439.2743912176,400764.79859426303,2078366.4547427376,142362.36446500698,47978.32006714593,95188.35212663452
2026-06-19 00:00:00+00:00,881567.6772880979,398921.80158206885,2078366.4547427376,143687.2174795805,47757.6821746863,95188.35212663452
2026-06-20 00:00:00+00:00,892029.5797023962,398505.25817267946,2078366.4547427376,145392.40890864664,47707.81488821893,95188.35212663452
2026-06-21 00:00:00+00:00,878350.1671330468,394898.92397943593,2078366.4547427376,143162.79366811115,47276.07573148799,95188.35212663452
2026-06-22 00:00:00+00:00,888172.7850184353,393267.20602631685,2078366.4547427376,144763.78774795125,47080.7315134113,95188.35212663452
2026-06-23 00:00:00+00:00,870339.4103473895,394080.36166073434,2078366.4547427376,141857.11586016606,47178.0799867037,95188.35212663452
2026-06-24 00:00:00+00:00,847357.0760396342,398930.8282169128,2078366.4547427376,138111.21211058056,47758.762815444155,95188.35212663452
2026-06-25 00:00:00+00:00,829543.8177437385,402290.60306232853,2078366.4547427376,135207.81900223065,48160.984650925515,95188.35212663452
2026-06-26 00:00:00+00:00,833751.1922897991,405237.1437165862,2078366.4547427376,135893.5813741878,48513.73536929375,95188.35212663452
2026-06-27 00:00:00+00:00,832804.057854281,402880.97955967835,2078366.4547427376,135739.20739346597,48231.6626961264,95188.35212663452
2026-06-28 00:00:00+00:00,826533.4368859231,413137.3598919016,2078366.4547427376,134717.15531280875,49459.52477392324,95188.35212663452
2026-06-29 00:00:00+00:00,836011.7179221897,434377.8657041578,2078366.4547427376,136262.0257336256,52002.37232396526,95188.35212663452
2026-06-30 00:00:00+00:00,813321.8340890311,431972.35520233406,2078366.4547427376,132563.78865334752,51714.39205926585,95188.35212663452
