date,equity,cash,reserved,invested,open_positions,open_orders,mode,daily_return,peak,drawdown
2020-01-01 00:00:00+00:00,100000.0,100000.0,100000.00000000003,0.0,0,11,momentum_only,0.0,100000.0,0.0
2020-01-02 00:00:00+00:00,92894.28418251326,-2.546585164964199e-11,7.275957614183426e-12,92894.2841825133,11,0,momentum_only,-0.07105715817486735,100000.0,-0.07105715817486735
2020-01-03 00:00:00+00:00,96169.579576963,-2.546585164964199e-11,7.275957614183426e-12,96169.57957696303,11,0,momentum_only,0.03525830919817019,100000.0,-0.038304204230369954
2020-01-04 00:00:00+00:00,98513.80244385914,-2.546585164964199e-11,7.275957614183426e-12,98513.80244385917,11,0,momentum_only,0.024375929240910255,100000.0,-0.014861975561408669
2020-01-05 00:00:00+00:00,97015.4275537264,-2.546585164964199e-11,7.275957614183426e-12,97015.42755372643,11,0,momentum_only,-0.015209796525584629,100000.0,-0.029845724462735923
2020-01-06 00:00:00+00:00,99612.46552288516,-2.546585164964199e-11,7.275957614183426e-12,99612.46552288519,11,0,momentum_only,0.02676932973078472,100000.0,-0.00387534477114837
2020-01-07 00:00:00+00:00,99525.4195406731,99525.4195406731,99525.41954067309,0.0,0,11,momentum_only,-0.0008738462777237999,100000.0,-0.00474580459326901
2020-01-08 00:00:00+00:00,97879.32853684068,1.2732925824820995e-11,1.6370904631912708e-11,97879.32853684067,11,0,momentum_only,-0.016539402812160042,100000.0,-0.021206714631593182
2020-01-09 00:00:00+00:00,97004.71598297455,1.2732925824820995e-11,1.6370904631912708e-11,97004.71598297454,11,0,momentum_only,-0.008935620696835178,100000.0,-0.029952840170254458
2020-01-10 00:00:00+00:00,103239.4983308119,1.2732925824820995e-11,1.6370904631912708e-11,103239.49833081188,11,0,momentum_only,0.0642729818304053,103239.4983308119,0.0
2020-01-11 00:00:00+00:00,103928.83361300504,1.2732925824820995e-11,1.6370904631912708e-11,103928.83361300503,11,0,momentum_only,0.0066770499018147245,103928.83361300504,0.0
2020-01-12 00:00:00+00:00,106565.08860032554,1.2732925824820995e-11,1.6370904631912708e-11,106565.08860032553,11,0,momentum_only,0.025365963377757206,106565.08860032554,0.0
2020-01-13 00:00:00+00:00,106451.25103079861,106451.25103079861,106451.25103079864,0.0,0,11,momentum_only,-0.0010682444975378402,106565.08860032554,-0.0010682444975378402
2020-01-14 00:00:00+00:00,123497.49355931641,1.8189894035458565e-12,3.637978807091713e-11,123497.49355931641,11,0,momentum_only,0.16013191356094025,123497.49355931641,0.0
2020-01-15 00:00:00+00:00,138429.8215467097,1.8189894035458565e-12,3.637978807091713e-11,138429.8215467097,11,0,momentum_only,0.12091199227635507,138429.8215467097,0.0
2020-01-16 00:00:00+00:00,135859.66291291759,1.8189894035458565e-12,3.637978807091713e-11,135859.66291291759,11,0,momentum_only,-0.018566509767007577,138429.8215467097,-0.018566509767007577
2020-01-17 00:00:00+00:00,143424.43507156233,1.8189894035458565e-12,3.637978807091713e-11,143424.43507156233,11,0,momentum_only,0.055680781156461245,143424.43507156233,0.0
2020-01-18 00:00:00+00:00,134577.3106451039,1.8189894035458565e-12,3.637978807091713e-11,134577.3106451039,11,0,momentum_only,-0.061684917371604975,143424.43507156233,-0.061684917371604975
2020-01-19 00:00:00+00:00,134259.80009367072,134259.80009367072,134259.80009367072,0.0,0,11,momentum_only,-0.0023593171085910525,143424.43507156233,-0.06389870019929911
2020-01-20 00:00:00+00:00,136436.56641893863,3.637978807091713e-12,1.2732925824820995e-11,136436.56641893863,11,0,momentum_only,0.01621309076692512,143424.43507156233,-0.04872160485859378
2020-01-21 00:00:00+00:00,137588.44393195424,3.637978807091713e-12,1.2732925824820995e-11,137588.44393195424,11,0,momentum_only,0.008442586494581628,143424.43507156233,-0.04069035472718574
2020-01-22 00:00:00+00:00,137050.96540885873,3.637978807091713e-12,1.2732925824820995e-11,137050.96540885873,11,0,momentum_only,-0.0039064219910891484,143424.43507156233,-0.04443782302174337
2020-01-23 00:00:00+00:00,129410.44881327132,3.637978807091713e-12,1.2732925824820995e-11,129410.44881327132,11,0,momentum_only,-0.05574945475789794,143424.43507156233,-0.09770989337555114
2020-01-24 00:00:00+00:00,128775.05745108862,3.637978807091713e-12,1.2732925824820995e-11,128775.05745108862,11,0,momentum_only,-0.0049098922692054625,143424.43507156233,-0.1021400405946471
2020-01-25 00:00:00+00:00,128602.8268443911,128602.8268443911,128602.8268443911,0.0,0,11,momentum_only,-0.0013374531536353151,143424.43507156233,-0.10334088622887672
2020-01-26 00:00:00+00:00,136887.39732822543,2.1827872842550278e-11,2.1827872842550278e-11,136887.3973282254,11,0,momentum_only,0.06441981632222316,143424.43507156233,-0.04557827081609356
2020-01-27 00:00:00+00:00,142253.55825428833,2.1827872842550278e-11,2.1827872842550278e-11,142253.5582542883,11,0,momentum_only,0.03920127806357554,143424.43507156233,-0.008163719220436794
2020-01-28 00:00:00+00:00,149441.11189750026,2.1827872842550278e-11,2.1827872842550278e-11,149441.11189750023,11,0,momentum_only,0.05052635400770544,149441.11189750026,0.0
2020-01-29 00:00:00+00:00,156318.92056687424,2.1827872842550278e-11,2.1827872842550278e-11,156318.9205668742,11,0,momentum_only,0.04602353784741231,156318.92056687424,0.0
2020-01-30 00:00:00+00:00,163159.81286245867,2.1827872842550278e-11,2.1827872842550278e-11,163159.81286245864,11,0,momentum_only,0.04376240746018878,163159.81286245867,0.0
2020-01-31 00:00:00+00:00,162949.3291047924,162949.3291047924,162949.3291047924,0.0,0,11,momentum_only,-0.0012900465744202227,163159.81286245867,-0.0012900465744202227
2020-02-01 00:00:00+00:00,167618.11816107944,2.3646862246096134e-11,4.547473508864641e-11,167618.11816107942,11,0,momentum_only,0.028651784465369312,167618.11816107944,0.0
2020-02-02 00:00:00+00:00,170834.9386981338,2.3646862246096134e-11,4.547473508864641e-11,170834.93869813377,11,0,momentum_only,0.01919136530314125,170834.9386981338,0.0
2020-02-03 00:00:00+00:00,175664.64912943746,2.3646862246096134e-11,4.547473508864641e-11,175664.64912943743,11,0,momentum_only,0.028271210023599336,175664.64912943746,0.0
2020-02-04 00:00:00+00:00,188281.08639880436,2.3646862246096134e-11,4.547473508864641e-11,188281.08639880433,11,0,momentum_only,0.07182115087976837,188281.08639880436,0.0
2020-02-05 00:00:00+00:00,187950.300166,2.3646862246096134e-11,4.547473508864641e-11,187950.30016599997,11,0,momentum_only,-0.0017568744642980638,188281.08639880436,-0.0017568744642980638
2020-02-06 00:00:00+00:00,187719.50727090932,187719.50727090932,187719.5072709093,0.0,0,11,momentum_only,-0.0012279464033142506,188281.08639880436,-0.0029826635199328155
2020-02-07 00:00:00+00:00,191986.83880039892,7.275957614183426e-11,5.820766091346741e-11,191986.83880039887,11,0,momentum_only,0.02273248844261655,191986.83880039892,0.0
2020-02-08 00:00:00+00:00,185244.1409524146,7.275957614183426e-11,5.820766091346741e-11,185244.1409524145,11,0,momentum_only,-0.035120625403882166,191986.83880039892,-0.035120625403882166
2020-02-09 00:00:00+00:00,196801.38475419942,7.275957614183426e-11,5.820766091346741e-11,196801.38475419936,11,0,momentum_only,0.062389254215352574,196801.38475419942,0.0
2020-02-10 00:00:00+00:00,195490.24212597514,7.275957614183426e-11,5.820766091346741e-11,195490.24212597506,11,0,momentum_only,-0.006662263224732179,196801.38475419942,-0.006662263224732179
2020-02-11 00:00:00+00:00,214622.44143944012,7.275957614183426e-11,5.820766091346741e-11,214622.44143944007,11,0,momentum_only,0.09786779690587366,214622.44143944012,0.0
2020-02-12 00:00:00+00:00,214237.3810488862,214237.3810488862,214237.3810488862,0.0,0,11,momentum_only,-0.0017941292064864722,214622.44143944012,-0.0017941292064864722
2020-02-13 00:00:00+00:00,209225.47642770514,4.001776687800884e-11,6.184563972055912e-11,209225.4764277051,11,0,momentum_only,-0.0233941649055045,214622.44143944012,-0.025146321957472684
2020-02-14 00:00:00+00:00,220845.39278082375,4.001776687800884e-11,6.184563972055912e-11,220845.39278082372,11,0,momentum_only,0.05553776983336789,220845.39278082375,0.0
2020-02-15 00:00:00+00:00,201147.89107642137,4.001776687800884e-11,6.184563972055912e-11,201147.89107642134,11,0,momentum_only,-0.08919136349813284,220845.39278082375,-0.08919136349813284
2020-02-16 00:00:00+00:00,192564.78726830962,4.001776687800884e-11,6.184563972055912e-11,192564.7872683096,11,0,momentum_only,-0.042670612961340004,220845.39278082375,-0.1280561263081499
2020-02-17 00:00:00+00:00,189677.6208785132,4.001776687800884e-11,6.184563972055912e-11,189677.62087851317,11,0,momentum_only,-0.014993220882972724,220845.39278082375,-0.14112937340396658
2020-02-18 00:00:00+00:00,189337.51383130028,189337.51383130028,189337.51383130028,0.0,0,11,momentum_only,-0.0017930794662948113,220845.39278082375,-0.1426693966887197
2020-02-19 00:00:00+00:00,178519.56558579803,4.18367562815547e-11,5.4569682106375694e-11,178519.565585798,11,0,momentum_only,-0.05713578902879779,220845.39278082375,-0.19165365716744498
2020-02-20 00:00:00+00:00,182633.09796320245,4.18367562815547e-11,5.4569682106375694e-11,182633.09796320242,11,0,momentum_only,0.023042473601737612,220845.39278082375,-0.17302735790166468
2020-02-21 00:00:00+00:00,182906.76929260942,4.18367562815547e-11,5.4569682106375694e-11,182906.7692926094,11,0,momentum_only,0.0014984760837934985,220845.39278082375,-0.1717881591755288
2020-02-22 00:00:00+00:00,180193.0574142221,4.18367562815547e-11,5.4569682106375694e-11,180193.05741422207,11,0,momentum_only,-0.014836585266267521,220845.39278082375,-0.18407599477045344
2020-02-23 00:00:00+00:00,184908.44952493437,4.18367562815547e-11,5.4569682106375694e-11,184908.44952493435,11,0,momentum_only,0.026168555983112407,220845.39278082375,-0.1627244417616387
2020-02-24 00:00:00+00:00,184604.62170124718,184604.62170124718,184604.62170124718,0.0,0,11,momentum_only,-0.0016431256898632451,220845.39278082375,-0.16410019074087467
2020-02-25 00:00:00+00:00,166332.7785823633,5.093170329928398e-11,6.548361852765083e-11,166332.77858236324,11,0,momentum_only,-0.09897825390554904,220845.39278082375,-0.24683609430132447
2020-02-26 00:00:00+00:00,154735.67716967658,5.093170329928398e-11,6.548361852765083e-11,154735.67716967652,11,0,momentum_only,-0.06972228511738687,220845.39278082375,-0.2993484028745722
2020-02-27 00:00:00+00:00,162847.28247618495,5.093170329928398e-11,6.548361852765083e-11,162847.2824761849,11,0,momentum_only,0.0524223337169587,220845.39278082375,-0.2626186110307429
2020-02-28 00:00:00+00:00,164661.17755416696,5.093170329928398e-11,6.548361852765083e-11,164661.1775541669,11,0,momentum_only,0.0111386266347262,220845.39278082375,-0.2544051950516186
2020-02-29 00:00:00+00:00,160890.3729213597,5.093170329928398e-11,6.548361852765083e-11,160890.37292135964,11,0,momentum_only,-0.022900386653477045,220845.39278082375,-0.27147960437176033
2020-03-01 00:00:00+00:00,160668.46291043636,160668.46291043636,64267.38516417461,0.0,0,4,momentum_only,-0.0013792622075144978,220845.39278082375,-0.2724844250208539
2020-03-02 00:00:00+00:00,164729.11130929668,96401.0777462618,32945.8222618594,68328.0335630349,4,2,momentum_only,0.02527346266531416,220845.39278082375,-0.2540975872981839
2020-03-03 00:00:00+00:00,167560.31423829112,63455.255484402456,16756.03142382918,104105.05875388868,6,1,momentum_only,0.017187022418147624,220845.39278082375,-0.24127774580932726
2020-03-04 00:00:00+00:00,171211.62071573385,46699.22406057334,17121.16207157345,124512.3966551605,7,1,momentum_only,0.021790998029820763,220845.39278082375,-0.22474443066307725
2020-03-05 00:00:00+00:00,174436.9891938776,29578.061988999954,17443.69891938783,144858.92720487766,8,1,momentum_only,0.018838490428747967,220845.39278082375,-0.21013978604029016
2020-03-06 00:00:00+00:00,185329.35863752264,12134.363069612187,12134.363069612184,173194.99556791046,9,1,momentum_only,0.06244300302350858,220845.39278082375,-0.16081854231185488
2020-03-07 00:00:00+00:00,192210.31005192094,81972.84704067395,38442.06201038425,110237.463011247,6,2,momentum_only,0.03712823194870296,220845.39278082375,-0.12966121850375878
2020-03-08 00:00:00+00:00,178514.0009761809,75703.37337245609,6.548361852765083e-11,102810.6276037248,6,0,momentum_only,-0.07125689080903275,220845.39278082375,-0.191678854023703
2020-03-09 00:00:00+00:00,182545.59756525682,91012.30741978288,6.548361852765083e-11,91533.29014547395,5,0,momentum_only,0.02258420385532589,220845.39278082375,-0.1734235644824036
2020-03-10 00:00:00+00:00,183886.99795219835,111547.18215323755,55166.099385659574,72339.8157989608,4,3,momentum_only,0.007348303135396028,220845.39278082375,-0.1673496302696451
2020-03-11 00:00:00+00:00,178911.55948352808,83701.98000901926,35782.31189670568,95209.57947450882,6,2,momentum_only,-0.027057043315066975,220845.39278082375,-0.1898786873897459
2020-03-12 00:00:00+00:00,115080.03322507939,57523.83542316531,6.912159733474255e-11,57556.19780191407,7,0,momentum_only,-0.35677698211738795,220845.39278082375,-0.4789113244518094
2020-03-13 00:00:00+00:00,123887.36659551118,73189.01817160369,6.912159733474255e-11,50698.3484239075,5,0,momentum_only,0.07653224563470507,220845.39278082375,-0.43903123793729215
2020-03-14 00:00:00+00:00,118719.61059895388,73189.01817160369,6.912159733474255e-11,45530.59242735019,5,0,momentum_only,-0.04171334122735759,220845.39278082375,-0.46243111932710224
2020-03-15 00:00:00+00:00,118314.64472587276,73189.01817160369,11831.464472587346,45125.62655426907,5,1,momentum_only,-0.003411111871391981,220845.39278082375,-0.46426482691765647
2020-03-16 00:00:00+00:00,113442.1282117161,87891.77635089634,6.912159733474255e-11,25550.351860819756,3,0,momentum_only,-0.04118269995608703,220845.39278082375,-0.48632784780662897
2020-03-17 00:00:00+00:00,113770.48491293375,102865.72378456603,11377.048491293444,10904.761128367723,1,1,momentum_only,0.0028944864345707977,220845.39278082375,-0.4848410307302885
2020-03-18 00:00:00+00:00,113706.18271188097,91488.67529327265,6.912159733474255e-11,22217.507418608315,2,0,momentum_only,-0.0005651922913222363,220845.39278082375,-0.4851321946085252
2020-03-19 00:00:00+00:00,115657.85795388909,91488.67529327265,11565.78579538898,24169.182660616443,2,1,momentum_only,0.01716419631246824,220845.39278082375,-0.47629490252181617
2020-03-20 00:00:00+00:00,113890.09702049177,79922.88949788373,6.912159733474255e-11,33967.207522608034,3,0,momentum_only,-0.015284399734448617,220845.39278082375,-0.48429942057464115
2020-03-21 00:00:00+00:00,113677.04429824732,91189.71772819637,11367.704429824802,22487.326570050955,2,1,momentum_only,-0.0018706869852443964,220845.39278082375,-0.48526413493685516
2020-03-22 00:00:00+00:00,110469.47302076177,79822.01329837163,6.912159733474255e-11,30647.45972239013,3,0,momentum_only,-0.028216526012675436,220845.39278082375,-0.4997881928630663
2020-03-23 00:00:00+00:00,112150.7086518611,89996.48794059633,11215.07086518618,22154.220711264777,2,1,momentum_only,0.015219006528467416,220845.39278082375,-0.4921754661046328
2020-03-24 00:00:00+00:00,112122.45813067125,78781.41707541022,6.912159733474255e-11,33341.04105526103,3,0,momentum_only,-0.00025189783933998733,220845.39278082375,-0.4923033860074849
2020-03-25 00:00:00+00:00,112146.10057171041,90458.39251003056,6.912159733474255e-11,21687.708061679845,2,0,momentum_only,0.00021086267134462489,220845.39278082375,-0.49219633174322586
2020-03-26 00:00:00+00:00,112374.40090766983,90458.39251003056,6.912159733474255e-11,21916.00839763926,2,0,momentum_only,0.0020357402958779414,220845.39278082375,-0.49116257535336083
2020-03-27 00:00:00+00:00,111741.29402764629,100760.33359097927,11174.129402764698,10980.96043666702,1,1,momentum_only,-0.005633906609599837,220845.39278082375,-0.4940293178832893
2020-03-28 00:00:00+00:00,112063.15747540246,89586.20418821463,6.912159733474255e-11,22476.953287187836,2,0,momentum_only,0.002880434225833728,220845.39278082375,-0.4925719026132519
2020-03-29 00:00:00+00:00,113245.20494587958,100384.50002143794,6.912159733474255e-11,12860.704924441645,1,0,momentum_only,0.010548047164712138,220845.39278082375,-0.4872195271093164
2020-03-30 00:00:00+00:00,110805.7642530761,100384.50002143794,11080.57642530768,10421.264231638159,1,1,momentum_only,-0.021541227233146887,220845.39278082375,-0.4982654477965751
2020-03-31 00:00:00+00:00,110264.36652972904,89303.92359613033,11026.436652972974,20960.442933598708,2,1,momentum_only,-0.004886006851687941,220845.39278082375,-0.5007169262563695
2020-04-01 00:00:00+00:00,109929.94363909392,78277.48694315743,78277.48694315742,31652.456695936482,3,9,momentum_only,-0.0030329189851642235,220845.39278082375,-0.5022312113696978
2020-04-02 00:00:00+00:00,112034.97464907162,9380.565237787954,9380.565237787954,102654.40941128366,11,3,momentum_only,0.019148840982659232,220845.39278082375,-0.4926995159900852
2020-04-03 00:00:00+00:00,112115.21940428129,5.502442945726216e-11,5.5933924159035087e-11,112115.21940428123,14,0,momentum_only,0.0007162473634776401,220845.39278082375,-0.49233616335592223
2020-04-04 00:00:00+00:00,114498.92266112112,5.502442945726216e-11,5.5933924159035087e-11,114498.92266112106,14,0,momentum_only,0.021261192454561595,220845.39278082375,-0.4815426248228114
2020-04-05 00:00:00+00:00,113530.49947613064,11613.580836050563,11613.580836050562,101916.91864008008,13,8,momentum_only,-0.008457923991622929,220845.39278082375,-0.4859276978949564
2020-04-06 00:00:00+00:00,122233.72403402811,11440.25629303929,11440.256293039289,110793.46774098882,20,4,momentum_only,0.07665979272580659,220845.39278082375,-0.44651902176950553
2020-04-07 00:00:00+00:00,121415.52956384682,88191.77652419174,48566.21182553879,33223.75303965509,15,4,momentum_only,-0.006693688477931947,220845.39278082375,-0.4502238510162415
2020-04-08 00:00:00+00:00,123601.41496878379,49423.94559340897,24720.28299375682,74177.46937537481,16,2,momentum_only,0.018003342840814396,220845.39278082375,-0.4403260425203842
2020-04-09 00:00:00+00:00,123992.09819527558,24703.662599652213,24703.662599652205,99288.43559562338,18,3,momentum_only,0.0031608313431561452,220845.39278082375,-0.43855700753363436
2020-04-10 00:00:00+00:00,114272.98681080545,6.548361852765083e-11,6.002665031701326e-11,114272.98681080538,21,0,momentum_only,-0.07838492553907328,220845.39278082375,-0.48256567469254485
2020-04-11 00:00:00+00:00,115318.86562109836,11228.221973714522,11228.22197371452,104090.64364738384,13,6,momentum_only,0.009152458857354606,220845.39278082375,-0.47782987831878543
2020-04-12 00:00:00+00:00,116096.3264437575,10693.899563974916,10693.899563974916,105402.42687978258,15,1,momentum_only,0.006741835505160276,220845.39278082375,-0.4743094932527011
2020-04-13 00:00:00+00:00,115091.00849409681,46500.15212999662,46036.40339763879,68590.85636410018,12,4,momentum_only,-0.008659343326833935,220845.39278082375,-0.4788616278342833
2020-04-14 00:00:00+00:00,117147.77349960529,25144.894755196612,25144.894755196612,92002.87874440868,14,4,momentum_only,0.017870770552974813,220845.39278082375,-0.46954848355895895
2020-04-15 00:00:00+00:00,114387.73752444299,22548.893609574377,22548.893609574377,91838.8439148686,15,3,momentum_only,-0.023560293915202757,220845.39278082375,-0.4820460771940749
2020-04-16 00:00:00+00:00,123409.95992772342,5.820766091346741e-11,5.820766091346741e-11,123409.95992772336,18,0,momentum_only,0.07887403491438505,220845.39278082375,-0.44119296140263764
2020-04-17 00:00:00+00:00,124315.25262750688,11941.034214420948,11941.034214420943,112374.21841308594,12,5,momentum_only,0.007335653461954417,220845.39278082375,-0.43709374661538647
2020-04-18 00:00:00+00:00,128617.86828106172,10623.007451434896,10623.007451434896,117994.86082962682,16,1,momentum_only,0.034610520934603484,220845.39278082375,-0.4176112679483991
2020-04-19 00:00:00+00:00,126808.01869802327,51889.83504670959,38042.40560940704,74918.18365131368,13,3,momentum_only,-0.014071525264930385,220845.39278082375,-0.42580636570547403
2020-04-20 00:00:00+00:00,121597.57851292935,40952.51414282074,36479.27355387887,80645.06437010861,12,3,momentum_only,-0.04108920112932213,220845.39278082375,-0.44939952343217815
2020-04-21 00:00:00+00:00,123403.82561992986,27346.041637608927,24680.765123986035,96057.78398232094,12,2,momentum_only,0.014854301615952359,220845.39278082375,-0.4412207378833526
2020-04-22 00:00:00+00:00,130140.69757492842,2665.276513622952,2665.276513622952,127475.42106130546,14,1,momentum_only,0.05459208352054956,220845.39278082375,-0.4107158137363295
2020-04-23 00:00:00+00:00,134154.51895263852,13204.919459860192,13204.919459860192,120949.59949277832,10,4,momentum_only,0.030842168917983193,220845.39278082375,-0.3925410113228891
2020-04-24 00:00:00+00:00,137319.70765897902,10356.238672686848,10356.238672686848,126963.46898629217,13,1,momentum_only,0.023593604830098425,220845.39278082375,-0.37820886399355014
2020-04-25 00:00:00+00:00,142657.80897207218,39616.66593751214,28531.561794414498,103041.14303456004,11,2,momentum_only,0.03887352663428212,220845.39278082375,-0.3540376497070429
2020-04-26 00:00:00+00:00,139899.89401098504,53443.86984185158,53443.86984185158,86456.02416913347,10,4,momentum_only,-0.0193323799163847,220845.39278082375,-0.36652563927458714
2020-04-27 00:00:00+00:00,141415.7661537101,29321.837727278406,28283.153230742082,112093.9284264317,12,2,momentum_only,0.010835405941094223,220845.39278082375,-0.3596616874228522
2020-04-28 00:00:00+00:00,141545.5482296007,4213.350145904951,4213.350145904951,137332.19808369575,13,2,momentum_only,0.0009177341354538182,220845.39278082375,-0.35907402709516123
2020-04-29 00:00:00+00:00,147544.1546925513,15999.33379649698,15999.333796496967,131544.82089605433,11,6,momentum_only,0.04237933681404282,220845.39278082375,-0.3319120094165591
2020-04-30 00:00:00+00:00,142021.3583142098,11009.055444291167,11009.055444291153,131012.30286991864,16,1,momentum_only,-0.03743148205260838,220845.39278082375,-0.3569195330456463
2020-05-01 00:00:00+00:00,149359.21381109167,28436.759154717864,14935.921381109223,120922.4546563738,15,1,momentum_only,0.05166726740246719,220845.39278082375,-0.32369332259821226
2020-05-02 00:00:00+00:00,150161.2740162881,70651.55588549696,60064.50960651529,79509.71813079115,12,4,momentum_only,0.005370008215300759,220845.39278082375,-0.3200615501845019
2020-05-03 00:00:00+00:00,147210.52182724254,40504.794355787875,40504.794355787875,106705.72747145467,14,3,momentum_only,-0.01965055376878,220845.39278082375,-0.3334227172520622
2020-05-04 00:00:00+00:00,151109.6403336859,4575.619499924587,4575.619499924587,146534.02083376131,15,2,momentum_only,0.02648668354711181,220845.39278082375,-0.3157672957042239
2020-05-05 00:00:00+00:00,153738.7436438133,16281.333368868614,16281.333368868614,137457.41027494468,11,4,momentum_only,0.017398647130134837,220845.39278082375,-0.30386257232728375
2020-05-06 00:00:00+00:00,150510.4084151144,16464.11664145812,16464.11664145812,134046.29177365627,14,2,momentum_only,-0.020998839669058467,220845.39278082375,-0.31848065055861385
2020-05-07 00:00:00+00:00,154373.93146002688,14940.845611039365,14940.845611039365,139433.0858489875,15,1,momentum_only,0.02566947419514487,220845.39278082375,-0.3009864072046363
2020-05-08 00:00:00+00:00,156591.71169138968,59585.805250086836,46977.51350741695,97005.90644130284,12,3,momentum_only,0.014366287172890013,220845.39278082375,-0.29094417719278454
2020-05-09 00:00:00+00:00,155400.640951438,54113.27046522649,31080.128190287647,101287.37048621151,12,2,momentum_only,-0.007606218279924248,220845.39278082375,-0.29633741055370755
2020-05-10 00:00:00+00:00,144615.29214877918,27927.547964441736,27927.547964441736,116687.74418433744,12,3,momentum_only,-0.06940350269230355,220845.39278082375,-0.34517405897481657
2020-05-11 00:00:00+00:00,141999.07667283327,14939.60026698854,14939.600266988542,127059.47640584472,11,3,momentum_only,-0.01809086326260967,220845.39278082375,-0.3570204255347128
2020-05-12 00:00:00+00:00,149282.21132503264,14336.896176520851,14336.896176520851,134945.31514851179,12,2,momentum_only,0.051290014152554964,220845.39278082375,-0.3240419940605844
2020-05-13 00:00:00+00:00,153841.44153349285,15061.75294578807,15061.75294578806,138779.6885877048,13,1,momentum_only,0.030541014686159773,220845.39278082375,-0.30339755067396146
2020-05-14 00:00:00+00:00,154788.92442594128,46493.17523379874,46493.175233798735,108295.74919214254,11,4,momentum_only,0.006158827445998494,220845.39278082375,-0.2991072963901026
2020-05-15 00:00:00+00:00,155056.4242130646,31079.446873367066,4.547473508864641e-11,123976.97733969755,13,0,momentum_only,0.001728158446189676,220845.39278082375,-0.29789604274448633
2020-05-16 00:00:00+00:00,155828.15097492732,60612.80587709801,60612.80587709802,95215.34509782931,10,4,momentum_only,0.004977070545637563,220845.39278082375,-0.2944016218188543
2020-05-17 00:00:00+00:00,156064.59161441092,16316.361658384849,16316.36165838485,139748.22995602607,11,2,momentum_only,0.0015173165952642176,220845.39278082375,-0.29333100569004855
2020-05-18 00:00:00+00:00,156467.296128268,17283.914526713437,17283.91452671343,139183.38160155457,11,3,momentum_only,0.0025803707919349606,220845.39278082375,-0.2915075376575651
2020-05-19 00:00:00+00:00,160829.1412492998,14959.693355703723,14959.693355703723,145869.44789359608,13,1,momentum_only,0.02787704030787408,220845.39278082375,-0.2717568647270201
2020-05-20 00:00:00+00:00,161454.58461460908,51111.923485522595,51111.92348552257,110342.6611290865,10,4,momentum_only,0.003888868400657497,220845.39278082375,-0.2689248230102613
2020-05-21 00:00:00+00:00,159795.35657938503,5.275069270282984e-11,4.3655745685100555e-11,159795.35657938497,14,0,momentum_only,-0.01027674772558873,220845.39278082375,-0.276437898172625
2020-05-22 00:00:00+00:00,168117.7096183738,58806.949480361254,58806.94948036125,109310.76013801254,10,4,momentum_only,0.0520813196149057,220845.39278082375,-0.23875382908612053
2020-05-23 00:00:00+00:00,175810.54677944712,15734.335809166794,15734.335809166794,160076.2109702803,12,2,momentum_only,0.04575863648473444,220845.39278082375,-0.20392024227587624
2020-05-24 00:00:00+00:00,187984.96767066958,20868.169697505717,20868.169697505713,167116.79797316386,11,3,momentum_only,0.06924738654328388,220845.39278082375,-0.14879379957347016
2020-05-25 00:00:00+00:00,196127.41223761323,13479.899082740161,3.9108272176235914e-11,182647.51315487307,13,0,momentum_only,0.043314338735894964,220845.39278082375,-0.11192436587410126
2020-05-26 00:00:00+00:00,191129.2695845163,71086.37257271477,71086.37257271474,120042.89701180154,9,4,momentum_only,-0.025484161525781812,220845.39278082375,-0.13455622878127682
2020-05-27 00:00:00+00:00,180714.3957111081,6.184563972055912e-11,4.001776687800884e-11,180714.39571110805,13,0,momentum_only,-0.05449125555729073,220845.39278082375,-0.1817153464892216
2020-05-28 00:00:00+00:00,180971.35870294448,71375.3023117671,71375.30231176708,109596.0563911774,9,5,momentum_only,0.0014219287335976993,220845.39278082375,-0.18055180402813265
2020-05-29 00:00:00+00:00,183896.1913874599,18866.76863581077,18389.619138746028,165029.42275164914,12,1,momentum_only,0.01616185403855197,220845.39278082375,-0.16730800189268058
2020-05-30 00:00:00+00:00,183896.91101823395,21556.090075695374,21556.090075695363,162340.8209425386,10,6,momentum_only,3.913244579045738e-06,220845.39278082375,-0.16730474336523304
2020-05-31 00:00:00+00:00,171912.4002386524,4.274625098332763e-11,3.637978807091713e-11,171912.40023865236,16,0,momentum_only,-0.06516972315208303,220845.39278082375,-0.22157126271017347
2020-06-01 00:00:00+00:00,176437.03361019236,63549.565757761695,52931.11008305775,112887.46785243065,12,3,momentum_only,0.026319412475532822,220845.39278082375,-0.20108347569063445
2020-06-02 00:00:00+00:00,175515.0976155414,10618.455674703982,10618.455674703982,164896.6419408374,15,2,momentum_only,-0.005225297522785555,220845.39278082375,-0.20525805222602056
2020-06-03 00:00:00+00:00,176586.1688493311,71226.2357687284,71226.23576872838,105359.93308060271,12,5,momentum_only,0.006102445022341252,220845.39278082375,-0.20040818318278153
2020-06-04 00:00:00+00:00,176209.1659152734,18958.738006219566,18958.73800621956,157250.42790905383,16,3,momentum_only,-0.002134951658526396,220845.39278082375,-0.2021152730582395
2020-06-05 00:00:00+00:00,172811.38774568413,23000.10337918547,23000.103379185475,149811.28436649864,13,3,momentum_only,-0.019282641467260664,220845.39278082375,-0.21750059818006073
2020-06-06 00:00:00+00:00,176487.41790392774,3.9108272176235914e-11,4.547473508864641e-11,176487.4179039277,16,0,momentum_only,0.021271920827656388,220845.39278082375,-0.20085533285685853
2020-06-07 00:00:00+00:00,178624.06276923115,52635.2397379261,52635.2397379261,125988.82303130504,13,3,momentum_only,0.012106499662579484,220845.39278082375,-0.1911804882137379
2020-06-08 00:00:00+00:00,179559.0437792696,11234.639381488854,11234.639381488843,168324.40439778075,14,1,momentum_only,0.005234350823418277,220845.39278082375,-0.18694684313622278
2020-06-09 00:00:00+00:00,181854.7557994321,68637.26345250849,54556.42673982968,113217.49234692361,10,3,momentum_only,0.012785276485347108,220845.39278082375,-0.17655173372843502
2020-06-10 00:00:00+00:00,186295.28304105197,35043.93985704737,35043.93985704737,151251.3431840046,10,3,momentum_only,0.024417987982218836,220845.39278082375,-0.15644478385863714
2020-06-11 00:00:00+00:00,171936.23370332865,29188.410436587616,29188.41043658761,142747.82326674103,10,5,momentum_only,-0.0770768271924478,220845.39278082375,-0.22146334348045293
2020-06-12 00:00:00+00:00,181805.61616589595,4.3655745685100555e-11,3.8198777474462986e-11,181805.6161658959,15,0,momentum_only,0.05740141126736931,220845.39278082375,-0.17677424067285175
2020-06-13 00:00:00+00:00,163463.18725995012,36241.579463747665,36241.579463747665,127221.60779620246,12,4,momentum_only,-0.10089033162324601,220845.39278082375,-0.2598297605321662
2020-06-14 00:00:00+00:00,156972.46696340726,10292.311597258202,10292.311597258202,146680.15536614906,15,1,momentum_only,-0.03970753541114358,220845.39278082375,-0.2892200965261098
2020-06-15 00:00:00+00:00,157342.7026712501,50591.37533504141,47202.81080137507,106751.32733620869,13,3,momentum_only,0.0023586028493081113,220845.39278082375,-0.2875436490205453
2020-06-16 00:00:00+00:00,160379.71952470412,35959.04359569535,35959.04359569534,124420.67592900878,13,3,momentum_only,0.019301923774625473,220845.39278082375,-0.27379187084119205
2020-06-17 00:00:00+00:00,160450.87303858704,29604.26820587638,29604.268205876375,130846.60483271067,11,2,momentum_only,0.00044365655516664937,220845.39278082375,-0.2734696838442755
2020-06-18 00:00:00+00:00,167234.44572345543,3.637978807091713e-11,3.8198777474462986e-11,167234.4457234554,13,0,momentum_only,0.0422781911771648,220845.39278082375,-0.24275329624183772
2020-06-19 00:00:00+00:00,162093.6682207618,39563.37678418219,39563.376784182175,122530.29143657963,9,6,momentum_only,-0.030739944037573297,220845.39278082375,-0.2660310175380005
2020-06-20 00:00:00+00:00,160412.74135470323,9520.515427898641,9520.515427898641,150892.2259268046,14,1,momentum_only,-0.010370095787882727,220845.39278082375,-0.2736423461914662
2020-06-21 00:00:00+00:00,160157.2665323133,51252.86787126262,32031.453306462696,108904.3986610507,12,2,momentum_only,-0.0015926092917084578,220845.39278082375,-0.2747991501400253
2020-06-22 00:00:00+00:00,160990.3052005922,53423.05535801886,48297.091560177694,107567.24984257334,11,3,momentum_only,0.005201379158845887,220845.39278082375,-0.27102710555358633
2020-06-23 00:00:00+00:00,165718.75747507793,33185.98591979817,33143.75149501562,132532.77155527976,12,2,momentum_only,0.02937103739628366,220845.39278082375,-0.24961641540992352
2020-06-24 00:00:00+00:00,161218.59806809347,42.23442478257857,42.23442478256766,161176.3636433109,14,3,momentum_only,-0.027155401570405968,220845.39278082375,-0.2699933829813077
2020-06-25 00:00:00+00:00,157801.89063239383,37401.90553067045,37401.90553067044,120399.98510172339,11,4,momentum_only,-0.021193010463076645,220845.39278082375,-0.2854644208539
2020-06-26 00:00:00+00:00,152057.65152172098,8661.862032350546,8661.862032350531,143395.78948937045,14,1,momentum_only,-0.036401586113149254,220845.39278082375,-0.31147464926909574
2020-06-27 00:00:00+00:00,148470.9954516,28297.470241101888,14847.09954516003,120173.5252104981,13,1,momentum_only,-0.023587475107154643,220845.39278082375,-0.3277152238401059
2020-06-28 00:00:00+00:00,149734.50394810963,59390.74004443624,59390.74004443623,90343.7639036734,11,4,momentum_only,0.00851013689688318,220845.39278082375,-0.32199398836129467
2020-06-29 00:00:00+00:00,155910.97703770566,29906.491739465637,29906.491739465622,126004.48529824003,13,2,momentum_only,0.041249497789343614,220845.39278082375,-0.29402658088304223
2020-06-30 00:00:00+00:00,158075.926213952,38.75442015786393,38.754420157863926,158037.17179379414,12,4,momentum_only,0.013885803407689412,220845.39278082375,-0.2842235727741298
2020-07-01 00:00:00+00:00,162418.44483085658,41533.34611139731,41533.3461113973,120885.09871945927,12,4,momentum_only,0.027471093928793877,220845.39278082375,-0.26456041130979147
2020-07-02 00:00:00+00:00,162455.8960107516,8042.301001684373,8042.301001684362,154413.59500906724,15,2,momentum_only,0.0002305845246457494,220845.39278082375,-0.26439083032182764
2020-07-03 00:00:00+00:00,169183.41298299556,15305.691634084997,15305.691634084997,153877.72134891056,16,1,momentum_only,0.04141134386282119,220845.39278082375,-0.2339282660476404
2020-07-04 00:00:00+00:00,172810.63874628794,69014.08843559798,34562.12774925762,103796.55031068996,13,2,momentum_only,0.021439606278996992,220845.39278082375,-0.21750398969023332
2020-07-05 00:00:00+00:00,168978.9686100816,73811.71234203578,50693.69058302451,95167.25626804579,13,3,momentum_only,-0.02217265189229356,220845.39278082375,-0.2348540013339403
2020-07-06 00:00:00+00:00,182294.39916144157,23159.422843958855,23159.422843958855,159134.9763174827,12,4,momentum_only,0.078799336159314,220845.39278082375,-0.1745610045740995
2020-07-07 00:00:00+00:00,188733.85739198024,45697.925435279045,45697.92543527903,143035.9319567012,12,5,momentum_only,0.035324498504399005,220845.39278082375,-0.14540278601470458
2020-07-08 00:00:00+00:00,196551.19638842018,7998.296492784877,7998.296492784866,188552.89989563532,15,2,momentum_only,0.041419907929948874,220845.39278082375,-0.11000544809424273
2020-07-09 00:00:00+00:00,191538.04971047764,13857.328293662476,13857.328293662475,177680.72141681515,16,3,momentum_only,-0.025505551581765373,220845.39278082375,-0.13270525004536515
2020-07-10 00:00:00+00:00,196255.9811476912,38456.90610146081,38456.9061014608,157799.0750462304,17,2,momentum_only,0.024631823516763518,220845.39278082375,-0.1113421988274671
2020-07-11 00:00:00+00:00,194863.3427596465,58922.83899598132,19486.33427596468,135940.50376366518,16,1,momentum_only,-0.007096030296252054,220845.39278082375,-0.11764814150758818
2020-07-12 00:00:00+00:00,195601.45012179593,64187.12840332974,64187.12840332973,131414.3217184662,13,4,momentum_only,0.003787820488432514,220845.39278082375,-0.1143059510599842
2020-07-13 00:00:00+00:00,196105.3887916882,59194.424686631886,59194.4246866319,136910.9641050563,12,6,momentum_only,0.0025763544676098427,220845.39278082375,-0.11202408924006202
2020-07-14 00:00:00+00:00,206283.0310464188,6468.581444184641,3.8198777474462986e-11,199814.44960223415,16,0,momentum_only,0.051898840299293036,220845.39278082375,-0.06593916925791277
2020-07-15 00:00:00+00:00,214267.94314794923,20826.40667790377,20826.406677903768,193441.53647004545,13,1,momentum_only,0.03870852614984921,220845.39278082375,-0.029783051165582886
2020-07-16 00:00:00+00:00,211303.67075723305,31279.318726974092,31279.318726974092,180024.35203025895,12,2,momentum_only,-0.013834418472339571,220845.39278082375,-0.04320543844471458
2020-07-17 00:00:00+00:00,212706.47578707972,18922.25037371776,18922.250373717747,193784.22541336197,13,1,momentum_only,0.006638810508210913,220845.39278082375,-0.03685346065526229
2020-07-18 00:00:00+00:00,215812.63390030045,76789.61528254041,76789.61528254041,139023.01861776004,10,4,momentum_only,0.014603025609478903,220845.39278082375,-0.0227886070755301
2020-07-19 00:00:00+00:00,226285.47827499607,66164.09553079616,66164.09553079616,160121.38274419992,8,3,momentum_only,0.04852748509400895,226285.47827499607,0.0
2020-07-20 00:00:00+00:00,210741.902606374,2.546585164964199e-11,2.9103830456733704e-11,210741.90260637397,11,0,momentum_only,-0.06869011563231009,226285.47827499607,-0.06869011563231009
2020-07-21 00:00:00+00:00,219335.65289206215,20737.603737876107,20737.603737876107,198598.04915418604,10,3,momentum_only,0.04077855509229056,226285.47827499607,-0.030712644204627493
2020-07-22 00:00:00+00:00,219619.84640566903,31134.116753876497,31134.1167538765,188485.72965179253,11,3,momentum_only,0.001295701404945504,226285.47827499607,-0.029456737215927564
2020-07-23 00:00:00+00:00,214204.5459851847,18085.460314831198,18085.460314831194,196119.0856703535,13,2,momentum_only,-0.024657609542634407,226285.47827499607,-0.053388014033891706
2020-07-24 00:00:00+00:00,208979.20017198945,82650.05501843094,82650.05501843091,126329.14515355852,11,5,momentum_only,-0.02439418729029519,226285.47827499607,-0.07647984411078723
2020-07-25 00:00:00+00:00,211850.88978790093,59327.04396693929,21185.08897879011,152523.84582096164,13,1,momentum_only,0.013741509267659602,226285.47827499607,-0.06378928332976519
2020-07-26 00:00:00+00:00,212466.76588133315,38141.954988149184,38141.95498814917,174324.81089318398,14,2,momentum_only,0.0029071206358812773,226285.47827499607,-0.061067605835799954
2020-07-27 00:00:00+00:00,202977.21254213984,24094.396357355192,24094.396357355196,178882.81618478463,13,5,momentum_only,-0.0446637068147091,226285.47827499607,-0.10300380700758272
2020-07-28 00:00:00+00:00,219924.9760916586,26672.67943767565,21992.49760916588,193252.29665398295,15,1,momentum_only,0.08349589265346857,226285.47827499607,-0.028108309166917866
2020-07-29 00:00:00+00:00,216573.5541868229,23622.831921326215,23622.8319213262,192950.7222654967,14,2,momentum_only,-0.015238932677837047,226285.47827499607,-0.04291890121367237
2020-07-30 00:00:00+00:00,216920.9999812206,90053.60630908719,90053.60630908719,126867.39367213342,11,5,momentum_only,0.0016042854156512742,226285.47827499607,-0.04138346996529385
2020-07-31 00:00:00+00:00,218715.6638057818,18043.453395523265,18043.453395523262,200672.21041025853,15,2,momentum_only,0.008273352163767234,226285.47827499607,-0.03345249782230819
2020-08-01 00:00:00+00:00,227775.27908597572,37642.838604770826,22777.5279085976,190132.4404812049,15,1,momentum_only,0.04142188594338081,227775.27908597572,0.0
2020-08-02 00:00:00+00:00,217669.8058815512,40239.1993343292,40239.19933432919,177430.606547222,11,4,momentum_only,-0.04436597880584803,227775.27908597572,-0.04436597880584803
2020-08-03 00:00:00+00:00,224171.55405246347,22323.783335190972,22323.783335190965,201847.7707172725,14,1,momentum_only,0.02986977520644407,227775.27908597572,-0.01582140541314847
2020-08-04 00:00:00+00:00,229423.40409643386,25954.30437683699,22942.340409643413,203469.09971959688,13,1,momentum_only,0.023427816549557834,229423.40409643386,0.0
2020-08-05 00:00:00+00:00,233661.94246313302,102116.3045955965,93464.77698525324,131545.6378675365,9,4,momentum_only,0.018474742729026827,233661.94246313302,0.0
2020-08-06 00:00:00+00:00,243833.24955388147,27492.93214716439,24383.324955388176,216340.31740671708,11,1,momentum_only,0.04353001170634907,243833.24955388147,0.0
2020-08-07 00:00:00+00:00,241553.9061277646,25949.044137928002,24155.390612776493,215604.86198983662,11,1,momentum_only,-0.009347959846686904,243833.24955388147,-0.009347959846686904
2020-08-08 00:00:00+00:00,251680.32558429864,47165.52538836915,47165.52538836915,204514.80019592948,8,4,momentum_only,0.04192198594038832,251680.32558429864,0.0
2020-08-09 00:00:00+00:00,263242.7354435744,22237.892574388137,22237.892574388126,241004.84286918625,11,1,momentum_only,0.04594085704725859,263242.7354435744,0.0
2020-08-10 00:00:00+00:00,266948.610518422,24343.501830660083,24343.50183066007,242605.1086877619,11,2,momentum_only,0.014077786680810167,266948.610518422,0.0
2020-08-11 00:00:00+00:00,257769.82426886965,121834.05083451445,121834.05083451442,135935.77343435521,9,5,momentum_only,-0.034384094495666595,266948.610518422,-0.034384094495666595
2020-08-12 00:00:00+00:00,272626.99690478534,22761.290455051017,22761.290455051017,249865.7064497343,13,3,momentum_only,0.057637361852016955,272626.99690478534,0.0
2020-08-13 00:00:00+00:00,279432.4930412314,29077.976478195462,29077.97647819546,250354.51656303596,15,4,momentum_only,0.024962664056424666,279432.4930412314,0.0
2020-08-14 00:00:00+00:00,288010.6493596312,44884.70437378848,44884.70437378848,243125.94498584268,15,3,momentum_only,0.030698492594896765,288010.6493596312,0.0
2020-08-15 00:00:00+00:00,288997.3365863978,27202.901324285325,27202.901324285325,261794.43526211244,17,2,momentum_only,0.003425870636937889,288997.3365863978,0.0
2020-08-16 00:00:00+00:00,301826.2554333689,21280.70091293317,21280.700912933156,280545.55452043575,17,1,momentum_only,0.04439113176095244,301826.2554333689,0.0
2020-08-17 00:00:00+00:00,301724.1952563245,144716.02242267795,120689.6781025298,157008.1728336465,13,4,momentum_only,-0.0003381421437239629,301826.2554333689,-0.0003381421437239629
2020-08-18 00:00:00+00:00,296498.137410247,55586.711799246965,55586.71179924697,240911.425611,14,4,momentum_only,-0.01732064557049451,301826.2554333689,-0.017652930873994666
2020-08-19 00:00:00+00:00,278013.9522641787,27157.342306364022,27157.342306364022,250856.60995781468,14,2,momentum_only,-0.062341656873523,301826.2554333689,-0.07889407478815902
2020-08-20 00:00:00+00:00,295191.6251552811,42788.58182139775,42788.58182139775,252403.04333388334,13,2,momentum_only,0.0617870892852872,301826.2554333689,-0.021981620745887942
2020-08-21 00:00:00+00:00,268906.3508813416,24378.44555304305,24378.445553043042,244527.90532829857,13,6,momentum_only,-0.08904478323229026,301826.2554333689,-0.1090690553237662
2020-08-22 00:00:00+00:00,295033.03920762107,21738.370766448454,21738.37076644844,273294.66844117263,18,2,momentum_only,0.09715906017336207,301826.2554333689,-0.0225070420596577
2020-08-23 00:00:00+00:00,303608.01569601253,115488.34907769761,115488.34907769758,188119.66661831495,16,4,momentum_only,0.029064461768151473,303608.01569601253,0.0
2020-08-24 00:00:00+00:00,309004.22683357494,50274.61283425501,50274.61283425501,258729.61399931993,16,2,momentum_only,0.017773612219004642,309004.22683357494,0.0
2020-08-25 00:00:00+00:00,295068.0385093787,38621.94246561726,38621.942465617234,256446.09604376144,16,3,momentum_only,-0.0451003161574941,309004.22683357494,-0.0451003161574941
2020-08-26 00:00:00+00:00,307054.1465249602,46190.78875691714,46190.788756917114,260863.35776804306,17,2,momentum_only,0.04062150572502787,309004.22683357494,-0.006310853183458365
2020-08-27 00:00:00+00:00,289161.44139660936,25311.484087552548,25311.484087552526,263849.95730905683,13,4,momentum_only,-0.05827214949170645,309004.22683357494,-0.06421525569503816
2020-08-28 00:00:00+00:00,302885.03545936395,18585.22618870044,-9.094947017729282e-13,284299.80927066354,15,0,momentum_only,0.04745997252078826,309004.22683357494,-0.019802937444951874
2020-08-29 00:00:00+00:00,301204.54331956385,149592.2615264135,90361.36299586916,151612.28179315035,11,3,momentum_only,-0.005548283814191812,309004.22683357494,-0.025241348941844377
2020-08-30 00:00:00+00:00,303826.32882517274,105270.74931309288,91147.89864755183,198555.5795120799,12,3,momentum_only,0.008704335853351619,309004.22683357494,-0.016756722267074142
2020-08-31 00:00:00+00:00,308093.3370460909,51804.22603520834,51804.22603520834,256289.11101088257,12,3,momentum_only,0.01404423453825654,309004.22683357494,-0.002947823066428823
2020-09-01 00:00:00+00:00,317763.2761223152,42151.35137278892,42151.35137278889,275611.9247495263,13,3,momentum_only,0.03138639468460047,317763.2761223152,0.0
2020-09-02 00:00:00+00:00,307714.7216096928,23630.320858507395,23630.320858507395,284084.40075118537,12,3,momentum_only,-0.03162276848113332,317763.2761223152,-0.03162276848113332
2020-09-03 00:00:00+00:00,257741.37623946654,6.366462912410498e-12,9.094947017729282e-12,257741.37623946654,15,0,momentum_only,-0.16240154227529202,317763.2761223152,-0.1888887243840749
2020-09-04 00:00:00+00:00,262076.86473702488,70723.50217065265,70723.50217065265,191353.36256637223,12,3,momentum_only,0.016821080731447058,317763.2761223152,-0.17524495613475233
2020-09-05 00:00:00+00:00,233542.562764097,89371.01255412349,23354.256276409717,144171.55020997353,12,1,momentum_only,-0.10887760734454743,317763.2761223152,-0.2650423119561478
2020-09-06 00:00:00+00:00,243896.61857000738,104169.64896942842,73168.98557100224,139726.96960057894,10,3,momentum_only,0.044334770002370405,317763.2761223152,-0.23245813189524978
2020-09-07 00:00:00+00:00,240995.73598111206,65308.834464667845,1.4551915228366852e-11,175686.90151644422,10,0,momentum_only,-0.011893902448929072,317763.2761223152,-0.24158719999995648
2020-09-08 00:00:00+00:00,236488.80340365102,83267.90485099869,83267.90485099869,153220.89855265233,7,4,momentum_only,-0.018701295934191342,317763.2761223152,-0.255770502213036
2020-09-09 00:00:00+00:00,257301.15868257894,1.4551915228366852e-11,1.4551915228366852e-11,257301.15868257894,11,0,momentum_only,0.08800566868023907,317763.2761223152,-0.19027408760873565
2020-09-10 00:00:00+00:00,265244.1205041355,66796.07512933668,66796.07512933665,198448.04537479885,8,5,momentum_only,0.03087029169330502,317763.2761223152,-0.1652776125015898
2020-09-11 00:00:00+00:00,272597.85920803045,25723.383293179784,25723.383293179784,246874.47591485066,12,2,momentum_only,0.02772441737791631,317763.2761223152,-0.14213542063589324
2020-09-12 00:00:00+00:00,281608.21907395025,74818.63638860497,56321.64381479008,206789.5826853453,11,2,momentum_only,0.03305367067847609,317763.2761223152,-0.11377984734286273
2020-09-13 00:00:00+00:00,265835.8345394949,18496.992573814907,2.1827872842550278e-11,247338.84196567995,13,0,momentum_only,-0.05600825354573036,317763.2761223152,-0.1634154903502194
2020-09-14 00:00:00+00:00,267491.53670950874,121069.95584227148,121069.95584227146,146421.58086723727,9,6,momentum_only,0.006228288119553227,317763.2761223152,-0.15820500098776547
2020-09-15 00:00:00+00:00,244804.83406926456,1.0913936421275139e-11,0.0,244804.83406926456,15,0,momentum_only,-0.08481278667474834,317763.2761223152,-0.22959998066286014
2020-09-16 00:00:00+00:00,243553.3432290754,60589.58644413675,48710.66864581508,182963.75678493865,10,2,momentum_only,-0.005112198233124254,317763.2761223152,-0.23353841828051425
2020-09-17 00:00:00+00:00,249787.35790473255,32218.875580690772,32218.875580690772,217568.48232404178,10,2,momentum_only,0.025596095676640784,317763.2761223152,-0.21391999430235287
2020-09-18 00:00:00+00:00,260487.72551298144,53745.320331660885,26048.772551298145,206742.40518132056,10,1,momentum_only,0.04283790700220291,317763.2761223152,-0.180245972121986
2020-09-19 00:00:00+00:00,256281.9050518415,27696.547780362736,0.0,228585.35727147874,11,0,momentum_only,-0.016145944891865383,317763.2761223152,-0.19348167548098905
2020-09-20 00:00:00+00:00,248712.20962241385,134345.04177144144,24871.220962241387,114367.1678509724,5,1,momentum_only,-0.02953659731808378,317763.2761223152,-0.21730348246196274
2020-09-21 00:00:00+00:00,242001.186934339,109473.82080920004,24200.118693433902,132527.36612513894,6,1,momentum_only,-0.02698308498108437,317763.2761223152,-0.2384230491090904
2020-09-22 00:00:00+00:00,242660.06403452673,141957.68130417712,24266.006403452673,100702.38273034961,5,1,momentum_only,0.0027226192918075043,317763.2761223152,-0.23634956501039894
2020-09-23 00:00:00+00:00,236225.33686203012,145976.3177457802,70867.60105860904,90249.01911624992,4,3,momentum_only,-0.02651745435780095,317763.2761223152,-0.25659963056555046
2020-09-24 00:00:00+00:00,246434.58888923563,100119.16617373558,49286.917777847135,146315.42271550006,6,2,momentum_only,0.043218276933470134,317763.2761223152,-0.22447114752688835
2020-09-25 00:00:00+00:00,247489.63536805412,50832.24839588845,50832.24839588845,196657.38697216567,8,3,momentum_only,0.0042812434876693395,317763.2761223152,-0.22115091967773826
2020-09-26 00:00:00+00:00,246583.28611839627,23266.328457419662,23266.328457419666,223316.9576609766,10,3,momentum_only,-0.003662170532151676,317763.2761223152,-0.22400319782868783
2020-09-27 00:00:00+00:00,246601.00333955392,22293.98292545777,22293.982925457763,224307.02041409616,12,2,momentum_only,7.185085995309315e-05,317763.2761223152,-0.22394744179113102
2020-09-28 00:00:00+00:00,243838.31851815278,25390.43709466968,24383.83185181529,218447.8814234831,13,1,momentum_only,-0.011203055883747148,317763.2761223152,-0.23264160196946992
2020-09-29 00:00:00+00:00,254821.93541318428,76033.6358772569,76033.63587725691,178788.2995359274,11,3,momentum_only,0.0450446712468362,317763.2761223152,-0.19807619520168585
2020-09-30 00:00:00+00:00,260271.61768102818,52301.00676685467,52301.00676685467,207970.6109141735,12,3,momentum_only,0.0213862368598976,317763.2761223152,-0.18092606276867884
2020-10-01 00:00:00+00:00,256487.1074412256,58244.26676932615,58244.26676932615,198242.84067189947,12,3,momentum_only,-0.014540618272256722,317763.2761223152,-0.19283590422671382
2020-10-02 00:00:00+00:00,245669.1923850771,20912.885698539885,1.8189894035458565e-11,224756.30668653722,12,0,momentum_only,-0.04217722740168317,317763.2761223152,-0.22687984784461768
2020-10-03 00:00:00+00:00,246578.39534348276,41231.219883065234,24657.839534348295,205347.17546041752,10,1,momentum_only,0.003700923789339061,317763.2761223152,-0.2240185890814883
2020-10-04 00:00:00+00:00,252061.03453870112,43044.050181589766,43044.05018158976,209016.98435711136,10,3,momentum_only,0.022234872554755203,317763.2761223152,-0.20676474130485623
2020-10-05 00:00:00+00:00,249461.40278368184,78801.3553397716,74838.42083510457,170660.04744391024,10,3,momentum_only,-0.010313501092213184,317763.2761223152,-0.2149457740117905
2020-10-06 00:00:00+00:00,234025.70171197192,55120.49838271318,46805.14034239441,178905.20332925874,10,2,momentum_only,-0.06187610948814737,317763.2761223152,-0.2635218752531697
2020-10-07 00:00:00+00:00,237925.87547779622,50990.51224001014,50990.51224001014,186935.36323778608,9,3,momentum_only,0.016665578768884304,317763.2761223152,-0.2512480410536413
2020-10-08 00:00:00+00:00,240985.29269024712,1.8189894035458565e-11,2.1827872842550278e-11,240985.2926902471,12,0,momentum_only,0.012858698980541927,317763.2761223152,-0.2416200650024588
2020-10-09 00:00:00+00:00,246185.2347849772,24787.56589892651,24787.565898926514,221397.66888605067,11,2,momentum_only,0.021577840027830586,317763.2761223152,-0.2252558640847654
2020-10-10 00:00:00+00:00,253365.96515927667,45817.57763665101,45817.57763665101,207548.38752262565,10,3,momentum_only,0.02916799775003276,317763.2761223152,-0.20265812887153878
2020-10-11 00:00:00+00:00,267794.5518349218,74087.88614051457,74087.88614051457,193706.66569440725,10,6,momentum_only,0.05694761199111609,317763.2761223152,-0.15725141337024462
2020-10-12 00:00:00+00:00,263769.5419045999,52882.04479133141,26376.954190460023,210887.49711326847,14,1,momentum_only,-0.015030215897756993,317763.2761223152,-0.16991810657481943
2020-10-13 00:00:00+00:00,261718.64925029376,87641.32715642298,78515.59477508816,174077.32209387078,12,3,momentum_only,-0.007775320226502402,317763.2761223152,-0.17637225911042165
2020-10-14 00:00:00+00:00,256468.09046335652,9125.732381334841,9125.732381334841,247342.35808202167,15,1,momentum_only,-0.020061844281933028,317763.2761223152,-0.19289575059442865
2020-10-15 00:00:00+00:00,255278.6424883731,23688.716588719268,23688.716588719268,231589.9258996538,14,1,momentum_only,-0.004637801033393507,317763.2761223152,-0.19663893951637812
2020-10-16 00:00:00+00:00,249221.34650037566,49181.32302420895,49181.32302420895,200040.0234761667,12,5,momentum_only,-0.023728173767115335,317763.2761223152,-0.21570123035726763
2020-10-17 00:00:00+00:00,252605.85878396133,70678.89059054808,70678.89059054808,181926.96819341325,11,4,momentum_only,0.013580346672192434,317763.2761223152,-0.20505018117094542
2020-10-18 00:00:00+00:00,255027.43225709072,22715.794246256253,22715.79424625625,232311.63801083446,14,1,momentum_only,0.009586370976456315,317763.2761223152,-0.19742949729998327
2020-10-19 00:00:00+00:00,253993.2779316902,74715.81583187624,74715.81583187623,179277.46209981394,12,3,momentum_only,-0.004055070924127158,317763.2761223152,-0.2006839776100443
2020-10-20 00:00:00+00:00,242474.0380802903,7607.979730949293,7607.979730949293,234866.058349341,14,2,momentum_only,-0.04535253824511809,317763.2761223152,-0.23693498808542035
2020-10-21 00:00:00+00:00,255769.552090366,25136.172637825588,25136.172637825588,230633.3794525404,15,1,momentum_only,0.05483273226007457,317763.2761223152,-0.19509404859007762
2020-10-22 00:00:00+00:00,262957.4005592564,51314.386863226144,51314.38686322613,211643.01369603025,11,5,momentum_only,0.02810283088876364,317763.2761223152,-0.17247391275624513
2020-10-23 00:00:00+00:00,261951.23871874367,73300.88716519493,52390.247743748754,188650.35155354874,12,2,momentum_only,-0.0038263301902620173,317763.2761223152,-0.17564030080709536
2020-10-24 00:00:00+00:00,266193.1610400582,43133.128047860184,43133.128047860184,223060.032992198,13,2,momentum_only,0.01619355702253067,317763.2761223152,-0.1622909850111388
2020-10-25 00:00:00+00:00,264347.2097924194,81908.00401518085,79304.16293772584,182439.20577723856,12,3,momentum_only,-0.006934630628474325,317763.2761223152,-0.16810018760422962
2020-10-26 00:00:00+00:00,256984.07393510998,10884.282965747116,10884.282965747116,246099.79096936286,13,2,momentum_only,-0.027854032819530694,317763.2761223152,-0.1912719522812628
2020-10-27 00:00:00+00:00,258275.74200779153,25507.50181318246,25507.50181318246,232768.24019460907,14,1,momentum_only,0.005026257280860591,317763.2761223152,-0.1872070770431804
2020-10-28 00:00:00+00:00,249849.36063441593,51356.2110468184,51356.211046818375,198493.14958759755,10,4,momentum_only,-0.03262552382144113,317763.2761223152,-0.21372487191300693
2020-10-29 00:00:00+00:00,244250.78718775825,51742.31700533602,51742.31700533602,192508.47018242223,12,3,momentum_only,-0.022407795771187122,317763.2761223152,-0.2313435644031443
2020-10-30 00:00:00+00:00,242166.7781039732,32179.25003042059,32179.250030420575,209987.52807355262,13,2,momentum_only,-0.00853225124790713,317763.2761223152,-0.2379019342349774
2020-10-31 00:00:00+00:00,242342.48207963546,73987.6449254324,48468.49641592711,168354.83715420307,12,2,momentum_only,0.0007255494623907843,317763.2761223152,-0.23734899439307255
2020-11-01 00:00:00+00:00,244449.16548113842,34613.255310010805,24444.91654811386,209835.91017112762,12,1,momentum_only,0.008693000845021892,317763.2761223152,-0.23071926855687475
2020-11-02 00:00:00+00:00,235272.9259572752,36197.13763661117,36197.13763661117,199075.78832066403,12,2,momentum_only,-0.03753843669624335,317763.2761223152,-0.25959686459579223
2020-11-03 00:00:00+00:00,232175.16109259208,49892.73868623588,23217.516109259228,182282.4224063562,10,1,momentum_only,-0.01316668652833286,317763.2761223152,-0.2693455205842543
2020-11-04 00:00:00+00:00,235389.0511807048,74104.01274205583,23538.9051180705,161285.03843864895,8,1,momentum_only,0.013842523347409319,317763.2761223152,-0.25923141889405266
2020-11-05 00:00:00+00:00,248834.41236333098,78229.69467566485,78229.69467566485,170604.71768766613,7,5,momentum_only,0.05711973906681145,317763.2761223152,-0.2169189108323888
2020-11-06 00:00:00+00:00,263314.97941938473,51627.19579577947,51627.19579577948,211687.78362360524,10,3,momentum_only,0.058193587126969426,317763.2761223152,-0.17134861324243122
2020-11-07 00:00:00+00:00,248775.7068388914,30534.609875658563,24877.570683889164,218241.09696323285,12,1,momentum_only,-0.05521627600736101,317763.2761223152,-0.21710365692751965
2020-11-08 00:00:00+00:00,259099.210696343,44863.50133772692,44863.50133772693,214235.7093586161,11,3,momentum_only,0.041497234551672646,317763.2761223152,-0.18461562374939422
2020-11-09 00:00:00+00:00,259726.60057445616,25544.00484954394,25544.00484954394,234182.59572491221,13,2,momentum_only,0.0024214272070801623,317763.2761223152,-0.18264122983651276
2020-11-10 00:00:00+00:00,266351.71626853483,25082.239543059186,25082.23954305919,241269.47672547563,14,2,momentum_only,0.025508036833445047,317763.2761223152,-0.16179201222104334
2020-11-11 00:00:00+00:00,259896.19059064286,92011.71375764918,77968.85717719288,167884.47683299368,11,3,momentum_only,-0.024236846558869263,317763.2761223152,-0.18210753060526041
2020-11-12 00:00:00+00:00,255401.48838844532,64298.9957681103,64298.995768110304,191102.49262033502,11,4,momentum_only,-0.01729422117339552,317763.2761223152,-0.19625234386702772
2020-11-13 00:00:00+00:00,270455.8217192624,23681.09735980542,23681.097359805393,246774.724359457,14,3,momentum_only,0.05894379639605174,317763.2761223152,-0.14887640567012206
2020-11-14 00:00:00+00:00,266150.520097616,48333.56348088225,48333.56348088225,217816.95661673375,14,4,momentum_only,-0.015918687178844926,317763.2761223152,-0.16242517591879346
2020-11-15 00:00:00+00:00,264868.0724589464,24137.66227409674,24137.662274096718,240730.41018484966,16,3,momentum_only,-0.0048185051007950674,317763.2761223152,-0.1664610344809263
2020-11-16 00:00:00+00:00,281068.18608807697,28851.371806160823,28106.81860880773,252216.81428191613,17,1,momentum_only,0.06116295361209145,317763.2761223152,-0.11547932939901262
2020-11-17 00:00:00+00:00,286958.1361358982,78804.3980412382,57391.62722717968,208153.73809466002,15,2,momentum_only,0.020955591345281244,317763.2761223152,-0.09694367568944418
2020-11-18 00:00:00+00:00,282726.0269883162,93343.71961072274,93343.71961072272,189382.3073775935,13,5,momentum_only,-0.014748176178485228,317763.2761223152,-0.11026210945947157
2020-11-19 00:00:00+00:00,289915.99451969564,26256.730906975026,26256.730906975026,263659.2636127206,15,3,momentum_only,0.02543086537864636,317763.2761223152,-0.08763530494285454
2020-11-20 00:00:00+00:00,297994.29941725807,56192.53203193519,56192.53203193519,241801.76738532286,14,2,momentum_only,0.027864295348539736,317763.2761223152,-0.062212905614201786
2020-11-21 00:00:00+00:00,309781.78563542577,23740.335183950698,23740.335183950698,286041.45045147504,13,2,momentum_only,0.03955607956668539,317763.2761223152,-0.025117724692066523
2020-11-22 00:00:00+00:00,312597.154963641,30283.337582920547,30283.337582920547,282313.81738072046,14,1,momentum_only,0.009088233907750043,317763.2761223152,-0.016257766541548424
2020-11-23 00:00:00+00:00,338593.1676019324,69646.05153725085,67718.63352038653,268947.11606468156,13,2,momentum_only,0.08316138590997424,338593.1676019324,0.0
2020-11-24 00:00:00+00:00,357652.4318913826,104850.1687594508,104850.16875945081,252802.2631319318,10,6,momentum_only,0.056289571418219664,357652.4318913826,0.0
2020-11-25 00:00:00+00:00,331023.0851518898,23655.06154822697,23655.06154822697,307368.02360366285,13,4,momentum_only,-0.07445593644832249,357652.4318913826,-0.07445593644832249
2020-11-26 00:00:00+00:00,303970.85334021336,79605.29245494086,79605.29245494083,224365.5608852725,15,4,momentum_only,-0.08172309734610672,357652.4318913826,-0.1500942640520675
2020-11-27 00:00:00+00:00,310426.96993578866,20784.37850618476,3.2741809263825417e-11,289642.5914296039,17,0,momentum_only,0.02123926200368098,357652.4318913826,-0.13204289344783793
2020-11-28 00:00:00+00:00,319615.4009101511,50118.37553389693,31961.54009101514,269497.02537625417,16,1,momentum_only,0.029599332094962794,357652.4318913826,-0.10635194280681759
2020-11-29 00:00:00+00:00,325145.7424621031,86386.98536452069,65029.148492420645,238758.7570975824,15,2,momentum_only,0.017303113480150012,357652.4318913826,-0.09088904906188833
2020-11-30 00:00:00+00:00,336860.71656071406,119198.16189954744,119198.16189954741,217662.55466116665,11,4,momentum_only,0.036029916953245644,357652.4318913826,-0.05813385699830187
2020-12-01 00:00:00+00:00,324446.182170585,22313.90917636097,22313.90917636097,302132.272994224,11,3,momentum_only,-0.03685361272421195,357652.4318913826,-0.09284502707053377
2020-12-02 00:00:00+00:00,334834.94854375755,94931.12794642501,94931.12794642497,239903.82059733255,10,6,momentum_only,0.032019998828990426,357652.4318913826,-0.0637979258996193
2020-12-03 00:00:00+00:00,344465.57391237275,6.548361852765083e-11,7.275957614183426e-12,344465.5739123727,16,0,momentum_only,0.028762306355713863,357652.4318913826,-0.03687059503348955
2020-12-04 00:00:00+00:00,313187.3423695376,31687.98306163865,31318.734236953773,281499.35930789897,15,1,momentum_only,-0.09080219886005758,357652.4318913826,-0.12432486279122756
2020-12-05 00:00:00+00:00,334383.9778200797,67550.3015368891,66876.79556401595,266833.6762831906,14,2,momentum_only,0.06768037076521316,357652.4318913826,-0.06505884483505875
2020-12-06 00:00:00+00:00,332720.13840390625,108951.14696609836,99816.04152117186,223768.9914378079,12,3,momentum_only,-0.004975834748484065,357652.4318913826,-0.06971095752271628
2020-12-07 00:00:00+00:00,329593.7322556704,34146.2072418614,34146.20724186138,295447.52501380903,12,2,momentum_only,-0.009396504110732673,357652.4318913826,-0.07845242233452365
2020-12-08 00:00:00+00:00,310575.15040772874,102445.72218150471,102445.7221815047,208129.42822622406,8,6,momentum_only,-0.05770310532843714,357652.4318913826,-0.13162857927372074
2020-12-09 00:00:00+00:00,327639.77088542323,3.637978807091713e-12,1.4551915228366852e-11,327639.77088542323,14,0,momentum_only,0.0549452216485824,357652.4318913826,-0.08391571908862094
2020-12-10 00:00:00+00:00,314973.67890010896,31260.83622900176,31260.836229001754,283712.8426711072,13,2,momentum_only,-0.03865859126651516,357652.4318913826,-0.11933024687005345
2020-12-11 00:00:00+00:00,310859.59087047353,58341.12565685869,31085.95908704737,252518.46521361487,13,1,momentum_only,-0.013061688341711175,357652.4318913826,-0.13083328071740852
2020-12-12 00:00:00+00:00,319065.89456496225,121372.18088290397,95719.7683694887,197693.7136820583,11,3,momentum_only,0.026398747008285373,357652.4318913826,-0.10788836838704596
2020-12-13 00:00:00+00:00,331963.75212851254,57277.09117193125,57277.09117193124,274686.6609565813,12,3,momentum_only,0.040423805186499795,357652.4318913826,-0.0718258215861135
2020-12-14 00:00:00+00:00,335919.2329821987,103962.77169350932,103962.7716935093,231956.4612886894,9,5,momentum_only,0.011915399884246725,357652.4318913826,-0.06076625508807998
2020-12-15 00:00:00+00:00,354670.50598122424,2.1827872842550278e-11,2.546585164964199e-11,354670.50598122424,14,0,momentum_only,0.055820778204799026,357652.4318913826,-0.008337496530888888
2020-12-16 00:00:00+00:00,363089.6323775113,34446.53881254352,34446.53881254349,328643.0935649678,12,3,momentum_only,0.023737881369624736,363089.6323775113,0.0
2020-12-17 00:00:00+00:00,367595.03740806924,41960.378945613316,41960.37894561332,325634.6584624559,14,2,momentum_only,0.012408520180145377,367595.03740806924,0.0
2020-12-18 00:00:00+00:00,374344.51759559964,120044.88314378649,112303.3552786799,254299.63445181315,13,3,momentum_only,0.0183611841855138,374344.51759559964,0.0
2020-12-19 00:00:00+00:00,373719.31331100455,70579.72251936392,70579.72251936392,303139.5907916406,13,2,momentum_only,-0.0016701307357478434,374344.51759559964,-0.0016701307357478434
2020-12-20 00:00:00+00:00,358266.4607858639,109693.8979799975,107479.93823575918,248572.56280586644,10,3,momentum_only,-0.04134881975521809,374344.51759559964,-0.04294989255620585
2020-12-21 00:00:00+00:00,363719.5512551165,2213.959744238302,2213.9597442382947,361505.5915108782,13,1,momentum_only,0.015220767406725955,374344.51759559964,-0.028382855474221702
2020-12-22 00:00:00+00:00,394923.377097643,33419.582155240205,33419.582155240176,361503.7949424028,11,2,momentum_only,0.08579089503121007,394923.377097643,0.0
2020-12-23 00:00:00+00:00,365896.60998612543,57996.7355430898,57996.7355430898,307899.87444303563,11,2,momentum_only,-0.07349974398790982,394923.377097643,-0.07349974398790982
2020-12-24 00:00:00+00:00,388711.2014435601,102075.86880730718,102075.86880730718,286635.33263625286,10,3,momentum_only,0.06235256308687798,394923.377097643,-0.01573007832490747
2020-12-25 00:00:00+00:00,387948.0081043311,72788.80153659472,72788.80153659469,315159.2065677364,11,2,momentum_only,-0.0019633942536122495,394923.377097643,-0.01766258823312772
2020-12-26 00:00:00+00:00,410717.7578255611,115495.46262446721,115495.46262446723,295222.2952010939,10,4,momentum_only,0.05869278677957923,410717.7578255611,0.0
2020-12-27 00:00:00+00:00,397082.80518144637,2086.3447828286153,2086.344782828586,394996.4603986178,13,1,momentum_only,-0.03319786491896881,410717.7578255611,-0.03319786491896881
2020-12-28 00:00:00+00:00,425730.8312683437,35194.28601682536,35194.286016825354,390536.5452515184,12,2,momentum_only,0.07214622671411486,425730.8312683437,0.0
2020-12-29 00:00:00+00:00,415905.2952111152,70980.7405032668,70980.7405032668,344924.5547078484,12,4,momentum_only,-0.023079221272173656,425730.8312683437,-0.023079221272173656
2020-12-30 00:00:00+00:00,407898.77165691,106367.33796543407,81579.754331382,301531.43369147595,13,2,momentum_only,-0.01925083341422973,425730.8312683437,-0.041885760442362585
2020-12-31 00:00:00+00:00,419521.3040541853,110061.30022851804,83904.26081083706,309460.00382566726,13,2,momentum_only,0.0284936685395345,425730.8312683437,-0.01458557087739909
2021-01-01 00:00:00+00:00,417285.15669839655,143749.27135421854,125185.54700951898,273535.885344178,11,3,momentum_only,-0.005330235518861581,425730.8312683437,-0.019838061868307055
2021-01-02 00:00:00+00:00,432212.7350207899,21161.235814280168,21161.235814280168,411051.49920650973,13,2,momentum_only,0.03577308725884687,432212.7350207899,0.0
2021-01-03 00:00:00+00:00,442495.0539939998,40075.02218068553,40075.02218068553,402420.03181331424,13,3,momentum_only,0.023789949115486486,442495.0539939998,0.0
2021-01-04 00:00:00+00:00,444649.97709393845,80641.86062620167,80641.86062620167,364008.1164677368,12,2,momentum_only,0.004869937145032699,444649.97709393845,0.0
2021-01-05 00:00:00+00:00,464871.50946731376,107461.78434464932,107461.78434464932,357409.7251226644,12,3,momentum_only,0.04547741687863227,464871.50946731376,0.0
2021-01-06 00:00:00+00:00,470344.57192212366,86365.62736984258,86365.62736984254,383978.9445522811,13,3,momentum_only,0.01177328002114253,470344.57192212366,0.0
2021-01-07 00:00:00+00:00,461365.40604646,126159.93437287048,92273.081209292,335205.4716735895,13,2,momentum_only,-0.0190906123120953,470344.57192212366,-0.0190906123120953
2021-01-08 00:00:00+00:00,454815.48499330506,57280.15958209786,57280.15958209784,397535.3254112072,13,3,momentum_only,-0.01419681876299006,470344.57192212366,-0.03301640511201609
2021-01-09 00:00:00+00:00,469364.3931584002,47679.10291243307,47679.10291243304,421685.29024596716,13,4,momentum_only,0.03198859459525494,470344.57192212366,-0.0020839589148820004
2021-01-10 00:00:00+00:00,455360.5589844852,87498.69467193722,87498.69467193722,367861.864312548,15,4,momentum_only,-0.029835740371530473,470344.57192212366,-0.031857522829283114
2021-01-11 00:00:00+00:00,414347.35750929697,105179.8407159054,105179.8407159054,309167.51679339155,16,4,momentum_only,-0.09006753146704927,470344.57192212366,-0.11905572585644364
2021-01-12 00:00:00+00:00,426294.0576051816,71190.25420555401,71190.25420555403,355103.80339962756,17,3,momentum_only,0.028832572187012406,470344.57192212366,-0.0936558364794644
2021-01-13 00:00:00+00:00,460127.48911360034,79067.72049602776,2.9103830456733704e-11,381059.7686175726,18,0,momentum_only,0.0793664159863896,470344.57192212366,-0.021722548570657252
2021-01-14 00:00:00+00:00,471070.699938737,131756.56587395773,94214.13998774743,339314.1340647792,15,2,momentum_only,0.023782997286725616,471070.699938737,0.0
2021-01-15 00:00:00+00:00,488507.20321674325,86517.26742687845,86517.26742687845,401989.9357898648,13,6,momentum_only,0.037014620693399,488507.20321674325,0.0
2021-01-16 00:00:00+00:00,500587.4076958524,94131.37619836023,94131.37619836023,406456.03149749216,15,2,momentum_only,0.02472881545975758,500587.4076958524,0.0
2021-01-17 00:00:00+00:00,519888.61661509564,137358.60265833553,137358.60265833553,382530.0139567601,13,3,momentum_only,0.03855712034005121,519888.61661509564,0.0
2021-01-18 00:00:00+00:00,530818.7347063894,79303.0544360124,79303.05443601242,451515.68027037696,13,4,momentum_only,0.02102396117548766,530818.7347063894,0.0
2021-01-19 00:00:00+00:00,497562.23688987474,3.2741809263825417e-11,4.729372449219227e-11,497562.2368898747,17,0,momentum_only,-0.06265132641731219,530818.7347063894,-0.06265132641731219
2021-01-20 00:00:00+00:00,521191.22827926243,106690.04501857841,106690.04501857841,414501.183260684,15,3,momentum_only,0.04748951917469868,530818.7347063894,-0.018137088609828655
2021-01-21 00:00:00+00:00,454096.05244204256,108569.74560437544,108569.74560437544,345526.3068376671,12,4,momentum_only,-0.12873427678116878,530818.7347063894,-0.14453650040589516
2021-01-22 00:00:00+00:00,497231.44492827135,83170.06285177842,83170.0628517784,414061.38207649294,14,3,momentum_only,0.09499178038270717,530818.7347063894,-0.0632744995270299
2021-01-23 00:00:00+00:00,518252.2023421952,116142.73475445477,116142.73475445475,402109.46758774045,14,3,momentum_only,0.04227559947854109,530818.7347063894,-0.023673867447698616
2021-01-24 00:00:00+00:00,552509.9131239495,70811.29885452986,70811.29885452986,481698.6142694197,13,2,momentum_only,0.06610239305675814,552509.9131239495,0.0
2021-01-25 00:00:00+00:00,521526.064032124,5.093170329928398e-11,6.548361852765083e-11,521526.06403212395,15,0,momentum_only,-0.05607835869702238,552509.9131239495,-0.05607835869702238
2021-01-26 00:00:00+00:00,571103.5454437052,107626.00666482293,107626.00666482293,463477.53877888224,12,2,momentum_only,0.09506232733274733,571103.5454437052,0.0
2021-01-27 00:00:00+00:00,533197.2345370918,176799.1247547078,176799.12475470782,356398.109782384,10,5,momentum_only,-0.06637379720198189,571103.5454437052,-0.06637379720198189
2021-01-28 00:00:00+00:00,573000.9702246987,94714.30465596655,94714.30465596655,478286.6655687321,12,3,momentum_only,0.0746510542616814,573000.9702246987,0.0
2021-01-29 00:00:00+00:00,593200.4825656816,115484.15361015349,115484.15361015349,477716.32895552804,12,2,momentum_only,0.03525214334813742,593200.4825656816,0.0
2021-01-30 00:00:00+00:00,609288.6083900337,79195.28619835657,79195.28619835652,530093.3221916772,12,3,momentum_only,0.02712089132963702,609288.6083900337,0.0
2021-01-31 00:00:00+00:00,612586.2998032969,1.1641532182693481e-10,8.003553375601768e-11,612586.2998032968,15,0,momentum_only,0.005412363480710614,612586.2998032969,0.0
2021-02-01 00:00:00+00:00,622470.1087300192,97757.55302323405,62247.010873002,524712.5557067852,13,1,momentum_only,0.01613455757971738,622470.1087300192,0.0
2021-02-02 00:00:00+00:00,642892.0648217734,272523.7395742298,272523.73957422987,370368.32524754363,9,5,momentum_only,0.032807930542110286,642892.0648217734,0.0
2021-02-03 00:00:00+00:00,667400.944522352,108865.52805265153,108865.52805265153,558535.4164697004,11,3,momentum_only,0.03812285302879426,667400.944522352,0.0
2021-02-04 00:00:00+00:00,724444.3875607093,105533.98518815113,105533.98518815113,618910.4023725581,12,2,momentum_only,0.08547102533572581,724444.3875607093,0.0
2021-02-05 00:00:00+00:00,786688.2062093064,94543.97693437545,94543.97693437545,692144.2292749309,11,3,momentum_only,0.08591938831658208,786688.2062093064,0.0
2021-02-06 00:00:00+00:00,749600.9232816666,9.458744898438454e-11,1.0550138540565968e-10,749600.9232816665,14,0,momentum_only,-0.04714356035200595,786688.2062093064,-0.04714356035200595
2021-02-07 00:00:00+00:00,775407.756935036,92837.39644792379,92837.39644792372,682570.3604871123,13,3,momentum_only,0.03442743045244678,786688.2062093064,-0.014339161544858703
2021-02-08 00:00:00+00:00,846509.9173025955,363334.774895903,253952.9751907788,483175.1424066925,11,3,momentum_only,0.09169647805511483,846509.9173025955,0.0
2021-02-09 00:00:00+00:00,888340.494194655,241285.65066821358,177668.09883893112,647054.8435264414,11,2,momentum_only,0.049415341789913914,888340.494194655,0.0
2021-02-10 00:00:00+00:00,939523.1352085768,193015.51200468963,193015.51200468963,746507.6232038871,11,4,momentum_only,0.05761601699843988,939523.1352085768,0.0
2021-02-11 00:00:00+00:00,977731.9330746247,109692.26473909253,109692.26473909253,868039.6683355322,12,3,momentum_only,0.04066828844780446,977731.9330746247,0.0
2021-02-12 00:00:00+00:00,1026422.2173488991,9.458744898438454e-11,1.1641532182693481e-10,1026422.217348899,15,0,momentum_only,0.049799216561497106,1026422.2173488991,0.0
2021-02-13 00:00:00+00:00,1004538.8343121366,165525.99096985045,165525.99096985045,839012.8433422862,12,3,momentum_only,-0.021320059783277223,1026422.2173488991,-0.021320059783277223
2021-02-14 00:00:00+00:00,940546.2082226719,243145.77522343933,243145.7752234393,697400.4329992326,12,3,momentum_only,-0.06370348651904933,1026422.2173488991,-0.08366538416133729
2021-02-15 00:00:00+00:00,912690.5643112621,175259.47396947595,91269.05643112633,737431.0903417862,13,1,momentum_only,-0.02961645442603822,1026422.2173488991,-0.1108039665503242
2021-02-16 00:00:00+00:00,932837.953183281,328735.8806495165,328735.8806495165,604102.0725337645,10,5,momentum_only,0.022074720239079637,1026422.2173488991,-0.09117521287422325
2021-02-17 00:00:00+00:00,959807.44722917,110746.25191044965,110746.25191044968,849061.1953187203,12,3,momentum_only,0.028911231531539183,1026422.2173488991,-0.064899969032028
2021-02-18 00:00:00+00:00,980346.1534822261,1.1641532182693481e-10,1.382431946694851e-10,980346.153482226,15,0,momentum_only,0.021398777757297482,1026422.2173488991,-0.04488997128850236
2021-02-19 00:00:00+00:00,1031917.9710114726,164886.82718086606,164886.82718086604,867031.1438306066,12,5,momentum_only,0.05260572232171423,1031917.9710114726,0.0
2021-02-20 00:00:00+00:00,983592.8415394503,251844.49980536904,251844.49980536907,731748.3417340813,14,4,momentum_only,-0.04683039818044321,1031917.9710114726,-0.04683039818044321
2021-02-21 00:00:00+00:00,1041253.5525345363,87442.49949681708,1.1641532182693481e-10,953811.0530377192,17,0,momentum_only,0.058622540303200577,1041253.5525345363,0.0
2021-02-22 00:00:00+00:00,1002856.5051041362,460895.47398816823,300856.951531241,541961.0311159679,12,3,momentum_only,-0.03687579008680175,1041253.5525345363,-0.03687579008680175
2021-02-23 00:00:00+00:00,934047.221719017,306019.4947643349,280214.16651570523,628027.7269546821,12,3,momentum_only,-0.06861328917438103,1041253.5525345363,-0.10295891001242319
2021-02-24 00:00:00+00:00,1024564.9227494415,25805.328248629696,8.731149137020111e-11,998759.5945008118,15,0,momentum_only,0.09690912721075917,1041253.5525345363,-0.016027440909539004
2021-02-25 00:00:00+00:00,969727.8031571498,161639.04064472084,161639.04064472084,808088.7625124289,10,4,momentum_only,-0.05352234726632554,1041253.5525345363,-0.06869196191771376
2021-02-26 00:00:00+00:00,955966.1178248656,211597.50410297734,211597.5041029774,744368.6137218883,10,3,momentum_only,-0.014191286758490573,1041253.5525345363,-0.08190842134662668
2021-02-27 00:00:00+00:00,952788.449694957,5.093170329928398e-11,1.1641532182693481e-10,952788.449694957,13,0,momentum_only,-0.003324038447240052,1041253.5525345363,-0.08496019305215785
2021-02-28 00:00:00+00:00,957164.1700249074,281862.85873340827,281862.85873340827,675301.3112914992,10,3,momentum_only,0.004592541325780575,1041253.5525345363,-0.08075783492401556
2021-03-01 00:00:00+00:00,1060496.9306591053,323136.683796309,318149.07919773174,737360.2468627963,10,3,momentum_only,0.10795719675916082,1060496.9306591053,0.0
2021-03-02 00:00:00+00:00,1017815.7152298243,4987.604598577353,4987.604598577353,1012828.1106312469,13,1,momentum_only,-0.040246429947472184,1060496.9306591053,-0.040246429947472184
2021-03-03 00:00:00+00:00,1026142.7485156315,153024.75557818974,153024.75557818974,873117.9929374418,10,3,momentum_only,0.008181277967325373,1060496.9306591053,-0.03239441921073971
2021-03-04 00:00:00+00:00,988334.9598586125,240201.88610858525,240201.88610858523,748133.0737500272,10,3,momentum_only,-0.0368445703209519,1060496.9306591053,-0.0680454310750751
2021-03-05 00:00:00+00:00,981868.9462953771,1.1641532182693481e-10,8.731149137020111e-11,981868.946295377,13,0,momentum_only,-0.006542330106546479,1060496.9306591053,-0.0741425855092861
2021-03-06 00:00:00+00:00,982122.5433937267,301742.52264899376,301742.5226489937,680380.0207447329,10,4,momentum_only,0.00025827998665861607,1060496.9306591053,-0.07390345506862372
2021-03-07 00:00:00+00:00,1015829.5308396542,275880.72672739637,203165.90616793087,739948.8041122578,11,2,momentum_only,0.034320551618184814,1060496.9306591053,-0.042119310794883735
2021-03-08 00:00:00+00:00,1125054.8622297277,77662.83682282385,77662.83682282384,1047392.0254069038,12,2,momentum_only,0.10752328818378731,1125054.8622297277,0.0
2021-03-09 00:00:00+00:00,1259533.8427306914,197631.35165502768,197631.3516550276,1061902.4910756638,11,2,momentum_only,0.11953104245462498,1259533.8427306914,0.0
2021-03-10 00:00:00+00:00,1234251.9054161767,377003.56275109085,370275.57162485307,857248.3426650859,10,3,momentum_only,-0.020072455742596862,1259533.8427306914,-0.020072455742596862
2021-03-11 00:00:00+00:00,1361897.7350051352,6727.991126237801,6727.991126237802,1355169.7438788973,13,2,momentum_only,0.10341959289576108,1361897.7350051352,0.0
2021-03-12 00:00:00+00:00,1542524.146186163,357795.63101253443,357795.6310125344,1184728.5151736285,11,4,momentum_only,0.13262846874500944,1542524.146186163,0.0
2021-03-13 00:00:00+00:00,1475174.1254667223,288904.1006115088,288904.1006115088,1186270.0248552135,13,4,momentum_only,-0.04366221487421196,1542524.146186163,-0.04366221487421196
2021-03-14 00:00:00+00:00,1509945.4023972244,87849.36515652774,87849.36515652775,1422096.0372406966,15,2,momentum_only,0.02357096449173479,1542524.146186163,-0.021120410898907704
2021-03-15 00:00:00+00:00,1490648.0618431177,268943.70737794146,268943.70737794146,1221704.3544651761,15,3,momentum_only,-0.01278015782787234,1542524.146186163,-0.03363064654210246
2021-03-16 00:00:00+00:00,1492592.3779276046,521588.86804189783,149259.23779276042,971003.5098857068,15,1,momentum_only,0.0013043428118659772,1542524.146186163,-0.032370169622312206
2021-03-17 00:00:00+00:00,1578352.2084355871,378675.77990879456,378675.77990879444,1199676.4285267927,14,4,momentum_only,0.057456966668325116,1578352.2084355871,0.0
2021-03-18 00:00:00+00:00,1565909.3619984197,352631.4168244806,352631.4168244805,1213277.9451739392,14,3,momentum_only,-0.007883440952320964,1578352.2084355871,-0.007883440952320964
2021-03-19 00:00:00+00:00,1579817.5148558104,273425.4076583368,157981.75148558102,1306392.1071974738,13,1,momentum_only,0.008881837732703124,1579817.5148558104,0.0
2021-03-20 00:00:00+00:00,1527789.594013687,233830.9313190116,233830.9313190116,1293958.6626946754,12,2,momentum_only,-0.03293286746910895,1579817.5148558104,-0.03293286746910895
2021-03-21 00:00:00+00:00,1675530.1410497462,275274.2137712262,275274.2137712261,1400255.92727852,11,3,momentum_only,0.09670215559455864,1675530.1410497462,0.0
2021-03-22 00:00:00+00:00,1603832.0101787029,158658.58367589692,158658.58367589692,1445173.426502806,13,2,momentum_only,-0.04279131071084363,1675530.1410497462,-0.04279131071084363
2021-03-23 00:00:00+00:00,1658949.1473414982,356972.0635271866,356972.0635271865,1301977.0838143115,11,4,momentum_only,0.03436590416764029,1675530.1410497462,-0.009895968626299823
2021-03-24 00:00:00+00:00,1599277.8575330654,527621.951986271,527621.951986271,1071655.9055467944,12,5,momentum_only,-0.03596933028601712,1675530.1410497462,-0.045509347548297496
2021-03-25 00:00:00+00:00,1636400.6372144741,139204.90943353975,139204.90943353972,1497195.7277809344,16,1,momentum_only,0.023212213879251653,1675530.1410497462,-0.02335350637784217
2021-03-26 00:00:00+00:00,1755796.3270258675,235071.81750915843,235071.8175091584,1520724.509516709,15,2,momentum_only,0.07296238286403511,1755796.3270258675,0.0
2021-03-27 00:00:00+00:00,1772111.0177563233,251581.8417886329,251581.84178863288,1520529.1759676903,14,2,momentum_only,0.009291903895306097,1772111.0177563233,0.0
2021-03-28 00:00:00+00:00,1764339.429433511,151988.8983988483,151988.89839884825,1612350.5310346629,14,1,momentum_only,-0.004385497434947316,1772111.0177563233,-0.004385497434947316
2021-03-29 00:00:00+00:00,1813601.2181106363,425144.3490865353,425144.3490865351,1388456.8690241012,11,4,momentum_only,0.027920811526012335,1813601.2181106363,0.0
2021-03-30 00:00:00+00:00,1941428.60872572,557074.7196564227,557074.7196564229,1384353.8890692974,10,4,momentum_only,0.0704826338550053,1941428.60872572,0.0
2021-03-31 00:00:00+00:00,1982526.2408161205,177557.0134001925,177557.01340019237,1804969.2274159282,13,2,momentum_only,0.02116875784444905,1982526.2408161205,0.0
2021-04-01 00:00:00+00:00,1976158.9424771992,366709.6173375637,366709.6173375637,1609449.3251396355,13,3,momentum_only,-0.0032117094885463215,1982526.2408161205,-0.0032117094885463215
2021-04-02 00:00:00+00:00,2077083.9567378224,303357.47067664645,207708.39567378222,1773726.486061176,14,1,momentum_only,0.051071304079473245,2077083.9567378224,0.0
2021-04-03 00:00:00+00:00,2016226.3687758415,233066.0675410709,233066.06754107092,1783160.3012347706,14,2,momentum_only,-0.029299532050481525,2077083.9567378224,-0.029299532050481525
2021-04-04 00:00:00+00:00,2334687.620857475,517662.3707940037,517662.3707940036,1817025.2500634713,12,6,momentum_only,0.15794915541898602,2334687.620857475,0.0
2021-04-05 00:00:00+00:00,2418583.7735972074,494670.7333095673,-5.820766091346741e-11,1923913.04028764,14,0,momentum_only,0.035934637246639145,2418583.7735972074,0.0
2021-04-06 00:00:00+00:00,2250397.2078259354,724819.4766083701,675119.1623477805,1525577.7312175652,12,3,momentum_only,-0.06953927650028213,2418583.7735972074,-0.06953927650028213
2021-04-07 00:00:00+00:00,2035520.711156971,428346.293124053,428346.293124053,1607174.4180329181,12,4,momentum_only,-0.09548380877905205,2418583.7735972074,-0.15838321029934765
2021-04-08 00:00:00+00:00,2227740.364249274,237313.39768681346,237313.39768681326,1990426.9665624609,15,2,momentum_only,0.094432668770561,2418583.7735972074,-0.07890709076580305
2021-04-09 00:00:00+00:00,2258786.152322814,294598.7339051935,225878.61523228127,1964187.4184176205,15,1,momentum_only,0.013935999262643772,2418583.7735972074,-0.06607074066188878
2021-04-10 00:00:00+00:00,2274643.1486411626,605311.4016336603,605311.4016336601,1669331.7470075025,10,3,momentum_only,0.007020140575079381,2418583.7735972074,-0.05951442597415557
2021-04-11 00:00:00+00:00,2297715.1992327166,0.0,-1.1641532182693481e-10,2297715.1992327166,13,0,momentum_only,0.010143151731442757,2418583.7735972074,-0.0499749380955784
2021-04-12 00:00:00+00:00,2251318.3704040945,793292.2364776055,793292.2364776055,1458026.133926489,10,4,momentum_only,-0.020192593426772598,2418583.7735972074,-0.06915840791585892
2021-04-13 00:00:00+00:00,2334017.132265303,420088.9145366879,420088.9145366879,1913928.2177286148,10,6,momentum_only,0.03673348156723155,2418583.7735972074,-0.03496535545102364
2021-04-14 00:00:00+00:00,2382837.9198208153,206752.70867960068,206752.70867960062,2176085.2111412147,14,3,momentum_only,0.020917064780980876,2418583.7735972074,-0.01477966327510194
2021-04-15 00:00:00+00:00,2476442.7269521286,214118.00101483008,-8.731149137020111e-11,2262324.7259372985,16,0,momentum_only,0.03928290982474891,2476442.7269521286,0.0
2021-04-16 00:00:00+00:00,2658394.155085325,882983.3020637333,265839.41550853243,1775410.8530215914,13,1,momentum_only,0.07347289971738302,2658394.155085325,0.0
2021-04-17 00:00:00+00:00,2574530.3413355406,617143.8865552009,514906.0682671081,1957386.4547803397,14,2,momentum_only,-0.03154679436431895,2658394.155085325,-0.03154679436431895
2021-04-18 00:00:00+00:00,2582959.1230067015,1024535.8347615598,774887.7369020104,1558423.2882451417,12,3,momentum_only,0.003273910404484992,2658394.155085325,-0.028376165338131365
2021-04-19 00:00:00+00:00,2525069.0174912023,760920.0970923717,760920.0970923717,1764148.9203988307,9,4,momentum_only,-0.0224123196530156,2658394.155085325,-0.05015250930306203
2021-04-20 00:00:00+00:00,2628856.1611671085,358369.2240955558,358369.2240955557,2270486.9370715525,10,2,momentum_only,0.04110269579047965,2658394.155085325,-0.01111121684559535
2021-04-21 00:00:00+00:00,2461493.981894912,-2.9103830456733704e-11,-8.731149137020111e-11,2461493.981894912,12,0,momentum_only,-0.063663498119233,2658394.155085325,-0.07406733603207638
2021-04-22 00:00:00+00:00,2293443.691000311,221413.19752431978,221413.1975243196,2072030.4934759915,11,3,momentum_only,-0.06827166433501997,2658394.155085325,-0.1372823000633253
2021-04-23 00:00:00+00:00,2283561.508304323,403173.27585482784,403173.2758548279,1880388.2324494952,12,3,momentum_only,-0.004308883943724751,2658394.155085325,-0.14099965050854957
2021-04-24 00:00:00+00:00,2206124.452322592,683074.3502370785,661837.3356967776,1523050.1020855133,12,3,momentum_only,-0.03391065040294561,2658394.155085325,-0.17012891105616224
2021-04-25 00:00:00+00:00,2229235.058129039,593851.2428414054,593851.2428414053,1635383.8152876338,11,3,momentum_only,0.010475658244083474,2658394.155085325,-0.16143546514174123
2021-04-26 00:00:00+00:00,2451399.605105952,394793.98169070063,394793.98169070063,2056605.6234152513,12,3,momentum_only,0.09965954293010792,2658394.155085325,-0.07786450688036861
2021-04-27 00:00:00+00:00,2605177.030835462,-1.7462298274040222e-10,-8.731149137020111e-11,2605177.030835462,15,0,momentum_only,0.06273046034975738,2658394.155085325,-0.02001852289212358
2021-04-28 00:00:00+00:00,2653117.035810353,253309.6721880828,253309.6721880827,2399807.36362227,12,2,momentum_only,0.018401822374242593,2658394.155085325,-0.0019850778203365227
2021-04-29 00:00:00+00:00,2655609.9033140917,477950.05046908587,265560.99033140915,2177659.8528450057,11,1,momentum_only,0.0009395995239152022,2658394.155085325,-0.0010473434745961185
2021-04-30 00:00:00+00:00,2713029.756851594,963438.1393815973,542605.9513703187,1749591.617469997,9,2,momentum_only,0.021622096478042474,2713029.756851594,0.0
2021-05-01 00:00:00+00:00,2821601.4267429877,1155730.7003075124,1128640.570697195,1665870.7264354755,8,4,momentum_only,0.04001860636331123,2821601.4267429877,0.0
2021-05-02 00:00:00+00:00,2815076.9199493434,547724.3676555635,547724.3676555635,2267352.55229378,9,5,momentum_only,-0.0023123417545105607,2821601.4267429877,-0.0023123417545105607
2021-05-03 00:00:00+00:00,2939731.409304197,-8.731149137020111e-11,-7.275957614183426e-11,2939731.409304197,14,0,momentum_only,0.044281024248920664,2939731.409304197,0.0
2021-05-04 00:00:00+00:00,2788119.7231493755,325930.7563108476,325930.75631084753,2462188.966838528,12,4,momentum_only,-0.05157331233560081,2939731.409304197,-0.05157331233560081
2021-05-05 00:00:00+00:00,3198903.85844657,311050.2950151771,311050.2950151771,2887853.563431393,15,1,momentum_only,0.1473337503718044,3198903.85844657,0.0
2021-05-06 00:00:00+00:00,3226091.5806498528,568841.0095180343,568841.0095180343,2657250.5711318185,14,3,momentum_only,0.008499074497501535,3226091.5806498528,0.0
2021-05-07 00:00:00+00:00,3238188.6686146487,1294120.1780067196,323818.8668614649,1944068.4906079292,13,1,momentum_only,0.0037497658272798162,3238188.6686146487,0.0
2021-05-08 00:00:00+00:00,3309887.4882383123,1632289.5692867117,1323954.995295325,1677597.9189516008,9,4,momentum_only,0.02214164366597493,3309887.4882383123,0.0
2021-05-09 00:00:00+00:00,3350660.983079237,308334.57399138645,308334.57399138645,3042326.4090878502,13,4,momentum_only,0.012318695117526923,3350660.983079237,0.0
2021-05-10 00:00:00+00:00,3060423.0118634175,408228.1951193507,408228.1951193507,2652194.816744067,13,5,momentum_only,-0.08662110929202171,3350660.983079237,-0.08662110929202171
2021-05-11 00:00:00+00:00,3284292.1129390337,347278.2464474702,347278.24644747004,2937013.8664915636,17,3,momentum_only,0.0731497247954973,3350660.983079237,-0.01980769480271638
2021-05-12 00:00:00+00:00,2859447.94214709,591593.4686172762,591593.4686172763,2267854.473529814,17,3,momentum_only,-0.12935638980412156,3350660.983079237,-0.1466018327168167
2021-05-13 00:00:00+00:00,3000809.848881006,241064.83406975938,0.0,2759745.014811246,19,0,momentum_only,0.04943678276156005,3350660.983079237,-0.10441257291172445
2021-05-14 00:00:00+00:00,3151138.454050023,1483892.1642682566,1260455.3816200094,1667246.2897817667,15,4,momentum_only,0.05009601165667821,3350660.983079237,-0.0595472147247359
2021-05-15 00:00:00+00:00,2947549.733125598,513104.7547916092,513104.754791609,2434444.978333989,15,2,momentum_only,-0.06460798974502724,3350660.983079237,-0.12030797863148246
2021-05-16 00:00:00+00:00,3003877.2363578794,358117.4478257084,358117.4478257084,2645759.788532171,12,3,momentum_only,0.019109941589535495,3350660.983079237,-0.10349711548634966
2021-05-17 00:00:00+00:00,2857391.7347771074,292453.36732116074,292453.3673211606,2564938.3674559467,12,4,momentum_only,-0.04876547543546805,3350660.983079237,-0.14721550487892632
2021-05-18 00:00:00+00:00,3133697.8740025926,610668.9495938632,610668.9495938632,2523028.924408729,13,2,momentum_only,0.09669872557640002,3350660.983079237,-0.0647523310094048
2021-05-19 00:00:00+00:00,2033331.529424557,-1.1641532182693481e-10,0.0,2033331.529424557,15,0,momentum_only,-0.35113989568259363,3350660.983079237,-0.39315509993615116
2021-05-20 00:00:00+00:00,2287576.4555766024,882219.2671151671,457515.2911153205,1405357.188461435,11,2,momentum_only,0.12503859920177307,3350660.983079237,-0.3172760636994275
2021-05-21 00:00:00+00:00,2061635.6027672356,838093.153707513,206163.56027672358,1223542.4490597227,11,1,momentum_only,-0.09876865634745158,3350660.983079237,-0.38470778954407825
2021-05-22 00:00:00+00:00,1911663.0192625667,887917.5853682318,382332.60385251336,1023745.433894335,9,2,momentum_only,-0.07274446721009664,3350660.983079237,-0.4294668935722169
2021-05-23 00:00:00+00:00,1747904.840541739,686219.7040867433,0.0,1061685.1364549957,7,0,momentum_only,-0.08566268064546134,3350660.983079237,-0.47834028886580304
2021-05-24 00:00:00+00:00,1997215.2711195922,961851.1233068057,0.0,1035364.1478127865,5,0,momentum_only,0.14263386930182254,3350660.983079237,-0.40393394580786157
2021-05-25 00:00:00+00:00,2026791.6030206704,961851.1233068057,0.0,1064940.4797138646,5,0,momentum_only,0.014808785176421368,3350660.983079237,-0.39510693166037314
2021-05-26 00:00:00+00:00,2072041.8124047215,1387756.3353479903,207204.18124047216,684285.4770567314,3,1,momentum_only,0.0223260296305805,3350660.983079237,-0.3816020710932898
2021-05-27 00:00:00+00:00,2027531.5491609285,1416545.9694633374,202753.15491609287,610985.579697591,3,1,momentum_only,-0.021481353791860225,3350660.983079237,-0.3948860957882885
2021-05-28 00:00:00+00:00,1988519.356342408,1633009.3704461285,0.0,355509.9858962796,2,0,momentum_only,-0.01924122602909195,3350660.983079237,-0.4065292291925723
2021-05-29 00:00:00+00:00,1963571.908041861,1633009.3704461285,0.0,330562.53759573237,2,0,momentum_only,-0.012545740739700162,3350660.983079237,-0.4139747596197123
2021-05-30 00:00:00+00:00,2000464.2592945718,1633009.3704461285,0.0,367454.88884844317,2,0,momentum_only,0.018788388192771288,3350660.983079237,-0.4029642899126854
2021-05-31 00:00:00+00:00,2020949.1281215656,1633009.3704461285,0.0,387939.7576754369,2,0,momentum_only,0.010240057392586044,3350660.983079237,-0.3968506099759679
2021-06-01 00:00:00+00:00,2020583.3917625702,1808214.5796325395,202058.33917625702,212368.81213003068,1,1,momentum_only,-0.00018097257071247874,3350660.983079237,-0.3969597634716042
2021-06-02 00:00:00+00:00,2017150.7232287328,1818194.3927802441,0.0,198956.33044848862,1,0,momentum_only,-0.0016988502171361164,3350660.983079237,-0.3979842385083723
2021-06-03 00:00:00+00:00,2019885.8752710174,1818194.3927802441,0.0,201691.48249077334,1,0,momentum_only,0.0013559482743592532,3350660.983079237,-0.39716793627544056
2021-06-04 00:00:00+00:00,1998426.9823281125,1818194.3927802441,0.0,180232.58954786844,1,0,momentum_only,-0.010623814545970722,3350660.983079237,-0.4035723123228151
2021-06-05 00:00:00+00:00,1986974.5005148435,1818194.3927802441,0.0,168780.10773459944,1,0,momentum_only,-0.005730748190723056,3350660.983079237,-0.40699028921486824
2021-06-06 00:00:00+00:00,1993081.6063683524,1818194.3927802441,0.0,174887.21358810828,1,0,momentum_only,0.0030735703210718057,3350660.983079237,-0.4051676321676917
2021-06-07 00:00:00+00:00,1992785.1420654915,1992785.1420654915,0.0,0.0,0,0,momentum_only,-0.00014874669552600306,3350660.983079237,-0.40525611151679863
2021-06-08 00:00:00+00:00,1992785.1420654915,1992785.1420654915,1992785.1420654915,0.0,0,11,momentum_only,0.0,3350660.983079237,-0.40525611151679863
2021-06-09 00:00:00+00:00,2132645.355382277,-2.9103830456733704e-11,0.0,2132645.355382277,11,0,momentum_only,0.07018328788412309,3350660.983079237,-0.36351502997405927
2021-06-10 00:00:00+00:00,1993424.4049459188,-2.9103830456733704e-11,0.0,1993424.4049459188,11,0,momentum_only,-0.0652808729238542,3350660.983079237,-0.4050653244202659
2021-06-11 00:00:00+00:00,1860827.97391329,-2.9103830456733704e-11,0.0,1860827.97391329,11,0,momentum_only,-0.06651690964735935,3350660.983079237,-0.4446385404818841
2021-06-12 00:00:00+00:00,1841951.0166081893,-2.9103830456733704e-11,0.0,1841951.0166081893,11,0,momentum_only,-0.010144386031236796,3350660.983079237,-0.450272341514107
2021-06-13 00:00:00+00:00,1979414.4392826278,-2.9103830456733704e-11,0.0,1979414.4392826278,11,0,momentum_only,0.0746292498741723,3350660.983079237,-0.4092465787262196
2021-06-14 00:00:00+00:00,1976602.8135750196,1976602.8135750196,1976602.81357502,0.0,0,11,momentum_only,-0.001420433059297621,3350660.983079237,-0.41008570441569003
2021-06-15 00:00:00+00:00,1897145.859725697,-4.0745362639427185e-10,3.4924596548080444e-10,1897145.8597256974,11,0,momentum_only,-0.04019874569823734,3350660.983079237,-0.4337995191676385
2021-06-16 00:00:00+00:00,1832568.6677822652,-4.0745362639427185e-10,3.4924596548080444e-10,1832568.6677822657,11,0,momentum_only,-0.034039128627025406,3350660.983079237,-0.4530724901633749
2021-06-17 00:00:00+00:00,1867061.9616309626,-4.0745362639427185e-10,3.4924596548080444e-10,1867061.961630963,11,0,momentum_only,0.018822374547328824,3350660.983079237,-0.442778015722992
2021-06-18 00:00:00+00:00,1749898.93514819,-4.0745362639427185e-10,3.4924596548080444e-10,1749898.9351481905,11,0,momentum_only,-0.0627526182261382,3350660.983079237,-0.47774515416953833
2021-06-19 00:00:00+00:00,1742662.4716461715,-4.0745362639427185e-10,3.4924596548080444e-10,1742662.471646172,11,0,momentum_only,-0.004135360823798506,3350660.983079237,-0.4799048663990245
2021-06-20 00:00:00+00:00,1740020.095371309,1740020.095371309,1392016.0762970475,0.0,0,8,momentum_only,-0.0015162868988430889,3350660.983079237,-0.48069347983625577
2021-06-21 00:00:00+00:00,1413155.6227784278,348004.01907426177,1.7462298274040222e-10,1065151.6037041661,8,0,momentum_only,-0.18785097566538755,3350660.983079237,-0.5782457163184124
2021-06-22 00:00:00+00:00,1387244.103802999,348004.01907426177,1.7462298274040222e-10,1039240.0847287372,8,0,momentum_only,-0.018335927450427336,3350660.983079237,-0.585978972265905
2021-06-23 00:00:00+00:00,1498544.2735946476,348004.01907426177,1.7462298274040222e-10,1150540.254520386,8,0,momentum_only,0.0802311355921641,3350660.983079237,-0.5527615950517636
2021-06-24 00:00:00+00:00,1529020.862593181,348004.01907426177,1.7462298274040222e-10,1181016.8435189193,8,0,momentum_only,0.020337463187141802,3350660.983079237,-0.5436659004552529
2021-06-25 00:00:00+00:00,1413704.991091907,348004.01907426177,1.7462298274040222e-10,1065700.9720176454,8,0,momentum_only,-0.075418115162733,3350660.983079237,-0.5780817581274007
2021-06-26 00:00:00+00:00,1411675.8035648263,1411675.8035648263,141167.5803564828,0.0,0,1,momentum_only,-0.0014353684395734811,3350660.983079237,-0.5786873662558649
2021-06-27 00:00:00+00:00,1412348.6817433028,1270508.2232083436,423704.60452299105,141840.45853495918,1,3,momentum_only,0.0004766520590473444,3350660.983079237,-0.578486546721488
2021-06-28 00:00:00+00:00,1413924.467319797,846803.6186853526,141392.4467319799,567120.8486344444,4,1,momentum_only,0.0011157199329483447,3350660.983079237,-0.5780162557596593
2021-06-29 00:00:00+00:00,1444949.898632236,705411.1719533729,144494.9898632238,739538.7266788632,5,1,momentum_only,0.02194277843656689,3350660.983079237,-0.5687567599559606
2021-06-30 00:00:00+00:00,1443136.3398330486,560916.1820901493,432940.90194991475,882220.1577428994,6,3,momentum_only,-0.0012551015096814444,3350660.983079237,-0.5692980139975798
2021-07-01 00:00:00+00:00,1367333.7684082892,127975.28014023471,1.7462298274040222e-10,1239358.4882680546,9,0,momentum_only,-0.05252627165741586,3350660.983079237,-0.5919211835177316
2021-07-02 00:00:00+00:00,1374865.3153354977,265780.50236418936,265780.50236418936,1109084.8129713084,8,2,momentum_only,0.005508199315501505,3350660.983079237,-0.5896734040601133
2021-07-03 00:00:00+00:00,1403247.5798126268,419060.55760293995,140324.75798126287,984187.0222096869,7,1,momentum_only,0.02064366899109915,3350660.983079237,-0.5812027576352858
2021-07-04 00:00:00+00:00,1443141.9936693339,418150.81704905804,1.7462298274040222e-10,1024991.1766202758,7,0,momentum_only,0.02843006068967102,3350660.983079237,-0.5692963266181901
2021-07-05 00:00:00+00:00,1447270.8448619265,576280.3712309694,144727.08448619282,870990.4736309572,6,1,momentum_only,0.002861015208970974,3350660.983079237,-0.568064076858085
2021-07-06 00:00:00+00:00,1438842.6916799108,853971.0291369626,719421.3458399556,584871.662542948,4,5,momentum_only,-0.005823480250387925,3350660.983079237,-0.5705794471759351
2021-07-07 00:00:00+00:00,1436100.0345991051,134549.68329700705,134549.68329700705,1301550.351302098,9,2,momentum_only,-0.0019061549234430375,3350660.983079237,-0.5713979892769283
2021-07-08 00:00:00+00:00,1345141.9839158878,300449.23510545504,269028.3967831776,1044692.7488104329,9,2,momentum_only,-0.0633368487513537,3350660.983079237,-0.5985442900046216
2021-07-09 00:00:00+00:00,1474974.8185728146,161147.44893376605,161147.448933766,1313827.3696390486,10,2,momentum_only,0.09651979955228684,3350660.983079237,-0.5597958653467467
2021-07-10 00:00:00+00:00,1463064.884321591,7.275957614183426e-11,4.3655745685100555e-11,1463064.884321591,12,0,momentum_only,-0.008074669547747049,3350660.983079237,-0.5633503682676236
2021-07-11 00:00:00+00:00,1524035.6250644336,123978.23566754215,123978.23566754209,1400057.3893968915,11,2,momentum_only,0.04167329924749996,3350660.983079237,-0.5451537374981297
2021-07-12 00:00:00+00:00,1462941.8106646608,725446.6782759824,725446.6782759822,737495.1323886785,8,5,momentum_only,-0.04008686765257852,3350660.983079237,-0.5633870994253121
2021-07-13 00:00:00+00:00,1402334.8487194052,172788.1452068383,172788.1452068383,1229546.7035125669,11,3,momentum_only,-0.04142814259831695,3350660.983079237,-0.581475160930585
2021-07-14 00:00:00+00:00,1432419.2207008502,297663.321541238,286483.8441401701,1134755.8991596124,12,2,momentum_only,0.02145305881039583,3350660.983079237,-0.5724965229444174
2021-07-15 00:00:00+00:00,1397380.9396545796,155489.95637748696,155489.95637748693,1241890.9832770927,12,2,momentum_only,-0.024460912378100552,3350660.983079237,-0.5829536480380073
2021-07-16 00:00:00+00:00,1254418.4550700765,1.4551915228366852e-11,0.0,1254418.4550700765,14,0,momentum_only,-0.10230745284091403,3350660.983079237,-0.6256205980238342
2021-07-17 00:00:00+00:00,1236641.7244349206,115836.19372259703,115836.19372259703,1120805.5307123235,12,3,momentum_only,-0.0141712923333569,3350660.983079237,-0.6309260379728258
2021-07-18 00:00:00+00:00,1265727.679238434,614301.7090929438,379718.30377153016,651425.9701454903,10,3,momentum_only,0.02352011437815915,3350660.983079237,-0.6222453761719462
2021-07-19 00:00:00+00:00,1175334.6051555758,381291.9735858467,235066.92103111517,794042.6315697291,10,2,momentum_only,-0.07141589424452355,3350660.983079237,-0.6492230604376303
2021-07-20 00:00:00+00:00,1150079.3447560156,341091.053992216,230015.86895120313,808988.2907637997,10,2,momentum_only,-0.02148771957260398,3350660.983079237,-0.6567604569474828
2021-07-21 00:00:00+00:00,1343359.326126449,241206.1300044627,134335.93261264492,1102153.1961219863,10,1,momentum_only,0.16805795378529909,3350660.983079237,-0.5990763216838757
2021-07-22 00:00:00+00:00,1381082.5978173139,106870.19739181778,0.0,1274212.400425496,11,0,momentum_only,0.028081296610073192,3350660.983079237,-0.5878178649550789
2021-07-23 00:00:00+00:00,1654898.1363689874,240967.06798587105,240967.06798587105,1413931.0683831163,8,3,momentum_only,0.19826152250735496,3350660.983079237,-0.5060980073107408
2021-07-24 00:00:00+00:00,1770224.6034299827,421934.47146029095,421934.47146029095,1348290.1319696917,8,3,momentum_only,0.06968795512334869,3350660.983079237,-0.47167898740887926
2021-07-25 00:00:00+00:00,1891534.3351622485,430620.9194694038,430620.9194694038,1460913.4156928447,9,4,momentum_only,0.06852787578322905,3350660.983079237,-0.43547427068436506
2021-07-26 00:00:00+00:00,1832543.098008241,611178.4533002542,549762.9294024723,1221364.6447079869,11,3,momentum_only,-0.031186976655619314,3350660.983079237,-0.45308012142602827
2021-07-27 00:00:00+00:00,2046957.2489606023,210151.5870646413,210151.58706464127,1836805.661895961,13,2,momentum_only,0.11700360618279815,3350660.983079237,-0.3890885233398155
2021-07-28 00:00:00+00:00,2032970.3589357173,-4.3655745685100555e-11,-5.820766091346741e-11,2032970.3589357173,15,0,momentum_only,-0.00683301521416102,3350660.983079237,-0.39326289075434007
2021-07-29 00:00:00+00:00,2068352.3730895733,245735.8306223511,245735.83062235103,1822616.5424672223,12,4,momentum_only,0.017404097407686336,3350660.983079237,-0.3827031790041706
2021-07-30 00:00:00+00:00,2064229.2639199444,492802.5039051605,412845.8527839888,1571426.7600147838,13,2,momentum_only,-0.0019934268566965674,3350660.983079237,-0.3839337150656972
2021-07-31 00:00:00+00:00,2059790.7991211936,498565.8379641018,498565.8379641018,1561224.9611570917,11,3,momentum_only,-0.00215018015504842,3350660.983079237,-0.38525836856575735
2021-08-01 00:00:00+00:00,2019607.6640559596,660510.8730697338,660510.8730697338,1359096.7909862257,11,4,momentum_only,-0.01950835739356549,3350660.983079237,-0.39725096801647997
2021-08-02 00:00:00+00:00,2042827.3422271,222770.14150887376,222770.14150887373,1820057.2007182261,13,4,momentum_only,0.011497123220709282,3350660.983079237,-0.3903210881246022
2021-08-03 00:00:00+00:00,2061400.4327925916,-1.382431946694851e-10,-1.3096723705530167e-10,2061400.4327925919,17,0,momentum_only,0.009091855283884787,3350660.983079237,-0.3847779756881947
2021-08-04 00:00:00+00:00,2130845.1471761717,224636.13095225266,224636.13095225263,1906209.0162239189,13,4,momentum_only,0.033688124480260706,3350660.983079237,-0.3640522995501807
2021-08-05 00:00:00+00:00,2142213.0362544195,490994.3609799849,490994.36097998486,1651218.6752744345,15,3,momentum_only,0.005334920321785397,3350660.983079237,-0.3606595692394583
2021-08-06 00:00:00+00:00,2194290.063478632,502266.8103150794,502266.81031507946,1692023.2531635524,15,3,momentum_only,0.024309919855248108,3350660.983079237,-0.3451172546074498
2021-08-07 00:00:00+00:00,2254360.7617467446,703999.5108183483,450872.15234934876,1550361.2509283961,14,2,momentum_only,0.027375915002268103,3350660.983079237,-0.32718924023313134
2021-08-08 00:00:00+00:00,2157208.6280589644,494475.7816494473,431441.7256117927,1662732.846409517,12,2,momentum_only,-0.04309520256753574,3350660.983079237,-0.3561841562149022
2021-08-09 00:00:00+00:00,2292745.838063816,63034.05603765434,63034.05603765417,2229711.782026162,14,2,momentum_only,0.06282990353455364,3350660.983079237,-0.31573326885586717
2021-08-10 00:00:00+00:00,2341740.3640254512,265054.0829110208,265054.0829110208,2076686.2811144304,12,4,momentum_only,0.021369366437498538,3350660.983079237,-0.30111092233705894
2021-08-11 00:00:00+00:00,2422977.2421595273,545062.1852604154,484595.4484319053,1877915.0568991117,13,2,momentum_only,0.034690813457402214,3350660.983079237,-0.27686589171643794
2021-08-12 00:00:00+00:00,2407240.469803946,609425.1742116082,609425.1742116082,1797815.2955923376,12,3,momentum_only,-0.006494808156578213,3350660.983079237,-0.28156250902121804
2021-08-13 00:00:00+00:00,2564740.559970444,444380.3565497862,444380.3565497861,2120360.2034206577,13,2,momentum_only,0.06542765134690742,3350660.983079237,-0.2345568313469114
2021-08-14 00:00:00+00:00,2565468.077363276,564800.3064295521,564800.3064295523,2000667.7709337235,13,3,momentum_only,0.0002836612030809871,3350660.983079237,-0.2343397048168011
2021-08-15 00:00:00+00:00,2597758.7373823198,70017.53578520144,70017.53578520144,2527741.2015971183,14,3,momentum_only,0.01258665438247486,3350660.983079237,-0.22470260330694647
2021-08-16 00:00:00+00:00,2545935.634551104,305804.97329951875,305804.97329951864,2240130.6612515855,13,4,momentum_only,-0.01994915928314267,3350660.983079237,-0.24016913456538214
2021-08-17 00:00:00+00:00,2490951.108581919,506726.5639238394,506726.5639238392,1984224.54465808,15,3,momentum_only,-0.021596981959396522,3350660.983079237,-0.2565791880583662
2021-08-18 00:00:00+00:00,2514187.766089072,729027.0453572583,729027.0453572583,1785160.7207318137,15,4,momentum_only,0.009328427774875525,3350660.983079237,-0.2496442407078293
2021-08-19 00:00:00+00:00,2674605.4034002996,416519.35033189406,416519.35033189406,2258086.0530684055,17,2,momentum_only,0.0638049550136679,3350660.983079237,-0.2017678252419457
2021-08-20 00:00:00+00:00,2802238.549822026,548427.8106541078,-2.6193447411060333e-10,2253810.739167918,16,0,momentum_only,0.047720365127305486,3350660.983079237,-0.16367589440612829
2021-08-21 00:00:00+00:00,2786406.2520779157,620380.3270658359,620380.3270658357,2166025.92501208,13,3,momentum_only,-0.0056498750775931805,3350660.983079237,-0.16840102112711341
2021-08-22 00:00:00+00:00,2816503.865232797,338553.98453560856,338553.98453560844,2477949.8806971884,12,3,momentum_only,0.010801588294038655,3350660.983079237,-0.1594184313315855
2021-08-23 00:00:00+00:00,2897801.611718716,547462.6991034383,547462.6991034382,2350338.912615278,12,3,momentum_only,0.02886477362572326,3350660.983079237,-0.13515523463801637
2021-08-24 00:00:00+00:00,2744093.2250042176,866885.6175001743,866885.6175001742,1877207.607504043,11,4,momentum_only,-0.053043102085698846,3350660.983079237,-0.1810292838153943
2021-08-25 00:00:00+00:00,2764021.4165486475,412930.0875345091,276402.1416548644,2351091.3290141383,13,1,momentum_only,0.007262213748003843,3350660.983079237,-0.17508174342110594
2021-08-26 00:00:00+00:00,2576811.45898702,136527.9458796443,136527.94587964425,2440283.5131073757,14,2,momentum_only,-0.06773100832025791,3350660.983079237,-0.23095428872098367
2021-08-27 00:00:00+00:00,2806196.2355054193,631341.0676047113,631341.0676047114,2174855.167900708,13,3,momentum_only,0.08901884370250879,3350660.983079237,-0.1624947287485521
2021-08-28 00:00:00+00:00,2825142.086231865,369947.86575479375,369947.86575479375,2455194.220477071,13,3,momentum_only,0.006751434731018913,3350660.983079237,-0.15684036657281375
2021-08-29 00:00:00+00:00,2793675.1567514376,498913.6659806771,279367.5156751435,2294761.4907707605,13,1,momentum_only,-0.011138175893446012,3350660.983079237,-0.1662316268761792
2021-08-30 00:00:00+00:00,2850108.9019857934,1065716.6929825484,1065716.692982548,1784392.2090032452,10,5,momentum_only,0.020200539457128075,3350660.983079237,-0.14938905595678598
2021-08-31 00:00:00+00:00,2764375.6053227712,304605.13644223625,304605.13644223614,2459770.468880535,14,4,momentum_only,-0.03008070905756899,3350660.983079237,-0.174976036285734
2021-09-01 00:00:00+00:00,2919804.50216629,138694.77829950553,138694.77829950536,2781109.7238667845,16,1,momentum_only,0.05622567951483948,3350660.983079237,-0.12858850330987315
2021-09-02 00:00:00+00:00,3011618.1529243984,736170.5733135543,602323.6305848792,2275447.579610844,14,2,momentum_only,0.031445136374709026,3350660.983079237,-0.10118684995796268
2021-09-03 00:00:00+00:00,3031406.948809519,555151.931556202,555151.931556202,2476255.017253317,13,2,momentum_only,0.0065708183708166334,3350660.983079237,-0.09528091199973487
2021-09-04 00:00:00+00:00,3041899.4811611176,283582.19439261867,283582.19439261867,2758317.286768499,14,1,momentum_only,0.0034612747574913616,3350660.983079237,-0.09214943065781889
2021-09-05 00:00:00+00:00,3159897.2420113236,1088084.9193175968,1088084.919317597,2071812.3226937267,10,5,momentum_only,0.03879081527216188,3350660.983079237,-0.05693316692773931
2021-09-06 00:00:00+00:00,3199355.044247924,327804.9375977918,327804.93759779166,2871550.106650132,11,5,momentum_only,0.01248705233575409,3350660.983079237,-0.045157042027052174
2021-09-07 00:00:00+00:00,2812557.3520649564,143979.42930926688,143979.4293092669,2668577.9227556894,15,4,momentum_only,-0.12089864576874199,3350660.983079237,-0.16059626256780135
2021-09-08 00:00:00+00:00,2901819.6110661486,721648.9923628874,721648.9923628871,2180170.6187032615,17,4,momentum_only,0.031737044912402146,3350660.983079237,-0.13395606845327745
2021-09-09 00:00:00+00:00,3073153.695900562,588702.849965311,588702.8499653109,2484450.845935251,19,3,momentum_only,0.05904367183302073,3350660.983079237,-0.08282165476605374
2021-09-10 00:00:00+00:00,3046472.5236287154,263871.97475394065,-2.9103830456733704e-10,2782600.548874775,21,0,momentum_only,-0.008682016882994859,3350660.983079237,-0.0907846126440921
2021-09-11 00:00:00+00:00,3063523.112713037,1271078.9382716548,306352.31127130345,1792444.1744413825,16,1,momentum_only,0.005596830088594462,3350660.983079237,-0.08569588860712551
2021-09-12 00:00:00+00:00,3109836.7014625752,1266615.062678976,621967.3402925148,1843221.6387835993,12,2,momentum_only,0.015117753986364724,3350660.983079237,-0.07187366398236616
2021-09-13 00:00:00+00:00,2964026.524188335,819951.6624243839,819951.662424384,2144074.861763951,10,4,momentum_only,-0.04688676328427943,3350660.983079237,-0.11539050379713056
2021-09-14 00:00:00+00:00,2961522.172218985,715083.6191181766,715083.6191181764,2246438.5531008085,10,4,momentum_only,-0.0008449155056181601,3350660.983079237,-0.11613792407688939
2021-09-15 00:00:00+00:00,3014867.4037252283,525478.9881485925,525478.9881485924,2489388.415576636,11,4,momentum_only,0.018012774649015517,3350660.983079237,-0.10021711568247538
2021-09-16 00:00:00+00:00,2953295.9646615633,-1.7462298274040222e-10,-2.473825588822365e-10,2953295.9646615633,15,0,momentum_only,-0.020422602661591682,3350660.983079237,-0.11859302401059313
2021-09-17 00:00:00+00:00,2760220.600484551,291870.1530495369,291870.1530495369,2468350.447435014,14,4,momentum_only,-0.06537623268622794,3350660.983079237,-0.1762160915641412
2021-09-18 00:00:00+00:00,2887268.4656904647,556561.5144202277,556561.5144202276,2330706.951270237,16,2,momentum_only,0.04602815629432322,3350660.983079237,-0.1382988370739069
2021-09-19 00:00:00+00:00,2844873.6349410014,786582.1124499848,568974.7269882001,2058291.522491017,14,2,momentum_only,-0.01468336985397889,3350660.983079237,-0.15095151395275452
2021-09-20 00:00:00+00:00,2512876.9423452676,944785.8537022768,502575.3884690533,1568091.088642991,12,2,momentum_only,-0.11669997869786541,3350660.983079237,-0.25003545418792295
2021-09-21 00:00:00+00:00,2389835.8382499632,847625.1148412393,716950.7514749886,1542210.723408724,10,3,momentum_only,-0.048964237771416785,3350660.983079237,-0.286756896529198
2021-09-22 00:00:00+00:00,2805196.637104982,130674.3633662503,-2.9103830456733704e-10,2674522.2737387316,13,0,momentum_only,0.17380306722623273,3350660.983079237,-0.1627930574680153
2021-09-23 00:00:00+00:00,2935741.852264034,410449.0580189303,410449.05801893026,2525292.794245104,9,4,momentum_only,0.046536921309650925,3350660.983079237,-0.12383202386351089
2021-09-24 00:00:00+00:00,2789703.2474250603,516058.7796973524,516058.7796973523,2273644.4677277077,11,5,momentum_only,-0.049745043054909344,3350660.983079237,-0.16741703755975335
2021-09-25 00:00:00+00:00,2714130.0942315003,524856.56081303,524856.5608130298,2189273.5334184705,14,2,momentum_only,-0.02709003305757174,3350660.983079237,-0.18997173753543062
2021-09-26 00:00:00+00:00,2682721.114761964,530026.0780560952,268272.11147619603,2152695.036705869,14,1,momentum_only,-0.011572392766393769,3350660.983079237,-0.19934570274055008
2021-09-27 00:00:00+00:00,2617910.836910297,1028211.5225772511,261791.08369102937,1589699.3143330463,12,1,momentum_only,-0.024158410464301006,3350660.983079237,-0.21868823789375036
2021-09-28 00:00:00+00:00,2507301.475913245,766420.4388862214,501460.2951826487,1740881.037027024,13,2,momentum_only,-0.04225100390645653,3350660.983079237,-0.251699444206662
2021-09-29 00:00:00+00:00,2525160.530508396,611707.4433421569,505032.1061016789,1913453.087166239,11,2,momentum_only,0.007122819001510905,3350660.983079237,-0.24636943478901607
2021-09-30 00:00:00+00:00,2625351.394462058,557885.3679535,557885.3679535001,2067466.0265085578,8,6,momentum_only,0.03967702755653724,3350660.983079237,-0.21646761408569126
2021-10-01 00:00:00+00:00,2833075.945043865,490318.9913652856,490318.9913652856,2342756.9536785795,12,2,momentum_only,0.07912257041856696,3350660.983079237,-0.1544725177059585
2021-10-02 00:00:00+00:00,2887340.0875712154,267197.15828802594,267197.15828802576,2620142.9292831896,13,1,momentum_only,0.019153790290118655,3350660.983079237,-0.1382774616255663
2021-10-03 00:00:00+00:00,3053794.2006376814,267774.6782314636,267774.6782314636,2786019.5224062176,13,2,momentum_only,0.05764963877410256,3350660.983079237,-0.08859946856477752
2021-10-04 00:00:00+00:00,3005332.266540358,803961.9341561199,803961.9341561198,2201370.332384238,13,4,momentum_only,-0.015869417162166277,3350660.983079237,-0.10306286379994323
2021-10-05 00:00:00+00:00,3058372.678336375,655014.2305590692,611674.5356672747,2403358.4477773057,15,2,momentum_only,0.017648767953726274,3350660.983079237,-0.08723302841406855
2021-10-06 00:00:00+00:00,3226099.825482479,590809.6606232743,590809.6606232743,2635290.1648592046,11,4,momentum_only,0.05484195838335193,3350660.983079237,-0.03717510014465475
2021-10-07 00:00:00+00:00,3201776.2494056234,505940.8328695961,505940.8328695961,2695835.416536027,13,3,momentum_only,-0.007539622886039377,3350660.983079237,-0.044434436794852705
2021-10-08 00:00:00+00:00,3371490.7004877953,235886.29557817656,235886.29557817656,3135604.4049096187,15,2,momentum_only,0.05300634331136589,3371490.7004877953,0.0
2021-10-09 00:00:00+00:00,3346666.2358451425,239634.47267378803,-1.7462298274040222e-10,3107031.7631713543,15,0,momentum_only,-0.007363052978037632,3371490.7004877953,-0.007363052978037632
2021-10-10 00:00:00+00:00,3271256.550921209,1293735.8927118017,1293735.8927118017,1977520.6582094072,11,4,momentum_only,-0.02253277728034031,3371490.7004877953,-0.029729920225520456
2021-10-11 00:00:00+00:00,3349971.7664796975,519256.2505312524,519256.25053125236,2830715.515948445,13,3,momentum_only,0.02406268488367913,3371490.7004877953,-0.006382617043844796
2021-10-12 00:00:00+00:00,3308976.4244544106,677915.6005268008,661795.284890882,2631060.8239276097,12,2,momentum_only,-0.012237518666721958,3371490.7004877953,-0.018542028315350234
2021-10-13 00:00:00+00:00,3328418.352763285,579861.6389361215,579861.6389361216,2748556.7138271634,11,4,momentum_only,0.005875511280525325,3371490.7004877953,-0.012775460931355509
2021-10-14 00:00:00+00:00,3348050.16027853,207768.18233478407,207768.18233478395,3140281.977943746,13,2,momentum_only,0.00589823917385468,3371490.7004877953,-0.006952574481630336
2021-10-15 00:00:00+00:00,3265453.2900284193,-7.275957614183426e-11,-1.8917489796876907e-10,3265453.2900284193,15,0,momentum_only,-0.02467014121533928,3371490.7004877953,-0.03145119470269764
2021-10-16 00:00:00+00:00,3286388.664069053,1303738.595603663,1303738.595603663,1982650.0684653895,11,5,momentum_only,0.006411169348085055,3371490.7004877953,-0.025241664290051258
2021-10-17 00:00:00+00:00,3294885.8437361936,545692.8850732842,545692.8850732842,2749192.9586629095,13,4,momentum_only,0.0025855674832506725,3371490.7004877953,-0.022721360833211968
2021-10-18 00:00:00+00:00,3281438.5406534392,670361.6202422638,656287.7081306877,2611076.9204111756,15,2,momentum_only,-0.004081265245750032,3371490.7004877953,-0.026709894178657212
2021-10-19 00:00:00+00:00,3312964.215333497,611987.5271548762,611987.5271548759,2700976.688178621,13,4,momentum_only,0.00960727263042993,3371490.7004877953,-0.01735923078353152
2021-10-20 00:00:00+00:00,3445082.8357582544,174574.5791336192,174574.5791336191,3270508.2566246353,15,1,momentum_only,0.039879277842262306,3445082.8357582544,0.0
2021-10-21 00:00:00+00:00,3258630.499705616,-1.1641532182693481e-10,-2.0372681319713593e-10,3258630.499705616,16,0,momentum_only,-0.054121292561489565,3445082.8357582544,-0.054121292561489565
2021-10-22 00:00:00+00:00,3328584.249386712,1308130.6213951095,998575.2748160135,2020453.6279916025,11,3,momentum_only,0.021467223635025734,3445082.8357582544,-0.03381590281729796
2021-10-23 00:00:00+00:00,3408648.7302246704,868350.4461923274,868350.4461923272,2540298.284032343,10,3,momentum_only,0.024053614041077642,3445082.8357582544,-0.010575683451038098
2021-10-24 00:00:00+00:00,3355870.2609837586,664737.3922580358,664737.3922580358,2691132.8687257227,11,3,momentum_only,-0.015483692635419488,3445082.8357582544,-0.0258956254544922
2021-10-25 00:00:00+00:00,3620048.449407693,624371.5493690108,624371.5493690106,2995676.9000386824,10,4,momentum_only,0.07872121622082373,3620048.449407693,0.0
2021-10-26 00:00:00+00:00,3635218.5837444495,155918.39058973658,155918.3905897364,3479300.193154713,13,4,momentum_only,0.004190588758346214,3635218.5837444495,0.0
2021-10-27 00:00:00+00:00,3726446.7932731705,-1.3096723705530167e-10,-2.837623469531536e-10,3726446.7932731705,17,0,momentum_only,0.025095659979475382,3726446.7932731705,0.0
2021-10-28 00:00:00+00:00,3819920.945332455,1497390.9028402413,1145976.2835997364,2322530.0424922137,14,3,momentum_only,0.02508398945290735,3819920.945332455,0.0
2021-10-29 00:00:00+00:00,3887685.767857567,1206499.152423855,777537.1535715132,2681186.615433712,14,2,momentum_only,0.01773984946152174,3887685.767857567,0.0
2021-10-30 00:00:00+00:00,3753267.3728073444,1146338.10847448,1146338.10847448,2606929.2643328644,13,4,momentum_only,-0.034575426893181715,3887685.767857567,-0.034575426893181715
2021-10-31 00:00:00+00:00,3646628.385063597,583837.8283965444,583837.8283965443,3062790.5566670527,13,2,momentum_only,-0.02841230777118453,3887685.767857567,-0.06200536699415715
2021-11-01 00:00:00+00:00,3790593.4161392474,152991.50007777853,152991.50007777847,3637601.916061469,11,4,momentum_only,0.03947894215525882,3887685.767857567,-0.024974331135776295
2021-11-02 00:00:00+00:00,4050810.713701897,-6.548361852765083e-11,-1.0186340659856796e-10,4050810.713701897,15,0,momentum_only,0.06864816903198312,4050810.713701897,0.0
2021-11-03 00:00:00+00:00,4091074.6847311365,1154445.7708075047,1154445.7708075044,2936628.913923632,12,4,momentum_only,0.00993973154387251,4091074.6847311365,0.0
2021-11-04 00:00:00+00:00,3964441.0242081378,798654.5682121979,792888.2048416275,3165786.45599594,14,2,momentum_only,-0.030953641837834334,4091074.6847311365,-0.030953641837834334
2021-11-05 00:00:00+00:00,3856075.2823339486,1160659.932133238,1160659.9321332376,2695415.350200711,12,5,momentum_only,-0.027334431566133355,4091074.6847311365,-0.0574419731994289
2021-11-06 00:00:00+00:00,3994318.2176424908,639532.0363805403,639532.0363805403,3354786.18126195,15,2,momentum_only,0.035850683709906406,4091074.6847311365,-0.02365062350236824
2021-11-07 00:00:00+00:00,4036133.5815607626,156304.19760642893,156304.19760642893,3879829.3839543336,13,2,momentum_only,0.010468711214238757,4091074.6847311365,-0.013429503835612477
2021-11-08 00:00:00+00:00,4236775.927138695,-1.4551915228366852e-10,-1.3096723705530167e-10,4236775.927138695,15,0,momentum_only,0.04971152255578826,4236775.927138695,0.0
2021-11-09 00:00:00+00:00,4116784.37790146,1509087.0999160022,1509087.0999160022,2607697.277985458,11,5,momentum_only,-0.028321429148194466,4236775.927138695,-0.028321429148194466
2021-11-10 00:00:00+00:00,4095501.2449686644,747085.0037497622,747085.0037497622,3348416.241218902,14,2,momentum_only,-0.005169843979937805,4236775.927138695,-0.03334485575814716
2021-11-11 00:00:00+00:00,4068471.308605129,1147746.9816500074,1147746.9816500074,2920724.3269551215,11,5,momentum_only,-0.00659990920445741,4236775.927138695,-0.0397246919421651
2021-11-12 00:00:00+00:00,4131067.6107420344,585171.1527294859,585171.1527294856,3545896.4580125487,14,2,momentum_only,0.015385705683731654,4236775.927138695,-0.02495017867703242
2021-11-13 00:00:00+00:00,4136192.5132336216,153857.20620562934,153857.20620562928,3982335.3070279923,14,1,momentum_only,0.0012405757964988329,4236775.927138695,-0.023740555468318547
2021-11-14 00:00:00+00:00,4269334.420456805,1.4551915228366852e-10,1.1641532182693481e-10,4269334.420456805,15,0,momentum_only,0.03218948508736008,4269334.420456805,0.0
2021-11-15 00:00:00+00:00,4140627.153334368,1524574.125412225,1524574.1254122248,2616053.027922143,10,5,momentum_only,-0.030146916227908438,4269334.420456805,-0.030146916227908438
2021-11-16 00:00:00+00:00,4041759.855825374,685295.0070240222,685295.007024022,3356464.8488013516,13,2,momentum_only,-0.023877372641334826,4269334.420456805,-0.053304459716482344
2021-11-17 00:00:00+00:00,4395965.726811906,1243096.6755502112,1243096.6755502112,3152869.051261695,10,4,momentum_only,0.08763654537169407,4395965.726811906,0.0
2021-11-18 00:00:00+00:00,4301223.227986376,491840.2328185935,491840.2328185933,3809382.9951677825,12,2,momentum_only,-0.021552146834921015,4395965.726811906,-0.021552146834921015
2021-11-19 00:00:00+00:00,4540292.133808446,118663.41495718673,118663.41495718673,4421628.718851259,13,2,momentum_only,0.055581608568125995,4540292.133808446,0.0
2021-11-20 00:00:00+00:00,5044216.270964334,1.8917489796876907e-10,1.964508555829525e-10,5044216.270964334,15,0,momentum_only,0.11098936418727545,5044216.270964334,0.0
2021-11-21 00:00:00+00:00,4994569.593908664,1597633.3442133057,1597633.344213306,3396936.249695358,10,5,momentum_only,-0.00984229747274068,5044216.270964334,-0.00984229747274068
2021-11-22 00:00:00+00:00,5172371.13458627,1368758.8724234407,1368758.8724234407,3803612.2621628293,13,3,momentum_only,0.03559897150986768,5172371.13458627,0.0
2021-11-23 00:00:00+00:00,5307029.156782123,1485276.4293863478,1485276.4293863475,3821752.7273957757,12,3,momentum_only,0.02603409900256981,5307029.156782123,0.0
2021-11-24 00:00:00+00:00,6041591.561571417,692133.9031685864,692133.9031685862,5349457.658402831,13,3,momentum_only,0.13841310893318903,6041591.561571417,0.0
2021-11-25 00:00:00+00:00,6050799.688818004,119959.20519485901,119959.20519485883,5930840.483623145,14,2,momentum_only,0.0015241227667817103,6050799.688818004,0.0
2021-11-26 00:00:00+00:00,5426152.028679884,5.384208634495735e-10,3.710738383233547e-10,5426152.028679883,16,0,momentum_only,-0.10323390167624968,6050799.688818004,-0.10323390167624968
2021-11-27 00:00:00+00:00,5290316.678219732,1555804.946611056,1555804.9466110559,3734511.7316086753,11,6,momentum_only,-0.02503345828539183,6050799.688818004,-0.12568305839039084
2021-11-28 00:00:00+00:00,5493747.771036644,1600015.6370091953,1600015.6370091953,3893732.1340274485,14,4,momentum_only,0.038453481179007376,6050799.688818004,-0.09206252833171846
2021-11-29 00:00:00+00:00,5382227.570300182,1597217.799242289,538222.7570300187,3785009.7710578935,15,1,momentum_only,-0.020299475946894074,6050799.688818004,-0.11049318319913248
2021-11-30 00:00:00+00:00,5147802.087630287,1640315.00647868,1640315.00647868,3507487.081151607,13,5,momentum_only,-0.043555475796580034,6050799.688818004,-0.14923607582919562
2021-12-01 00:00:00+00:00,5096764.427067764,100819.0717222928,100819.0717222928,4995945.355345471,16,2,momentum_only,-0.009914456634834812,6050799.688818004,-0.15767093786186903
2021-12-02 00:00:00+00:00,4839557.530472891,5.748006515204906e-10,5.820766091346741e-10,4839557.5304728905,18,0,momentum_only,-0.05046474096956588,6050799.688818004,-0.20017885579380723
2021-12-03 00:00:00+00:00,4493924.901685664,1387519.7337402795,1387519.7337402792,3106405.1679453854,12,4,momentum_only,-0.07141822916886653,6050799.688818004,-0.2573006655648301
2021-12-04 00:00:00+00:00,4183095.0323129473,1206870.87400541,418309.5032312954,2976224.1583075374,12,1,momentum_only,-0.06916668083530397,6050799.688818004,-0.30867071338630026
2021-12-05 00:00:00+00:00,4026827.8941926453,1255296.7969636936,805365.5788385298,2771531.0972289518,12,2,momentum_only,-0.03735682237988691,6050799.688818004,-0.33449657875234207
2021-12-06 00:00:00+00:00,4097457.2681664443,1628118.9035805613,1229237.180449934,2469338.364585883,9,3,momentum_only,0.017539705154933083,6050799.688818004,-0.322823844964059
2021-12-07 00:00:00+00:00,4023730.4729985073,493439.0563534538,493439.05635345355,3530291.416645054,10,3,momentum_only,-0.017993304223262507,6050799.688818004,-0.3350084815343598
2021-12-08 00:00:00+00:00,4115666.894879982,8.658389560878277e-10,7.275957614183426e-10,4115666.894879981,13,0,momentum_only,0.02284855372357053,6050799.688818004,-0.3198143870989789
2021-12-09 00:00:00+00:00,3854693.0630956735,1163421.1921031945,1156407.9189287028,2691271.870992479,9,3,momentum_only,-0.06340985275289601,6050799.688818004,-0.36294485665767096
2021-12-10 00:00:00+00:00,3644979.3254175214,376604.50048593467,364497.932541753,3268374.8249315866,11,1,momentum_only,-0.05440478249381875,6050799.688818004,-0.39760370316777893
2021-12-11 00:00:00+00:00,3833133.6523176585,762998.2761816713,762998.2761816713,3070135.376135987,10,4,momentum_only,0.05162013556238332,6050799.688818004,-0.36650792466302196
2021-12-12 00:00:00+00:00,3849644.304913192,1059438.4014370388,1059438.401437039,2790205.903476153,11,4,momentum_only,0.004307351136986881,6050799.688818004,-0.36377925185204696
2021-12-13 00:00:00+00:00,3377584.3171633705,447307.6443053743,447307.64430537424,2930276.672857996,12,2,momentum_only,-0.12262431288712694,6050799.688818004,-0.4417953839382235
2021-12-14 00:00:00+00:00,3452526.6901091062,9.89530235528946e-10,9.604264050722122e-10,3452526.6901091053,14,0,momentum_only,0.02218815754351766,6050799.688818004,-0.42940985197552595
2021-12-15 00:00:00+00:00,3545330.3107766076,960612.2938374776,960612.2938374775,2584718.01693913,11,3,momentum_only,0.026879914044797282,6050799.688818004,-0.4140724378418199
2021-12-16 00:00:00+00:00,3886769.6590384534,379310.0629407972,9.313225746154785e-10,3507459.596097656,13,0,momentum_only,0.09630678056258546,6050799.688818004,-0.35764364068748145
2021-12-17 00:00:00+00:00,3672512.3555903304,1098154.1238878816,367251.235559034,2574358.231702449,9,1,momentum_only,-0.05512477513296421,6050799.688818004,-0.3930533905498136
2021-12-18 00:00:00+00:00,3712183.0269568474,1717336.8412290683,371218.3026956857,1994846.185727779,6,1,momentum_only,0.010802052525740402,6050799.688818004,-0.38649712139421266
2021-12-19 00:00:00+00:00,3638675.443718085,1880566.2803567054,363867.54437180946,1758109.1633613794,5,1,momentum_only,-0.019801713090375817,6050799.688818004,-0.39864552937648423
2021-12-20 00:00:00+00:00,3700229.491750415,1516698.7359848968,9.313225746154785e-10,2183530.755765518,6,0,momentum_only,0.016916608525390453,6050799.688818004,-0.38847265121195285
2021-12-21 00:00:00+00:00,3752317.981778657,2679471.869351887,1125695.394533598,1072846.11242677,3,3,momentum_only,0.014077097148804452,6050799.688818004,-0.37986412131391256
2021-12-22 00:00:00+00:00,3781661.1237616446,1553776.47481829,378166.1123761654,2227884.6489433544,6,1,momentum_only,0.007820004094929667,6050799.688818004,-0.37501465620317453
2021-12-23 00:00:00+00:00,3994182.7595024696,1436896.4339812298,1436896.4339812293,2557286.32552124,6,6,momentum_only,0.05619795872387101,6050799.688818004,-0.3398917556494562
2021-12-24 00:00:00+00:00,3919854.045049128,387795.8081049667,387795.8081049667,3532058.2369441614,11,4,momentum_only,-0.01860924222270688,6050799.688818004,-0.3521758698617813
2021-12-25 00:00:00+00:00,4073065.2055620817,444518.5095984478,407306.5205562091,3628546.6959636337,14,1,momentum_only,0.039085935025173546,6050799.688818004,-0.3268550580034594
2021-12-26 00:00:00+00:00,4177394.2663646806,37211.989042239555,37211.989042239555,4140182.277322441,15,1,momentum_only,0.02561438512207692,6050799.688818004,-0.3096128642161817
2021-12-27 00:00:00+00:00,4097687.654553934,1456240.0665927352,819537.5309107876,2641447.5879611988,13,2,momentum_only,-0.01908046182102663,6050799.688818004,-0.3227857696022328
2021-12-28 00:00:00+00:00,3864427.5600204747,1030371.8662992781,772885.5120040958,2834055.6937211966,14,2,momentum_only,-0.056924810819640514,6050799.688818004,-0.36133606155199416
2021-12-29 00:00:00+00:00,3836259.5701626274,1559884.9625183484,1534503.8280650517,2276374.607644279,10,4,momentum_only,-0.007289045898870028,6050799.688818004,-0.36599131231329474
2021-12-30 00:00:00+00:00,3908426.1433765767,412204.5681452432,412204.5681452432,3496221.5752313333,10,4,momentum_only,0.01881170236113361,6050799.688818004,-0.3540645295861595
2021-12-31 00:00:00+00:00,3926802.2318816558,350057.41246263206,350057.41246263206,3576744.8194190236,13,2,momentum_only,0.004701659397151392,6050799.688818004,-0.3510275610117348
2022-01-01 00:00:00+00:00,4206022.017993688,37423.83641525087,37423.836415250786,4168598.181578437,14,2,momentum_only,0.07110614938665627,6050799.688818004,-0.3048816298172127
2022-01-02 00:00:00+00:00,4159120.285780933,788379.0434077326,415912.0285780942,3370741.2423732006,14,1,momentum_only,-0.011151090510726047,6050799.688818004,-0.3126329576787893
2022-01-03 00:00:00+00:00,4163544.510704283,1195216.8647906114,1195216.8647906114,2968327.6459136717,13,3,momentum_only,0.0010637405555389279,6050799.688818004,-0.31190177747933145
2022-01-04 00:00:00+00:00,4046169.1513139615,1751866.6921060518,1213850.7453941894,2294302.4592079096,12,3,momentum_only,-0.028191210419044377,6050799.688818004,-0.331300099259382
2022-01-05 00:00:00+00:00,3785265.289714586,938520.1592629878,938520.1592629878,2846745.130451598,11,4,momentum_only,-0.0644816990695134,6050799.688818004,-0.37441900502675207
2022-01-06 00:00:00+00:00,3877633.074068065,314146.9884913945,314146.9884913945,3563486.0855766702,13,1,momentum_only,0.024401931511765618,6050799.688818004,-0.35915362043235266
2022-01-07 00:00:00+00:00,3675735.657156217,34043.463804975036,34043.463804975036,3641692.1933512418,12,2,momentum_only,-0.05206717939921923,6050799.688818004,-0.39252068384464156
2022-01-08 00:00:00+00:00,3544260.9728951557,380092.5929449208,9.931682143360376e-10,3164168.3799502347,13,0,momentum_only,-0.03576826423986601,6050799.688818004,-0.4142491645451395
2022-01-09 00:00:00+00:00,3604371.6241403357,1306172.7924461388,720874.3248280683,2298198.831694197,10,2,momentum_only,0.016959995808682793,6050799.688818004,-0.40431483283089265
2022-01-10 00:00:00+00:00,3581153.7823010064,1642410.5236881324,1074346.1346903031,1938743.258612874,9,3,momentum_only,-0.006441578244548274,6050799.688818004,-0.4081519854443292
2022-01-11 00:00:00+00:00,3808317.6889258055,1366276.2554480562,1366276.255448056,2442041.433477749,8,5,momentum_only,0.06343316161051282,6050799.688818004,-0.3706091946881581
2022-01-12 00:00:00+00:00,4013013.194330007,352625.47389842605,352625.47389842605,3660387.7204315807,12,2,momentum_only,0.05374958764586135,6050799.688818004,-0.33677969843455013
2022-01-13 00:00:00+00:00,3938238.2646949044,35587.41801723928,35587.41801723929,3902650.846677665,12,3,momentum_only,-0.018633113327599315,6050799.688818004,-0.3491375574747838
2022-01-14 00:00:00+00:00,4099286.8857580875,1.1448832992755342e-09,1.1530687515914906e-09,4099286.8857580866,15,0,momentum_only,0.04089356972302416,6050799.688818004,-0.32252146880128096
2022-01-15 00:00:00+00:00,4098753.2348880684,920848.4756306268,409875.323488808,3177904.759257442,13,1,momentum_only,-0.00013018139127396466,6050799.688818004,-0.3226096638990307
2022-01-16 00:00:00+00:00,4165066.7068797504,1883325.1315769847,1249520.0120639263,2281741.5753027657,11,3,momentum_only,0.016178937396677195,6050799.688818004,-0.31165020805813903
2022-01-17 00:00:00+00:00,4020171.790917385,2123023.363718495,2010085.8954586936,1897148.4271988901,9,5,momentum_only,-0.034788138140268376,6050799.688818004,-0.3355966157090374
2022-01-18 00:00:00+00:00,3889025.7852187157,417389.10949985404,417389.10949985404,3471636.6757188616,12,2,momentum_only,-0.03262199043209102,6050799.688818004,-0.3572707765544262
2022-01-19 00:00:00+00:00,3615454.303046062,36496.38623511919,36496.38623511919,3578957.916810943,11,1,momentum_only,-0.07034447629852059,6050799.688818004,-0.40248322717945983
2022-01-20 00:00:00+00:00,3413629.950171522,9.240466170012951e-10,9.313225746154785e-10,3413629.950171521,12,0,momentum_only,-0.055822681178545386,6050799.688818004,-0.43583821548745416
2022-01-21 00:00:00+00:00,3002473.1032814314,323298.0432668168,9.313225746154785e-10,2679175.0600146144,11,0,momentum_only,-0.12044564082566456,6050799.688818004,-0.5037890431524183
2022-01-22 00:00:00+00:00,2767872.159956815,1150095.5326074287,9.313225746154785e-10,1617776.6273493865,8,0,momentum_only,-0.07813590172322227,6050799.688818004,-0.5425609337106471
2022-01-23 00:00:00+00:00,2789087.089026893,2445246.1063788147,9.313225746154785e-10,343840.98264807847,3,0,momentum_only,0.00766470698213495,6050799.688818004,-0.5390547973053578
2022-01-24 00:00:00+00:00,2790005.8508526618,2754548.5242581707,9.313225746154785e-10,35457.326594490885,1,0,momentum_only,0.0003294131005744383,6050799.688818004,-0.5389029559169431
2022-01-25 00:00:00+00:00,2789962.511619288,2789962.511619288,9.313225746154785e-10,0.0,0,0,momentum_only,-1.553374282725617e-05,6050799.688818004,-0.5389101184798444
2022-01-26 00:00:00+00:00,2789962.511619288,2789962.511619288,9.313225746154785e-10,0.0,0,0,momentum_only,0.0,6050799.688818004,-0.5389101184798444
2022-01-27 00:00:00+00:00,2789962.511619288,2789962.511619288,278996.25116192974,0.0,0,1,momentum_only,0.0,6050799.688818004,-0.5389101184798444
2022-01-28 00:00:00+00:00,2801678.716448151,2510966.2604573593,9.313225746154785e-10,290712.4559907919,1,0,momentum_only,0.004199412995719021,6050799.688818004,-0.536973811639194
2022-01-29 00:00:00+00:00,2814176.227677948,2510966.2604573593,9.313225746154785e-10,303209.9672205885,1,0,momentum_only,0.004460722479143087,6050799.688818004,-0.5349083803123411
2022-01-30 00:00:00+00:00,2809235.3511452377,2510966.2604573593,280923.5351145247,298269.09068787826,1,1,momentum_only,-0.0017557097114657694,6050799.688818004,-0.5357249461857481
2022-01-31 00:00:00+00:00,2900041.1331036175,2230042.7253428353,9.313225746154785e-10,669998.4077607824,2,0,momentum_only,0.032324020812767085,6050799.688818004,-0.5207177096834077
2022-02-01 00:00:00+00:00,2870497.7023848975,2230042.7253428353,9.313225746154785e-10,640454.9770420624,2,0,momentum_only,-0.010187245408861734,6050799.688818004,-0.525600275994984
2022-02-02 00:00:00+00:00,2842897.294678027,2558045.7756226594,284289.7294678036,284851.5190553677,1,1,momentum_only,-0.009615199372547623,6050799.688818004,-0.5301617239235739
2022-02-03 00:00:00+00:00,2839140.3017457537,2273756.0461548567,9.313225746154785e-10,565384.2555908968,2,0,momentum_only,-0.0013215366377484772,6050799.688818004,-0.5307826324192254
2022-02-04 00:00:00+00:00,2867602.0562984496,2273756.0461548567,286760.2056298459,593846.010143593,2,1,momentum_only,0.010024779168255726,6050799.688818004,-0.526078831927318
2022-02-05 00:00:00+00:00,2889456.8286659652,2275762.5817382815,577891.3657331939,613694.2469276835,2,2,momentum_only,0.007621270991738038,6050799.688818004,-0.522466950276715
2022-02-06 00:00:00+00:00,2831964.1085852687,1697871.2160050883,1132785.6434341082,1134092.8925801804,4,4,momentum_only,-0.019897414458772245,6050799.688818004,-0.5319686232848208
2022-02-07 00:00:00+00:00,2840560.091698833,565085.5725709808,565085.5725709808,2275474.519127852,8,3,momentum_only,0.003035343240228583,6050799.688818004,-0.5305479874092935
2022-02-08 00:00:00+00:00,2836849.3787544826,312052.8999933893,283684.9378754491,2524796.478761093,10,1,momentum_only,-0.0013063314362523615,6050799.688818004,-0.5311612473311527
2022-02-09 00:00:00+00:00,2835739.986560309,28367.962117941002,28367.962117941002,2807372.0244423677,11,3,momentum_only,-0.00039106489138340805,6050799.688818004,-0.5313445937070415
2022-02-10 00:00:00+00:00,2668504.968092702,279616.03924260184,279616.03924260184,2388888.9288501,13,3,momentum_only,-0.05897403120885547,6050799.688818004,-0.5589830922639611
2022-02-11 00:00:00+00:00,2550940.9708513464,425519.6810504239,425519.6810504239,2125421.2898009224,14,2,momentum_only,-0.04405612829920402,6050799.688818004,-0.5784125897332983
2022-02-12 00:00:00+00:00,2569198.163123467,1057501.4372159655,1027679.2652493877,1511696.7259075013,12,4,momentum_only,0.0071570422368603115,6050799.688818004,-0.575395270831491
2022-02-13 00:00:00+00:00,2499561.2092358056,553655.125415571,553655.125415571,1945906.0838202345,13,3,momentum_only,-0.02710454759277936,6050799.688818004,-0.5869039899213581
2022-02-14 00:00:00+00:00,2509331.617500232,248622.94142964753,7.8580342233181e-10,2260708.6760705844,15,0,momentum_only,0.003908849372571854,6050799.688818004,-0.5852892598415502
2022-02-15 00:00:00+00:00,2711481.484610037,275293.87855166063,275293.8785516606,2436187.6060583764,12,4,momentum_only,0.08055924761000077,6050799.688818004,-0.551880474638599
2022-02-16 00:00:00+00:00,2649001.208790717,290963.0087457373,290963.0087457374,2358038.20004498,13,3,momentum_only,-0.02304285541831963,6050799.688818004,-0.5622064280716277
2022-02-17 00:00:00+00:00,2458788.948632579,435987.4741300602,245878.8948632587,2022801.4745025185,14,1,momentum_only,-0.07180527495680955,6050799.688818004,-0.5936423158782683
2022-02-18 00:00:00+00:00,2444044.762463282,1183963.3998155547,733213.4287389854,1260081.3626477271,11,3,momentum_only,-0.005996523685978361,6050799.688818004,-0.5960790493560836
2022-02-19 00:00:00+00:00,2445338.7576394114,982011.311208754,733601.6272918242,1463327.4464306573,11,3,momentum_only,0.0005294482310649329,6050799.688818004,-0.5958651941232751
2022-02-20 00:00:00+00:00,2299688.6328132423,248409.68391693037,229968.863281325,2051278.9488963117,14,1,momentum_only,-0.05956235076679983,6050799.688818004,-0.6199364131879772
2022-02-21 00:00:00+00:00,2148625.6828637742,229753.83293562217,229753.832935622,1918871.8499281523,11,4,momentum_only,-0.06568843616219056,6050799.688818004,-0.6449021958478519
2022-02-22 00:00:00+00:00,2234246.7730835974,223968.38751685136,223968.38751685136,2010278.385566746,12,3,momentum_only,0.03984923521239114,6050799.688818004,-0.6307518199267893
2022-02-23 00:00:00+00:00,2197074.5834733555,222101.85038581057,222101.8503858105,1974972.733087545,14,2,momentum_only,-0.016637459235954832,6050799.688818004,-0.6368951714707078
2022-02-24 00:00:00+00:00,2187557.389958601,621333.4755569596,218755.73899586088,1566223.9144016413,13,1,momentum_only,-0.0043317571403100885,6050799.688818004,-0.6384680534043707
2022-02-25 00:00:00+00:00,2270620.0099904845,1055411.5999765552,454124.00199809775,1215208.4100139295,11,2,momentum_only,0.0379704872718587,6050799.688818004,-0.6247405092277911
2022-02-26 00:00:00+00:00,2254959.219021266,835189.5577259815,8.149072527885437e-10,1419769.6612952843,12,0,momentum_only,-0.006897143027152386,6050799.688818004,-0.6273287276079433
2022-02-27 00:00:00+00:00,2187605.7619690485,1070770.656103761,437521.15239381057,1116835.1058652876,8,2,momentum_only,-0.029869035539122124,6050799.688818004,-0.6384600590874316
2022-02-28 00:00:00+00:00,2302643.7486793604,888286.235078574,690793.124603809,1414357.5136007864,7,3,momentum_only,0.052586251467342526,6050799.688818004,-0.6194480288391151
2022-03-01 00:00:00+00:00,2285225.5753636463,429555.55602482945,429555.5560248295,1855670.0193388166,8,4,momentum_only,-0.007564423860922487,6050799.688818004,-0.6223266852500855
2022-03-02 00:00:00+00:00,2232388.322499464,247719.5083950907,223238.8322499473,1984668.814104373,11,1,momentum_only,-0.02312124169876517,6050799.688818004,-0.6310589612435922
2022-03-03 00:00:00+00:00,2233216.322138382,486322.1853725258,486322.1853725258,1746894.136765856,10,3,momentum_only,0.0003709030505907318,6050799.688818004,-0.6309221198868293
2022-03-04 00:00:00+00:00,2055144.6983726376,9.313225746154785e-10,9.604264050722122e-10,2055144.6983726367,13,0,momentum_only,-0.07973774058539695,6050799.688818004,-0.6603515561471015
2022-03-05 00:00:00+00:00,2071864.592922947,383082.7373962543,383082.7373962542,1688781.8555266927,11,3,momentum_only,0.008135628874963885,6050799.688818004,-0.6575883024599554
2022-03-06 00:00:00+00:00,1938614.716708342,645174.5742505285,387722.94334166934,1293440.1424578137,11,2,momentum_only,-0.06431398879529016,6050799.688818004,-0.6796101645389221
2022-03-07 00:00:00+00:00,1913250.9442384366,614841.5988129049,382650.18884768826,1298409.3454255317,9,2,momentum_only,-0.013083451936737434,6050799.688818004,-0.6838019695521962
2022-03-08 00:00:00+00:00,1919412.4584553025,425769.0751575334,191941.2458455312,1493643.3832977691,10,1,momentum_only,0.003220442271527846,6050799.688818004,-0.6827836720487683
2022-03-09 00:00:00+00:00,2076114.0068307212,666424.5865342872,622834.2020492173,1409689.4202964338,8,3,momentum_only,0.08164037264899715,6050799.688818004,-0.6568860128244833
2022-03-10 00:00:00+00:00,2004849.8061162338,43590.3844850708,43590.3844850708,1961259.421631163,11,1,momentum_only,-0.034325764616016996,6050799.688818004,-0.6686636627847331
2022-03-11 00:00:00+00:00,1907875.655832497,304361.6586047358,304361.65860473574,1603513.9972277612,9,2,momentum_only,-0.048369783106892106,6050799.688818004,-0.6846903295512676
2022-03-12 00:00:00+00:00,1934507.9159052286,404299.67956721643,404299.67956721643,1530208.2363380122,9,5,momentum_only,0.013959117299555235,6050799.688818004,-0.6802888848757898
2022-03-13 00:00:00+00:00,1902444.3277283371,406143.58507905493,406143.5850790549,1496300.742649282,12,3,momentum_only,-0.01657454483037757,6050799.688818004,-0.685587951086186
2022-03-14 00:00:00+00:00,1971918.0026298296,214026.26369133155,214026.2636913315,1757891.738938498,14,2,momentum_only,0.036518111930481156,6050799.688818004,-0.6741062166916594
2022-03-15 00:00:00+00:00,1933785.102998494,554224.776606227,193378.51029985028,1379560.326392267,13,1,momentum_only,-0.01933797428720674,6050799.688818004,-0.6804083422936366
2022-03-16 00:00:00+00:00,2007392.6452710407,399531.9191794568,399531.9191794568,1607860.726091584,13,2,momentum_only,0.038063972133414614,6050799.688818004,-0.6682434143406297
2022-03-17 00:00:00+00:00,1957016.4189164448,362090.0419765437,362090.0419765437,1594926.376939901,13,2,momentum_only,-0.025095352657224734,6050799.688818004,-0.6765689628541085
2022-03-18 00:00:00+00:00,2206791.6631064285,410000.8881936847,410000.88819368463,1796790.7749127438,10,2,momentum_only,0.12763063292452004,6050799.688818004,-0.6352892548757443
2022-03-19 00:00:00+00:00,2174772.9114477616,457808.85772164655,457808.8577216466,1716964.0537261148,9,5,momentum_only,-0.01450918643293908,6050799.688818004,-0.6405809110708482
2022-03-20 00:00:00+00:00,2134215.0850751074,249999.56232461482,249999.5623246148,1884215.5227504924,12,3,momentum_only,-0.018649223631194922,6050799.688818004,-0.6472837980376084
2022-03-21 00:00:00+00:00,2170254.3117113975,203034.85384494753,203034.85384494753,1967219.4578664498,14,1,momentum_only,0.016886407976552054,6050799.688818004,-0.6413276883513315
2022-03-22 00:00:00+00:00,2212479.4294253644,390471.56431748625,390471.564317486,1822007.8651078783,13,3,momentum_only,0.019456299423577406,6050799.688818004,-0.6343492524609483
2022-03-23 00:00:00+00:00,2166498.6407936276,488132.2504815477,488132.25048154755,1678366.39031208,14,4,momentum_only,-0.02078247057134408,6050799.688818004,-0.6419483783610687
2022-03-24 00:00:00+00:00,2153587.611366854,400281.1785982492,400281.1785982492,1753306.4327686047,16,2,momentum_only,-0.005959398812290018,6050799.688818004,-0.6440821507698022
2022-03-25 00:00:00+00:00,2158367.708321461,462109.8397873586,462109.8397873584,1696257.8685341026,13,4,momentum_only,0.002219597163996001,6050799.688818004,-0.6432921565210352
2022-03-26 00:00:00+00:00,2178672.4531069114,241201.20959221918,241201.20959221898,1937471.2435146924,14,2,momentum_only,0.009407453932509524,6050799.688818004,-0.6399364439161421
2022-03-27 00:00:00+00:00,2226279.553507508,201314.427469554,201314.427469554,2024965.1260379537,15,1,momentum_only,0.02185142623559866,6050799.688818004,-0.6320685416802483
2022-03-28 00:00:00+00:00,2214152.1604793984,385412.75308396865,385412.75308396877,1828739.4073954297,13,3,momentum_only,-0.005447381039367927,6050799.688818004,-0.6340728045300863
2022-03-29 00:00:00+00:00,2270480.1802893933,495745.5403604633,495745.5403604631,1774734.6399289302,12,5,momentum_only,0.025439994963037726,6050799.688818004,-0.6247636185204932
2022-03-30 00:00:00+00:00,2328971.4030452804,415422.8794250497,415422.87942504964,1913548.5236202306,15,3,momentum_only,0.025761609048017275,6050799.688818004,-0.6150969255602255
2022-03-31 00:00:00+00:00,2242692.191127677,547491.7475908147,547491.7475908147,1695200.4435368623,14,5,momentum_only,-0.03704605896181801,6050799.688818004,-0.6293560675505064
2022-04-01 00:00:00+00:00,2300577.2669892805,228264.33432327642,228264.33432327645,2072312.932666004,17,2,momentum_only,0.025810530794463382,6050799.688818004,-0.6197895509182378
2022-04-02 00:00:00+00:00,2247414.8485686607,217826.93855399592,8.440110832452774e-10,2029587.9100146648,18,0,momentum_only,-0.023108295115074506,6050799.688818004,-0.628575566181454
2022-04-03 00:00:00+00:00,2274456.299095618,587793.1722998255,587793.1722998254,1686663.1267957927,15,3,momentum_only,0.012032246981094508,6050799.688818004,-0.6241064956589362
2022-04-04 00:00:00+00:00,2202959.1607093057,496446.06205473375,496446.0620547338,1706513.098654572,13,4,momentum_only,-0.03143482616691362,6050799.688818004,-0.6359226426251695
2022-04-05 00:00:00+00:00,2139226.316530452,422634.5161021211,422634.51610212115,1716591.800428331,14,5,momentum_only,-0.028930560908960734,6050799.688818004,-0.6464556047882755
2022-04-06 00:00:00+00:00,1970312.710340452,448739.77932300966,448739.77932300966,1521572.9310174424,14,4,momentum_only,-0.07896013847845518,6050799.688818004,-0.674371519192475
2022-04-07 00:00:00+00:00,2044537.5954298899,205975.8995514612,205975.8995514612,1838561.6958784286,16,2,momentum_only,0.03767162679299396,6050799.688818004,-0.6621045645903243
2022-04-08 00:00:00+00:00,1927628.1012719744,8.440110832452774e-10,8.731149137020111e-10,1927628.1012719735,18,0,momentum_only,-0.05718138635319825,6050799.688818004,-0.6814258940294671
2022-04-09 00:00:00+00:00,1973518.1100010974,468274.46255387587,394703.6220002204,1505243.6474472217,15,2,momentum_only,0.023806463860348348,6050799.688818004,-0.6738417710888368
2022-04-10 00:00:00+00:00,1936466.008707026,539015.4288077703,539015.4288077704,1397450.5798992557,13,3,momentum_only,-0.018774644684689923,6050799.688818004,-0.6799652759476317
2022-04-11 00:00:00+00:00,1818704.5783007774,362747.2681252636,362747.2681252635,1455957.3101755138,11,3,momentum_only,-0.06081254712282691,6050799.688818004,-0.6994274026850072
2022-04-12 00:00:00+00:00,1852385.231110588,397367.13758882205,397367.13758882205,1455018.093521766,10,4,momentum_only,0.018519034488426067,6050799.688818004,-0.693861088389055
2022-04-13 00:00:00+00:00,1900356.8442308458,196536.26759294615,196536.2675929461,1703820.5766378997,12,4,momentum_only,0.02589721204562645,6050799.688818004,-0.6859329440796491
2022-04-14 00:00:00+00:00,1868387.4371597203,1.0222720447927713e-09,9.713403414934874e-10,1868387.4371597194,16,0,momentum_only,-0.016822844176965557,6050799.688818004,-0.6912164452225156
2022-04-15 00:00:00+00:00,1875853.9082433565,362438.03146376787,187585.39082433662,1513415.8767795886,14,1,momentum_only,0.003996211350567824,6050799.688818004,-0.6899824808760451
2022-04-16 00:00:00+00:00,1876307.6511620344,702329.5753770466,375261.53023240785,1173978.0757849878,12,2,momentum_only,0.00024188606409270008,6050799.688818004,-0.6899074919585444
2022-04-17 00:00:00+00:00,1835275.2869333632,695193.455341324,367055.0573866736,1140081.8315920392,11,2,momentum_only,-0.02186867606879872,6050799.688818004,-0.6966888045682643
2022-04-18 00:00:00+00:00,1919022.9560372615,725786.1251430255,725786.1251430255,1193236.830894236,9,4,momentum_only,0.04563221098227488,6050799.688818004,-0.6828480441050373
2022-04-19 00:00:00+00:00,1988769.9642304187,256299.51274431846,256299.51274431846,1732470.4514861002,9,2,momentum_only,0.03634506193567533,6050799.688818004,-0.6713211366250142
2022-04-20 00:00:00+00:00,1951208.405467764,9.022187441587448e-10,9.022187441587448e-10,1951208.405467763,11,0,momentum_only,-0.01888682926543972,6050799.688818004,-0.6775288382007365
2022-04-21 00:00:00+00:00,1879405.2468551164,197968.6017873771,187940.52468551256,1681436.6450677393,10,1,momentum_only,-0.03679932825803611,6050799.688818004,-0.6893955603375379
2022-04-22 00:00:00+00:00,1869960.8350155535,391083.54597767105,186996.08350155628,1478877.2890378824,9,1,momentum_only,-0.0050252130855581445,6050799.688818004,-0.6909564138321621
2022-04-23 00:00:00+00:00,1857850.4405674436,571627.519976704,371570.0881134897,1286222.9205907395,8,2,momentum_only,-0.006476282401930211,6050799.688818004,-0.6929578673706902
2022-04-24 00:00:00+00:00,1835291.7948014569,855499.6132464772,9.313225746154785e-10,979792.1815549798,6,0,momentum_only,-0.012142336796010733,6050799.688818004,-0.6966860763556407
2022-04-25 00:00:00+00:00,1862201.6268869026,1090536.982720761,186220.1626886912,771664.6441661415,4,1,momentum_only,0.014662427065641026,6050799.688818004,-0.6922387580722119
2022-04-26 00:00:00+00:00,1814753.0974778705,904316.8200320709,9.313225746154785e-10,910436.2774457998,5,0,momentum_only,-0.0254798023607965,6050799.688818004,-0.7000804536908453
2022-04-27 00:00:00+00:00,1863697.785596388,1141487.0396670809,186369.77855963973,722210.7459293072,4,1,momentum_only,0.026970439222029796,6050799.688818004,-0.6919914917956154
2022-04-28 00:00:00+00:00,1895042.448757286,1109340.9374231745,568512.7346271868,785701.5113341114,4,3,momentum_only,0.0168185332424311,6050799.688818004,-0.6868112404614284
2022-04-29 00:00:00+00:00,1791743.3813230055,887818.8939958876,179174.3381323015,903924.4873271178,5,1,momentum_only,-0.054510160182438594,6050799.688818004,-0.7038832099112151
2022-04-30 00:00:00+00:00,1717672.269574346,708644.555863587,171767.22695743555,1009027.713710759,6,1,momentum_only,-0.04134024577446249,6050799.688818004,-0.7161247507914305
2022-05-01 00:00:00+00:00,1711527.9522829405,733216.2005369423,684611.1809131772,978311.7517459982,6,4,momentum_only,-0.003577118522690048,6050799.688818004,-0.7171402062035077
2022-05-02 00:00:00+00:00,1655914.417402799,48605.0196237661,9.89530235528946e-10,1607309.3977790328,10,0,momentum_only,-0.03249350079615165,6050799.688818004,-0.7263313111384333
2022-05-03 00:00:00+00:00,1627650.704432912,192667.00267819138,162765.0704432922,1434983.7017547206,9,1,momentum_only,-0.0170683416201044,6050799.688818004,-0.7310023818106486
2022-05-04 00:00:00+00:00,1692814.229861854,561430.7228599691,561430.7228599691,1131383.507001885,7,5,momentum_only,0.040035325301349456,6050799.688818004,-0.7202329746611497
2022-05-05 00:00:00+00:00,1520760.5977173212,125442.11425661898,125442.11425661898,1395318.4834607022,11,1,momentum_only,-0.10163763342098897,6050799.688818004,-0.7486678330258203
2022-05-06 00:00:00+00:00,1494351.778855604,153057.96630637115,9.313225746154785e-10,1341293.8125492327,11,0,momentum_only,-0.017365533339933514,6050799.688818004,-0.7530323501508082
2022-05-07 00:00:00+00:00,1448479.3067894536,723144.7015599768,434543.79203683697,725334.6052294769,7,3,momentum_only,-0.03069723790289869,6050799.688818004,-0.7606135748525485
2022-05-08 00:00:00+00:00,1423133.4605652192,288600.9095231407,9.313225746154785e-10,1134532.5510420785,10,0,momentum_only,-0.01749824530142119,6050799.688818004,-0.764802417241609
2022-05-09 00:00:00+00:00,1186909.9184555064,417385.39365423814,9.313225746154785e-10,769524.5248012684,9,0,momentum_only,-0.16598832692465326,6050799.688818004,-0.803842470500397
2022-05-10 00:00:00+00:00,1199613.5729059388,772696.8004946808,119961.35729059482,426916.772411258,4,1,momentum_only,0.010703132776043622,6050799.688818004,-0.801742970417142
2022-05-11 00:00:00+00:00,1106190.0214072827,753195.2444435585,9.313225746154785e-10,352994.77696372423,4,0,momentum_only,-0.07787803806883187,6050799.688818004,-0.8171828389144093
2022-05-12 00:00:00+00:00,1073254.117587224,753195.2444435585,9.313225746154785e-10,320058.8731436655,4,0,momentum_only,-0.02977418271967225,6050799.688818004,-0.8226260704728635
2022-05-13 00:00:00+00:00,1083977.9108643786,968338.5001818095,9.313225746154785e-10,115639.4106825691,1,0,momentum_only,0.009991849182244605,6050799.688818004,-0.8208537769201663
2022-05-14 00:00:00+00:00,1081128.1920177708,968338.5001818095,9.313225746154785e-10,112789.6918359612,1,0,momentum_only,-0.002628945496071289,6050799.688818004,-0.8213247425764703
2022-05-15 00:00:00+00:00,1081081.4753153673,968338.5001818095,9.313225746154785e-10,112742.9751335578,1,0,momentum_only,-4.321106668792041e-05,6050799.688818004,-0.8213324633249343
2022-05-16 00:00:00+00:00,1080927.966107724,1080927.966107724,108092.79661077334,0.0,0,1,momentum_only,-0.00014199596528885472,6050799.688818004,-0.8213578333942702
2022-05-17 00:00:00+00:00,1085571.9578539056,972835.1694969516,9.313225746154785e-10,112736.78835695397,1,0,momentum_only,0.00429630085610988,6050799.688818004,-0.8205903329009447
2022-05-18 00:00:00+00:00,1083621.4943875223,972835.1694969516,9.313225746154785e-10,110786.32489057069,1,0,momentum_only,-0.0017967150424916811,6050799.688818004,-0.82091268094859
2022-05-19 00:00:00+00:00,1087631.6472744064,972835.1694969516,9.313225746154785e-10,114796.47777745473,1,0,momentum_only,0.003700695222136341,6050799.688818004,-0.8202499333626312
2022-05-20 00:00:00+00:00,1083995.9833730678,972835.1694969516,9.313225746154785e-10,111160.81387611628,1,0,momentum_only,-0.0033427345650060003,6050799.688818004,-0.8208507901234421
2022-05-21 00:00:00+00:00,1088365.0215377666,972835.1694969516,9.313225746154785e-10,115529.85204081483,1,0,momentum_only,0.004030492946204056,6050799.688818004,-0.8201287304967166
2022-05-22 00:00:00+00:00,1088176.20421466,1088176.20421466,108817.62042146694,0.0,0,1,momentum_only,-0.00017348712919840192,6050799.688818004,-0.820159935846888
2022-05-23 00:00:00+00:00,1085259.9548455516,979358.5837931939,9.313225746154785e-10,105901.3710523578,1,0,momentum_only,-0.0026799422352862257,6050799.688818004,-0.8206418968304086
2022-05-24 00:00:00+00:00,1091489.4472603963,979358.5837931939,9.313225746154785e-10,112130.86346720238,1,0,momentum_only,0.00574009239632467,6050799.688818004,-0.8196123647461855
2022-05-25 00:00:00+00:00,1097134.924761349,979358.5837931939,9.313225746154785e-10,117776.34096815527,1,0,momentum_only,0.005172269429743581,6050799.688818004,-0.8186793512948585
2022-05-26 00:00:00+00:00,1093700.3608629862,979358.5837931939,9.313225746154785e-10,114341.7770697923,1,0,momentum_only,-0.003130484520042054,6050799.688818004,-0.8192469727787939
2022-05-27 00:00:00+00:00,1091753.6444833472,979358.5837931939,9.313225746154785e-10,112395.06069015338,1,0,momentum_only,-0.0017799357569041607,6050799.688818004,-0.8195687015551136
2022-05-28 00:00:00+00:00,1091585.1080898424,1091585.1080898424,9.313225746154785e-10,0.0,0,0,momentum_only,-0.00015437218309866108,6050799.688818004,-0.8195965551285538
2022-05-29 00:00:00+00:00,1091585.1080898424,1091585.1080898424,436634.0432359379,0.0,0,4,momentum_only,0.0,6050799.688818004,-0.8195965551285538
2022-05-30 00:00:00+00:00,1116322.104043466,654951.0648539052,334896.6312130408,461371.0391895609,4,3,momentum_only,0.02266153666836912,6050799.688818004,-0.8155083358474995
2022-05-31 00:00:00+00:00,1102821.9062545956,320054.4336408654,320054.4336408653,782767.4726137301,7,6,momentum_only,-0.012093460964331837,6050799.688818004,-0.8177394785861724
2022-06-01 00:00:00+00:00,1027868.6048835225,8.803908713161945e-10,8.87666828930378e-10,1027868.6048835216,13,0,momentum_only,-0.06796500953234563,6050799.688818004,-0.8301268166614334
2022-06-02 00:00:00+00:00,1053815.0966738847,8.803908713161945e-10,8.87666828930378e-10,1053815.0966738837,13,0,momentum_only,0.02524300447264105,6050799.688818004,-0.8258387071346361
2022-06-03 00:00:00+00:00,1012937.3558722582,8.803908713161945e-10,8.87666828930378e-10,1012937.3558722573,13,0,momentum_only,-0.038790240271416976,6050799.688818004,-0.8325944655308642
2022-06-04 00:00:00+00:00,1015637.003666905,429606.4025988449,429606.40259884484,586030.6010680601,9,6,momentum_only,0.0026651675732918267,6050799.688818004,-0.8321483017288075
2022-06-05 00:00:00+00:00,997457.8594823921,301345.7572081152,301345.75720811525,696112.1022742769,12,4,momentum_only,-0.01789925349202326,6050799.688818004,-0.8351527218252301
2022-06-06 00:00:00+00:00,1040789.1400511718,279963.73494622717,279963.73494622717,760825.4051049446,10,4,momentum_only,0.04344171551394216,6050799.688818004,-0.8279914732635142
2022-06-07 00:00:00+00:00,1099593.7378014813,8.585629984736443e-10,9.022187441587448e-10,1099593.7378014803,14,0,momentum_only,0.056500010893098196,6050799.688818004,-0.8182729896291969
2022-06-08 00:00:00+00:00,1008441.8811712288,8.585629984736443e-10,9.022187441587448e-10,1008441.881171228,14,0,momentum_only,-0.08289594010648038,6050799.688818004,-0.8333374209966248
2022-06-09 00:00:00+00:00,1022728.1687236691,8.585629984736443e-10,9.022187441587448e-10,1022728.1687236683,14,0,momentum_only,0.014166694005060432,6050799.688818004,-0.8309763632377898
2022-06-10 00:00:00+00:00,989646.7935679916,472073.56131677877,472073.5613167787,517573.2322512129,8,6,momentum_only,-0.032346205147514406,6050799.688818004,-0.8364436364672792
2022-06-11 00:00:00+00:00,934271.5199987006,270948.6831939726,93427.15199987093,663322.836804728,10,1,momentum_only,-0.055954582917048135,6050799.688818004,-0.8455953645721817
2022-06-12 00:00:00+00:00,872012.3474008354,404996.76953025535,87201.2347400844,467015.57787058,7,1,momentum_only,-0.06663927056018126,6050799.688818004,-0.8558847768482022
2022-06-13 00:00:00+00:00,825319.346639526,317795.5347901718,8.585629984736443e-10,507523.8118493542,8,0,momentum_only,-0.05354626101394655,6050799.688818004,-0.8636016082031716
2022-06-14 00:00:00+00:00,808230.5085870628,317795.5347901718,80823.05085870715,490434.97379689105,8,1,momentum_only,-0.02070572817909111,6050799.688818004,-0.8664258362277818
2022-06-15 00:00:00+00:00,840789.6323398345,236972.48393146548,168157.92646796774,603817.148408369,9,2,momentum_only,0.04028445277287429,6050799.688818004,-0.8610448741356238
2022-06-16 00:00:00+00:00,784026.8451801182,447701.53408900683,313610.7380720481,336325.3110911114,5,4,momentum_only,-0.0675112834131304,6050799.688818004,-0.8704259130195608
2022-06-17 00:00:00+00:00,817734.1090055829,206720.03502397097,163546.82180111742,611014.0739816119,8,2,momentum_only,0.04299248684236168,6050799.688818004,-0.8648552007899433
2022-06-18 00:00:00+00:00,805839.0874623572,99192.06620668375,80583.90874623657,706647.0212556735,9,1,momentum_only,-0.014546319411441355,6050799.688818004,-0.8668210602060479
2022-06-19 00:00:00+00:00,859276.003347292,18608.157460448027,8.440110832452774e-10,840667.845886844,10,0,momentum_only,0.06631214186099021,6050799.688818004,-0.857989679457535
2022-06-20 00:00:00+00:00,897612.0687833145,107681.23950585393,89761.2068783323,789930.8292774606,9,1,momentum_only,0.04461437918280642,6050799.688818004,-0.8516539771689816
2022-06-21 00:00:00+00:00,906716.3520211321,176808.8802048384,90671.63520211406,729907.4718162937,8,1,momentum_only,0.010142781669767675,6050799.688818004,-0.8501493358478283
2022-06-22 00:00:00+00:00,915107.1549837993,415314.6129708084,183021.43099676073,499792.5420129909,5,2,momentum_only,0.009254054968748981,6050799.688818004,-0.8487626095646605
2022-06-23 00:00:00+00:00,956305.6127954193,441694.4320718967,286891.6838386266,514611.1807235227,5,3,momentum_only,0.04502036465046477,6050799.688818004,-0.8419538470984768
2022-06-24 00:00:00+00:00,978717.9900336035,242613.5055466717,242613.50554667166,736104.4844869318,7,4,momentum_only,0.02343641712262845,6050799.688818004,-0.83824981153445
2022-06-25 00:00:00+00:00,964447.5443081058,7.8580342233181e-10,7.930793799459934e-10,964447.544308105,11,0,momentum_only,-0.014580753466080343,6050799.688818004,-0.8406082511555582
2022-06-26 00:00:00+00:00,912134.4948771477,108306.05448714911,91213.44948771558,803828.4403899986,10,1,momentum_only,-0.05424146677514474,6050799.688818004,-0.8492538934047362
2022-06-27 00:00:00+00:00,907258.7086133081,107914.52520861964,107914.52520861963,799344.1834046885,10,4,momentum_only,-0.005345468558884292,6050799.688818004,-0.8500597019779155
2022-06-28 00:00:00+00:00,858513.2217592495,205609.0105119546,85851.32217592574,652904.2112472948,12,1,momentum_only,-0.05372832069979616,6050799.688818004,-0.858115742395869
2022-06-29 00:00:00+00:00,887343.4106372243,384515.5045491808,7.8580342233181e-10,502827.9060880436,10,0,momentum_only,0.03358153159120425,6050799.688818004,-0.8533510517168412
2022-06-30 00:00:00+00:00,854614.8332172942,599948.0819012123,85461.48332173021,254666.7513160819,6,1,momentum_only,-0.03688377805885423,6050799.688818004,-0.8587600189778817
2022-07-01 00:00:00+00:00,847041.1838020914,514486.59857948293,254112.35514062818,332554.58522260847,7,3,momentum_only,-0.008862061739194127,6050799.688818004,-0.8600116964097423
2022-07-02 00:00:00+00:00,845146.4204255067,330901.0187096503,330901.0187096503,514245.40171585634,9,5,momentum_only,-0.0022369200138294687,6050799.688818004,-0.8603248390477454
2022-07-03 00:00:00+00:00,846251.8478788673,96297.30192658982,96297.3019265898,749954.5459522775,10,6,momentum_only,0.0013079715261694602,6050799.688818004,-0.8601421479143068
2022-07-04 00:00:00+00:00,888902.3952294124,84177.35919166516,84177.35919166516,804725.0360377472,15,3,momentum_only,0.05039935505895654,6050799.688818004,-0.8530934023692569
2022-07-05 00:00:00+00:00,868197.5577588195,7.566995918750763e-10,7.712515071034431e-10,868197.5577588188,18,0,momentum_only,-0.02329258823208502,6050799.688818004,-0.8565152372564464
2022-07-06 00:00:00+00:00,887521.1707540224,90307.60773080107,90307.60773080107,797213.5630232213,17,3,momentum_only,0.022257161198524056,6050799.688818004,-0.8533216737625311
2022-07-07 00:00:00+00:00,921524.3389242196,275584.01021560834,275584.0102156084,645940.3287086112,17,3,momentum_only,0.0383125150032293,6050799.688818004,-0.8477020581879096
2022-07-08 00:00:00+00:00,908938.058117234,363173.5887543261,363173.5887543261,545764.4693629079,15,4,momentum_only,-0.013658110019838077,6050799.688818004,-0.8497821602329739
2022-07-09 00:00:00+00:00,965976.723568633,102578.31655671669,102578.31655671669,863398.4070119163,13,2,momentum_only,0.06275308305336913,6050799.688818004,-0.840355527657976
2022-07-10 00:00:00+00:00,938452.6261596106,84173.30198732993,84173.30198732993,854279.3241722806,12,2,momentum_only,-0.028493541032064806,6050799.688818004,-0.8449043639811958
2022-07-11 00:00:00+00:00,884720.8617204598,8.003553375601768e-10,8.149072527885437e-10,884720.861720459,14,0,momentum_only,-0.05725570256970247,6050799.688818004,-0.8537844735869473
2022-07-12 00:00:00+00:00,880496.5044550857,90143.29480993959,90143.29480993957,790353.2096451462,11,4,momentum_only,-0.00477479106478762,6050799.688818004,-0.8544826221759976
2022-07-13 00:00:00+00:00,926313.011041133,288909.3593403777,288909.3593403777,637403.6517007552,12,4,momentum_only,0.05203485346532033,6050799.688818004,-0.846910646744268
2022-07-14 00:00:00+00:00,920012.3582118158,364981.53970030055,364981.53970030055,555030.8185115153,12,4,momentum_only,-0.0068018615243625735,6050799.688818004,-0.8479519393259677
2022-07-15 00:00:00+00:00,899402.2169370708,98564.0835645102,8.149072527885437e-10,800838.1333725606,14,0,momentum_only,-0.022402026549734555,6050799.688818004,-0.851358124018023
2022-07-16 00:00:00+00:00,910856.0805121035,180740.32544046117,180740.32544046117,730115.7550716423,12,2,momentum_only,0.012734973696238994,6050799.688818004,-0.849465173637233
2022-07-17 00:00:00+00:00,857568.7804958116,7.8580342233181e-10,8.149072527885437e-10,857568.7804958108,14,0,momentum_only,-0.058502436506031374,6050799.688818004,-0.8582718277584671
2022-07-18 00:00:00+00:00,919696.6484017915,108546.61625600333,108546.61625600327,811150.0321457882,10,5,momentum_only,0.07244651311823636,6050799.688818004,-0.8480041158689472
2022-07-19 00:00:00+00:00,920511.9153374945,248838.13839575485,184102.38306749973,671673.7769417396,11,2,momentum_only,0.0008864520025377853,6050799.688818004,-0.8478693788130818
2022-07-20 00:00:00+00:00,894403.7994638798,461665.63743112586,357761.51978555275,432738.16203275387,9,4,momentum_only,-0.0283626050229262,6050799.688818004,-0.8521841995336987
2022-07-21 00:00:00+00:00,942468.4209028548,103904.11764557383,94246.84209028633,838564.303257281,13,1,momentum_only,0.053739285843581674,6050799.688818004,-0.8442406839802423
2022-07-22 00:00:00+00:00,945607.6181190577,173769.00046787114,94560.76181190662,771838.6176511865,12,1,momentum_only,0.0033308248282692965,6050799.688818004,-0.8437218769832096
2022-07-23 00:00:00+00:00,985872.3984473754,79208.23865596535,79208.23865596531,906664.1597914101,13,1,momentum_only,0.04258085442290516,6050799.688818004,-0.8370674209775467
2022-07-24 00:00:00+00:00,1012985.5494307892,108443.07640010047,108443.07640010047,904542.4730306887,9,6,momentum_only,0.02750168381436957,6050799.688818004,-0.8325865007062114
2022-07-25 00:00:00+00:00,913741.600300966,189077.99735703735,189077.99735703733,724663.6029439286,13,3,momentum_only,-0.09797173235648804,6050799.688818004,-0.8489882912518856
2022-07-26 00:00:00+00:00,926037.7309966045,321009.5709128287,277811.3192989823,605028.1600837758,12,3,momentum_only,0.013456901482419736,6050799.688818004,-0.8469561415645703
2022-07-27 00:00:00+00:00,1020008.8852141639,198784.93645905535,198784.93645905535,821223.9487551085,14,3,momentum_only,0.1014765933094619,6050799.688818004,-0.8314257721836074
2022-07-28 00:00:00+00:00,1086112.4648076496,103901.35562930282,103901.35562930282,982211.1091783467,16,2,momentum_only,0.0648068664417627,6050799.688818004,-0.8205010047159871
2022-07-29 00:00:00+00:00,1083870.1224166008,121648.89840904516,121648.89840904516,962221.2240075556,17,2,momentum_only,-0.0020645581960482273,6050799.688818004,-0.8208715908378832
2022-07-30 00:00:00+00:00,1022702.5264657089,129806.82029678085,129806.8202967808,892895.7061689281,13,6,momentum_only,-0.05643443313532115,6050799.688818004,-0.830980601067379
2022-07-31 00:00:00+00:00,1032264.9756066684,215404.19806119616,215404.19806119613,816860.7775454723,16,5,momentum_only,0.009350176511253805,6050799.688818004,-0.8294002398535331
2022-08-01 00:00:00+00:00,1015385.7545669356,322709.304112847,101538.57545669447,692676.4504540886,18,1,momentum_only,-0.016351635906093565,6050799.688818004,-0.8321898250171149
2022-08-02 00:00:00+00:00,1018001.8387624857,401582.32793371717,305400.5516287466,616419.5108287685,16,3,momentum_only,0.002576443665654793,6050799.688818004,-0.8317574715547479
2022-08-03 00:00:00+00:00,1024290.3058229511,197541.8168954495,197541.8168954495,826748.4889275016,17,2,momentum_only,0.006177264933145743,6050799.688818004,-0.8307181928835192
2022-08-04 00:00:00+00:00,1012607.6374919101,92219.85198647644,92219.85198647644,920387.7855054337,17,2,momentum_only,-0.011405622277811833,6050799.688818004,-0.8326489572339952
2022-08-05 00:00:00+00:00,1060745.6840851037,121795.54946318168,106074.56840851129,938950.1346219219,13,1,momentum_only,0.04753869594784499,6050799.688818004,-0.8246933068953873
2022-08-06 00:00:00+00:00,1042732.8754225557,244642.39761069283,244642.39761069277,798090.477811863,9,5,momentum_only,-0.016981269811231048,6050799.688818004,-0.8276702371507114
2022-08-07 00:00:00+00:00,1044269.3196028813,99066.07521385356,99066.07521385356,945203.2443890277,13,1,momentum_only,0.0014734782191487827,6050799.688818004,-0.8274163129986419
2022-08-08 00:00:00+00:00,1049768.2017861856,306737.5685710459,306737.5685710459,743030.6332151396,11,3,momentum_only,0.0052657701227833975,6050799.688818004,-0.8265075269759503
2022-08-09 00:00:00+00:00,1001714.2358617026,190593.95645133912,190593.95645133912,811120.2794103634,12,2,momentum_only,-0.045775787304967896,6050799.688818004,-0.8344492815201121
2022-08-10 00:00:00+00:00,1042554.4982986201,82787.36854483483,82787.36854483478,959767.1297537853,12,4,momentum_only,0.04077037240245018,6050799.688818004,-0.8276997170761939
2022-08-11 00:00:00+00:00,1045733.3118380944,107192.68433296404,107192.68433296403,938540.6275051304,15,2,momentum_only,0.0030490622261587497,6050799.688818004,-0.8271743627919744
2022-08-12 00:00:00+00:00,1067493.8627391467,233098.97859918408,106749.3862739156,834394.8841399626,12,1,momentum_only,0.020808891382453565,6050799.688818004,-0.8235780528792093
2022-08-13 00:00:00+00:00,1049648.335454117,233278.97095826565,233278.9709582656,816369.3644958514,12,3,momentum_only,-0.01671721768895118,6050799.688818004,-0.8265273369743362
2022-08-14 00:00:00+00:00,1032325.2002285852,316711.642621135,316711.642621135,715613.5576074502,12,5,momentum_only,-0.016503751437892067,6050799.688818004,-0.829390286686181
2022-08-15 00:00:00+00:00,1040847.2301548357,194594.31293551135,194594.31293551135,846252.9172193244,15,2,momentum_only,0.008255179592984385,6050799.688818004,-0.8279818728624678
2022-08-16 00:00:00+00:00,1043795.5307410167,80369.4528098896,80369.45280988957,963426.0779311272,13,4,momentum_only,0.002832596850685265,6050799.688818004,-0.8274946148572773
2022-08-17 00:00:00+00:00,1001141.3167776432,101386.06706499736,101386.06706499736,899755.2497126458,15,2,momentum_only,-0.04086453017584035,6050799.688818004,-0.834543966373937
2022-08-18 00:00:00+00:00,951314.7281555558,91102.82083941172,91102.8208394117,860211.9073161441,16,1,momentum_only,-0.049769785530841326,6050799.688818004,-0.8427786776822899
2022-08-19 00:00:00+00:00,875870.9106860649,237180.69906988068,237180.69906988065,638690.2116161842,14,3,momentum_only,-0.0793047928688797,6050799.688818004,-0.8552470820832672
2022-08-20 00:00:00+00:00,871404.0790266331,258272.39737551755,258272.3973755175,613131.6816511155,12,3,momentum_only,-0.005099874427765827,6050799.688818004,-0.8559853037876952
2022-08-21 00:00:00+00:00,908576.247059481,152190.50967230642,90857.62470594907,756385.7373871745,13,1,momentum_only,0.04265778520840713,6050799.688818004,-0.8498419558098167
2022-08-22 00:00:00+00:00,950499.9919665111,125512.13697610261,95049.99919665208,824987.8549904085,10,1,momentum_only,0.04614224182363591,6050799.688818004,-0.8429133270230291
2022-08-23 00:00:00+00:00,955555.9851092938,114130.0581344626,114130.05813446258,841425.9269748313,9,4,momentum_only,0.005319298459248056,6050799.688818004,-0.8420777361254943
2022-08-24 00:00:00+00:00,964212.5081442914,110477.09498690403,110477.09498690403,853735.4131573873,12,2,momentum_only,0.009059147940983614,6050799.688818004,-0.84064709497388
2022-08-25 00:00:00+00:00,953440.0076735626,268539.47669364046,190688.0015347135,684900.5309799222,11,2,momentum_only,-0.011172330144794906,6050799.688818004,-0.8424274382383641
2022-08-26 00:00:00+00:00,888245.7297680685,363684.9240400448,88824.57297680782,524560.8057280238,10,1,momentum_only,-0.0683779549639113,6050799.688818004,-0.8532019277700493
2022-08-27 00:00:00+00:00,901450.8015078953,347664.22093945614,9.604264050722122e-10,553786.5805684392,10,0,momentum_only,0.014866462395799918,6050799.688818004,-0.8510195597494669
2022-08-28 00:00:00+00:00,881767.7319945563,428942.47117576783,88176.7731994566,452825.2608187885,9,1,momentum_only,-0.021834879374908023,6050799.688818004,-0.8542725296915579
2022-08-29 00:00:00+00:00,901086.5426279884,442723.58802127215,180217.30852559864,458362.9546067163,6,2,momentum_only,0.02190918303364664,6050799.688818004,-0.8510797598715399
2022-08-30 00:00:00+00:00,885666.9092311197,356764.1410031703,88566.69092311294,528902.7682279494,6,1,momentum_only,-0.017112266877161275,6050799.688818004,-0.8536281227640291
2022-08-31 00:00:00+00:00,903216.7925081451,439796.23385038483,270965.0377524445,463420.5586577603,5,3,momentum_only,0.019815444264775772,6050799.688818004,-0.8507276989887291
2022-09-01 00:00:00+00:00,913899.9307232108,266928.7358646858,182779.98614464313,646971.194858525,7,2,momentum_only,0.011827878205629583,6050799.688818004,-0.8489621243928938
2022-09-02 00:00:00+00:00,955098.1486641882,84148.74972004362,9.604264050722122e-10,870949.3989441446,9,0,momentum_only,0.04507957223322623,6050799.688818004,-0.8421534015695102
2022-09-03 00:00:00+00:00,934009.4829717013,168973.701407909,9.604264050722122e-10,765035.7815637923,8,0,momentum_only,-0.022080103204033863,6050799.688818004,-0.845638670753261
2022-09-04 00:00:00+00:00,927624.9729872961,371610.878012485,185524.99459746017,556014.0949748111,6,2,momentum_only,-0.006835594392566424,6050799.688818004,-0.8466938221898892
2022-09-05 00:00:00+00:00,927027.8781253329,280594.9740122092,92702.78781253425,646432.9041131237,7,1,momentum_only,-0.000643681314486777,6050799.688818004,-0.8467925025119409
2022-09-06 00:00:00+00:00,889506.0007488894,468965.1947232194,177901.20014977886,420540.80602567,5,2,momentum_only,-0.040475457385727664,6050799.688818004,-0.8529936460476929
2022-09-07 00:00:00+00:00,954388.3658434777,459393.59144697775,381755.346337392,494994.77439649985,5,4,momentum_only,0.07294202067210653,6050799.688818004,-0.8422707055387727
2022-09-08 00:00:00+00:00,950524.4467610505,77638.24510958661,77638.24510958663,872886.2016514639,9,5,momentum_only,-0.00404858150068943,6050799.688818004,-0.8429092854424451
2022-09-09 00:00:00+00:00,1134601.286474685,9.1313268058002e-10,9.313225746154785e-10,1134601.286474684,14,0,momentum_only,0.19365818558468795,6050799.688818004,-0.812487382689027
2022-09-10 00:00:00+00:00,1223875.310613368,184546.9413919899,184546.94139198988,1039328.369221378,12,3,momentum_only,0.07868316844242784,6050799.688818004,-0.7977332958360672
2022-09-11 00:00:00+00:00,1164752.628703038,103035.11991538698,103035.1199153869,1061717.508787651,14,2,momentum_only,-0.04830776583008245,6050799.688818004,-0.807504348416041
2022-09-12 00:00:00+00:00,1073292.5236821931,229167.19407498866,229167.19407498857,844125.3296072045,14,3,momentum_only,-0.07852320120769885,6050799.688818004,-0.8226197231969753
2022-09-13 00:00:00+00:00,1029460.3886489058,489102.56780877674,308838.11659467267,540357.820840129,13,3,momentum_only,-0.040838945642619806,6050799.688818004,-0.8298637466794069
2022-09-14 00:00:00+00:00,972312.4527016296,254436.7206110002,194462.49054032686,717875.7320906294,11,2,momentum_only,-0.055512515661024,6050799.688818004,-0.8393084381063742
2022-09-15 00:00:00+00:00,937090.8970596752,59974.230070674224,59974.23007067421,877116.666989001,13,1,momentum_only,-0.036224523859680224,6050799.688818004,-0.8451294134242392
2022-09-16 00:00:00+00:00,946607.8417099053,141042.99105040144,141042.99105040144,805564.8506595038,11,3,momentum_only,0.010155839396254418,6050799.688818004,-0.843556572619772
2022-09-17 00:00:00+00:00,953155.341898446,96855.75007822161,96855.7500782216,856299.5918202243,12,3,momentum_only,0.00691680324210453,6050799.688818004,-0.8424744842140626
2022-09-18 00:00:00+00:00,875973.5542924451,202538.72767455588,202538.72767455585,673434.8266178892,12,3,momentum_only,-0.08097503545673279,6050799.688818004,-0.8552301184401689
2022-09-19 00:00:00+00:00,903500.6309510353,243996.4028945754,243996.40289457538,659504.2280564599,12,3,momentum_only,0.03142455217249651,6050799.688818004,-0.8506807897440859
2022-09-20 00:00:00+00:00,871945.2258600533,173002.87307155505,9.313225746154785e-10,698942.3527884983,13,0,momentum_only,-0.03492571450422388,6050799.688818004,-0.8558958698514801
2022-09-21 00:00:00+00:00,849723.7129216486,221546.3502950722,9.313225746154785e-10,628177.3626265764,12,0,momentum_only,-0.025484987220941835,6050799.688818004,-0.8595683617668001
2022-09-22 00:00:00+00:00,883950.6258814018,340150.13931074896,340150.1393107489,543800.4865706529,9,5,momentum_only,0.040280049196307566,6050799.688818004,-0.8539117684700487
2022-09-23 00:00:00+00:00,892572.0815283227,90745.642722384,90745.64272238396,801826.4388059387,11,4,momentum_only,0.009753322634196149,6050799.688818004,-0.8524869228148779
2022-09-24 00:00:00+00:00,875889.7015132667,213025.28689098015,175177.9403026543,662864.4146222865,12,2,momentum_only,-0.01869023282297977,6050799.688818004,-0.8552439765719021
2022-09-25 00:00:00+00:00,875725.0089564284,266502.7517907044,175145.00179128663,609222.2571657241,11,2,momentum_only,-0.00018802887687086045,6050799.688818004,-0.8552711948844075
2022-09-26 00:00:00+00:00,870079.5372747763,91357.74999941868,91357.74999941862,778721.7872753576,13,2,momentum_only,-0.006446626080006124,6050799.688818004,-0.8562042073739938
2022-09-27 00:00:00+00:00,851274.3496390834,9.822542779147625e-10,9.313225746154785e-10,851274.3496390824,15,0,momentum_only,-0.021613182278247378,6050799.688818004,-0.8593120920508648
2022-09-28 00:00:00+00:00,852037.0889027679,316860.3098677674,316860.3098677674,535176.7790350005,10,5,momentum_only,0.0008959970002713202,6050799.688818004,-0.8591860361073679
2022-09-29 00:00:00+00:00,850441.5658912815,92298.07564342154,92298.0756434215,758143.49024786,11,5,momentum_only,-0.001872598073801024,6050799.688818004,-0.8594497240649175
2022-09-30 00:00:00+00:00,854225.2744439289,165158.43675213115,85422.52744439387,689066.8376917976,14,1,momentum_only,0.004449110561384639,6050799.688818004,-0.8588244003478492
2022-10-01 00:00:00+00:00,851798.6517116714,263982.3991054742,85179.86517116812,587816.2526061973,13,1,momentum_only,-0.0028407292606006385,6050799.688818004,-0.859225442004664
2022-10-02 00:00:00+00:00,823749.8153251259,268992.4315732665,82374.98153251357,554757.3837518594,12,1,momentum_only,-0.03292895137857044,6050799.688818004,-0.8638610005802321
2022-10-03 00:00:00+00:00,831468.5344833586,186617.4500407539,166293.70689667272,644851.0844426047,13,2,momentum_only,0.009370222626619018,6050799.688818004,-0.8625853478475037
2022-10-04 00:00:00+00:00,837140.3770694302,339203.2758982965,334856.15082777303,497937.10117113363,10,4,momentum_only,0.006821475919826403,6050799.688818004,-0.8616479771068142
2022-10-05 00:00:00+00:00,845304.4095839649,89212.3930528627,89212.3930528627,756092.0165311021,9,2,momentum_only,0.009752286161509138,6050799.688818004,-0.8602987285885362
2022-10-06 00:00:00+00:00,831660.3063558263,78760.14319694453,78760.1431969445,752900.1631588818,10,2,momentum_only,-0.016141052943109302,6050799.688818004,-0.8625536542066083
2022-10-07 00:00:00+00:00,821544.0022444914,83595.57379226279,83595.5737922628,737948.4284522285,11,2,momentum_only,-0.012163985745168748,6050799.688818004,-0.8642255495975646
2022-10-08 00:00:00+00:00,817717.7416656773,72560.71175745511,72560.71175745511,745157.0299082221,12,3,momentum_only,-0.004657401877879441,6050799.688818004,-0.8648579057778369
2022-10-09 00:00:00+00:00,820194.0844812449,157818.707231516,82019.40844812544,662375.3772497289,13,1,momentum_only,0.00302835891822939,6050799.688818004,-0.8644486470115711
2022-10-10 00:00:00+00:00,801929.8143347898,409577.81458092027,320771.9257339169,392351.9997538695,10,4,momentum_only,-0.022268229547164897,6050799.688818004,-0.8674671356553463
2022-10-11 00:00:00+00:00,791335.6941360903,168133.41284265328,168133.41284265328,623202.281293437,12,4,momentum_only,-0.013210782302048862,6050799.688818004,-0.8692179984740704
2022-10-12 00:00:00+00:00,790940.9805120616,74588.90180583224,74588.90180583224,716352.0787062293,14,4,momentum_only,-0.0004987941615089975,6050799.688818004,-0.869283231772862
2022-10-13 00:00:00+00:00,792363.3820309662,88096.84109016025,88096.84109016019,704266.540940806,16,2,momentum_only,0.0017983661916010085,6050799.688818004,-0.869048155156207
2022-10-14 00:00:00+00:00,804165.7071142035,64121.38976807226,64121.38976807226,740044.3173461312,15,3,momentum_only,0.014895091508375646,6050799.688818004,-0.8670976154440682
2022-10-15 00:00:00+00:00,801451.5243511217,92587.7547282294,92587.75472822937,708863.7696228924,17,2,momentum_only,-0.0033751535772666985,6050799.688818004,-0.8675461814027293
2022-10-16 00:00:00+00:00,805705.8791036604,299020.46011082653,80570.587910367,506685.4189928338,15,1,momentum_only,0.0053083120104899795,6050799.688818004,-0.8668430752066342
2022-10-17 00:00:00+00:00,849807.60982617,412079.4661233929,254942.28294785199,437728.1437027771,12,3,momentum_only,0.054736761721997595,6050799.688818004,-0.8595544963425857
2022-10-18 00:00:00+00:00,823048.141108549,230208.68867776438,82304.81411085586,592839.4524307846,11,1,momentum_only,-0.031488855134039984,6050799.688818004,-0.8639769644614813
2022-10-19 00:00:00+00:00,796809.9235907886,233786.81396343312,159361.9847181587,563023.1096273555,10,2,momentum_only,-0.03187932297911589,6050799.688818004,-0.8683132867440135
2022-10-20 00:00:00+00:00,796606.5139329864,138737.52965520177,138737.52965520177,657868.9842777846,9,3,momentum_only,-0.0002552800257376031,6050799.688818004,-0.8683469037315628
2022-10-21 00:00:00+00:00,789737.675537868,104469.13871234175,104469.13871234175,685268.5368255263,10,3,momentum_only,-0.008622623936635598,6050799.688818004,-0.8694820988707792
2022-10-22 00:00:00+00:00,781211.6131278197,84800.2534100172,84800.2534100172,696411.3597178025,12,3,momentum_only,-0.010796068965864491,6050799.688818004,-0.8708911791326501
2022-10-23 00:00:00+00:00,799879.7099449185,226670.87178272524,226670.8717827252,573208.8381621933,12,3,momentum_only,0.023896338077150858,6050799.688818004,-0.8678059511004617
2022-10-24 00:00:00+00:00,783095.4551270757,81649.23176357958,78309.54551270853,701446.2233634961,14,1,momentum_only,-0.020983473651305262,6050799.688818004,-0.8705798414424045
2022-10-25 00:00:00+00:00,776693.9060093471,149834.48223857142,149834.4822385714,626859.4237707757,13,2,momentum_only,-0.008174672801146365,6050799.688818004,-0.8716378088924853
2022-10-26 00:00:00+00:00,798594.9640539208,152179.47453326115,152179.47453326115,646415.4895206597,12,5,momentum_only,0.028197798225431336,6050799.688818004,-0.8680182777278613
2022-10-27 00:00:00+00:00,795086.2855419599,96939.42259506148,79508.62855419694,698146.8629468984,14,1,momentum_only,-0.004393564535080108,6050799.688818004,-0.868598147942115
2022-10-28 00:00:00+00:00,815527.4612475821,98941.53463810796,98941.53463810794,716585.9266094741,12,3,momentum_only,0.025709380324286046,6050799.688818004,-0.8652198877522432
2022-10-29 00:00:00+00:00,839443.4275811547,222374.98862375313,83944.34275811641,617068.4389574017,12,1,momentum_only,0.029325764575709456,6050799.688818004,-0.8612673579109779
2022-10-30 00:00:00+00:00,818491.4427845003,250484.9691166436,245547.43283535104,568006.4736678568,12,3,momentum_only,-0.024959376782575204,6050799.688818004,-0.8647300381969198
2022-10-31 00:00:00+00:00,823647.7786732592,159003.3856582829,159003.3856582829,664644.3930149763,13,4,momentum_only,0.006299804273111276,6050799.688818004,-0.8638778639135293
2022-11-01 00:00:00+00:00,828450.556505181,169171.44867495654,169171.4486749565,659279.1078302244,12,3,momentum_only,0.005831106398002106,6050799.688818004,-0.8630841212548858
2022-11-02 00:00:00+00:00,878927.3981094628,70176.66267644867,70176.66267644867,808750.7354330141,14,4,momentum_only,0.06092921443280619,6050799.688818004,-0.8547419443195685
2022-11-03 00:00:00+00:00,939234.0327967603,97926.85501689679,97926.85501689673,841307.1777798636,15,2,momentum_only,0.0686138978225217,6050799.688818004,-0.8447752229292133
2022-11-04 00:00:00+00:00,967038.4411445803,76108.01656387324,76108.01656387324,890930.424580707,16,3,momentum_only,0.029603280308132307,6050799.688818004,-0.8401800603428194
2022-11-05 00:00:00+00:00,957562.5152520537,357884.94981372706,287268.7545756171,599677.5654383267,16,3,momentum_only,-0.009798913351687366,6050799.688818004,-0.8417461220833921
2022-11-06 00:00:00+00:00,926532.0521283331,247270.1624034114,185306.41042566756,679261.8897249218,15,2,momentum_only,-0.03240567861572219,6050799.688818004,-0.8468744463908494
2022-11-07 00:00:00+00:00,913404.4665472477,220821.48135237017,220821.48135237017,692582.9851948775,14,3,momentum_only,-0.014168517485099508,6050799.688818004,-0.8490440084745762
2022-11-08 00:00:00+00:00,754119.1844981869,73601.48712144025,73601.48712144024,680517.6973767467,13,4,momentum_only,-0.17438636210218428,6050799.688818004,-0.875368674674223
2022-11-09 00:00:00+00:00,612557.764130475,92084.1586519249,61255.77641304846,520473.60547855013,15,1,momentum_only,-0.1877175694209544,6050799.688818004,-0.8987641641380901
2022-11-10 00:00:00+00:00,763100.5257316382,80293.93339042625,80293.93339042622,682806.592341212,13,3,momentum_only,0.24576092315939935,6050799.688818004,-0.8738843516598537
2022-11-11 00:00:00+00:00,754864.9148589091,207799.65190698268,150972.9829717828,547065.2629519264,13,2,momentum_only,-0.010792301400700866,6050799.688818004,-0.8752454297480854
2022-11-12 00:00:00+00:00,730514.220045152,208549.22364617622,146102.84400903137,521964.9963989758,13,2,momentum_only,-0.0322583475989322,6050799.688818004,-0.879269806039827
2022-11-13 00:00:00+00:00,718255.7345965658,219991.30212650786,71825.57345965755,498264.4324700579,12,1,momentum_only,-0.016780625362540547,6050799.688818004,-0.8812957341946195
2022-11-14 00:00:00+00:00,720453.4001475079,216968.5943444898,216968.5943444898,503484.80580301804,9,4,momentum_only,0.003059725728714824,6050799.688818004,-0.8809325316984266
2022-11-15 00:00:00+00:00,741887.342003574,68456.42017422184,68456.42017422184,673430.9218293522,12,1,momentum_only,0.029750629050647293,6050799.688818004,-0.8773901996169868
2022-11-16 00:00:00+00:00,746443.15650887,81718.29108728717,74644.31565088799,664724.8654215828,10,1,momentum_only,0.00614084409769311,6050799.688818004,-0.8766372719479854
2022-11-17 00:00:00+00:00,740154.2189357996,152306.6616738208,148030.8437871609,587847.5572619787,9,2,momentum_only,-0.008425206284272013,6050799.688818004,-0.8776766283796142
2022-11-18 00:00:00+00:00,743994.6758111882,140390.8642866637,140390.8642866637,603603.8115245245,9,3,momentum_only,0.005188725237438296,6050799.688818004,-0.877041926014159
2022-11-19 00:00:00+00:00,714063.0919522055,71424.98770024102,9.74978320300579e-10,642638.1042519645,11,0,momentum_only,-0.04023091136552537,6050799.688818004,-0.881988641390359
2022-11-20 00:00:00+00:00,672994.143737381,310565.1567202791,201898.24312121526,362428.9870171019,7,3,momentum_only,-0.05751445310321879,6050799.688818004,-0.8887760001407603
2022-11-21 00:00:00+00:00,666363.967711171,171169.86791269155,66636.39677111809,495194.09979847947,9,1,momentum_only,-0.009851758871764038,6050799.688818004,-0.8898717521681268
2022-11-22 00:00:00+00:00,690504.0303508478,163806.8935380228,138100.80607017054,526697.136812825,9,2,momentum_only,0.03622654256440838,6050799.688818004,-0.8858821865105017
2022-11-23 00:00:00+00:00,702517.812418505,159710.2059874948,70251.7812418515,542807.6064310102,9,1,momentum_only,0.01739856907359827,6050799.688818004,-0.8838966998499765
2022-11-24 00:00:00+00:00,689171.8573744986,196616.22901398042,68917.18573745085,492555.62836051814,7,1,momentum_only,-0.018997319083001285,6050799.688818004,-0.8861023512895161
2022-11-25 00:00:00+00:00,679722.6566519381,127699.04327653054,9.89530235528946e-10,552023.6133754075,8,0,momentum_only,-0.013710949774644932,6050799.688818004,-0.8876639962304357
2022-11-26 00:00:00+00:00,675226.1058832256,341902.5215615784,135045.2211766461,333323.5843216471,5,2,momentum_only,-0.006615272750890577,6050799.688818004,-0.8884071295351164
2022-11-27 00:00:00+00:00,673084.0259303129,283975.2429615868,9.89530235528946e-10,389108.7829687261,6,0,momentum_only,-0.003172389121582797,6050799.688818004,-0.8887611455434253
2022-11-28 00:00:00+00:00,670982.2323816987,403674.28586627863,268392.8929526805,267307.94651542,4,4,momentum_only,-0.0031226317482564436,6050799.688818004,-0.8891085035219911
2022-11-29 00:00:00+00:00,683786.2857083876,204274.24257869375,204274.24257869378,479512.04312969383,7,6,momentum_only,0.019082551979416884,6050799.688818004,-0.8869924107763743
2022-11-30 00:00:00+00:00,706684.2087875372,63927.53371895141,63927.533718951396,642756.6750685858,12,2,momentum_only,0.033486958656135934,6050799.688818004,-0.8832081303082131
2022-12-01 00:00:00+00:00,703776.5950919656,1.0550138540565968e-09,1.051375875249505e-09,703776.5950919646,14,0,momentum_only,-0.0041144455464204865,6050799.688818004,-0.8836886640963246
2022-12-02 00:00:00+00:00,710209.4137782822,143545.6395253754,143545.63952537533,566663.7742529069,12,5,momentum_only,0.009140427134374907,6050799.688818004,-0.8826255288055952
2022-12-03 00:00:00+00:00,686329.3949010515,1.0841176845133305e-09,1.04046193882823e-09,686329.3949010505,17,0,momentum_only,-0.03362391206586535,6050799.688818004,-0.8865721177038133
2022-12-04 00:00:00+00:00,691842.4758643539,278253.1796626678,278253.1796626678,413589.29620168614,13,6,momentum_only,0.008032704127581836,6050799.688818004,-0.8856609850855098
2022-12-05 00:00:00+00:00,685686.1009648158,208186.11044612085,205705.83028944576,477499.990518695,13,3,momentum_only,-0.00889852114362688,6050799.688818004,-0.8866784332272679
2022-12-06 00:00:00+00:00,683404.5147729487,63609.50533841699,1.0186340659856796e-09,619795.0094345317,14,0,momentum_only,-0.0033274499638490385,6050799.688818004,-0.8870555050705292
2022-12-07 00:00:00+00:00,657586.5706019133,63609.50533841699,63609.50533841699,593977.0652634962,14,2,momentum_only,-0.037778422022296754,6050799.688818004,-0.8913223698650699
2022-12-08 00:00:00+00:00,666069.5983954036,138900.01194999425,138900.01194999428,527169.5864454093,11,5,momentum_only,0.012900244884449963,6050799.688818004,-0.8899204018228676
2022-12-09 00:00:00+00:00,658117.1947174993,9.74978320300579e-10,1.0222720447927713e-09,658117.1947174984,16,0,momentum_only,-0.011939298381223318,6050799.688818004,-0.8912346749911896
2022-12-10 00:00:00+00:00,657744.7736725549,262443.5907856083,262443.59078560816,395301.18288694666,10,6,momentum_only,-0.0005658886410107034,6050799.688818004,-0.8912962240531479
2022-12-11 00:00:00+00:00,653213.7190693094,193780.21276444002,193780.21276444,459433.5063048694,13,4,momentum_only,-0.006888773251585212,6050799.688818004,-0.8920450597172369
2022-12-12 00:00:00+00:00,646409.0501365575,1.0622898116707802e-09,1.0477378964424133e-09,646409.0501365565,17,0,momentum_only,-0.01041721680684704,6050799.688818004,-0.8931696497355326
2022-12-13 00:00:00+00:00,651990.9675693758,61835.471413127525,61835.471413127496,590155.4961562483,15,3,momentum_only,0.008635271167133363,6050799.688818004,-0.8922471406921191
2022-12-14 00:00:00+00:00,647275.9423023792,136294.99920117122,136294.99920117122,510980.94310120796,13,3,momentum_only,-0.0072317340293442944,6050799.688818004,-0.8930263807115351
2022-12-15 00:00:00+00:00,628952.0635557744,1.0331859812140465e-09,1.04046193882823e-09,628952.0635557733,16,0,momentum_only,-0.028309222619067542,6050799.688818004,-0.8960547207143397
2022-12-16 00:00:00+00:00,588382.4107361817,242287.51321264054,235352.96429447373,346094.8975235411,10,4,momentum_only,-0.06450356898462595,6050799.688818004,-0.9027595622073684
2022-12-17 00:00:00+00:00,603866.859217375,181466.54952118604,120773.37184347608,422400.30969618907,10,2,momentum_only,0.026316980587199,6050799.688818004,-0.900200487493689
2022-12-18 00:00:00+00:00,599795.2863824833,60693.177677711006,60693.177677711006,539102.1087047723,12,2,momentum_only,-0.0067425008886372595,6050799.688818004,-0.9008733857954484
2022-12-19 00:00:00+00:00,581936.1671393737,52990.016245782106,52990.01624578211,528946.1508935916,11,3,momentum_only,-0.029775357773853872,6050799.688818004,-0.9038249161982996
2022-12-20 00:00:00+00:00,598098.3518202985,119202.41430117213,59809.8351820309,478895.93751912634,11,1,momentum_only,0.02777312288454814,6050799.688818004,-0.9011538337774434
2022-12-21 00:00:00+00:00,594424.7629400803,59392.579119142276,1.0550138540565968e-09,535032.183820938,12,0,momentum_only,-0.006142115036829154,6050799.688818004,-0.9017609583013318
2022-12-22 00:00:00+00:00,593901.6820602261,299097.3241540122,178170.5046180689,294804.3579062139,8,3,momentum_only,-0.0008799782789447042,6050799.688818004,-0.9018474065241711
2022-12-23 00:00:00+00:00,588961.3660739483,240829.6136911617,58896.1366073959,348131.7523827866,9,1,momentum_only,-0.008318407129510041,6050799.688818004,-0.9026638797575203
2022-12-24 00:00:00+00:00,590647.009225345,243473.2772101909,59064.700922535565,347173.7320151541,8,1,momentum_only,0.002862060652013998,6050799.688818004,-0.9023852978777546
2022-12-25 00:00:00+00:00,593294.904576499,236367.7888197251,59329.490457650965,356927.115756774,6,1,momentum_only,0.004483042002746851,6050799.688818004,-0.901947687068055
2022-12-26 00:00:00+00:00,596096.4191627752,235978.4269109635,119219.2838325561,360117.99225181167,6,2,momentum_only,0.004721959626934336,6050799.688818004,-0.9014846880050627
2022-12-27 00:00:00+00:00,592295.2649859637,116759.14307840844,59229.526498597435,475536.1219075553,8,1,momentum_only,-0.006376743853201194,6050799.688818004,-0.9021128949152726
2022-12-28 00:00:00+00:00,581590.4709985678,230995.09577032682,1.0622898116707802e-09,350595.3752282409,6,0,momentum_only,-0.018073408011542447,6050799.688818004,-0.9038820485045376
2022-12-29 00:00:00+00:00,582019.0465679262,294149.2741104936,1.0622898116707802e-09,287869.7724574325,5,0,momentum_only,0.0007369026673056389,6050799.688818004,-0.9038112189297046
2022-12-30 00:00:00+00:00,581120.5946766466,354483.7113381305,116224.11893533039,226636.88333851614,4,2,momentum_only,-0.0015436812533500266,6050799.688818004,-0.9039597037478254
2022-12-31 00:00:00+00:00,580174.8547147362,296479.34789901314,58017.48547147468,283695.5068157231,5,1,momentum_only,-0.0016274418263160229,6050799.688818004,-0.9041160037429581
2023-01-01 00:00:00+00:00,580273.8299119854,357899.8395508603,58027.3829911996,222373.99036112512,4,1,momentum_only,0.00017059546177300433,6050799.688818004,-0.90409964636834
2023-01-02 00:00:00+00:00,582379.2840906,351392.037883559,116475.85681812104,230987.246207041,4,2,momentum_only,0.0036283803785084334,6050799.688818004,-0.9037516834069308
2023-01-03 00:00:00+00:00,585395.5788985414,234916.181065439,58539.5578898552,350479.3978331024,6,1,momentum_only,0.005179261849348693,6050799.688818004,-0.9032531881727363
2023-01-04 00:00:00+00:00,595672.0106459245,176376.62317558486,176376.62317558483,419295.38747033966,7,5,momentum_only,0.01755467946430156,6050799.688818004,-0.9015548289019155
2023-01-05 00:00:00+00:00,588375.8119647158,116617.1333371129,116617.13333711291,471758.6786276029,10,4,momentum_only,-0.012248684764115336,6050799.688818004,-0.9027606527692453
2023-01-06 00:00:00+00:00,615360.8771429693,57047.679654761494,57047.67965476145,558313.1974882078,13,2,momentum_only,0.04586365487755928,6050799.688818004,-0.8983009009073349
2023-01-07 00:00:00+00:00,637756.4658735136,58380.43017214686,1.0659277904778719e-09,579376.0357013667,14,0,momentum_only,0.036394235581767465,6050799.688818004,-0.8945996399365029
2023-01-08 00:00:00+00:00,663755.8102624348,213588.5317777003,199126.7430787315,450167.2784847345,12,3,momentum_only,0.040766884822266425,6050799.688818004,-0.890302795597569
2023-01-09 00:00:00+00:00,673068.2695542066,75220.18221315324,75220.18221315322,597848.0873410534,14,4,momentum_only,0.014029947682250743,6050799.688818004,-0.8887637495589137
2023-01-10 00:00:00+00:00,685370.9626073178,190309.75409529812,190309.7540952981,495061.2085120198,13,3,momentum_only,0.018278521822548077,6050799.688818004,-0.8867305153277678
2023-01-11 00:00:00+00:00,688031.7015753519,139706.09762440267,139706.0976244026,548325.6039509493,12,6,momentum_only,0.0038821880604802406,6050799.688818004,-0.8862907818867566
2023-01-12 00:00:00+00:00,703944.7280834428,63460.82655592184,63460.82655592181,640483.901527521,16,1,momentum_only,0.023128333289957004,6050799.688818004,-0.8836608771920931
2023-01-13 00:00:00+00:00,759334.7858104347,1.0986695997416973e-09,1.076841726899147e-09,759334.7858104337,17,0,momentum_only,0.07868523694721996,6050799.688818004,-0.8745067057477212
2023-01-14 00:00:00+00:00,789833.5482837921,228091.81563559276,228091.81563559276,561741.7326481993,14,4,momentum_only,0.04016510641061455,6050799.688818004,-0.8694662542302598
2023-01-15 00:00:00+00:00,810456.3279949235,92623.69126867007,81045.63279949344,717832.6367262534,14,1,momentum_only,0.02611028583926589,6050799.688818004,-0.8660579808165418
2023-01-16 00:00:00+00:00,801796.8796668027,257265.27622105126,257265.2762210512,544531.6034457515,12,6,momentum_only,-0.010684657555261823,6050799.688818004,-0.8674891054237774
2023-01-17 00:00:00+00:00,789911.022948124,158811.16681826208,158811.16681826202,631099.8561298619,12,4,momentum_only,-0.014824024662727586,6050799.688818004,-0.8694534501930555
2023-01-18 00:00:00+00:00,751569.1265210343,79122.57510720522,79122.5751072052,672446.5514138291,15,4,momentum_only,-0.04853951307577553,6050799.688818004,-0.875790116154407
2023-01-19 00:00:00+00:00,770820.9362020035,1.0841176845133305e-09,1.0695657692849636e-09,770820.9362020025,19,0,momentum_only,0.025615487653257718,6050799.688818004,-0.8726084194083477
2023-01-20 00:00:00+00:00,827898.5345099522,216890.24186616152,165579.70690199154,611008.2926437906,15,2,momentum_only,0.07404780491456542,6050799.688818004,-0.8631753525009389
2023-01-21 00:00:00+00:00,826222.3613256214,130821.15749451169,1.076841726899147e-09,695401.2038311097,16,0,momentum_only,-0.0020246118509231747,6050799.688818004,-0.8634523693037639
2023-01-22 00:00:00+00:00,829945.9202613912,396759.1793265679,165989.18405227934,433186.7409348233,10,2,momentum_only,0.004506727377598052,6050799.688818004,-0.862836986358159
2023-01-23 00:00:00+00:00,829032.3232082197,399185.59896452853,399185.59896452853,429846.7242436912,8,5,momentum_only,-0.0011007910646561037,6050799.688818004,-0.8629879741779772
2023-01-24 00:00:00+00:00,799592.357456474,102004.43486945047,102004.43486945046,697587.9225870235,9,5,momentum_only,-0.03551123994516625,6050799.688818004,-0.8678534411023164
2023-01-25 00:00:00+00:00,836474.9557785146,1.0659277904778719e-09,1.0586518328636885e-09,836474.9557785136,14,0,momentum_only,0.04612675193565541,6050799.688818004,-0.8617579495608925
2023-01-26 00:00:00+00:00,843919.8028798874,162261.32923823077,162261.3292382308,681658.4736416566,12,4,momentum_only,0.008900263002427522,6050799.688818004,-0.8605275589539896
2023-01-27 00:00:00+00:00,863154.9635316153,1.04046193882823e-09,1.076841726899147e-09,863154.9635316143,16,0,momentum_only,0.02279264046902041,6050799.688818004,-0.8573486137498911
2023-01-28 00:00:00+00:00,851323.92017991,162633.502793036,162633.50279303594,688690.4173868741,14,4,momentum_only,-0.013706743112845365,6050799.688818004,-0.8593038996559127
2023-01-29 00:00:00+00:00,861665.6476239639,403544.54793626734,258499.69428719024,458121.0996876965,13,3,momentum_only,0.012147817298342023,6050799.688818004,-0.8575947491343435
2023-01-30 00:00:00+00:00,813159.0914028725,275738.317832815,275738.31783281505,537420.7735700575,11,5,momentum_only,-0.05629394226733753,6050799.688818004,-0.8656113021051406
2023-01-31 00:00:00+00:00,840880.1514539095,1.0477378964424133e-09,1.1204974725842476e-09,840880.1514539084,16,0,momentum_only,0.03409057384233671,6050799.688818004,-0.8610299142759803
2023-02-01 00:00:00+00:00,909971.1936612271,158162.92318476256,158162.92318476253,751808.2704764645,12,3,momentum_only,0.0821651481341985,6050799.688818004,-0.8496114165962441
2023-02-02 00:00:00+00:00,884511.898625024,1.1350493878126144e-09,1.1059455573558807e-09,884511.8986250228,15,0,momentum_only,-0.027978132949207812,6050799.688818004,-0.8538190083767574
2023-02-03 00:00:00+00:00,920865.8042956291,148793.57600853467,148793.57600853464,772072.2282870945,11,3,momentum_only,0.04110052756454419,6050799.688818004,-0.8478108925011338
2023-02-04 00:00:00+00:00,921102.2835038078,260357.46572351252,92110.22835038189,660744.8177802953,11,1,momentum_only,0.00025680094436730805,6050799.688818004,-0.8477718101946057
2023-02-05 00:00:00+00:00,928750.4311150534,515336.92553722113,464375.2155575278,413413.5055778322,7,5,momentum_only,0.008303255510509144,6050799.688818004,-0.8465078206387493
2023-02-06 00:00:00+00:00,917592.2826827692,50961.70997969445,50961.70997969445,866630.5727030748,12,2,momentum_only,-0.01201415155079677,6050799.688818004,-0.8483518989434574
2023-02-07 00:00:00+00:00,1024748.0195942256,143146.98107505206,102474.80195942367,881601.0385191735,11,1,momentum_only,0.11677924818435104,6050799.688818004,-0.8306425477134899
2023-02-08 00:00:00+00:00,918367.2640533026,40672.17911562948,40672.17911562948,877695.0849376731,12,2,momentum_only,-0.10381162344968187,6050799.688818004,-0.8482238197786545
2023-02-09 00:00:00+00:00,805573.1500361374,156653.24557242056,156653.24557242054,648919.9044637169,11,3,momentum_only,-0.12282026857026396,6050799.688818004,-0.866865010996009
2023-02-10 00:00:00+00:00,816559.6905790628,103008.06823231041,81655.9690579074,713551.6223467524,13,1,momentum_only,0.01363816624527825,6050799.688818004,-0.8650492938829092
2023-02-11 00:00:00+00:00,841129.9105864506,395771.58865956485,252338.97317593632,445358.32192688575,9,3,momentum_only,0.030089925195748934,6050799.688818004,-0.8609886372307325
2023-02-12 00:00:00+00:00,822427.145998616,199578.0528053408,164485.4291997243,622849.0931932753,10,2,momentum_only,-0.022235286550200906,6050799.688818004,-0.8640795947156411
2023-02-13 00:00:00+00:00,794620.4390394263,117586.24968164448,117586.24968164446,677034.1893577818,11,2,momentum_only,-0.03381054126736782,6050799.688818004,-0.8686751371875853
2023-02-14 00:00:00+00:00,883414.2435525032,34389.74692888958,34389.74692888954,849024.4966236136,11,1,momentum_only,0.11174367050061651,6050799.688818004,-0.8540004149889361
2023-02-15 00:00:00+00:00,941740.8300878191,192833.30233477877,192833.30233477874,748907.5277530404,9,4,momentum_only,0.06602405039425818,6050799.688818004,-0.8443609310306248
2023-02-16 00:00:00+00:00,869674.9724953261,92617.12306386905,92617.12306386903,777057.849431457,12,2,momentum_only,-0.07652408740287153,6050799.688818004,-0.8562710687477388
2023-02-17 00:00:00+00:00,919921.6805547848,257598.0042063351,183984.33611095807,662323.6763484497,11,2,momentum_only,0.057776421822612445,6050799.688818004,-0.847966925387595
2023-02-18 00:00:00+00:00,931756.5484439326,286015.6446218379,286015.6446218379,645740.9038220947,11,4,momentum_only,0.012865082038299613,6050799.688818004,-0.8460110074101714
2023-02-19 00:00:00+00:00,935795.8964402999,145542.81792009174,145542.81792009174,790253.0785202081,13,2,momentum_only,0.004335196788381346,6050799.688818004,-0.8453434348240499
2023-02-20 00:00:00+00:00,979595.0777552957,40296.449641328945,40296.449641328945,939298.6281139667,14,3,momentum_only,0.046804203225943475,6050799.688818004,-0.8381048575173284
2023-02-21 00:00:00+00:00,957887.0480278471,183881.14311062827,95788.70480278584,774005.9049172188,13,1,momentum_only,-0.02216020702879773,6050799.688818004,-0.8416924873917011
2023-02-22 00:00:00+00:00,946024.8163279358,229428.5812218351,229428.58122183513,716596.2351061007,12,3,momentum_only,-0.012383747879600171,6050799.688818004,-0.8436529277152889
2023-02-23 00:00:00+00:00,960742.8510844632,181189.4002021343,96074.28510844742,779553.4508823289,13,1,momentum_only,0.015557768149948137,6050799.688818004,-0.8412205162137601
2023-02-24 00:00:00+00:00,890845.9770305036,349705.4258396697,349705.4258396697,541140.5511908338,10,4,momentum_only,-0.07275294734180093,6050799.688818004,-0.8527721916366189
2023-02-25 00:00:00+00:00,867641.5991457361,137582.6738730679,137582.67387306783,730058.9252726682,12,3,momentum_only,-0.026047575543996615,6050799.688818004,-0.856607119097141
2023-02-26 00:00:00+00:00,913131.2001805897,35622.38637895233,35622.3863789523,877508.8138016374,12,2,momentum_only,0.052429022628285527,6050799.688818004,-0.84908917049955
2023-02-27 00:00:00+00:00,909951.1407686186,87768.43389568424,87768.4338956842,822182.7068729344,13,1,momentum_only,-0.0034825876186710403,6050799.688818004,-0.8496147306858917
2023-02-28 00:00:00+00:00,876863.9879504223,198213.27094832534,198213.27094832537,678650.7170020969,11,3,momentum_only,-0.03636146089145853,6050799.688818004,-0.8550829587747081
2023-03-01 00:00:00+00:00,923514.0276681001,79148.67180295291,79148.67180295289,844365.3558651472,13,3,momentum_only,0.053200998511430786,6050799.688818004,-0.8473732274802004
2023-03-02 00:00:00+00:00,892181.7968280136,362444.14232851483,267654.53904840525,529737.6544994988,12,3,momentum_only,-0.033927184537955846,6050799.688818004,-0.8525514241569122
2023-03-03 00:00:00+00:00,832385.8698333346,235270.0095175421,166477.17396666808,597115.8603157925,12,2,momentum_only,-0.06702213294114756,6050799.688818004,-0.8624337422090504
2023-03-04 00:00:00+00:00,792033.0931262902,103125.21483003913,103125.21483003907,688907.8782962512,12,5,momentum_only,-0.04847844992265904,6050799.688818004,-0.8691027411484167
2023-03-05 00:00:00+00:00,814993.3712474848,58274.62820254745,58274.62820254743,756718.7430449374,16,2,momentum_only,0.028989038867765604,6050799.688818004,-0.8653081554238842
2023-03-06 00:00:00+00:00,816981.473392891,183037.28237492742,183037.28237492742,633944.1910179636,15,3,momentum_only,0.002439408976250945,6050799.688818004,-0.8649795869291974
2023-03-07 00:00:00+00:00,805396.3162130802,64723.53000871923,64723.530008719186,740672.786204361,15,1,momentum_only,-0.01418044050827505,6050799.688818004,-0.8668942358641506
2023-03-08 00:00:00+00:00,759634.2351472424,240892.88593226072,75963.42351472541,518741.34921498166,13,1,momentum_only,-0.05681933247597659,6050799.688818004,-0.8744572165310543
2023-03-09 00:00:00+00:00,727752.4778939777,311534.59667480114,72775.24778939893,416217.8812191766,12,1,momentum_only,-0.04196987942109409,6050799.688818004,-0.8797262320154345
2023-03-10 00:00:00+00:00,723368.882901949,323490.72867079044,217010.66487058584,399878.15423115855,8,3,momentum_only,-0.006023469689466654,6050799.688818004,-0.8804506974113275
2023-03-11 00:00:00+00:00,710163.5038319426,154885.8217445028,1.1641532182693481e-09,555277.6820874397,9,0,momentum_only,-0.018255387233454434,6050799.688818004,-0.8826331162235731
2023-03-12 00:00:00+00:00,755907.8077841937,298735.31616931065,1.1641532182693481e-09,457172.49161488307,6,0,momentum_only,0.06441376345788163,6050799.688818004,-0.8750730735342097
2023-03-13 00:00:00+00:00,785594.4029853039,360456.0414940498,314237.7611941227,425138.3614912542,5,4,momentum_only,0.039272772281756296,6050799.688818004,-0.8701668467992589
2023-03-14 00:00:00+00:00,815292.5366572782,118740.88182032072,118740.88182032072,696551.6548369575,8,4,momentum_only,0.037803392640171074,6050799.688818004,-0.8652587131310999
2023-03-15 00:00:00+00:00,754943.2247944679,84515.62287587277,1.1750671546906233e-09,670427.6019185951,11,0,momentum_only,-0.07402166602707305,6050799.688818004,-0.8752324876677676
2023-03-16 00:00:00+00:00,765723.871319892,350105.8237365597,350105.8237365597,415618.0475833323,8,5,momentum_only,0.014280075867108,6050799.688818004,-0.8734507981259131
2023-03-17 00:00:00+00:00,868951.3703757217,1.1059455573558807e-09,1.1641532182693481e-09,868951.3703757206,13,0,momentum_only,0.13481034472373787,6050799.688818004,-0.8563906565967535
2023-03-18 00:00:00+00:00,838004.6907991981,1.1059455573558807e-09,1.1641532182693481e-09,838004.6907991971,13,0,momentum_only,-0.03561382216722064,6050799.688818004,-0.8615051342142681
2023-03-19 00:00:00+00:00,852205.0860901554,316267.53357455274,316267.53357455274,535937.5525156027,9,5,momentum_only,0.016945484251901455,6050799.688818004,-0.8591582716471268
2023-03-20 00:00:00+00:00,816590.6642553746,137014.48086826887,137014.48086826887,679576.1833871057,10,4,momentum_only,-0.04179090504866234,6050799.688818004,-0.8650441749436112
2023-03-21 00:00:00+00:00,824924.8093818831,1.1677911970764399e-09,1.1841621017083526e-09,824924.809381882,14,0,momentum_only,0.010206025480475223,6050799.688818004,-0.8636668123543471
2023-03-22 00:00:00+00:00,805147.8602659799,380248.4588979614,380248.4588979614,424899.4013680185,9,5,momentum_only,-0.023974244550508894,6050799.688818004,-0.8669352975353144
2023-03-23 00:00:00+00:00,838789.6544301118,1.0913936421275139e-09,1.1496013030409813e-09,838789.6544301107,14,0,momentum_only,0.0417833739917266,6050799.688818004,-0.8613754053071346
2023-03-24 00:00:00+00:00,792478.1999929795,1.0913936421275139e-09,1.1496013030409813e-09,792478.1999929785,14,0,momentum_only,-0.05521223848259915,6050799.688818004,-0.8690291794888707
2023-03-25 00:00:00+00:00,773085.0570610638,291967.59619373735,291967.59619373735,481117.4608673264,9,4,momentum_only,-0.024471515976196567,6050799.688818004,-0.8722342340154244
2023-03-26 00:00:00+00:00,801417.1604237588,118870.64296224083,118870.64296224082,682546.517461518,9,4,momentum_only,0.0366481063162718,6050799.688818004,-0.8675518606400417
2023-03-27 00:00:00+00:00,760861.9706345116,1.1350493878126144e-09,1.140506356023252e-09,760861.9706345104,13,0,momentum_only,-0.05060434414431958,6050799.688818004,-0.874254311865488
2023-03-28 00:00:00+00:00,781206.8306858775,363447.234139746,363447.2341397459,417759.5965461315,8,6,momentum_only,0.026739225820945567,6050799.688818004,-0.870891969514449
2023-03-29 00:00:00+00:00,817360.659315923,1.1496013030409813e-09,1.076841726899147e-09,817360.6593159218,14,0,momentum_only,0.04627945789760113,6050799.688818004,-0.8649169198533507
2023-03-30 00:00:00+00:00,804372.1387058889,1.1496013030409813e-09,1.076841726899147e-09,804372.1387058877,14,0,momentum_only,-0.01589080715103741,6050799.688818004,-0.8670634990293292
2023-03-31 00:00:00+00:00,811231.0100097822,318202.55497295223,318202.5549729523,493028.4550368299,10,5,momentum_only,0.00852698766385429,6050799.688818004,-0.8659299511254763
2023-04-01 00:00:00+00:00,808912.3760296927,126246.83535914072,126246.83535914072,682665.5406705519,11,4,momentum_only,-0.0028581673425692733,6050799.688818004,-0.8663131457607862
2023-04-02 00:00:00+00:00,792795.6738118596,1.0950316209346056e-09,1.1095835361629725e-09,792795.6738118585,15,0,momentum_only,-0.019923915983257934,6050799.688818004,-0.8689767114127144
2023-04-03 00:00:00+00:00,825888.4977153859,345289.5875277474,165177.69954307828,480598.91018763854,9,2,momentum_only,0.04174193300577933,6050799.688818004,-0.863507546078307
2023-04-04 00:00:00+00:00,818545.3871297162,180111.88798467023,81854.53871297273,638433.499145046,11,1,momentum_only,-0.008891164613604063,6050799.688818004,-0.8647211229546395
2023-04-05 00:00:00+00:00,802414.6248478057,98257.34927169861,1.1059455573558807e-09,704157.2755761071,12,0,momentum_only,-0.019706619248657797,6050799.688818004,-0.8673870122769585
2023-04-06 00:00:00+00:00,805757.3189594443,433634.6237952142,433634.6237952143,372122.69516423007,7,6,momentum_only,0.004165794102110931,6050799.688818004,-0.8668345738748384
2023-04-07 00:00:00+00:00,796812.2010278583,123864.33305049404,123864.33305049405,672947.8679773642,9,3,momentum_only,-0.011101503791659861,6050799.688818004,-0.8683129103578849
2023-04-08 00:00:00+00:00,776125.1192909387,1.1714291758835316e-09,1.1932570487260818e-09,776125.1192909376,12,0,momentum_only,-0.025962305434372168,6050799.688818004,-0.8717318108009371
2023-04-09 00:00:00+00:00,783642.5278701403,159793.36775208125,159793.36775208125,623849.160118059,10,4,momentum_only,0.00968582048480715,6050799.688818004,-0.8704894281464437
2023-04-10 00:00:00+00:00,798207.802562828,75061.57412041175,75061.57412041177,723146.2284424162,13,2,momentum_only,0.018586631244063012,6050799.688818004,-0.8680822629051939
2023-04-11 00:00:00+00:00,796796.0685401106,1.1677911970764399e-09,1.1859810911118984e-09,796796.0685401094,15,0,momentum_only,-0.001768629695405921,6050799.688818004,-0.8683155765323706
2023-04-12 00:00:00+00:00,782634.1703908176,440932.08748126973,440932.08748126973,341702.0829095479,9,7,momentum_only,-0.017773554248630363,6050799.688818004,-0.8706560767765721
2023-04-13 00:00:00+00:00,799991.3630050806,127279.66330615853,127279.66330615849,672711.6996989221,13,5,momentum_only,0.022177913092646495,6050799.688818004,-0.867787498488261
2023-04-14 00:00:00+00:00,860643.059240003,1.2405507732182741e-09,1.229636836796999e-09,860643.0592400017,18,0,momentum_only,0.07581543881560271,6050799.688818004,-0.8577637496692398
2023-04-15 00:00:00+00:00,860443.9792725954,171297.26989094014,171297.26989094014,689146.7093816552,14,3,momentum_only,-0.00023131536967646582,6050799.688818004,-0.8577966511000665
2023-04-16 00:00:00+00:00,880612.599949168,72921.36740695563,72921.36740695563,807691.2325422124,15,4,momentum_only,0.02343978360290566,6050799.688818004,-0.8544634353742436
2023-04-17 00:00:00+00:00,889542.3271669659,1.2332748156040907e-09,1.2405507732182741e-09,889542.3271669646,19,0,momentum_only,0.01014035822143966,6050799.688818004,-0.8529876424746208
2023-04-18 00:00:00+00:00,897394.0409927834,505055.02122249105,505055.02122249105,392339.01977029233,12,6,momentum_only,0.008826689395235121,6050799.688818004,-0.8516900100574829
2023-04-19 00:00:00+00:00,855425.9611228054,130959.09829919097,130959.09829919096,724466.8628236144,13,3,momentum_only,-0.0467666130516633,6050799.688818004,-0.8586259659688207
2023-04-20 00:00:00+00:00,831356.5890069257,1.2369127944111824e-09,1.229636836796999e-09,831356.5890069244,16,0,momentum_only,-0.028137294412115987,6050799.688818004,-0.8626038487865846
2023-04-21 00:00:00+00:00,781310.4097591138,177012.56360286998,177012.56360286998,604297.8461562438,13,7,momentum_only,-0.06019821086351551,6050799.688818004,-0.8708748512691652
2023-04-22 00:00:00+00:00,812909.5597063057,62568.57609639151,62568.57609639151,750340.9836099142,16,2,momentum_only,0.04044378463731757,6050799.688818004,-0.8656525415626337
2023-04-23 00:00:00+00:00,790734.8020511208,1.2078089639544487e-09,1.2114469427615404e-09,790734.8020511196,18,0,momentum_only,-0.0272782591746078,6050799.688818004,-0.869317306353338
2023-04-24 00:00:00+00:00,788372.7209059722,427247.8238570553,236511.8162717929,361124.8970489169,12,3,momentum_only,-0.00298719765339972,6050799.688818004,-0.8697076813891393
2023-04-25 00:00:00+00:00,814592.7224461649,309572.1170262177,1.2223608791828156e-09,505020.60541994724,12,0,momentum_only,0.03325838254532898,6050799.688818004,-0.8653743696140614
2023-04-26 00:00:00+00:00,825745.6899648816,309572.1170262177,82574.5689964894,516173.57293866394,12,1,momentum_only,0.013691464717761281,6050799.688818004,-0.863531147545526
2023-04-27 00:00:00+00:00,838927.9622287904,401489.32191748725,401489.3219174873,437438.6403113031,6,6,momentum_only,0.015964082433744586,6050799.688818004,-0.8613525475353042
2023-04-28 00:00:00+00:00,812373.4679931585,66670.48465062641,66670.48465062641,745702.9833425321,10,4,momentum_only,-0.03165288967730229,6050799.688818004,-0.8657411400522083
2023-04-29 00:00:00+00:00,798241.8479904324,1.2350938050076365e-09,1.2369127944111824e-09,798241.8479904311,14,0,momentum_only,-0.017395472106734422,6050799.688818004,-0.868076636305512
2023-04-30 00:00:00+00:00,798570.6842977654,281215.34223384503,281215.34223384503,517355.3420639203,11,4,momentum_only,0.0004119507241580056,6050799.688818004,-0.8680222903803047
2023-05-01 00:00:00+00:00,769489.1790895219,1.1641532182693481e-09,1.1859810911118984e-09,769489.1790895207,15,0,momentum_only,-0.03641694565061171,6050799.688818004,-0.8728285154586173
2023-05-02 00:00:00+00:00,760790.9029974075,79312.24364256221,79312.24364256219,681478.6593548453,14,2,momentum_only,-0.011303961548109642,6050799.688818004,-0.8742660570298891
2023-05-03 00:00:00+00:00,770894.5585906432,351496.50974675396,308357.8234362585,419398.04884388926,10,4,momentum_only,0.013280463204053516,6050799.688818004,-0.872596252026774
2023-05-04 00:00:00+00:00,750708.1865925114,107196.4959534099,107196.4959534099,643511.6906391014,10,2,momentum_only,-0.026185645978662464,6050799.688818004,-0.8759324014675557
2023-05-05 00:00:00+00:00,755091.7269438136,1.1568772606551647e-09,1.1568772606551647e-09,755091.7269438124,12,0,momentum_only,0.0058392068044432754,6050799.688818004,-0.8752079451019941
2023-05-06 00:00:00+00:00,719475.6209410755,272127.4009853109,143895.12418821623,447348.2199557646,8,2,momentum_only,-0.04716791977961676,6050799.688818004,-0.8810941267365567
2023-05-07 00:00:00+00:00,705482.1793356215,128232.27679709578,1.1350493878126144e-09,577249.9025385258,10,0,momentum_only,-0.01944950071713414,6050799.688818004,-0.8834067866038655
2023-05-08 00:00:00+00:00,647218.154377715,208410.1108854042,64721.81543777263,438808.04349231074,8,1,momentum_only,-0.08258752193113639,6050799.688818004,-0.8930359311722404
2023-05-09 00:00:00+00:00,639929.8732935756,368447.66952584847,127985.97465871627,271482.20376772713,5,2,momentum_only,-0.011260934253531363,6050799.688818004,-0.8942404465188001
2023-05-10 00:00:00+00:00,629919.4363314647,329816.6573208483,1.1350493878126144e-09,300102.7790106163,5,0,momentum_only,-0.0156430218057948,6050799.688818004,-0.8958948455200776
2023-05-11 00:00:00+00:00,612363.4385719051,329816.6573208483,61236.34385719165,282546.7812510568,5,1,momentum_only,-0.0278702271226976,6050799.688818004,-0.8987962798200766
2023-05-12 00:00:00+00:00,609840.373540502,375501.7577078773,121968.07470810154,234338.61583262467,4,2,momentum_only,-0.004120208478297083,6050799.688818004,-0.899213260245997
2023-05-13 00:00:00+00:00,607404.8425896505,253533.6829997769,1.1350493878126144e-09,353871.1595898736,6,0,momentum_only,-0.003993718777114963,6050799.688818004,-0.8996157741410369
2023-05-14 00:00:00+00:00,610358.110474335,318843.4953006673,61035.81104743464,291514.6151736678,5,1,momentum_only,0.004862107901697499,6050799.688818004,-0.8991276952032822
2023-05-15 00:00:00+00:00,607047.1875440821,364810.87447054416,60704.71875440935,242236.31307353787,4,1,momentum_only,-0.005424557933177754,6050799.688818004,-0.8996748828645051
2023-05-16 00:00:00+00:00,607180.1521869567,304106.1557161359,121436.03043739249,303073.9964708208,5,2,momentum_only,0.0002190351023823034,6050799.688818004,-0.8996529081422019
2023-05-17 00:00:00+00:00,627203.374572803,242964.30451591162,1.1350493878126144e-09,384239.0700568915,6,0,momentum_only,0.032977399399051865,6050799.688818004,-0.8963437220154739
2023-05-18 00:00:00+00:00,616351.0356536726,377739.24743291055,184905.31069610294,238611.7882207621,4,3,momentum_only,-0.017302743191587644,6050799.688818004,-0.898137259973636
2023-05-19 00:00:00+00:00,613422.2878208248,192833.93673680868,1.1496013030409813e-09,420588.3510840161,7,0,momentum_only,-0.00475175291908414,6050799.688818004,-0.8986212865459021
2023-05-20 00:00:00+00:00,614210.0155402502,254800.66713491708,61421.001554026174,359409.3484053331,6,1,momentum_only,0.001284152426583418,6050799.688818004,-0.8984911008250162
2023-05-21 00:00:00+00:00,614148.432079135,251108.09106310472,1.1496013030409813e-09,363040.3410160303,6,0,momentum_only,-0.00010026450164779543,6050799.688818004,-0.8985012785642048
2023-05-22 00:00:00+00:00,612183.7489774497,369784.58173077856,244873.499590981,242399.16724667113,4,4,momentum_only,-0.003199036257463095,6050799.688818004,-0.8988259766541641
2023-05-23 00:00:00+00:00,623977.8261689441,124911.0821397987,124795.56523378997,499066.7440291454,8,2,momentum_only,0.019265583595112545,6050799.688818004,-0.896876800049741
2023-05-24 00:00:00+00:00,656624.5011344145,183342.58919444762,131324.90022688403,473281.9119399668,7,2,momentum_only,0.052320248567023775,6050799.688818004,-0.8914813685953166
2023-05-25 00:00:00+00:00,654531.0049021768,52017.688967564696,1.1350493878126144e-09,602513.3159346121,9,0,momentum_only,-0.0031882700517888996,6050799.688818004,-0.8918273552978851
2023-05-26 00:00:00+00:00,649769.951947429,116790.36696626802,116790.36696626802,532979.5849811609,8,2,momentum_only,-0.00727399148258745,6050799.688818004,-0.8926142021940974
2023-05-27 00:00:00+00:00,634115.2910368443,1.1350493878126144e-09,1.1423253454267979e-09,634115.2910368431,10,0,momentum_only,-0.02409262057081285,6050799.688818004,-0.895201407475329
2023-05-28 00:00:00+00:00,643848.1396974716,260681.16900001874,260681.16900001865,383166.97069745295,6,5,momentum_only,0.015348705193204193,6050799.688818004,-0.8935928847740051
2023-05-29 00:00:00+00:00,630748.295333236,125575.1079363279,125575.10793632785,505173.1873969081,9,4,momentum_only,-0.020346171024724802,6050799.688818004,-0.8957578621386407
2023-05-30 00:00:00+00:00,654405.0793352604,130386.00804466262,130386.00804466262,524019.0712905978,11,3,momentum_only,0.03750590239728857,6050799.688818004,-0.891848166690328
2023-05-31 00:00:00+00:00,633113.5598608729,1.1132215149700642e-09,1.127773430198431e-09,633113.5598608718,14,0,momentum_only,-0.03253568798092965,6050799.688818004,-0.8953669609934569
2023-06-01 00:00:00+00:00,638118.0606971886,117744.49730153082,117744.49730153079,520373.5633956578,12,4,momentum_only,0.007904586402185831,6050799.688818004,-0.8945398800961064
2023-06-02 00:00:00+00:00,644664.8348416053,1.1423253454267979e-09,1.127773430198431e-09,644664.8348416041,16,0,momentum_only,0.010259502978592794,6050799.688818004,-0.8934579116818296
2023-06-03 00:00:00+00:00,634321.0757905038,261836.85485884946,253728.43031620266,372484.22093165433,11,4,momentum_only,-0.01604517338632716,6050799.688818004,-0.8951673979618361
2023-06-04 00:00:00+00:00,628386.1116911485,130034.09672778714,130034.09672778711,498352.0149633614,11,3,momentum_only,-0.009356403761232479,6050799.688818004,-0.8961482541138458
2023-06-05 00:00:00+00:00,584691.7844882881,124861.6332261411,124861.63322614107,459830.151262147,11,5,momentum_only,-0.06953420260238996,6050799.688818004,-0.9033695024529056
2023-06-06 00:00:00+00:00,612594.4432550604,1.127773430198431e-09,1.1059455573558807e-09,612594.4432550592,16,0,momentum_only,0.04772199560011292,6050799.688818004,-0.8987581022741263
2023-06-07 00:00:00+00:00,574505.2690809176,116691.21898236428,116691.21898236428,457814.05009855324,12,5,momentum_only,-0.062176819580265,6050799.688818004,-0.9050530014829916
2023-06-08 00:00:00+00:00,576325.8115602653,1.0986695997416973e-09,1.0986695997416973e-09,576325.8115602642,17,0,momentum_only,0.0031688873493886938,6050799.688818004,-0.9047521251405287
2023-06-09 00:00:00+00:00,572635.4266103772,231302.3194635737,171790.62798311427,341333.1071468035,13,3,momentum_only,-0.006403296322781804,6050799.688818004,-0.9053620255073691
2023-06-10 00:00:00+00:00,521182.28937298484,176478.65142067394,104236.4578745981,344703.6379523109,13,2,momentum_only,-0.08985322047216115,6050799.688818004,-0.9138655522944943
2023-06-11 00:00:00+00:00,533114.430503174,168806.33501802152,1.1204974725842476e-09,364308.0954851525,10,0,momentum_only,0.022894371841652994,6050799.688818004,-0.911893558220349
2023-06-12 00:00:00+00:00,563198.8594455987,168806.33501802152,1.1204974725842476e-09,394392.52442757715,10,0,momentum_only,0.05643146615639316,6050799.688818004,-0.9069215825329003
2023-06-13 00:00:00+00:00,553619.8832400499,273245.1929591329,55361.98832400612,280374.69028091704,5,1,momentum_only,-0.017008159808736267,6050799.688818004,-0.9085046751319251
2023-06-14 00:00:00+00:00,552559.0960452657,217883.20463512788,1.1204974725842476e-09,334675.89141013776,6,0,momentum_only,-0.0019160930213995009,6050799.688818004,-0.9086799886853955
2023-06-15 00:00:00+00:00,553911.1236756316,390531.0818387314,110782.22473512744,163380.04183690023,3,2,momentum_only,0.0024468471156162686,6050799.688818004,-0.9084565425791122
2023-06-16 00:00:00+00:00,552306.4634500572,383408.2339909294,165691.93903501827,168898.2294591278,3,3,momentum_only,-0.002896963352037818,6050799.688818004,-0.9087217406203795
2023-06-17 00:00:00+00:00,547598.880295559,217716.29495591222,1.1059455573558807e-09,329882.5853396467,6,0,momentum_only,-0.008523498213458658,6050799.688818004,-0.9094997507011292
2023-06-18 00:00:00+00:00,534031.6884945642,217716.29495591222,1.1059455573558807e-09,316315.39353865193,6,0,momentum_only,-0.024775784409332813,6050799.688818004,-0.9117419653667489
2023-06-19 00:00:00+00:00,535508.8340052095,278067.328996681,53550.883400522056,257441.50500852847,5,1,momentum_only,0.0027660259540205345,6050799.688818004,-0.9114978413523025
2023-06-20 00:00:00+00:00,538648.0877181565,224516.44559616008,107729.61754363241,314131.64212199644,6,2,momentum_only,0.005862188471229768,6050799.688818004,-0.910979025018199
2023-06-21 00:00:00+00:00,552338.0406069364,212733.40657109482,165701.41218208204,339604.63403584156,6,3,momentum_only,0.02541539309417007,6050799.688818004,-0.9087165219454103
2023-06-22 00:00:00+00:00,559551.68059032,216636.01907136815,111910.33611806511,342915.6615189519,6,2,momentum_only,0.013060190414292183,6050799.688818004,-0.9075243423403385
2023-06-23 00:00:00+00:00,569428.865333156,104725.68295330415,56942.886533316705,464703.18237985176,8,1,momentum_only,0.01765196153537718,6050799.688818004,-0.9058919655883715
2023-06-24 00:00:00+00:00,564756.9714760267,47782.79641998854,47782.7964199885,516974.1750560382,9,1,momentum_only,-0.008204525870665003,6050799.688818004,-0.9066640773913391
2023-06-25 00:00:00+00:00,559641.8247746942,58546.2951078823,58546.29510788231,501095.5296668118,9,4,momentum_only,-0.009057252871024879,6050799.688818004,-0.9075094444443561
2023-06-26 00:00:00+00:00,557631.5335222632,110103.95125314777,110103.95125314777,447527.5822691154,11,3,momentum_only,-0.003592103312221706,6050799.688818004,-0.9078416800753168
2023-06-27 00:00:00+00:00,561578.7904807853,163346.96531957615,163346.96531957618,398231.8251612091,11,3,momentum_only,0.007078611450807681,6050799.688818004,-0.9071893271366107
2023-06-28 00:00:00+00:00,538741.3167018387,118592.82049978065,107748.26334036888,420148.4962020581,12,2,momentum_only,-0.04066655323537893,6050799.688818004,-0.9109636173054211
2023-06-29 00:00:00+00:00,542743.7376369267,80914.60986959859,80914.60986959859,461829.1277673281,13,3,momentum_only,0.007429207322710463,6050799.688818004,-0.9103021475591189
2023-06-30 00:00:00+00:00,563680.4806521033,37294.26804794336,37294.26804794337,526386.21260416,15,3,momentum_only,0.03857574314230483,6050799.688818004,-0.9068419862429431
2023-07-01 00:00:00+00:00,565292.2779298932,50316.78323983564,50316.78323983558,514975.49469005765,14,2,momentum_only,0.0028594165189563814,6050799.688818004,-0.906575608679533
2023-07-02 00:00:00+00:00,566264.2369429728,107804.09438851058,107804.0943885106,458460.14255446213,13,4,momentum_only,0.0017193919871660857,6050799.688818004,-0.9064149755296907
2023-07-03 00:00:00+00:00,564604.9151635771,167353.19079568313,167353.19079568313,397251.72436789394,14,5,momentum_only,-0.002930295913359582,6050799.688818004,-0.9066892073444477
2023-07-04 00:00:00+00:00,545118.1172743655,113274.91389359985,113274.91389359985,431843.2033807656,17,3,momentum_only,-0.034514042237067444,6050799.688818004,-0.9099097399833357
2023-07-05 00:00:00+00:00,540892.3199209432,86113.84378179845,86113.84378179845,454778.47613914474,17,2,momentum_only,-0.007752076512429262,6050799.688818004,-0.9106081265720095
2023-07-06 00:00:00+00:00,527390.1152303577,35334.606494839725,35334.60649483971,492055.50873551803,16,1,momentum_only,-0.02496283306917535,6050799.688818004,-0.9128396009861333
2023-07-07 00:00:00+00:00,536403.5080090126,43746.33888195181,43746.33888195176,492657.1691270608,15,2,momentum_only,0.017090560703280966,6050799.688818004,-0.9113499808958646
2023-07-08 00:00:00+00:00,532727.3803881919,101816.99398723862,101816.99398723857,430910.38640095334,13,5,momentum_only,-0.006853287806534825,6050799.688818004,-0.91195752499084
2023-07-09 00:00:00+00:00,530608.5462178765,156766.6490624434,156766.64906244335,373841.89715543314,13,4,momentum_only,-0.0039773329630090615,6050799.688818004,-0.9123076992288389
2023-07-10 00:00:00+00:00,527400.6877490722,109282.13277098784,105480.13754981563,418118.5549780844,14,2,momentum_only,-0.0060456215635228405,6050799.688818004,-0.9128378536933359
2023-07-11 00:00:00+00:00,525644.3380372664,90420.73216949296,90420.73216949293,435223.60586777347,14,4,momentum_only,-0.003330199889010066,6050799.688818004,-0.9131281210632922
2023-07-12 00:00:00+00:00,522586.57309288054,31326.174144447938,1.1823431123048067e-09,491260.3989484326,17,0,momentum_only,-0.005817174699918604,6050799.688818004,-0.9136334699595773
2023-07-13 00:00:00+00:00,547724.0015594003,74777.37803296967,74777.37803296966,472946.6235264307,15,2,momentum_only,0.04810194092386699,6050799.688818004,-0.9094790722337736
2023-07-14 00:00:00+00:00,539983.8308962237,113625.86499108818,113625.8649910882,426357.96590513544,12,5,momentum_only,-0.014131516313216186,6050799.688818004,-0.9107582702011894
2023-07-15 00:00:00+00:00,542413.0651564151,155704.3321504236,155704.3321504236,386708.73300599144,13,4,momentum_only,0.004498716667422409,6050799.688818004,-0.9103567969439139
2023-07-16 00:00:00+00:00,534552.6360723372,110828.85598323948,110828.85598323948,423723.7800890977,15,3,momentum_only,-0.014491592457883118,6050799.688818004,-0.911655869709222
2023-07-17 00:00:00+00:00,536318.0607084995,87827.68698323902,87827.68698323902,448490.37372526043,14,2,momentum_only,0.003302620765532005,6050799.688818004,-0.9113641025500108
2023-07-18 00:00:00+00:00,524339.9635425783,1.1859810911118984e-09,1.1932570487260818e-09,524339.9635425771,16,0,momentum_only,-0.022333943313595728,6050799.688818004,-0.9133436916592085
2023-07-19 00:00:00+00:00,533930.4251140078,67554.42946998123,67554.42946998123,466375.99564402655,14,3,momentum_only,0.01829054094338689,6050799.688818004,-0.9117587009034985
2023-07-20 00:00:00+00:00,540073.8757084288,115477.27111993213,115477.2711199321,424596.6045884967,12,4,momentum_only,0.011506088256928226,6050799.688818004,-0.9107433887281882
2023-07-21 00:00:00+00:00,541060.7238719794,149784.5507384047,149784.55073840468,391276.17313357466,12,3,momentum_only,0.001827246619281686,6050799.688818004,-0.9105802948869932
2023-07-22 00:00:00+00:00,532244.5166978645,112225.10796773608,112225.10796773608,420019.40873012843,12,4,momentum_only,-0.01629430262655862,6050799.688818004,-0.9120373266228822
2023-07-23 00:00:00+00:00,532538.1122674712,88431.49615330447,88431.49615330441,444106.61611416674,14,2,momentum_only,0.0005516178380344794,6050799.688818004,-0.9119888048431661
2023-07-24 00:00:00+00:00,506901.5524594312,1.2078089639544487e-09,1.1641532182693481e-09,506901.55245942995,16,0,momentum_only,-0.04814032877174401,6050799.688818004,-0.9162256927136102
2023-07-25 00:00:00+00:00,504252.3284721216,69360.74156179288,69360.74156179285,434891.58691032877,13,5,momentum_only,-0.005226308687467651,6050799.688818004,-0.9166635231035677
2023-07-26 00:00:00+00:00,512228.5207317801,112511.05240995673,112511.05240995673,399717.46832182334,14,3,momentum_only,0.01581785905446642,6050799.688818004,-0.9153453184579241
2023-07-27 00:00:00+00:00,510516.09096026135,135565.12478476332,51051.6090960273,374950.96617549803,14,1,momentum_only,-0.0033430972743812015,6050799.688818004,-0.915628327293051
2023-07-28 00:00:00+00:00,514848.5397523595,192137.0727274227,192137.0727274227,322711.4670249368,11,4,momentum_only,0.008486409868000422,6050799.688818004,-0.9149123146972111
2023-07-29 00:00:00+00:00,523295.45155061805,87153.32490423947,87153.32490423945,436142.1266463786,13,2,momentum_only,0.01640659562193081,6050799.688818004,-0.9135163154520421
2023-07-30 00:00:00+00:00,516200.91552372597,1.1714291758835316e-09,1.1568772606551647e-09,516200.9155237248,15,0,momentum_only,-0.013557419629522283,6050799.688818004,-0.914688811054566
2023-07-31 00:00:00+00:00,507615.3335572513,71039.85195983096,71039.85195983096,436575.48159742035,10,5,momentum_only,-0.016632248623123624,6050799.688818004,-0.9161077279594407
2023-08-01 00:00:00+00:00,509702.3427354657,107669.3466294527,101940.46854709431,402032.99610601296,12,2,momentum_only,0.004111399006781591,6050799.688818004,-0.9157628133554966
2023-08-02 00:00:00+00:00,495358.878079993,53511.61164400778,53511.61164400778,441847.2664359852,13,2,momentum_only,-0.028140864682893785,6050799.688818004,-0.9181333206261272
2023-08-03 00:00:00+00:00,491837.2431650635,191780.56835051475,98367.44863301388,300056.67481454875,11,2,momentum_only,-0.0071092597120280265,6050799.688818004,-0.9187153321115573
2023-08-04 00:00:00+00:00,493056.7689893121,173623.3052139288,1.1641532182693481e-09,319433.4637753833,11,0,momentum_only,0.0024795312701428873,6050799.688818004,-0.9185137842357448
2023-08-05 00:00:00+00:00,492668.64536983985,173623.3052139288,98533.72907396912,319045.34015591105,11,2,momentum_only,-0.0007871783613636607,6050799.688818004,-0.9185779284215438
2023-08-06 00:00:00+00:00,499021.6358517418,148340.86611071904,148340.86611071904,350680.7697410228,8,5,momentum_only,0.012895057441970614,6050799.688818004,-0.9175279861314953
2023-08-07 00:00:00+00:00,480467.63953566586,98254.28466984078,98254.28466984077,382213.3548658251,11,3,momentum_only,-0.03718074524846515,6050799.688818004,-0.9205943570692682
2023-08-08 00:00:00+00:00,478112.79908855545,46507.568689091786,46507.56868909177,431605.2303994637,12,2,momentum_only,-0.004901142664646807,6050799.688818004,-0.9209835354536496
2023-08-09 00:00:00+00:00,477241.87345315784,96950.80140299114,96950.80140299111,380291.0720501667,12,3,momentum_only,-0.0018215902963858444,6050799.688818004,-0.9211274710787221
2023-08-10 00:00:00+00:00,479525.14396358136,1.1859810911118984e-09,1.1641532182693481e-09,479525.1439635802,15,0,momentum_only,0.004784304641800574,6050799.688818004,-0.9207501208724934
2023-08-11 00:00:00+00:00,484711.5735486673,87257.68354885944,87257.68354885944,397453.88999980787,13,4,momentum_only,0.010815761488994768,6050799.688818004,-0.9198929730818186
2023-08-12 00:00:00+00:00,479802.38458068285,156200.2269569356,95960.47691613773,323602.15762374725,12,2,momentum_only,-0.010128062204175059,6050799.688818004,-0.9207043020334374
2023-08-13 00:00:00+00:00,471858.43156267144,158819.9973289161,158819.9973289161,313038.43423375534,11,4,momentum_only,-0.01655671850183471,6050799.688818004,-0.9220171785830764
2023-08-14 00:00:00+00:00,477398.1917917808,43711.19092261025,43711.19092261023,433687.0008691706,13,3,momentum_only,0.011740301451778956,6050799.688818004,-0.9211016367515814
2023-08-15 00:00:00+00:00,451943.5856495334,96362.6378167101,96362.6378167101,355580.94783282327,13,3,momentum_only,-0.053319443977595915,6050799.688818004,-0.9253084536107296
2023-08-16 00:00:00+00:00,430688.12719108554,1.1386873666197062e-09,1.1568772606551647e-09,430688.1271910844,16,0,momentum_only,-0.04703122056240594,6050799.688818004,-0.9288212882031105
2023-08-17 00:00:00+00:00,403629.23623923503,69589.07074548933,69589.07074548931,334040.1654937457,12,2,momentum_only,-0.06282711141429997,6050799.688818004,-0.9332932410595
2023-08-18 00:00:00+00:00,422405.4696780989,74506.1606261794,74506.16062617936,347899.30905191955,12,2,momentum_only,0.04651851687902764,6050799.688818004,-0.9301901415677811
2023-08-19 00:00:00+00:00,420467.3300536364,129960.39815699036,42046.73300536478,290506.93189664604,10,1,momentum_only,-0.0045883393175271125,6050799.688818004,-0.9305104528859767
2023-08-20 00:00:00+00:00,415582.9707501675,133888.86819963003,133888.86819963006,281694.10255053744,8,4,momentum_only,-0.011616501341128793,6050799.688818004,-0.9313176783032211
2023-08-21 00:00:00+00:00,426129.1019099037,94046.6235847852,94046.62358478521,332082.4783251185,9,3,momentum_only,0.02537671632862959,6050799.688818004,-0.9295747465087303
2023-08-22 00:00:00+00:00,417227.70831165684,1.1496013030409813e-09,1.1714291758835316e-09,417227.7083116557,12,0,momentum_only,-0.020888959609543067,6050799.688818004,-0.9310458567844013
2023-08-23 00:00:00+00:00,431978.33523754636,73937.4951262441,73937.4951262441,358040.84011130227,10,4,momentum_only,0.03535390059682042,6050799.688818004,-0.9286080588594181
2023-08-24 00:00:00+00:00,421457.70864451997,82645.85759025432,82645.85759025432,338811.85105426563,12,2,momentum_only,-0.02435452367591784,6050799.688818004,-0.9303467755801961
2023-08-25 00:00:00+00:00,411909.6767738898,45018.70120560113,41190.96767739016,366890.9755682887,13,1,momentum_only,-0.022654780479252068,6050799.688818004,-0.9319247540890988
2023-08-26 00:00:00+00:00,407927.21634442353,138489.60961712006,138489.60961712006,269437.6067273035,10,4,momentum_only,-0.009668285680145328,6050799.688818004,-0.9325829250143116
2023-08-27 00:00:00+00:00,416408.3163376875,76845.6799264645,76845.67992646451,339562.636411223,11,3,momentum_only,0.020790718671007014,6050799.688818004,-0.9311812755746619
2023-08-28 00:00:00+00:00,420842.66861709167,1.1496013030409813e-09,1.1568772606551647e-09,420842.6686170905,14,0,momentum_only,0.010649048314895104,6050799.688818004,-0.9304484216532871
2023-08-29 00:00:00+00:00,434356.47842280887,87236.41822518116,86871.29568456294,347120.0601976277,10,2,momentum_only,0.03211131098023934,6050799.688818004,-0.9282150292918293
2023-08-30 00:00:00+00:00,431692.99704563717,82215.68115352985,82215.68115352985,349477.3158921073,10,3,momentum_only,-0.006132017155224823,6050799.688818004,-0.9286552159636992
2023-08-31 00:00:00+00:00,432476.49964775384,46402.64316983848,43247.64996477655,386073.85647791537,12,1,momentum_only,0.0018149532363942456,6050799.688818004,-0.9285257285170125
2023-09-01 00:00:00+00:00,437209.30301758647,141494.40238513978,141494.40238513978,295714.9006324467,9,4,momentum_only,0.010943492591360293,6050799.688818004,-0.9277435503565656
2023-09-02 00:00:00+00:00,422141.70546707354,75400.24076050128,42214.17054670853,346741.46470657224,10,1,momentum_only,-0.03446312200247681,6050799.688818004,-0.9302337331960931
2023-09-03 00:00:00+00:00,430940.3065134928,33186.07021379393,33186.07021379393,397754.2362996988,11,1,momentum_only,0.020842766617158004,6050799.688818004,-0.9287796111793489
2023-09-04 00:00:00+00:00,426523.02561711957,75667.8798307206,75667.8798307206,350855.14578639896,10,2,momentum_only,-0.010250331263072288,6050799.688818004,-0.9295096437574454
2023-09-05 00:00:00+00:00,425916.2467883837,94928.24045407685,94928.24045407685,330988.00633430685,9,4,momentum_only,-0.001422616816191713,6050799.688818004,-0.9296099245236153
2023-09-06 00:00:00+00:00,435181.1356653466,46420.49934228666,46420.49934228667,388760.6363230599,12,4,momentum_only,0.021752842129936667,6050799.688818004,-0.9280787403242633
2023-09-07 00:00:00+00:00,433009.5771284618,142150.83169524875,142150.83169524872,290858.7454332131,12,5,momentum_only,-0.00499001073096772,6050799.688818004,-0.92843762818183
2023-09-08 00:00:00+00:00,414823.2090763164,43382.7244782932,43382.72447829321,371440.4845980232,16,4,momentum_only,-0.04199992104735828,6050799.688818004,-0.9314432421481548
2023-09-09 00:00:00+00:00,403824.8464056654,23485.241772986272,23485.24177298625,380339.60463267914,19,2,momentum_only,-0.02651337348057492,6050799.688818004,-0.9332609130736981
2023-09-10 00:00:00+00:00,387162.01695214375,68258.47262187241,38716.201695215525,318903.5443302713,19,1,momentum_only,-0.04126251666244152,6050799.688818004,-0.9360147357600308
2023-09-11 00:00:00+00:00,376538.5536933242,115055.2530941731,112961.56610799841,261483.3005991511,16,3,momentum_only,-0.027439322024538026,6050799.688818004,-0.9377704480303364
2023-09-12 00:00:00+00:00,377752.096748415,43938.20979586488,43938.20979586488,333813.8869525501,15,2,momentum_only,0.0032228919009422707,6050799.688818004,-0.9375698889112941
2023-09-13 00:00:00+00:00,390540.9298951958,118191.46079836466,118191.46079836466,272349.46909683116,12,6,momentum_only,0.03385509506595352,6050799.688818004,-0.935456311565408
2023-09-14 00:00:00+00:00,394044.31629579724,49171.996801937596,49171.99680193758,344872.31949385966,14,3,momentum_only,0.00897059983326609,6050799.688818004,-0.9348773159646983
2023-09-15 00:00:00+00:00,421830.2613088791,21999.60403388832,1.1386873666197062e-09,399830.6572749908,15,0,momentum_only,0.0705147717248733,6050799.688818004,-0.9302852047658379
2023-09-16 00:00:00+00:00,424280.5978816617,63429.16716241576,63429.16716241575,360851.430719246,14,3,momentum_only,0.005808821219178473,6050799.688818004,-0.9298802439839909
2023-09-17 00:00:00+00:00,374860.15685333963,104207.80678771672,74972.03137066908,270652.35006562294,14,2,momentum_only,-0.11648055856211037,6050799.688818004,-0.9380478323309747
2023-09-18 00:00:00+00:00,383398.0211695879,74241.99786658415,38339.802116959945,309156.02330300375,14,1,momentum_only,0.022776131739145056,6050799.688818004,-0.9366368015986193
2023-09-19 00:00:00+00:00,397286.0858769516,163702.5530668653,158914.43435078178,233583.53281008624,9,4,momentum_only,0.03622362125134848,6050799.688818004,-0.9343415570984536
2023-09-20 00:00:00+00:00,392282.4078168994,53281.18087608225,53281.180876082246,339001.22694081714,10,3,momentum_only,-0.012594647126911718,6050799.688818004,-0.9351685020177011
2023-09-21 00:00:00+00:00,374730.7609780384,1.1241354513913393e-09,1.1241354513913393e-09,374730.7609780373,13,0,momentum_only,-0.044742375617958796,6050799.688818004,-0.9380692172523
2023-09-22 00:00:00+00:00,382014.0136965985,62384.02581840963,62384.02581840964,319629.98787818884,10,5,momentum_only,0.019435961701011584,6050799.688818004,-0.9368655329307021
2023-09-23 00:00:00+00:00,371605.1595451608,75894.94133872142,74321.03190903328,295710.21820643934,13,2,momentum_only,-0.027247309727502778,6050799.688818004,-0.93858577730942
2023-09-24 00:00:00+00:00,361341.1037155892,35119.02178486011,35119.02178486011,326222.0819307291,14,1,momentum_only,-0.027620864689108737,6050799.688818004,-0.9402820912443434
2023-09-25 00:00:00+00:00,372533.9548511842,147442.9107724869,147442.91077248688,225091.0440786973,11,4,momentum_only,0.0309758591549687,6050799.688818004,-0.9384322777136989
2023-09-26 00:00:00+00:00,384676.03861537605,48418.55460995899,48418.55460995899,336257.48400541703,12,2,momentum_only,0.03259322702286882,6050799.688818004,-0.9364255869639405
2023-09-27 00:00:00+00:00,395502.91831999307,1.1059455573558807e-09,1.1059455573558807e-09,395502.91831999196,14,0,momentum_only,0.028145448683489338,6050799.688818004,-0.9346362565842511
2023-09-28 00:00:00+00:00,388913.5836070545,64066.854767623416,64066.854767623416,324846.7288394311,9,4,momentum_only,-0.016660647514128546,6050799.688818004,-0.9357252588735049
2023-09-29 00:00:00+00:00,390484.76859836065,90414.7505339103,90414.7505339103,300070.01806445036,11,3,momentum_only,0.004039933439027532,6050799.688818004,-0.9354655931975431
2023-09-30 00:00:00+00:00,389716.7068345061,35530.83257974481,35530.832579744805,354185.8742547613,13,4,momentum_only,-0.0019669442334754317,6050799.688818004,-0.9355925287768639
2023-10-01 00:00:00+00:00,406566.08601513074,146718.3583296463,146718.3583296463,259847.72768548442,13,4,momentum_only,0.04323494190814792,6050799.688818004,-0.9328078755000809
2023-10-02 00:00:00+00:00,391909.8998679614,55307.1691508424,55307.1691508424,336602.730717119,15,2,momentum_only,-0.03604871791156694,6050799.688818004,-0.9352300654420574
2023-10-03 00:00:00+00:00,374522.86965101806,1.0841176845133305e-09,1.0877556633204222e-09,374522.86965101695,17,0,momentum_only,-0.04436486606437151,6050799.688818004,-0.9381035749137187
2023-10-04 00:00:00+00:00,376314.66675385775,61552.84350514087,61552.84350514085,314761.8232487169,13,3,momentum_only,0.0047842127892196995,6050799.688818004,-0.9378074492452139
2023-10-05 00:00:00+00:00,371173.0856573411,85457.59826392044,85457.59826392044,285715.48739342066,13,5,momentum_only,-0.013662983536806061,6050799.688818004,-0.9386571850422885
2023-10-06 00:00:00+00:00,375538.8307508415,32679.98698946292,32679.986989462923,342858.84376137855,14,3,momentum_only,0.01176201955960443,6050799.688818004,-0.9379356696529147
2023-10-07 00:00:00+00:00,374649.1932196,141409.44440161844,141409.44440161838,233239.7488179816,13,4,momentum_only,-0.002368962829922938,6050799.688818004,-0.938082697744571
2023-10-08 00:00:00+00:00,372592.6975394044,52011.19885794964,52011.19885794964,320581.49868145474,15,2,momentum_only,-0.005489123471807966,6050799.688818004,-0.9384225694616923
2023-10-09 00:00:00+00:00,370091.0203957701,1.0732037480920553e-09,1.076841726899147e-09,370091.02039576904,17,0,momentum_only,-0.006714240939651561,6050799.688818004,-0.9388360151667712
2023-10-10 00:00:00+00:00,363361.74572140176,59672.578787524864,59672.578787524864,303689.16693387687,14,3,momentum_only,-0.018182755872250378,6050799.688818004,-0.9399481449711677
2023-10-11 00:00:00+00:00,363308.8264904374,89459.80718856658,89459.80718856658,273849.0193018708,12,4,momentum_only,-0.00014563787076515844,6050799.688818004,-0.9399568907954697
2023-10-12 00:00:00+00:00,369704.07036017696,30278.424113571346,30278.42411357134,339425.6462466056,13,2,momentum_only,0.01760277594001125,6050799.688818004,-0.9388999653974007
2023-10-13 00:00:00+00:00,367943.04192552256,134224.11488749756,73588.60838510559,233718.927038025,11,2,momentum_only,-0.004763346080931097,6050799.688818004,-0.9391910060077697
2023-10-14 00:00:00+00:00,386887.8363510768,110187.99282193359,110187.99282193359,276699.8435291432,11,3,momentum_only,0.051488388872397595,6050799.688818004,-0.9360600488781585
2023-10-15 00:00:00+00:00,393074.2250884892,1.0622898116707802e-09,1.076841726899147e-09,393074.22508848814,14,0,momentum_only,0.015990135011116235,6050799.688818004,-0.9350376404271161
2023-10-16 00:00:00+00:00,391100.23407214996,63282.43918109605,63282.43918109604,327817.7948910539,11,3,momentum_only,-0.0050219294228586175,6050799.688818004,-0.9353638768120335
2023-10-17 00:00:00+00:00,381640.2262034784,111781.52333383911,111781.52333383907,269858.7028696393,10,5,momentum_only,-0.024188192807182984,6050799.688818004,-0.9369273078220128
2023-10-18 00:00:00+00:00,359149.0087093145,31664.52067504532,31664.520675045325,327484.4880342692,13,3,momentum_only,-0.05893303679725914,6050799.688818004,-0.9406443731110403
2023-10-19 00:00:00+00:00,353959.2428709975,81198.40446091893,70791.84857420059,272760.8384100786,14,2,momentum_only,-0.014450174474844313,6050799.688818004,-0.9415020722756496
2023-10-20 00:00:00+00:00,361628.7101738903,99026.90602340508,99026.90602340508,262601.8041504852,13,3,momentum_only,0.021667656537755597,6050799.688818004,-0.9402345592695479
2023-10-21 00:00:00+00:00,362835.2755524667,1.0586518328636885e-09,1.076841726899147e-09,362835.27555246564,16,0,momentum_only,0.0033364756299250065,6050799.688818004,-0.940035153333039
2023-10-22 00:00:00+00:00,363826.76764937403,52283.39845373911,52283.39845373911,311543.3691956349,13,6,momentum_only,0.0027326232142055318,6050799.688818004,-0.9398712920010006
2023-10-23 00:00:00+00:00,392984.8361864687,98102.88390014097,98102.88390014094,294881.9522863278,14,3,momentum_only,0.08014272486183538,6050799.688818004,-0.9350524134995392
2023-10-24 00:00:00+00:00,390691.1642005892,38473.243783094105,38473.243783094105,352217.9204174951,14,3,momentum_only,-0.005836540687262581,6050799.688818004,-0.9354314827306887
2023-10-25 00:00:00+00:00,394693.5285822252,89900.85292486683,89900.85292486683,304792.67565735837,15,3,momentum_only,0.010244317630846433,6050799.688818004,-0.9347700223308291
2023-10-26 00:00:00+00:00,399835.3945720613,104703.32617277902,104703.32617277902,295132.0683992823,15,3,momentum_only,0.013027489982686546,6050799.688818004,-0.933920239450173
2023-10-27 00:00:00+00:00,391576.55749261973,1.0695657692849636e-09,1.0841176845133305e-09,391576.5574926187,18,0,momentum_only,-0.020655592755316032,6050799.688818004,-0.9352851560734591
2023-10-28 00:00:00+00:00,399811.5888376265,57152.98613901113,57152.98613901113,342658.60269861534,12,4,momentum_only,0.021030450335786544,6050799.688818004,-0.9339241737622738
2023-10-29 00:00:00+00:00,407688.2086958418,111221.50237668864,111221.50237668864,296466.70631915313,13,4,momentum_only,0.019700829285901778,6050799.688818004,-0.9326224251896393
2023-10-30 00:00:00+00:00,415865.35785901174,36495.61346248827,36495.61346248827,379369.74439652346,14,1,momentum_only,0.020057359984307466,6050799.688818004,-0.9312710089167984
2023-10-31 00:00:00+00:00,422736.92676542106,95720.10945410971,95720.10945410968,327016.8173113114,12,3,momentum_only,0.01652354247967658,6050799.688818004,-0.9301353625130497
2023-11-01 00:00:00+00:00,434091.27300013235,118255.5485551104,118255.5485551104,315835.72444502194,12,3,momentum_only,0.026859130385389562,6050799.688818004,-0.9282588591054598
2023-11-02 00:00:00+00:00,415528.3276742976,1.076841726899147e-09,1.0841176845133305e-09,415528.3276742965,15,0,momentum_only,-0.0427627701371206,6050799.688818004,-0.9313267090229078
2023-11-03 00:00:00+00:00,427618.71858063963,60735.07724319249,60735.07724319246,366883.64133744716,11,4,momentum_only,0.02909643001720652,6050799.688818004,-0.9293285614179416
2023-11-04 00:00:00+00:00,458711.24076980643,107599.04856347828,91742.24815396237,351112.19220632815,11,2,momentum_only,0.07271085394102883,6050799.688818004,-0.9241899807693992
2023-11-05 00:00:00+00:00,456356.87613607245,60022.300894103675,60022.30089410365,396334.5752419688,12,3,momentum_only,-0.005132563635857124,6050799.688818004,-0.9245790805173357
2023-11-06 00:00:00+00:00,464895.6362920662,123282.83684354284,123282.83684354284,341612.7994485233,12,3,momentum_only,0.01871070778705164,6050799.688818004,-0.9231679017318649
2023-11-07 00:00:00+00:00,458565.37703563663,117925.75683866267,117925.75683866267,340639.62019697396,12,3,momentum_only,-0.013616516831430614,6050799.688818004,-0.9242140872911271
2023-11-08 00:00:00+00:00,478310.5970746921,1.0841176845133305e-09,1.0913936421275139e-09,478310.597074691,15,0,momentum_only,0.043058680458383014,6050799.688818004,-0.9209508458925488
2023-11-09 00:00:00+00:00,507659.9293332554,62205.90385843936,62205.90385843936,445454.02547481604,11,5,momentum_only,0.061360405640312754,6050799.688818004,-0.916100357730992
2023-11-10 00:00:00+00:00,529476.1300210734,95843.6991044091,95843.6991044091,433632.43091666425,14,3,momentum_only,0.04297404507870195,6050799.688818004,-0.9124948507220367
2023-11-11 00:00:00+00:00,485426.6270974362,72863.57546329345,72863.57546329345,412563.05163414276,14,4,momentum_only,-0.08319450193511835,6050799.688818004,-0.919774798032975
2023-11-12 00:00:00+00:00,484841.03770325356,134263.71409757657,134263.71409757657,350577.323605677,15,3,momentum_only,-0.0012063396639038215,6050799.688818004,-0.9198715768761525
2023-11-13 00:00:00+00:00,453959.4533314039,119780.19427426977,119780.1942742698,334179.2590571341,15,3,momentum_only,-0.06369424609381091,6050799.688818004,-0.9249752963777119
2023-11-14 00:00:00+00:00,469772.77505750186,1.0841176845133305e-09,1.1204974725842476e-09,469772.77505750075,18,0,momentum_only,0.03483421616193061,6050799.688818004,-0.9223618696342484
2023-11-15 00:00:00+00:00,499518.48529122735,62463.02795220158,62463.02795220155,437055.4573390258,13,5,momentum_only,0.06331935738524752,6050799.688818004,-0.9174458731108969
2023-11-16 00:00:00+00:00,479675.8176085714,89540.42092660957,47967.58176085826,390135.39668196184,15,1,momentum_only,-0.039723590351390836,6050799.688818004,-0.9207252194292563
2023-11-17 00:00:00+00:00,478654.0741404825,110034.72405499226,110034.72405499227,368619.35008549027,12,3,momentum_only,-0.002130070832385811,6050799.688818004,-0.9208940803270939
2023-11-18 00:00:00+00:00,467124.6127451084,143565.12674719695,140137.38382353363,323559.4859979114,12,3,momentum_only,-0.02408725218954333,6050799.688818004,-0.9227995245639409
2023-11-19 00:00:00+00:00,478217.055828898,114796.68565772907,95643.41116578072,363420.3701711689,12,2,momentum_only,0.023746218420398923,6050799.688818004,-0.9209663052120776
2023-11-20 00:00:00+00:00,463191.54166060436,19153.27449194945,19153.27449194945,444038.2671686549,14,3,momentum_only,-0.03141986256063112,6050799.688818004,-0.923449533039973
2023-11-21 00:00:00+00:00,427861.36658103694,58356.04339102399,58356.043391023995,369505.32319001295,12,6,momentum_only,-0.07627551866103588,6050799.688818004,-0.9292884596110935
2023-11-22 00:00:00+00:00,462886.6920667938,47606.90780044673,47606.90780044672,415279.78426634707,17,3,momentum_only,0.08186138834089629,6050799.688818004,-0.9234999147431343
2023-11-23 00:00:00+00:00,460006.8426945878,104149.60888975931,92001.36853891869,355857.23380482843,17,2,momentum_only,-0.006221499605762015,6050799.688818004,-0.9239758599934006
2023-11-24 00:00:00+00:00,464432.64712450583,147992.88284015717,92886.5294249023,316439.76428434864,16,2,momentum_only,0.009621170859096306,6050799.688818004,-0.9232444187529812
2023-11-25 00:00:00+00:00,469428.98331034486,142918.5767423962,93885.7966620701,326510.40656794864,16,2,momentum_only,0.01075793490568211,6050799.688818004,-0.9224186872062781
2023-11-26 00:00:00+00:00,461746.4850866257,68566.62782337485,68566.6278233748,393179.85726325086,15,3,momentum_only,-0.016365623974777477,6050799.688818004,-0.9236883537989298
2023-11-27 00:00:00+00:00,450524.1447796745,68774.5936301472,68774.59363014717,381749.5511495273,12,5,momentum_only,-0.02430411636992935,6050799.688818004,-0.9255430409285814
2023-11-28 00:00:00+00:00,464009.325445968,46936.60335504652,46936.60335504652,417072.7220909215,14,3,momentum_only,0.02993220412834563,6050799.688818004,-0.9233143800308798
2023-11-29 00:00:00+00:00,453316.6609054917,87737.43656056035,45331.666090550294,365579.2243449313,15,1,momentum_only,-0.0230440725091019,6050799.688818004,-0.9250815290178537
2023-11-30 00:00:00+00:00,456976.1209207672,134478.01028643784,134478.01028643784,322498.1106343294,14,3,momentum_only,0.008072635159638297,6050799.688818004,-0.9244767395348968
2023-12-01 00:00:00+00:00,467411.5472736608,85003.61867140993,46741.15472736721,382407.9286022509,15,1,momentum_only,0.02283582418238206,6050799.688818004,-0.9227521036372355
2023-12-02 00:00:00+00:00,490504.37290052406,110018.16875015429,110018.16875015426,380486.2041503698,13,3,momentum_only,0.04940576620659076,6050799.688818004,-0.9189356121295859
2023-12-03 00:00:00+00:00,490937.3596721544,82981.96261283805,82981.962612838,407955.3970593164,11,5,momentum_only,0.0008827378420093179,6050799.688818004,-0.9188640535267733
2023-12-04 00:00:00+00:00,514279.51849575137,46935.37674824422,46935.37674824422,467344.14174750715,13,4,momentum_only,0.0475461041286096,6050799.688818004,-0.9150063553671839
2023-12-05 00:00:00+00:00,521481.5243620867,67208.54086777527,67208.54086777527,454272.98349431145,16,3,momentum_only,0.014004069007844233,6050799.688818004,-0.9138160985025178
2023-12-06 00:00:00+00:00,501717.99838050944,149592.73474966298,149592.73474966298,352125.26363084646,16,3,momentum_only,-0.03789880380854038,6050799.688818004,-0.9170823652768254
2023-12-07 00:00:00+00:00,498134.7263035175,44949.7416839387,44949.7416839387,453184.9846195788,18,2,momentum_only,-0.007142004250511924,6050799.688818004,-0.9176745633764608
2023-12-08 00:00:00+00:00,519261.74434090004,114234.55357945584,103852.34886818114,405027.1907614442,17,2,momentum_only,0.042412257009581955,6050799.688818004,-0.9141829557999572
2023-12-09 00:00:00+00:00,521238.9365603791,96228.64177000368,96228.6417700037,425010.2947903754,14,4,momentum_only,0.003807698604850529,6050799.688818004,-0.9138561903604843
2023-12-10 00:00:00+00:00,542623.6783312334,46494.05192276106,46494.05192276105,496129.62640847237,14,3,momentum_only,0.04102675427889335,6050799.688818004,-0.9103219894497561
2023-12-11 00:00:00+00:00,510831.6573263854,62310.981168599734,62310.98116859973,448520.67615778564,14,2,momentum_only,-0.05858944656197118,6050799.688818004,-0.9155761744566735
2023-12-12 00:00:00+00:00,515171.04905335675,154057.09667006033,154057.09667006033,361113.9523832964,13,5,momentum_only,0.008494758820710269,6050799.688818004,-0.9148590144199612
2023-12-13 00:00:00+00:00,538153.4271861378,46460.96893527695,46460.968935276906,491692.45825086086,16,3,momentum_only,0.04461116007006183,6050799.688818004,-0.9110607762837273
2023-12-14 00:00:00+00:00,563782.6221554391,115850.90502224267,56378.262215545066,447931.7171331964,17,1,momentum_only,0.047624327328564364,6050799.688818004,-0.9068251055811151
2023-12-15 00:00:00+00:00,539232.8924875595,158974.6024323948,107846.57849751305,380258.2900551647,14,2,momentum_only,-0.04354467254421879,6050799.688818004,-0.9108823758479276
2023-12-16 00:00:00+00:00,550412.6365614657,91901.8927561185,91901.89275611844,458510.74380534724,13,3,momentum_only,0.020732681981495027,6050799.688818004,-0.9090347284874363
2023-12-17 00:00:00+00:00,526536.2260649573,75937.35409163071,75937.3540916307,450598.8719733266,14,2,momentum_only,-0.04337911034468411,6050799.688818004,-0.912980721037914
2023-12-18 00:00:00+00:00,547938.1567874681,162935.00412295593,162935.00412295593,385003.15266451216,11,3,momentum_only,0.040646644358085515,6050799.688818004,-0.909443679353645
2023-12-19 00:00:00+00:00,537670.7152066714,42740.02863617498,42740.02863617498,494930.68657049636,11,2,momentum_only,-0.018738321932157742,6050799.688818004,-0.9111405528429082
2023-12-20 00:00:00+00:00,567378.507949392,56838.85723061368,56838.85723061365,510539.6507187783,12,3,momentum_only,0.05525276326664241,6050799.688818004,-0.9062308228451326
2023-12-21 00:00:00+00:00,583769.1192434558,110115.15396333407,110115.15396333407,473653.9652801217,13,2,momentum_only,0.028888318934219948,6050799.688818004,-0.9035219889492834
2023-12-22 00:00:00+00:00,571391.556365422,101122.93163052342,101122.93163052341,470268.62473489856,12,4,momentum_only,-0.02120283939320866,6050799.688818004,-0.9055675967225679
2023-12-23 00:00:00+00:00,587983.2457281457,84898.09396930129,58798.324572815705,503085.15175884444,14,1,momentum_only,0.029037337317797007,6050799.688818004,-0.902825531174871
2023-12-24 00:00:00+00:00,586509.1914286482,186988.7166112733,117301.83828573077,399520.4748173749,12,2,momentum_only,-0.002506966499822738,6050799.688818004,-0.9030691443128536
2023-12-25 00:00:00+00:00,599025.9773051406,119492.49338418241,59902.5977305152,479533.4839209582,12,1,momentum_only,0.021341158944164773,6050799.688818004,-0.9010005275150403
2023-12-26 00:00:00+00:00,584957.1271057827,129873.98643012752,129873.98643012752,455083.1406756552,10,4,momentum_only,-0.0234862105023389,6050799.688818004,-0.9033256499654426
2023-12-27 00:00:00+00:00,579518.6242831977,125723.08753638428,125723.0875363843,453795.5367468134,12,3,momentum_only,-0.009297267390335762,6050799.688818004,-0.9042244572475008
2023-12-28 00:00:00+00:00,556154.5937080242,110843.58669776554,110843.58669776548,445311.00701025873,11,4,momentum_only,-0.04031627215444933,6050799.688818004,-0.9080857700948506
2023-12-29 00:00:00+00:00,572986.3238465106,49425.600658405,49425.600658405,523560.72318810556,14,2,momentum_only,0.030264481007456823,6050799.688818004,-0.9053040336295712
2023-12-30 00:00:00+00:00,587037.2899406183,107715.89592051049,58703.72899406297,479321.39402010787,14,1,momentum_only,0.024522341126367975,6050799.688818004,-0.9029818668389444
2023-12-31 00:00:00+00:00,578740.868016663,134727.232283009,134727.232283009,444013.63573365397,14,4,momentum_only,-0.014132700027956524,6050799.688818004,-0.904352995012182
2024-01-01 00:00:00+00:00,607250.224888257,112665.11182447246,60725.022488826835,494585.1130637845,14,1,momentum_only,0.04926100513567522,6050799.688818004,-0.8996413274082652
2024-01-02 00:00:00+00:00,599764.8191842982,165277.8621240829,165277.8621240829,434486.95706021524,12,4,momentum_only,-0.012326723642360538,6050799.688818004,-0.9008784210304176
2024-01-03 00:00:00+00:00,583868.1765026832,124856.95001273486,116773.63530053778,459011.2264899483,12,2,momentum_only,-0.02650479350095092,6050799.688818004,-0.9035056180124946
2024-01-04 00:00:00+00:00,602165.7794880156,65722.1286764933,65722.1286764933,536443.6508115223,12,2,momentum_only,0.03133858586870297,6050799.688818004,-0.9004816205367318
2024-01-05 00:00:00+00:00,578526.0097701492,59398.71623664317,59398.71623664315,519127.2935335061,13,3,momentum_only,-0.03925790957095865,6050799.688818004,-0.904388504078349
2024-01-06 00:00:00+00:00,545515.1671430516,122661.86682312487,109103.03342861147,422853.30031992676,12,2,momentum_only,-0.057060256703433176,6050799.688818004,-0.9098441205794378
2024-01-07 00:00:00+00:00,536446.752356977,69042.06207641844,69042.06207641843,467404.69028055854,13,2,momentum_only,-0.01662357956712257,6050799.688818004,-0.9113428340144294
2024-01-08 00:00:00+00:00,574503.5463247832,150630.51312464924,114900.70926495778,423873.03320013406,11,2,momentum_only,0.07094235131557203,6050799.688818004,-0.9050532861984381
2024-01-09 00:00:00+00:00,551396.8763048846,148383.4790478478,148383.4790478478,403013.39725703676,11,4,momentum_only,-0.04022023913989181,6050799.688818004,-0.9088720657330838
2024-01-10 00:00:00+00:00,589143.0797222389,55101.68247209142,55101.6824720914,534041.3972501475,13,3,momentum_only,0.06845559893321429,6050799.688818004,-0.9026338484132954
2024-01-11 00:00:00+00:00,591842.8547680542,58534.45871933029,58534.458719330265,533308.396048724,13,6,momentum_only,0.004582545630660961,6050799.688818004,-0.9021876635807674
2024-01-12 00:00:00+00:00,573470.7805877829,124955.30284467374,114694.15611755771,448515.4777431091,17,2,momentum_only,-0.031042149165544042,6050799.688818004,-0.9052239687181236
2024-01-13 00:00:00+00:00,590498.5764514024,73108.15877092085,1.1350493878126144e-09,517390.41768048157,17,0,momentum_only,0.029692525652600388,6050799.688818004,-0.9024098289780349
2024-01-14 00:00:00+00:00,573917.2290643222,198572.50359564854,114783.44581286558,375344.7254686736,15,2,momentum_only,-0.02808024955237942,6050799.688818004,-0.905150185334191
2024-01-15 00:00:00+00:00,590638.3520165988,227380.39329315093,118127.6704033209,363257.95872344787,13,2,momentum_only,0.02913507750854194,6050799.688818004,-0.9023867286322319
2024-01-16 00:00:00+00:00,597954.4903401252,166192.1772447031,119590.89806802617,431762.31309542205,12,2,momentum_only,0.012386832481411147,6050799.688818004,-0.9011776093918368
2024-01-17 00:00:00+00:00,590152.3739410699,103454.54597475234,103454.54597475234,486697.82796631753,8,6,momentum_only,-0.013048010383896025,6050799.688818004,-0.9024670449706536
2024-01-18 00:00:00+00:00,566800.8981151391,123519.49939369786,113360.17962302896,443281.3987214413,12,2,momentum_only,-0.03956855357539002,6050799.688818004,-0.9063262829270984
2024-01-19 00:00:00+00:00,570194.7384298819,10159.319770670008,10159.319770670008,560035.4186592118,14,1,momentum_only,0.0059877116038962175,6050799.688818004,-0.9057653917244008
2024-01-20 00:00:00+00:00,564424.9937951246,112462.65782890662,112462.65782890662,451962.3359662179,13,2,momentum_only,-0.010118901922254064,6050799.688818004,-0.9067189424832237
2024-01-21 00:00:00+00:00,555491.0541126602,111737.0964874923,111098.21082253319,443753.95762516797,13,2,momentum_only,-0.015828391337516123,6050799.688818004,-0.9081954315659766
2024-01-22 00:00:00+00:00,536808.9018843058,119347.78947873,1.1350493878126144e-09,417461.11240557575,13,0,momentum_only,-0.03363177874789958,6050799.688818004,-0.911282982499596
2024-01-23 00:00:00+00:00,542484.1089184212,206914.93693219905,206914.936932199,335569.1719862222,7,6,momentum_only,0.010572117962638794,6050799.688818004,-0.9103450557252882
2024-01-24 00:00:00+00:00,551464.596772011,111005.84674867909,111005.84674867909,440458.7500233319,11,4,momentum_only,0.01655437957711725,6050799.688818004,-0.9088608737467994
2024-01-25 00:00:00+00:00,532513.0564131739,8949.969935426445,8949.969935426445,523563.0864777474,14,2,momentum_only,-0.03436583321897657,6050799.688818004,-0.9119929457593401
2024-01-26 00:00:00+00:00,565625.9446121372,101402.97084321067,101402.97084321064,464222.9737689265,14,3,momentum_only,0.06218230295046734,6050799.688818004,-0.9065204644507692
2024-01-27 00:00:00+00:00,565917.6559432354,112034.02769729006,112034.02769729006,453883.62824594526,15,2,momentum_only,0.0005157318787740728,6050799.688818004,-0.9064722540742735
2024-01-28 00:00:00+00:00,546301.3004224926,1.127773430198431e-09,1.1496013030409813e-09,546301.3004224914,17,0,momentum_only,-0.034662914851185445,6050799.688818004,-0.9097141983675202
2024-01-29 00:00:00+00:00,562195.3922326744,216564.80137264763,168658.61766980347,345630.5908600268,11,3,momentum_only,0.02909400325038547,6050799.688818004,-0.9070874229613612
2024-01-30 00:00:00+00:00,561893.3899449597,164322.59107938816,164322.59107938816,397570.79886557144,10,5,momentum_only,-0.0005371838543809515,6050799.688818004,-0.9071373340976153
2024-01-31 00:00:00+00:00,538805.9028639374,8540.876119151711,8540.876119151711,530265.0267447857,13,1,momentum_only,-0.04108873230077292,6050799.688818004,-0.9109529433176144
2024-02-01 00:00:00+00:00,546253.3554579216,99020.15336442912,99020.15336442913,447233.2020934925,11,3,momentum_only,0.013822143659522723,6050799.688818004,-0.9097221221076929
2024-02-02 00:00:00+00:00,547220.6102663986,116999.54407988225,116999.54407988225,430221.0661865164,12,3,momentum_only,0.0017707073079051838,6050799.688818004,-0.9095622664095668
2024-02-03 00:00:00+00:00,545393.6825307987,1.1568772606551647e-09,1.1714291758835316e-09,545393.6825307976,15,0,momentum_only,-0.003338557980684498,6050799.688818004,-0.9098641980268002
2024-02-04 00:00:00+00:00,537713.0745289897,155758.12531728987,155758.1253172899,381954.94921169983,12,3,momentum_only,-0.014082686044635806,6050799.688818004,-0.9111335522273702
2024-02-05 00:00:00+00:00,540418.9158003186,158762.2822682188,158762.28226821878,381656.63353209983,10,3,momentum_only,0.005032128470558561,6050799.688818004,-0.9106863648454562
2024-02-06 00:00:00+00:00,537422.8645217946,7796.17205630384,7796.172056303825,529626.6924654908,12,3,momentum_only,-0.005543942284268577,6050799.688818004,-0.9111815144839512
2024-02-07 00:00:00+00:00,549778.4735424845,101136.1369065746,101136.1369065746,448642.3366359098,12,4,momentum_only,0.022990478887949806,6050799.688818004,-0.9091395349678348
2024-02-08 00:00:00+00:00,543607.2230267855,110385.581046153,108721.4446053583,433221.64198063256,13,2,momentum_only,-0.011224976627285166,6050799.688818004,-0.9101594415641651
2024-02-09 00:00:00+00:00,569341.0638341624,1664.1364407958754,1664.1364407958463,567676.9273933666,15,2,momentum_only,0.04733903398871675,6050799.688818004,-0.9059064763148058
2024-02-10 00:00:00+00:00,566877.7605961739,172854.85585055704,172854.85585055704,394022.9047456169,14,4,momentum_only,-0.004326586284501666,6050799.688818004,-0.9063135800638427
2024-02-11 00:00:00+00:00,568090.8224880339,168981.08556117612,168981.08556117612,399109.7369268578,15,3,momentum_only,0.0021399003033462094,6050799.688818004,-0.9061131004654018
2024-02-12 00:00:00+00:00,591541.4712790919,7922.546334937098,7922.546334937098,583618.9249441548,15,4,momentum_only,0.04127975292463382,6050799.688818004,-0.9022374724497537
2024-02-13 00:00:00+00:00,591384.9333381488,109160.35687472671,109160.35687472671,482224.57646342204,15,3,momentum_only,-0.0002646271623266694,6050799.688818004,-0.9022633430700012
2024-02-14 00:00:00+00:00,613857.171854943,123641.37727112965,61385.71718549548,490215.79458381335,16,1,momentum_only,0.03799934230645152,6050799.688818004,-0.89854941438743
2024-02-15 00:00:00+00:00,613106.4299599488,63812.812668247,63812.812668247,549293.6172917017,15,2,momentum_only,-0.0012229911605100563,6050799.688818004,-0.8986734875568627
2024-02-16 00:00:00+00:00,602194.2867199532,185406.23267172033,185406.23267172033,416788.0540482328,13,4,momentum_only,-0.01779812232716005,6050799.688818004,-0.9004769092203102
2024-02-17 00:00:00+00:00,600968.3814379765,175007.66672933399,175007.66672933399,425960.7147086425,14,3,momentum_only,-0.0020357305092579825,6050799.688818004,-0.9006795114125861
2024-02-18 00:00:00+00:00,624546.1334441614,7813.092896509705,7813.092896509682,616733.0405476517,13,2,momentum_only,0.03923293260415606,6050799.688818004,-0.8967828773776242
2024-02-19 00:00:00+00:00,645469.8545204006,121630.60698118492,121630.60698118492,523839.2475392157,12,3,momentum_only,0.03350228262698862,6050799.688818004,-0.8933248681635848
2024-02-20 00:00:00+00:00,635213.1956894444,58355.48228820238,58355.48228820239,576857.713401242,14,4,momentum_only,-0.015890221300229657,6050799.688818004,-0.8950199596156966
2024-02-21 00:00:00+00:00,634400.5787185022,56344.89467892229,56344.894678922254,578055.6840395799,16,1,momentum_only,-0.001279282257447778,6050799.688818004,-0.8951542587187464
2024-02-22 00:00:00+00:00,638461.4345639679,210148.33245155774,210148.33245155768,428313.1021124102,13,4,momentum_only,0.006401091016765337,6050799.688818004,-0.8944831315860848
2024-02-23 00:00:00+00:00,621167.1794309374,186741.96986442027,186350.15382928238,434425.2095665171,14,3,momentum_only,-0.02708739196572063,6050799.688818004,-0.897341308359808
2024-02-24 00:00:00+00:00,635244.3883910913,7557.45646870468,7557.456468704622,627686.9319223866,15,1,momentum_only,0.02266251248665485,6050799.688818004,-0.8950148044786485
2024-02-25 00:00:00+00:00,639955.4643022985,122905.10287952794,122905.10287952796,517050.36142277054,13,3,momentum_only,0.007416162971764617,6050799.688818004,-0.8942362171590396
2024-02-26 00:00:00+00:00,646372.0850101184,60448.70668160962,60448.70668160963,585923.3783285088,12,2,momentum_only,0.010026667581962911,6050799.688818004,-0.8931757588662823
2024-02-27 00:00:00+00:00,621513.9304035169,51914.824550733,51914.82455073297,569599.1058527839,13,1,momentum_only,-0.038457964356880314,6050799.688818004,-0.8972840017242536
2024-02-28 00:00:00+00:00,664198.8907261048,203675.31339158642,199259.66721783264,460523.5773345184,10,3,momentum_only,0.06867900819998485,6050799.688818004,-0.890229568836404
2024-02-29 00:00:00+00:00,648394.4629552797,195702.6427944,195702.64279440005,452691.82016087975,10,4,momentum_only,-0.023794721718893075,6050799.688818004,-0.8928415256989046
2024-03-01 00:00:00+00:00,746347.0601423578,8409.703146291868,8409.703146291868,737937.3569960659,13,1,momentum_only,0.15106945352467327,6050799.688818004,-0.8766531535457005
2024-03-02 00:00:00+00:00,781703.9765647261,163782.52538815123,163782.52538815117,617921.4511765749,11,3,momentum_only,0.04737329094004106,6050799.688818004,-0.8708098075020844
2024-03-03 00:00:00+00:00,824978.8023674261,80731.00290369001,80731.00290368998,744247.7994637361,12,3,momentum_only,0.055359608112620196,6050799.688818004,-0.8636578890734058
2024-03-04 00:00:00+00:00,891558.8566734546,56559.775547528916,56559.77554752887,834999.0811259258,14,2,momentum_only,0.08070516977522946,6050799.688818004,-0.8526543758635619
2024-03-05 00:00:00+00:00,846175.6795611009,280478.1310860417,253852.7038683315,565697.5484750592,13,3,momentum_only,-0.05090317568229363,6050799.688818004,-0.8601547360549961
2024-03-06 00:00:00+00:00,896967.3897008474,303413.9438090011,269090.2169102555,593553.4458918463,12,3,momentum_only,0.06002501769619695,6050799.688818004,-0.8517605216119679
2024-03-07 00:00:00+00:00,891877.8422337242,43648.810695161796,43648.810695161796,848229.0315385624,14,3,momentum_only,-0.005674172244791054,6050799.688818004,-0.8526016579458197
2024-03-08 00:00:00+00:00,958418.2497787364,181392.26032694307,181392.2603269431,777025.9894517933,14,2,momentum_only,0.0746070867489661,6050799.688818004,-0.8416046970535296
2024-03-09 00:00:00+00:00,1014263.0923199684,113684.84046388145,113684.84046388147,900578.2518560869,13,4,momentum_only,0.058267716160584904,6050799.688818004,-0.8323753645002748
2024-03-10 00:00:00+00:00,976812.8033212712,52494.399611359375,52494.399611359346,924318.4037099119,15,2,momentum_only,-0.03692364366037959,6050799.688818004,-0.8385646768101677
2024-03-11 00:00:00+00:00,976629.9333015606,275682.6443726585,275682.6443726585,700947.288928902,14,3,momentum_only,-0.00018721091604123608,6050799.688818004,-0.8385948992649035
2024-03-12 00:00:00+00:00,965192.1377031513,283349.83133910643,283349.83133910643,681842.3063640449,14,3,momentum_only,-0.011711493994191913,6050799.688818004,-0.8404851941327945
2024-03-13 00:00:00+00:00,999633.4753240314,45388.501645915836,45388.50164591579,954244.9736781156,14,2,momentum_only,0.035683400512191765,6050799.688818004,-0.8347931634274105
2024-03-14 00:00:00+00:00,1032097.9784969636,211419.16563646955,103209.79784969758,820678.812860494,14,1,momentum_only,0.03247640657732953,6050799.688818004,-0.8294278390335246
2024-03-15 00:00:00+00:00,988575.3148115219,229080.7214957914,229080.72149579134,759494.5933157306,11,4,momentum_only,-0.0421691201728962,6050799.688818004,-0.8366207169874705
2024-03-16 00:00:00+00:00,887088.3475840484,51458.93144466067,51458.931444660644,835629.4161393878,13,2,momentum_only,-0.10265982339122304,6050799.688818004,-0.8533932053273214
2024-03-17 00:00:00+00:00,953218.1977190524,230833.19326770317,95321.81977190646,722385.0044513493,12,1,momentum_only,0.07454708464507087,6050799.688818004,-0.8424640961953147
2024-03-18 00:00:00+00:00,917840.364185805,444560.27848669695,444560.2784866969,473280.0856991081,10,5,momentum_only,-0.03711409792417175,6050799.688818004,-0.8483108991556948
2024-03-19 00:00:00+00:00,851232.452625495,43162.701468980275,43162.701468980275,808069.7511565147,13,2,momentum_only,-0.07257025748632906,6050799.688818004,-0.8593190162618357
2024-03-20 00:00:00+00:00,956084.8983583916,86609.16951035775,86609.16951035775,869475.7288480338,14,2,momentum_only,0.12317721840784546,6050799.688818004,-0.8419903240020893
2024-03-21 00:00:00+00:00,919904.8091464909,216277.96723693865,216277.96723693865,703626.8419095522,12,3,momentum_only,-0.037841921019798885,6050799.688818004,-0.8479697136815663
2024-03-22 00:00:00+00:00,917263.7826447777,49099.81282029989,49099.81282029988,868163.9698244778,13,1,momentum_only,-0.002870978035394378,6050799.688818004,-0.8484061892943012
2024-03-23 00:00:00+00:00,921841.4177641139,89823.83357883806,89823.83357883804,832017.5841852758,13,1,momentum_only,0.004990532937142023,6050799.688818004,-0.8476496553889076
2024-03-24 00:00:00+00:00,938294.6786525683,432703.31325594534,375317.87146102847,505591.365396623,9,4,momentum_only,0.017848255211141417,6050799.688818004,-0.8449304675567835
2024-03-25 00:00:00+00:00,967563.4379078366,103542.48204714799,103542.48204714799,864020.9558606886,11,3,momentum_only,0.031193568418505402,6050799.688818004,-0.8400932954868903
2024-03-26 00:00:00+00:00,967606.5737340976,87515.51546238497,87515.51546238491,880091.0582717127,12,4,momentum_only,4.458191015799251e-05,6050799.688818004,-0.840086166540556
2024-03-27 00:00:00+00:00,944491.2862284486,239922.23244103556,188898.2572456909,704569.053787413,13,2,momentum_only,-0.02388913855395236,6050799.688818004,-0.8439063702647623
2024-03-28 00:00:00+00:00,967521.0068903434,102402.15089349994,102402.15089349994,865118.8559968434,14,2,momentum_only,0.02438320077452194,6050799.688818004,-0.8401003079513042
2024-03-29 00:00:00+00:00,957052.2178557608,91515.0852904788,91515.08529047876,865537.132565282,15,2,momentum_only,-0.010820218847991447,6050799.688818004,-0.8418304576129975
2024-03-30 00:00:00+00:00,945236.4935218955,370436.30259907775,283570.94805656985,574800.1909228178,13,3,momentum_only,-0.012345955751858595,6050799.688818004,-0.8437832117845991
2024-03-31 00:00:00+00:00,981617.7354088214,184665.42953343183,184665.42953343177,796952.3058753896,13,2,momentum_only,0.038489036485855,6050799.688818004,-0.8377705781232735
2024-04-01 00:00:00+00:00,932692.5129105581,85269.49901773437,85269.49901773431,847423.0138928238,11,3,momentum_only,-0.049841420680818316,6050799.688818004,-0.8458563229858374
2024-04-02 00:00:00+00:00,884395.7030148217,210770.66854106003,176879.1406029655,673625.0344737617,12,2,momentum_only,-0.051782135298825804,6050799.688818004,-0.8538382117244432
2024-04-03 00:00:00+00:00,864243.5668356554,114360.30299377927,86424.35668356667,749883.2638418761,12,1,momentum_only,-0.022786334341595826,6050799.688818004,-0.8571687031000557
2024-04-04 00:00:00+00:00,876272.0433659671,108192.30257799498,108192.30257799497,768079.7407879721,11,4,momentum_only,0.013917924288812333,6050799.688818004,-0.8551807879237293
2024-04-05 00:00:00+00:00,863763.3586658526,256863.0246827916,256863.02468279155,606900.333983061,12,4,momentum_only,-0.014274887342138332,6050799.688818004,-0.8572480658610954
2024-04-06 00:00:00+00:00,864897.116001459,150734.83125083332,150734.83125083332,714162.2847506256,14,2,momentum_only,0.0013125786411656293,6050799.688818004,-0.8570606927213595
2024-04-07 00:00:00+00:00,890157.4957018433,77164.60393743911,77164.60393743911,812992.8917644041,13,1,momentum_only,0.029206224917440515,6050799.688818004,-0.8528859751634363
2024-04-08 00:00:00+00:00,918491.7903294959,189840.51311421648,189840.51311421645,728651.2772152794,12,3,momentum_only,0.031830653299518064,6050799.688818004,-0.848203239643367
2024-04-09 00:00:00+00:00,867358.7549075739,99868.97097857064,99868.97097857062,767489.7839290033,14,4,momentum_only,-0.055670650473183536,6050799.688818004,-0.8566538640321427
2024-04-10 00:00:00+00:00,871689.1252448941,106845.52877224368,106845.52877224365,764843.5964726504,14,2,momentum_only,0.004992594255627925,6050799.688818004,-0.8559381949371432
2024-04-11 00:00:00+00:00,855650.8870391705,258253.14463233188,256695.26611175222,597397.7424068386,12,3,momentum_only,-0.01839903440486057,6050799.688818004,-0.858588793044921
2024-04-12 00:00:00+00:00,778009.1807419978,145575.2412443806,77800.91807420086,632433.9394976172,13,1,momentum_only,-0.09073993549616732,6050799.688818004,-0.8714204368424601
2024-04-13 00:00:00+00:00,711085.1627247308,130281.07316220304,1.076841726899147e-09,580804.0895625277,13,0,momentum_only,-0.08601957364235813,6050799.688818004,-0.8824807960443922
2024-04-14 00:00:00+00:00,746778.3244330919,270298.1555728479,74677.83244331027,476480.168860244,10,1,momentum_only,0.050195340276250944,6050799.688818004,-0.8765818796128464
2024-04-15 00:00:00+00:00,735672.214023402,290580.49400339235,220701.6642070217,445091.72002000967,7,3,momentum_only,-0.014872031024897536,6050799.688818004,-0.8784173577282787
2024-04-16 00:00:00+00:00,712986.2841697688,150511.70475634665,1.0913936421275139e-09,562474.5794134222,8,0,momentum_only,-0.030837007870072264,6050799.688818004,-0.882166602624876
2024-04-17 00:00:00+00:00,697216.0906274968,363488.6513682253,1.0913936421275139e-09,333727.4392592716,5,0,momentum_only,-0.022118508998578368,6050799.688818004,-0.8847729016850507
2024-04-18 00:00:00+00:00,695301.4544518588,440630.41687404236,1.0913936421275139e-09,254671.03757781634,4,0,momentum_only,-0.0027461158762340787,6050799.688818004,-0.8850893286491057
2024-04-19 00:00:00+00:00,693581.576105448,440630.41687404236,69358.1576105459,252951.15923140556,4,1,momentum_only,-0.0024735721972085623,6050799.688818004,-0.8853735684909219
2024-04-20 00:00:00+00:00,711754.3586680443,438799.43956411834,1.0913936421275139e-09,272954.919103926,4,0,momentum_only,0.026201362880252654,6050799.688818004,-0.8823701997632841
2024-04-21 00:00:00+00:00,712414.6377494996,639775.8832089619,213724.39132485096,72638.75454053776,1,3,momentum_only,0.0009276783112237563,6050799.688818004,-0.8822610771488509
2024-04-22 00:00:00+00:00,722491.7926333277,426051.4918841119,216747.5377899994,296440.3007492157,4,3,momentum_only,0.014145069949238476,6050799.688818004,-0.8805956518493735
2024-04-23 00:00:00+00:00,707779.7405070561,209303.9540941135,209303.9540941135,498475.78641294263,7,3,momentum_only,-0.020362933221219404,6050799.688818004,-0.8830270746170878
2024-04-24 00:00:00+00:00,686083.7044629448,1.0477378964424133e-09,1.076841726899147e-09,686083.7044629437,10,0,momentum_only,-0.030653655088471732,6050799.688818004,-0.8866127223264653
2024-04-25 00:00:00+00:00,691395.2194688589,60131.60315910588,60131.60315910587,631263.616309753,9,1,momentum_only,0.007741788605913458,6050799.688818004,-0.8857349019921167
2024-04-26 00:00:00+00:00,663990.982223365,1.076841726899147e-09,1.076841726899147e-09,663990.982223364,10,0,momentum_only,-0.03963613932208887,6050799.688818004,-0.8902639293364093
2024-04-27 00:00:00+00:00,656390.8859758133,200308.1233366375,65639.0885975824,456082.7626391757,7,1,momentum_only,-0.011446083532795748,6050799.688818004,-0.8915199775677856
2024-04-28 00:00:00+00:00,655529.1403146113,342627.15438178135,1.076841726899147e-09,312901.9859328299,5,0,momentum_only,-0.0013128543976062002,6050799.688818004,-0.8916623960422881
2024-04-29 00:00:00+00:00,654272.7002803191,537297.3263035452,130854.5400560649,116975.37397677396,2,2,momentum_only,-0.0019166806737060949,6050799.688818004,-0.8918700446340295
2024-04-30 00:00:00+00:00,634580.0039977029,406442.78624748136,63458.000399771365,228137.21775022146,4,1,momentum_only,-0.030098606092198277,6050799.688818004,-0.8951246055673568
2024-05-01 00:00:00+00:00,636407.127629221,389953.46099237655,1.076841726899147e-09,246453.66663684437,4,0,momentum_only,0.0028792644268771372,6050799.688818004,-0.8948226415749122
2024-05-02 00:00:00+00:00,648249.454493358,389953.46099237655,389953.46099237655,258295.99350098145,4,8,momentum_only,0.018608099045422044,6050799.688818004,-0.8928654908720023
2024-05-03 00:00:00+00:00,675555.0024701481,61523.82153088695,61523.821530886926,614031.1809392612,11,4,momentum_only,0.04212197601944889,6050799.688818004,-0.8883527736476573
2024-05-04 00:00:00+00:00,686304.15466786,1.0695657692849636e-09,1.0586518328636885e-09,686304.154667859,15,0,momentum_only,0.01591158700388262,6050799.688818004,-0.8865762890918099
2024-05-05 00:00:00+00:00,686631.130254928,147398.12025370722,147398.1202537072,539233.0100012209,13,5,momentum_only,0.00047642956092297517,6050799.688818004,-0.8865222506830236
2024-05-06 00:00:00+00:00,679313.3441265442,64066.962702022116,64066.962702022116,615246.381424522,17,3,momentum_only,-0.010657521638535283,6050799.688818004,-0.8877316422518616
2024-05-07 00:00:00+00:00,655289.062853583,1.0822986951097846e-09,1.0913936421275139e-09,655289.062853582,20,0,momentum_only,-0.03536553709812873,6050799.688818004,-0.8917020730227494
2024-05-08 00:00:00+00:00,650053.2749264822,391432.7127339879,325026.6374632422,258620.5621924944,12,5,momentum_only,-0.00799004320978669,6050799.688818004,-0.8925673781388279
2024-05-09 00:00:00+00:00,679213.8447836213,126186.98682464633,1.1204974725842476e-09,553026.8579589749,13,0,momentum_only,0.044858738478683824,6050799.688818004,-0.8877480862506782
2024-05-10 00:00:00+00:00,667577.8963800945,126186.98682464633,66757.78963801057,541390.9095554481,13,1,momentum_only,-0.017131494731580044,6050799.688818004,-0.8896711293196846
2024-05-11 00:00:00+00:00,663972.4815251662,201453.38577105373,201453.38577105367,462519.0957541125,9,4,momentum_only,-0.0054007403098251805,6050799.688818004,-0.8902669868989053
2024-05-12 00:00:00+00:00,668714.5931049052,64466.369141541305,64466.369141541305,604248.2239633639,10,4,momentum_only,0.007142030297469848,6050799.688818004,-0.8894832703947045
2024-05-13 00:00:00+00:00,684765.9486248968,1.1232259566895664e-09,1.1386873666197062e-09,684765.9486248957,14,0,momentum_only,0.02400329779774002,6050799.688818004,-0.8868305044223563
2024-05-14 00:00:00+00:00,677337.340471911,339063.1169373926,339063.1169373926,338274.2235345184,9,6,momentum_only,-0.010848390122060625,6050799.688818004,-0.8880582112602994
2024-05-15 00:00:00+00:00,718502.9485182994,1.1204974725842476e-09,1.1350493878126144e-09,718502.9485182982,15,0,momentum_only,0.0607756365797103,6050799.688818004,-0.8812548777897726
2024-05-16 00:00:00+00:00,705169.5639737762,69832.18383057018,69832.18383057017,635337.380143206,14,2,momentum_only,-0.01855717443055649,6050799.688818004,-0.8834584517354056
2024-05-17 00:00:00+00:00,715970.0572599353,207683.76520202053,207683.76520202056,508286.2920579148,12,4,momentum_only,0.015316164845935898,6050799.688818004,-0.8816734821707845
2024-05-18 00:00:00+00:00,716951.9935409984,63423.546017259054,63423.54601725901,653528.4475237394,12,1,momentum_only,0.001371476741389266,6050799.688818004,-0.8815112001036921
2024-05-19 00:00:00+00:00,702135.1209263984,1.1859810911118984e-09,1.1568772606551647e-09,702135.1209263973,13,0,momentum_only,-0.02066647801817245,6050799.688818004,-0.8839599462821488
2024-05-20 00:00:00+00:00,728715.3277415654,367822.07901891874,291486.13109662733,360893.24872264673,7,4,momentum_only,0.03785625590142394,6050799.688818004,-0.8795671043137908
2024-05-21 00:00:00+00:00,737443.4714540227,76335.94792229257,76335.94792229257,661107.52353173,11,2,momentum_only,0.01197743944745544,6050799.688818004,-0.8781246265982275
2024-05-22 00:00:00+00:00,740038.887535113,77194.43229511307,77194.43229511307,662844.4552399999,11,4,momentum_only,0.003519478009579524,6050799.688818004,-0.8776956889016307
2024-05-23 00:00:00+00:00,727944.1136837461,252413.4496914485,252413.44969144848,475530.6639922976,11,5,momentum_only,-0.016343430129262093,6050799.688818004,-0.8796945608645745
2024-05-24 00:00:00+00:00,722671.8402588491,55476.73431363452,55476.73431363452,667195.1059452145,15,1,momentum_only,-0.007242689824383253,6050799.688818004,-0.8805658958444186
2024-05-25 00:00:00+00:00,727235.0924693411,1.1714291758835316e-09,1.178705133497715e-09,727235.09246934,16,0,momentum_only,0.006314418185794368,6050799.688818004,-0.8798117389651345
2024-05-26 00:00:00+00:00,726683.4976654612,271245.5068896672,271245.50688966713,455437.990775794,12,4,momentum_only,-0.0007584821051567214,6050799.688818004,-0.8799028996103794
2024-05-27 00:00:00+00:00,758959.9795692675,76325.3720462969,76325.3720462969,682634.6075229705,14,3,momentum_only,0.044416148168353375,6050799.688818004,-0.8745686490048844
2024-05-28 00:00:00+00:00,755309.4076909699,76247.45241763102,76247.45241763102,679061.9552733388,13,4,momentum_only,-0.004809966238759289,6050799.688818004,-0.8751719695684529
2024-05-29 00:00:00+00:00,732582.7411079397,263360.32529965864,219774.8223323831,469222.41580828116,12,3,momentum_only,-0.0300892142367285,6050799.688818004,-0.8789279469188566
2024-05-30 00:00:00+00:00,715488.7739594171,95055.04577503694,95055.04577503691,620433.7281843802,14,2,momentum_only,-0.02333383819917756,6050799.688818004,-0.8817530226158942
2024-05-31 00:00:00+00:00,730977.7957002362,1.178705133497715e-09,1.1568772606551647e-09,730977.7957002351,16,0,momentum_only,0.021648168782725907,6050799.688818004,-0.8791931920914359
2024-06-01 00:00:00+00:00,749441.9282420662,268073.13384357945,268073.13384357945,481368.79439848673,12,4,momentum_only,0.025259498510679546,6050799.688818004,-0.8761416727069895
2024-06-02 00:00:00+00:00,736849.8010643678,70520.4131520522,70520.4131520522,666329.3879123155,13,2,momentum_only,-0.01680200520303854,6050799.688818004,-0.8782227409666064
2024-06-03 00:00:00+00:00,729998.742943742,69147.55441079891,69147.55441079891,660851.188532943,11,4,momentum_only,-0.00929776748358968,6050799.688818004,-0.8793549976058878
2024-06-04 00:00:00+00:00,748888.4020383795,239753.1716129442,224666.52061151498,509135.23042543523,12,3,momentum_only,0.025876289893958404,6050799.688818004,-0.8762331525496804
2024-06-05 00:00:00+00:00,762384.339268647,115462.68388335792,115462.68388335791,646921.6553852891,13,2,momentum_only,0.018021292883603657,6050799.688818004,-0.8740027139424978
2024-06-06 00:00:00+00:00,757159.1472162791,1.1859810911118984e-09,1.1932570487260818e-09,757159.1472162779,15,0,momentum_only,-0.006853750507756273,6050799.688818004,-0.8748662679057904
2024-06-07 00:00:00+00:00,722770.4484085778,277082.6095545785,277082.60955457843,445687.8388539994,11,5,momentum_only,-0.045418058982886755,6050799.688818004,-0.8805495991307939
2024-06-08 00:00:00+00:00,724619.1596158743,58587.50832957673,58587.508329576696,666031.6512862976,14,2,momentum_only,0.0025578123889362647,6050799.688818004,-0.8802440674155873
2024-06-09 00:00:00+00:00,724345.0994561848,64297.57091720443,64297.570917204444,660047.5285389803,12,2,momentum_only,-0.0003782126873856928,6050799.688818004,-0.8802893606286805
2024-06-10 00:00:00+00:00,698708.6300598849,219150.53452816716,69870.86300598967,479558.0955317177,11,1,momentum_only,-0.03539261798767879,6050799.688818004,-0.8845262335570103
2024-06-11 00:00:00+00:00,667400.8698991522,255373.73275835387,133480.17397983163,412027.1371407983,10,2,momentum_only,-0.04480803415588175,6050799.688818004,-0.8897003860278961
2024-06-12 00:00:00+00:00,678134.9570919105,121893.55877852341,121893.55877852341,556241.3983133871,12,2,momentum_only,0.01608341804286284,6050799.688818004,-0.8879263912264164
2024-06-13 00:00:00+00:00,653632.56882656,257797.76368960366,130726.51376531323,395834.8051369564,9,2,momentum_only,-0.036132023587790885,6050799.688818004,-0.8919758375021923
2024-06-14 00:00:00+00:00,648896.6621978007,169219.57249194715,64889.66621978128,479677.08970585355,9,1,momentum_only,-0.007245518131480999,6050799.688818004,-0.8927585285302082
2024-06-15 00:00:00+00:00,654572.459743177,160145.5884797411,130914.49194863661,494426.871263436,8,2,momentum_only,0.008746843489921163,6050799.688818004,-0.8918205041636331
2024-06-16 00:00:00+00:00,662704.8081925032,90585.50846377,66270.48081925153,572119.2997287331,9,1,momentum_only,0.012423908657136051,6050799.688818004,-0.8904764919887871
2024-06-17 00:00:00+00:00,618814.8016379152,151450.26970735518,61881.48016379273,467364.53193055996,8,1,momentum_only,-0.06622859229631362,6050799.688818004,-0.8977300797477238
2024-06-18 00:00:00+00:00,595552.5747549632,188909.16878920625,59555.25747549753,406643.40596575686,7,1,momentum_only,-0.03759158123138007,6050799.688818004,-0.901574567762414
2024-06-19 00:00:00+00:00,596271.1088853114,254733.581460719,59627.11088853235,341537.5274245924,6,1,momentum_only,0.0012064999142080701,6050799.688818004,-0.9014558174868634
2024-06-20 00:00:00+00:00,596462.1940311147,244842.13904515392,59646.21940311268,351620.05498596077,6,1,momentum_only,0.0003204668865484095,6050799.688818004,-0.9014242373395059
2024-06-21 00:00:00+00:00,599213.8794294824,305071.26648109645,1.2078089639544487e-09,294142.612948386,5,0,momentum_only,0.004613344191642277,6050799.688818004,-0.9009694734173994
2024-06-22 00:00:00+00:00,599033.8143782573,353528.44966354076,119806.76287565267,245505.3647147165,4,2,momentum_only,-0.00030050213689403193,6050799.688818004,-0.9009992323022553
2024-06-23 00:00:00+00:00,587224.566604533,295536.53265017446,1.2078089639544487e-09,291688.0339543586,5,0,momentum_only,-0.019713824979949113,6050799.688818004,-0.9029509161095293
2024-06-24 00:00:00+00:00,586679.0475008457,350230.0804983556,58667.904750085785,236448.96700249013,4,1,momentum_only,-0.0009289786815996903,6050799.688818004,-0.9030410726395323
2024-06-25 00:00:00+00:00,588489.7555656952,352683.8331343937,58848.97555657073,235805.92243130162,4,1,momentum_only,0.0030863690676576905,6050799.688818004,-0.9027418216052936
2024-06-26 00:00:00+00:00,587771.156093949,358137.13297664025,58777.11560939611,229634.0231173087,4,1,momentum_only,-0.0012210908770289297,6050799.688818004,-0.9028605826796479
2024-06-27 00:00:00+00:00,591755.2487390174,299360.01736724534,1.2078089639544487e-09,292395.231371772,5,0,momentum_only,0.00677830581470662,6050799.688818004,-0.9022021420023881
2024-06-28 00:00:00+00:00,580325.5013295944,409470.00873066887,1.2078089639544487e-09,170855.49259892554,3,0,momentum_only,-0.019314991178834284,6050799.688818004,-0.9040911067669208
2024-06-29 00:00:00+00:00,579548.9144944281,409470.00873066887,57954.89144944402,170078.90576375916,3,1,momentum_only,-0.0013381918137098658,6050799.688818004,-0.9042194512627073
2024-06-30 00:00:00+00:00,591435.7343296243,398716.3060277475,59143.57343296365,192719.42830187682,3,1,momentum_only,0.020510468638468282,6050799.688818004,-0.9022549473216558
2024-07-01 00:00:00+00:00,592364.304643001,399593.11680122826,236945.7218572016,192771.1878417728,3,4,momentum_only,0.0015700274086909438,6050799.688818004,-0.902101484909887
2024-07-02 00:00:00+00:00,577600.1610844842,239331.60521120692,57760.0161084496,338268.5558732773,6,1,momentum_only,-0.02492409391111905,6050799.688818004,-0.9045415166937519
2024-07-03 00:00:00+00:00,549895.4086055085,181571.5891027585,1.178705133497715e-09,368323.81950275,7,0,momentum_only,-0.047965278311138504,6050799.688818004,-0.9091202094126953
2024-07-04 00:00:00+00:00,519791.3345942171,181571.5891027585,1.178705133497715e-09,338219.7454914586,7,0,momentum_only,-0.05474509068485034,6050799.688818004,-0.9140954317898176
2024-07-05 00:00:00+00:00,515047.8809230328,230505.58189586276,1.178705133497715e-09,284542.29902717005,6,0,momentum_only,-0.009125688243509011,6050799.688818004,-0.9148793700979969
2024-07-06 00:00:00+00:00,533881.2435408041,277702.60596209613,1.178705133497715e-09,256178.63757870806,5,0,momentum_only,0.036566236490517046,6050799.688818004,-0.9117668290147785
2024-07-07 00:00:00+00:00,528398.1221601056,484895.9488746412,52839.81221601174,43502.17328546437,1,1,momentum_only,-0.010270301583051311,6050799.688818004,-0.9126730102904257
2024-07-08 00:00:00+00:00,528880.2136310235,475493.0784352534,317328.1281786153,53387.13519577012,1,6,momentum_only,0.0009123640881749662,6050799.688818004,-0.9125933362810862
2024-07-09 00:00:00+00:00,538865.5800082982,158164.95025663922,53886.558000831,380700.629751659,7,1,momentum_only,0.0188802040989966,6050799.688818004,-0.9109430806304608
2024-07-10 00:00:00+00:00,536900.222036832,104278.39225580939,104278.39225580939,432621.82978102256,8,2,momentum_only,-0.0036472137846248476,6050799.688818004,-0.9112678902544016
2024-07-11 00:00:00+00:00,515492.33243975317,1.1641532182693481e-09,1.178705133497715e-09,515492.332439752,10,0,momentum_only,-0.039873124871999455,6050799.688818004,-0.9148059167464437
2024-07-12 00:00:00+00:00,526917.5715687616,1.1641532182693481e-09,1.178705133497715e-09,526917.5715687604,10,0,momentum_only,0.022163742135473452,6050799.688818004,-0.9129176970537439
2024-07-13 00:00:00+00:00,530224.1521088806,58019.84645160998,58019.84645160998,472204.3056572706,9,4,momentum_only,0.006275327904276429,6050799.688818004,-0.9123712270480966
2024-07-14 00:00:00+00:00,532648.4942142076,316500.7645241023,266324.247107105,216147.72969010533,7,5,momentum_only,0.004572296632819661,6050799.688818004,-0.9119705623045905
2024-07-15 00:00:00+00:00,569579.3781898355,97019.32817193746,97019.32817193745,472560.05001789803,11,2,momentum_only,0.06933443795820793,6050799.688818004,-0.9058670907182023
2024-07-16 00:00:00+00:00,568584.6404753416,128884.51580414329,128884.5158041433,439700.12467119825,11,5,momentum_only,-0.0017464426427361568,6050799.688818004,-0.9060314884450568
2024-07-17 00:00:00+00:00,555275.1976725253,1.1241354513913393e-09,1.1568772606551647e-09,555275.1976725241,16,0,momentum_only,-0.023408023811001044,6050799.688818004,-0.9082311056010192
2024-07-18 00:00:00+00:00,551869.9840969678,1.1241354513913393e-09,1.1568772606551647e-09,551869.9840969667,16,0,momentum_only,-0.006132479155976478,6050799.688818004,-0.908793876433088
2024-07-19 00:00:00+00:00,579117.0269425169,58693.44343793452,58693.44343793451,520423.58350458235,12,5,momentum_only,0.04937221380165058,6050799.688818004,-0.9042908282003226
2024-07-20 00:00:00+00:00,580377.4205541839,291312.52781251364,174113.22616625633,289064.89274167025,12,3,momentum_only,0.002176405722900787,6050799.688818004,-0.9040825262110836
2024-07-21 00:00:00+00:00,588879.7902892819,213283.2807523259,117775.95805785753,375596.5095369559,13,2,momentum_only,0.014649725220149623,6050799.688818004,-0.9026773615762651
2024-07-22 00:00:00+00:00,575279.9837550445,228359.4889653065,228359.4889653065,346920.49478973803,10,4,momentum_only,-0.023094367914301417,6050799.688818004,-0.9049249663944134
2024-07-23 00:00:00+00:00,543429.1882770705,1.1496013030409813e-09,1.1641532182693481e-09,543429.1882770694,14,0,momentum_only,-0.05536572864933209,6050799.688818004,-0.9101888649063464
2024-07-24 00:00:00+00:00,541373.8741980947,1.1496013030409813e-09,1.1641532182693481e-09,541373.8741980935,14,0,momentum_only,-0.003782119406379625,6050799.688818004,-0.9105285413432932
2024-07-25 00:00:00+00:00,541122.0407456637,59069.84863680454,59069.848636804505,482052.1921088592,9,6,momentum_only,-0.0004651747423239927,6050799.688818004,-0.9105701612060191
2024-07-26 00:00:00+00:00,554991.5145308425,157763.29448269957,157763.2944826996,397228.22004814295,12,4,momentum_only,0.02563095335401,6050799.688818004,-0.9082779891794339
2024-07-27 00:00:00+00:00,545566.2338497294,111590.37111692809,111590.37111692806,433975.86273280135,14,3,momentum_only,-0.016982747365210993,6050799.688818004,-0.9098356809170288
2024-07-28 00:00:00+00:00,545058.2696596845,216684.02178586816,163517.48089790653,328374.2478738163,13,3,momentum_only,-0.0009310770324998385,6050799.688818004,-0.9099196308436779
2024-07-29 00:00:00+00:00,534406.6645104185,53166.54088796282,53166.54088796282,481240.1236224557,16,2,momentum_only,-0.019542140248448026,6050799.688818004,-0.9116799940513628
2024-07-30 00:00:00+00:00,525645.4775408782,1.178705133497715e-09,1.1823431123048067e-09,525645.4775408771,18,0,momentum_only,-0.016394232241782825,6050799.688818004,-0.9131279327404803
2024-07-31 00:00:00+00:00,510000.74484951125,58922.96575198123,58922.96575198124,451077.77909753,12,5,momentum_only,-0.02976289792229847,6050799.688818004,-0.9157134972106244
2024-08-01 00:00:00+00:00,500757.72612596344,142299.9691584147,142299.9691584147,358457.75696754875,13,3,momentum_only,-0.018123539655368948,6050799.688818004,-0.9172410669863401
2024-08-02 00:00:00+00:00,468287.1779135114,109021.71372867083,109021.71372867085,359265.46418484056,13,3,momentum_only,-0.06484283021183823,6050799.688818004,-0.9226073904282577
2024-08-03 00:00:00+00:00,450388.65081830055,130236.3919232077,45038.86508183125,320152.2588950929,13,1,momentum_only,-0.038221262377840626,6050799.688818004,-0.925565433664805
2024-08-04 00:00:00+00:00,429213.8827066814,130216.91335786835,1.1932570487260818e-09,298996.969348813,12,0,momentum_only,-0.04701443536187522,6050799.688818004,-0.9290649327724603
2024-08-05 00:00:00+00:00,409732.64812105976,130216.91335786835,1.1932570487260818e-09,279515.7347631914,12,0,momentum_only,-0.04538817445225751,6050799.688818004,-0.9322845459785665
2024-08-06 00:00:00+00:00,431647.6288400901,175257.8856841327,43164.76288401021,256389.74315595743,7,1,momentum_only,0.05348604954847369,6050799.688818004,-0.9286627138495787
2024-08-07 00:00:00+00:00,424112.35811619787,246023.2520233999,42411.23581162098,178089.10609279797,5,1,momentum_only,-0.01745699552234492,6050799.688818004,-0.9299080485344828
2024-08-08 00:00:00+00:00,431459.89411727147,295544.8805063828,43145.98941172834,135915.01361088868,3,1,momentum_only,0.017324503425718563,6050799.688818004,-0.9286937402812032
2024-08-09 00:00:00+00:00,426782.0952289129,302559.88993313524,42678.20952289249,124222.20529577765,3,1,momentum_only,-0.010841793066141081,6050799.688818004,-0.9294668279933949
2024-08-10 00:00:00+00:00,426875.6381547495,259881.68041024395,1.1932570487260818e-09,166993.95774450558,4,0,momentum_only,0.0002191819358927649,6050799.688818004,-0.9294513683962098
2024-08-11 00:00:00+00:00,417872.6380371755,259881.68041024395,1.1932570487260818e-09,157990.95762693154,4,0,momentum_only,-0.02109045190887715,6050799.688818004,-0.9309392709182867
2024-08-12 00:00:00+00:00,427387.32436471805,297731.29711613554,170954.92974588842,129656.02724858251,3,4,momentum_only,0.02276934515797624,6050799.688818004,-0.9293668033409637
2024-08-13 00:00:00+00:00,427195.5395481147,166806.53017181507,42719.55395481267,260389.00937629963,6,1,momentum_only,-0.00044873772727915817,6050799.688818004,-0.9293984991211028
2024-08-14 00:00:00+00:00,424895.12629830634,162831.35211514484,1.1932570487260818e-09,262063.7741831615,6,0,momentum_only,-0.005384918700793828,6050799.688818004,-0.9297786824634897
2024-08-15 00:00:00+00:00,414467.02048923157,209286.10666659236,41446.70204892435,205180.9138226392,5,1,momentum_only,-0.02454277576663355,6050799.688818004,-0.9315021085138259
2024-08-16 00:00:00+00:00,413405.73808461765,167839.40461766918,1.1932570487260818e-09,245566.33346694848,6,0,momentum_only,-0.002560595541139077,6050799.688818004,-0.9316775039093428
2024-08-17 00:00:00+00:00,412120.03462239477,167839.40461766918,1.1932570487260818e-09,244280.6300047256,6,0,momentum_only,-0.003110028100189788,6050799.688818004,-0.9318899887920599
2024-08-18 00:00:00+00:00,410806.26603584026,336034.68582754093,123241.87981075328,74771.58020829933,2,3,momentum_only,-0.003187829943182119,6050799.688818004,-0.932107111925219
2024-08-19 00:00:00+00:00,410742.8495732737,247143.7424957137,82148.56991465593,163599.10707755998,4,2,momentum_only,-0.0001543707285152074,6050799.688818004,-0.9321175925998122
2024-08-20 00:00:00+00:00,423385.1574853702,164995.17258105893,42338.515748538215,258389.98490431122,6,1,momentum_only,0.030779130848487712,6050799.688818004,-0.9300282311001314
2024-08-21 00:00:00+00:00,432974.8604787649,165221.03271265695,165221.03271265695,267753.827766108,6,4,momentum_only,0.022650068912078325,6050799.688818004,-0.9284433657126494
2024-08-22 00:00:00+00:00,434046.3634522413,1.1568772606551647e-09,1.1714291758835316e-09,434046.3634522401,10,0,momentum_only,0.0024747463912606626,6050799.688818004,-0.928266281190176
2024-08-23 00:00:00+00:00,470394.8616576675,1.1568772606551647e-09,1.1714291758835316e-09,470394.86165766633,10,0,momentum_only,0.08374335385815446,6050799.688818004,-0.9222590589923235
2024-08-24 00:00:00+00:00,479161.1883082864,139842.660569885,139842.660569885,339318.52773840143,7,6,momentum_only,0.01863610206056765,6050799.688818004,-0.9208102708814199
2024-08-25 00:00:00+00:00,471521.4345472517,98062.65020141847,98062.65020141847,373458.7843458332,11,3,momentum_only,-0.01594401622553665,6050799.688818004,-0.9220728732073824
2024-08-26 00:00:00+00:00,443036.4029314365,56685.89824830958,56685.89824830955,386350.5046831269,13,4,momentum_only,-0.0604108944552354,6050799.688818004,-0.926780520639251
2024-08-27 00:00:00+00:00,431196.1768558278,167883.2213491441,129358.8530567495,263312.9555066837,13,3,momentum_only,-0.02672517652559825,6050799.688818004,-0.9287373241502794
2024-08-28 00:00:00+00:00,427185.6139052195,38524.368292395746,1.1641532182693481e-09,388661.24561282375,16,0,momentum_only,-0.00930101695208041,6050799.688818004,-0.9294001395064082
2024-08-29 00:00:00+00:00,418756.2508680948,38524.368292395746,38524.368292395724,380231.88257569907,16,1,momentum_only,-0.019732319541535204,6050799.688818004,-0.9307932385132556
2024-08-30 00:00:00+00:00,416383.00954814325,114552.22712885254,114552.22712885254,301830.7824192907,11,6,momentum_only,-0.00566735735892121,6050799.688818004,-0.9311854579622546
2024-08-31 00:00:00+00:00,410378.404209156,90541.00715901918,82075.68084183238,319837.3970501368,14,2,momentum_only,-0.014420870211547365,6050799.688818004,-0.932177823541648
2024-09-01 00:00:00+00:00,391235.5993677854,56448.19922618078,39123.55993677972,334787.4001416046,12,1,momentum_only,-0.046646715921274895,6050799.688818004,-0.9353415053400633
2024-09-02 00:00:00+00:00,399905.06172830006,131198.2244918161,79981.01234566119,268706.83723648393,10,2,momentum_only,0.022159185857636876,6050799.688818004,-0.9339087257396188
2024-09-03 00:00:00+00:00,371026.8071226403,51217.21214615606,51217.21214615607,319809.59497648425,12,2,momentum_only,-0.07221277590449693,6050799.688818004,-0.9386813601170263
2024-09-04 00:00:00+00:00,376045.3670315573,30826.794478736025,30826.794478736,345218.5725528213,13,3,momentum_only,0.013526138307462299,6050799.688818004,-0.9378519557131437
2024-09-05 00:00:00+00:00,364076.3907016277,99897.19027051757,99897.19027051757,264179.2004311101,10,5,momentum_only,-0.031828543519657804,6050799.688818004,-0.9398300374453896
2024-09-06 00:00:00+00:00,355039.6146887065,78056.62094882714,78056.62094882713,276982.9937398794,13,3,momentum_only,-0.02482109865873483,6050799.688818004,-0.9413235220222499
2024-09-07 00:00:00+00:00,362666.17468242423,38409.328907180556,1.178705133497715e-09,324256.84577524365,15,0,momentum_only,0.021480870523151507,6050799.688818004,-0.9400631001960553
2024-09-08 00:00:00+00:00,369155.03052515746,108212.15644734172,73831.00610503268,260942.87407781574,13,2,momentum_only,0.017892090014778317,6050799.688818004,-0.9389907037895564
2024-09-09 00:00:00+00:00,386384.20210515504,84215.20287530485,84215.20287530485,302168.9992298502,13,3,momentum_only,0.04667191330289455,6050799.688818004,-0.936143283206152
2024-09-10 00:00:00+00:00,392424.01913355314,32940.412959846435,32940.412959846435,359483.6061737067,13,2,momentum_only,0.01563163554692726,6050799.688818004,-0.9351450982820072
2024-09-11 00:00:00+00:00,384692.917570412,105133.19619081296,105133.19619081296,279559.721379599,10,4,momentum_only,-0.01970088778003687,6050799.688818004,-0.9364227974227387
2024-09-12 00:00:00+00:00,390316.88722736476,89328.0376961739,78063.37744547414,300988.8495311909,11,2,momentum_only,0.014619374051572986,6050799.688818004,-0.935493338517109
2024-09-13 00:00:00+00:00,393256.7172162682,11264.660250700923,1.178705133497715e-09,381992.0569655673,13,0,momentum_only,0.007531905703047181,6050799.688818004,-0.9350074804256016
2024-09-14 00:00:00+00:00,391198.31443335867,89617.37379533691,78239.66288667292,301580.94063802174,11,2,momentum_only,-0.005234246976072665,6050799.688818004,-0.9353476673246512
2024-09-15 00:00:00+00:00,391467.4529727974,98085.34154982364,98085.34154982364,293382.11142297374,10,4,momentum_only,0.0006879849158567541,6050799.688818004,-0.9353031874949956
2024-09-16 00:00:00+00:00,384041.8971254681,30367.603023852622,30367.603023852625,353674.2941016155,12,5,momentum_only,-0.0189685139618625,6050799.688818004,-0.9365303898862848
2024-09-17 00:00:00+00:00,400144.36635518866,101022.18824029187,101022.18824029184,299122.1781148968,13,5,momentum_only,0.041928938874238986,6050799.688818004,-0.933869176483455
2024-09-18 00:00:00+00:00,416214.44999558217,81792.06643860514,81792.06643860514,334422.38355697703,16,3,momentum_only,0.04016071446106251,6050799.688818004,-0.9312133153631321
2024-09-19 00:00:00+00:00,427426.34233923134,1.1496013030409813e-09,1.1586962500587106e-09,427426.3423392302,19,0,momentum_only,0.026937777733973878,6050799.688818004,-0.9293603549413273
2024-09-20 00:00:00+00:00,435706.2703341268,87188.49583197423,87141.25406682651,348517.7745021525,17,2,momentum_only,0.019371590317950105,6050799.688818004,-0.9279919526770453
2024-09-21 00:00:00+00:00,438841.0526469949,107264.71117181977,107264.71117181977,331576.3414751751,15,3,momentum_only,0.00719471471104649,6050799.688818004,-0.9274738753196571
2024-09-22 00:00:00+00:00,432671.3732037611,38392.92216272808,38392.92216272808,394278.451041033,13,3,momentum_only,-0.014059029815053914,6050799.688818004,-0.9284935222689084
2024-09-23 00:00:00+00:00,432974.2481069915,108830.45577330174,108830.45577330173,324143.79233368975,11,3,momentum_only,0.0007000114220354625,6050799.688818004,-0.928443466917747
2024-09-24 00:00:00+00:00,442047.99809123744,100804.16708645318,100804.16708645318,341243.83100478427,11,4,momentum_only,0.020956789055971203,6050799.688818004,-0.9269438717483656
2024-09-25 00:00:00+00:00,437698.96644845785,1.1314114090055227e-09,1.1459633242338896e-09,437698.96644845675,15,0,momentum_only,-0.009838369728080942,6050799.688818004,-0.9276626249490073
2024-09-26 00:00:00+00:00,447077.0467325792,85234.5424155782,85234.5424155782,361842.504317001,13,4,momentum_only,0.021425868012017846,6050799.688818004,-0.9261127338988289
2024-09-27 00:00:00+00:00,450081.3939671465,112319.40158956824,90016.27879343047,337761.9923775783,14,2,momentum_only,0.006719976470553224,6050799.688818004,-0.9256162132091555
2024-09-28 00:00:00+00:00,446089.78347115545,61671.79364178745,61671.79364178743,384417.989829368,13,3,momentum_only,-0.008868641426849178,6050799.688818004,-0.9262758963421747
2024-09-29 00:00:00+00:00,447378.3413553008,106870.85955081444,106870.85955081444,340507.48180448636,13,3,momentum_only,0.0028885617467377944,6050799.688818004,-0.9260629397165362
2024-09-30 00:00:00+00:00,438757.12656267144,103382.38763304811,103382.38763304813,335374.73892962333,12,5,momentum_only,-0.019270523393045802,6050799.688818004,-0.9274877455663417
2024-10-01 00:00:00+00:00,411139.09028524416,1.1241354513913393e-09,1.1496013030409813e-09,411139.09028524306,17,0,momentum_only,-0.06294606880529463,6050799.688818004,-0.9320521069231498
2024-10-02 00:00:00+00:00,401838.99068602774,76771.81824871368,76771.81824871368,325067.17243731406,13,2,momentum_only,-0.022620324408375025,6050799.688818004,-0.9335891103074138
2024-10-03 00:00:00+00:00,386443.2402499728,80420.33055773562,80420.33055773562,306022.90969223715,13,4,momentum_only,-0.03831323189860447,6050799.688818004,-0.9361335261247985
2024-10-04 00:00:00+00:00,412995.8662788091,52174.81008800537,41299.58662788206,360821.0561908037,14,1,momentum_only,0.06871028721232286,6050799.688818004,-0.9317452423615951
2024-10-05 00:00:00+00:00,403509.4335399902,107986.92211243513,107986.92211243513,295522.51142755506,12,4,momentum_only,-0.022969800701139853,6050799.688818004,-0.9333130405414538
2024-10-06 00:00:00+00:00,415967.0816916913,97017.81824367866,97017.81824367866,318949.26344801264,11,4,momentum_only,0.03087325132007468,6050799.688818004,-0.9312541972823185
2024-10-07 00:00:00+00:00,418719.6789761074,1.1568772606551647e-09,1.1641532182693481e-09,418719.6789761062,15,0,momentum_only,0.006617344029295813,6050799.688818004,-0.9307992826551654
2024-10-08 00:00:00+00:00,410539.83511377935,76182.9323469539,76182.9323469539,334356.90276682546,13,2,momentum_only,-0.019535370017311204,6050799.688818004,-0.9321511442739602
2024-10-09 00:00:00+00:00,397351.82806685637,85507.93882201871,79470.36561337244,311843.8892448376,11,2,momentum_only,-0.03212357466667759,6050799.688818004,-0.9343306920569243
2024-10-10 00:00:00+00:00,386331.33676272765,45505.27728354009,38633.13367627393,340826.05947918753,12,1,momentum_only,-0.027734844854606977,6050799.688818004,-0.9361520201244349
2024-10-11 00:00:00+00:00,402174.6887717287,109845.5299381255,109845.52993812549,292329.1588336032,9,4,momentum_only,0.041009751219667656,6050799.688818004,-0.9335336303538596
2024-10-12 00:00:00+00:00,410967.4283667528,99479.98032075877,99479.98032075877,311487.44804599404,9,5,momentum_only,0.021862986012068042,6050799.688818004,-0.9320804770440131
2024-10-13 00:00:00+00:00,413683.6613374538,1.1459633242338896e-09,1.1496013030409813e-09,413683.66133745265,14,0,momentum_only,0.006609363134922219,6050799.688818004,-0.9316315722528463
2024-10-14 00:00:00+00:00,428680.1087529234,81125.12110014359,81125.12110014357,347554.9876527798,12,5,momentum_only,0.0362510024374314,6050799.688818004,-0.9291531482119408
2024-10-15 00:00:00+00:00,413176.28482931206,83475.22545033046,83475.22545033044,329701.0593789816,15,5,momentum_only,-0.03616641781843721,6050799.688818004,-0.9317154250548287
2024-10-16 00:00:00+00:00,407655.5107246211,45588.51415214849,1.1459633242338896e-09,362066.9965724726,19,0,momentum_only,-0.01336178843607061,6050799.688818004,-0.9326278290986931
2024-10-17 00:00:00+00:00,399518.97621572734,158707.97601140823,119855.69286471934,240811.0002043191,15,3,momentum_only,-0.01995933893897528,6050799.688818004,-0.9339725330927668
2024-10-18 00:00:00+00:00,410786.6727841854,132192.9892397481,82157.33455683822,278593.6835444373,13,2,momentum_only,0.028203157394891543,6050799.688818004,-0.9321103500511961
2024-10-19 00:00:00+00:00,410802.52647459006,50035.65468291101,50035.654682911,360766.87179167906,15,4,momentum_only,3.859348770296478e-05,6050799.688818004,-0.9321077299528258
2024-10-20 00:00:00+00:00,411497.18646335904,72975.48470360247,72975.48470360244,338521.7017597566,14,3,momentum_only,0.0016909827569231428,6050799.688818004,-0.9319929252948476
2024-10-21 00:00:00+00:00,397715.83420621144,78653.53113089969,78653.53113089968,319062.30307531176,12,5,momentum_only,-0.033490756949257405,6050799.688818004,-0.9342705337046279
2024-10-22 00:00:00+00:00,394179.1607684722,1.1441443348303437e-09,1.1332303984090686e-09,394179.160768471,17,0,momentum_only,-0.008892463245266491,6050799.688818004,-0.9348550305677904
2024-10-23 00:00:00+00:00,386304.3560474391,119780.88452001919,115891.30681423287,266523.4715274199,14,3,momentum_only,-0.019977729684341416,6050799.688818004,-0.9361564791574017
2024-10-24 00:00:00+00:00,391867.08643824636,80820.80787690444,39186.708643825776,311046.2785613419,15,1,momentum_only,0.014399864520616923,6050799.688818004,-0.9352371411067492
2024-10-25 00:00:00+00:00,371263.64091895905,90216.48950740657,74252.72818379295,281047.15141155245,12,2,momentum_only,-0.052577637245719955,6050799.688818004,-0.9386422192086342
2024-10-26 00:00:00+00:00,371698.3758784182,84060.13580692591,84060.13580692591,287638.24007149227,11,4,momentum_only,0.0011709602329577073,6050799.688818004,-0.938570371687345
2024-10-27 00:00:00+00:00,374971.8613547711,66211.36427830321,66211.36427830321,308760.4970764679,10,4,momentum_only,0.008806832875222659,6050799.688818004,-0.9380293712172084
2024-10-28 00:00:00+00:00,380235.3281528542,1.1241354513913393e-09,1.1295924196019769e-09,380235.3281528531,14,0,momentum_only,0.014036964744677638,6050799.688818004,-0.937159491685779
2024-10-29 00:00:00+00:00,392121.9146206352,105775.23140346809,105775.23140346807,286346.6832171671,11,4,momentum_only,0.0312611311671771,6050799.688818004,-0.935195026312756
2024-10-30 00:00:00+00:00,383240.1863573266,39425.14728146726,39425.14728146726,343815.0390758593,14,2,momentum_only,-0.022650425625666437,6050799.688818004,-0.9366628865494322
2024-10-31 00:00:00+00:00,371695.95632824424,90424.09269914753,90424.09269914753,281271.8636290967,14,3,momentum_only,-0.030122702263584378,6050799.688818004,-0.9385707715601385
2024-11-01 00:00:00+00:00,370830.3274998297,82984.11391953481,74166.06549996708,287846.2135802949,13,2,momentum_only,-0.002328862646141072,6050799.688818004,-0.9387138317956333
2024-11-02 00:00:00+00:00,363502.8238679109,70464.52097962539,70464.52097962539,293038.3028882855,11,5,momentum_only,-0.01975972052049102,6050799.688818004,-0.9399248293511234
2024-11-03 00:00:00+00:00,349009.12276378955,1.11504050437361e-09,1.1295924196019769e-09,349009.12276378844,16,0,momentum_only,-0.03987232052257195,6050799.688818004,-0.9423201658106837
2024-11-04 00:00:00+00:00,344379.9274553522,92717.85791535235,68875.98549107157,251662.06953999985,12,2,momentum_only,-0.013263823225533211,6050799.688818004,-0.9430852209350488
2024-11-05 00:00:00+00:00,355437.56285888137,59145.01341769186,35543.756285889256,296292.5494411895,12,1,momentum_only,0.03210882668230641,6050799.688818004,-0.9412577541583905
2024-11-06 00:00:00+00:00,389524.6168154276,110004.09039810777,110004.09039810777,279520.52641731984,10,5,momentum_only,0.0959016646478632,6050799.688818004,-0.9356242749970262
2024-11-07 00:00:00+00:00,390854.0327184379,88842.72696798987,88842.72696798987,302011.305750448,13,3,momentum_only,0.0034129188390683574,6050799.688818004,-0.9354045658723849
2024-11-08 00:00:00+00:00,404248.96713066363,83833.79653501353,83833.79653501355,320415.1705956501,11,3,momentum_only,0.03427093822996352,6050799.688818004,-0.9331908197394596
2024-11-09 00:00:00+00:00,421377.32644233044,1.0986695997416973e-09,1.1059455573558807e-09,421377.32644232933,14,0,momentum_only,0.04237081774937601,6050799.688818004,-0.930360060138655
2024-11-10 00:00:00+00:00,441875.0475597135,79303.81676949325,79303.81676949322,362571.23079022026,12,4,momentum_only,0.048644575374864996,6050799.688818004,-0.9269724548349688
2024-11-11 00:00:00+00:00,473381.87267400284,36300.529066301664,36300.52906630165,437081.3436077012,15,1,momentum_only,0.0713025668416627,6050799.688818004,-0.9217654034145566
2024-11-12 00:00:00+00:00,456707.0936806397,148376.24365840555,148376.24365840555,308330.85002223414,11,4,momentum_only,-0.035224794095244816,6050799.688818004,-0.9245212009704034
2024-11-13 00:00:00+00:00,453633.5517862907,110388.14457842408,110388.14457842408,343245.4072078666,12,5,momentum_only,-0.006729787946972876,6050799.688818004,-0.9250291572823648
2024-11-14 00:00:00+00:00,444173.44848189835,86829.63650573125,86829.63650573125,357343.8119761671,14,2,momentum_only,-0.020854064403175054,6050799.688818004,-0.9265926040647586
2024-11-15 00:00:00+00:00,486231.7448287468,1.0913936421275139e-09,1.1059455573558807e-09,486231.7448287457,16,0,momentum_only,0.09468890247851558,6050799.688818004,-0.9196417383098447
2024-11-16 00:00:00+00:00,501935.33410977514,78137.36511264226,78137.36511264226,423797.96899713285,12,3,momentum_only,0.03229651179307358,6050799.688818004,-0.9170464467634978
2024-11-17 00:00:00+00:00,501791.81057698774,36673.5027407112,36673.5027407112,465118.30783627654,14,2,momentum_only,-0.00028594028559858486,6050799.688818004,-0.9170701665262017
2024-11-18 00:00:00+00:00,500480.11889956956,180510.0804370994,180510.08043709936,319970.03846247017,12,4,momentum_only,-0.0026140157128310415,6050799.688818004,-0.9172869464139647
2024-11-19 00:00:00+00:00,498453.2603164711,114590.60878259798,114590.60878259798,383862.6515338731,11,4,momentum_only,-0.004049828367918007,6050799.688818004,-0.9176219200847745
2024-11-20 00:00:00+00:00,491953.29291663814,93173.42047301156,93173.42047301155,398779.8724436266,13,3,momentum_only,-0.013040274620144121,6050799.688818004,-0.9186961528695492
2024-11-21 00:00:00+00:00,518431.3095192776,1.1059455573558807e-09,1.1059455573558807e-09,518431.3095192765,16,0,momentum_only,0.05382221642558682,6050799.688818004,-0.9143201996130612
2024-11-22 00:00:00+00:00,553122.3043825907,75618.11060658857,75618.11060658857,477504.1937760021,13,3,momentum_only,0.06691531592773736,6050799.688818004,-0.9085869087015438
2024-11-23 00:00:00+00:00,578067.2916578176,35141.46666415718,35141.46666415718,542925.8249936603,14,1,momentum_only,0.04509850186401554,6050799.688818004,-0.9044643152332249
2024-11-24 00:00:00+00:00,580694.0667267938,205724.28827149235,205724.28827149235,374969.77845530136,11,4,momentum_only,0.004544064517892021,6050799.688818004,-0.9040301949178837
2024-11-25 00:00:00+00:00,556888.503269446,167742.19789317402,167742.19789317402,389146.30537627195,11,4,momentum_only,-0.040995017551208934,6050799.688818004,-0.9079644787616111
2024-11-26 00:00:00+00:00,554229.6904201627,87840.42691153132,55422.96904201738,466389.26350863144,12,1,momentum_only,-0.00477440786382477,6050799.688818004,-0.9084038938779629
2024-11-27 00:00:00+00:00,576658.9456945936,32417.457869515027,32417.457869515027,544241.4878250785,13,2,momentum_only,0.04046924165579657,6050799.688818004,-0.9046970689245802
2024-11-28 00:00:00+00:00,579861.4395183102,77235.12695379167,77235.12695379165,502626.3125645186,12,2,momentum_only,0.005553531853839777,6050799.688818004,-0.9041678010610886
2024-11-29 00:00:00+00:00,615298.0208792737,35447.6646934685,35447.66469346848,579850.3561858052,13,2,momentum_only,0.06111215360414457,6050799.688818004,-0.8983112889993109
2024-11-30 00:00:00+00:00,615698.7776377404,229891.12916082348,229891.12916082345,385807.6484769169,11,5,momentum_only,0.0006513213838945653,6050799.688818004,-0.8982450569673355
2024-12-01 00:00:00+00:00,634240.6858312201,182603.07675648987,182603.07675648978,451637.6090747303,12,5,momentum_only,0.030115226579821686,6050799.688818004,-0.8951806838022899
2024-12-02 00:00:00+00:00,689331.3357198143,52039.3350221638,52039.3350221638,637292.0006976505,16,2,momentum_only,0.08686079452060658,6050799.688818004,-0.8860759947162501
2024-12-03 00:00:00+00:00,707851.7883013301,38123.92040619039,38123.92040619039,669727.8678951396,16,3,momentum_only,0.026867272125640884,6050799.688818004,-0.8830151674646487
2024-12-04 00:00:00+00:00,684866.8313095283,81792.72158021828,81792.72158021828,603074.10972931,17,4,momentum_only,-0.03247142604097952,6050799.688818004,-0.8868138318022367
2024-12-05 00:00:00+00:00,676382.7044879019,36934.26815166943,36934.268151669414,639448.4363362325,19,1,momentum_only,-0.012387994911950972,6050799.688818004,-0.8882159814779739
2024-12-06 00:00:00+00:00,699795.6563914401,280893.2476426204,279918.2625565771,418902.40874881967,15,4,momentum_only,0.034614947644565186,6050799.688818004,-0.8843465835293348
2024-12-07 00:00:00+00:00,694164.3171994201,198722.5796151905,138832.86343988508,495441.73758422956,14,2,momentum_only,-0.00804711938490521,6050799.688818004,-0.8852772603789464
2024-12-08 00:00:00+00:00,692844.3824824526,112975.54424589385,69284.43824824634,579868.8382365587,14,1,momentum_only,-0.001901473014765065,6050799.688818004,-0.8854954025725157
2024-12-09 00:00:00+00:00,613948.1413473287,86480.19687213708,86480.19687213708,527467.9444751915,12,5,momentum_only,-0.11387296069636832,6050799.688818004,-0.8985343800949291
2024-12-10 00:00:00+00:00,611670.3198070405,70846.88714750942,70846.88714750936,540823.4326595311,13,3,momentum_only,-0.0037101204269295307,6050799.688818004,-0.89891082976397
2024-12-11 00:00:00+00:00,655664.5735255382,29806.900830929175,1.0659277904778719e-09,625857.672694609,15,0,momentum_only,0.07192478087276855,6050799.688818004,-0.8916400133461335
2024-12-12 00:00:00+00:00,657101.3963676621,300266.7063219211,262840.5585470659,356834.6900457411,11,4,momentum_only,0.002191399230856872,6050799.688818004,-0.8914025533547246
2024-12-13 00:00:00+00:00,663441.5595771945,157131.77122857387,66344.1559577205,506309.78834862064,13,1,momentum_only,0.009648683208679287,6050799.688818004,-0.8903547309947729
2024-12-14 00:00:00+00:00,654630.6857340622,155680.31288930957,65463.068573407276,498950.3728447527,13,1,momentum_only,-0.01328055759537794,6050799.688818004,-0.8918108813048575
2024-12-15 00:00:00+00:00,670717.6126290644,176476.87746780307,176476.87746780302,494240.73516126134,9,3,momentum_only,0.024574049529870745,6050799.688818004,-0.88915223654345
2024-12-16 00:00:00+00:00,656017.0277246392,80136.67600216172,80136.6760021617,575880.3517224775,9,3,momentum_only,-0.021917696251932517,6050799.688818004,-0.8915817641530968
2024-12-17 00:00:00+00:00,647023.0106927127,1.0622898116707802e-09,1.0440999176353216e-09,647023.0106927117,12,0,momentum_only,-0.013710035946965737,6050799.688818004,-0.8930681820638644
2024-12-18 00:00:00+00:00,614826.4390985102,270671.0198165338,270671.0198165337,344155.4192819765,8,5,momentum_only,-0.04976109205101131,6050799.688818004,-0.8983892260993664
2024-12-19 00:00:00+00:00,573196.8531038022,60228.41912033219,60228.41912033218,512968.43398346996,12,3,momentum_only,-0.06770949221986522,6050799.688818004,-0.9052692400042459
2024-12-20 00:00:00+00:00,595760.7264303637,51534.7155657106,51534.71556571056,544226.0108646532,14,1,momentum_only,0.039364963719497936,6050799.688818004,-0.9015401670738925
2024-12-21 00:00:00+00:00,560331.3696519639,148032.86820193534,56033.13696519741,412298.50145002856,12,1,momentum_only,-0.05946910430078678,6050799.688818004,-0.9073954851476133
2024-12-22 00:00:00+00:00,568249.0233305127,153838.86689100094,56824.90233305228,414410.15643951175,10,1,momentum_only,0.014130305935694087,6050799.688818004,-0.9060869550217225
2024-12-23 00:00:00+00:00,612969.2923643461,97013.96455794966,61296.92923643562,515955.3278063964,11,1,momentum_only,0.07869836497338345,6050799.688818004,-0.8986961519322603
2024-12-24 00:00:00+00:00,620625.5693343375,316633.25582088175,310312.78466716973,303992.3135134558,7,5,momentum_only,0.012490473936238367,6050799.688818004,-0.8974308188583295
2024-12-25 00:00:00+00:00,607640.814817275,62864.32855398216,62864.328553982166,544776.4862632928,9,3,momentum_only,-0.02092204246594198,6050799.688818004,-0.8995767756218724
2024-12-26 00:00:00+00:00,565316.8232629631,53205.83682309902,1.0172698239330202e-09,512110.98643986403,11,0,momentum_only,-0.06965297676233162,6050799.688818004,-0.9065715521358806
2024-12-27 00:00:00+00:00,547170.7622711463,108553.81640614785,1.0172698239330202e-09,438616.9458649984,10,0,momentum_only,-0.03209892266619485,6050799.688818004,-0.9095705046586935
2024-12-28 00:00:00+00:00,557996.3526739953,170804.87667338102,1.0172698239330202e-09,387191.4760006143,9,0,momentum_only,0.01978466531712164,6050799.688818004,-0.9077813873585696
2024-12-29 00:00:00+00:00,545511.4746342885,225545.47846792682,109102.29492685871,319965.9961663616,8,2,momentum_only,-0.022374479653635038,6050799.688818004,-0.9098447308308018
2024-12-30 00:00:00+00:00,541871.0063327115,387770.2254370579,108374.20126654333,154100.7808956536,5,2,momentum_only,-0.006673495372425453,6050799.688818004,-0.9104463816024021
2024-12-31 00:00:00+00:00,535394.0696566042,326204.12537627044,53539.406965661445,209189.94428033382,4,1,momentum_only,-0.011952912409804228,6050799.688818004,-0.9115168081590896
2025-01-01 00:00:00+00:00,546845.1454328722,272664.71841061,109369.02908657547,274180.4270222623,5,2,momentum_only,0.02138812591557593,6050799.688818004,-0.9096243185105842
2025-01-02 00:00:00+00:00,558610.740891797,163295.68932403554,55861.07408918072,395315.05156776146,7,1,momentum_only,0.021515406248347135,6050799.688818004,-0.9076798490083682
2025-01-03 00:00:00+00:00,585980.9026885111,107434.61523485582,107434.6152348558,478546.28745365527,8,3,momentum_only,0.048996841258402535,6050799.688818004,-0.9031564532252794
2025-01-04 00:00:00+00:00,582301.4965961394,121382.24864121641,58230.14965961497,460919.247954923,9,1,momentum_only,-0.006279054616780799,6050799.688818004,-0.9037645391447606
2025-01-05 00:00:00+00:00,582086.7813880448,192066.97445364666,174626.03441641448,390019.8069343982,8,3,momentum_only,-0.00036873545637383653,6050799.688818004,-0.9038000245713385
2025-01-06 00:00:00+00:00,578551.3253437204,76101.68391568746,76101.68391568746,502449.6414280329,10,2,momentum_only,-0.006073761090904295,6050799.688818004,-0.904384320239043
2025-01-07 00:00:00+00:00,523901.157998068,114171.65795950484,114171.65795950481,409729.5000385632,10,5,momentum_only,-0.09446036151275672,6050799.688818004,-0.913416211915551
2025-01-08 00:00:00+00:00,509610.2140499823,43064.57241714107,43064.572417141055,466545.64163284126,14,2,momentum_only,-0.027277939225586523,6050799.688818004,-0.9157780392248397
2025-01-09 00:00:00+00:00,490090.34331302834,102177.76746901887,98018.0686626067,387912.57584400947,13,2,momentum_only,-0.03830353120638097,6050799.688818004,-0.9190040377276536
2025-01-10 00:00:00+00:00,500537.33337647864,54411.42630472247,54411.42630472247,446125.90707175614,14,5,momentum_only,0.02131645768171686,6050799.688818004,-0.9172774907254853
2025-01-11 00:00:00+00:00,501539.7079226149,131703.78790460597,100307.94158452403,369835.9200180089,16,2,momentum_only,0.0020025969678916233,6050799.688818004,-0.9171118308792356
2025-01-12 00:00:00+00:00,485489.7768073726,90828.05566767926,48548.97768073831,394661.7211396933,16,1,momentum_only,-0.03200131686825225,6050799.688818004,-0.9197643614438985
2025-01-13 00:00:00+00:00,473006.05913662293,148719.34105460628,47300.60591366334,324286.7180820167,12,1,momentum_only,-0.025713657150195357,6050799.688818004,-0.9218275131449571
2025-01-14 00:00:00+00:00,480773.7075970954,141288.76838930606,48077.37075971059,339484.9392077894,11,1,momentum_only,0.01642187940393569,6050799.688818004,-0.9205437739931178
2025-01-15 00:00:00+00:00,504496.0856652088,189342.87100479333,189342.87100479333,315153.2146604155,10,5,momentum_only,0.0493420869179344,6050799.688818004,-0.9166232379833152
2025-01-16 00:00:00+00:00,508239.1542574147,58994.586807464206,58994.58680746419,449244.5674499505,10,3,momentum_only,0.007419420484245043,6050799.688818004,-0.9160046307272987
2025-01-17 00:00:00+00:00,524477.7470161241,100876.88389378248,100876.88389378245,423600.86312234163,11,2,momentum_only,0.03195069215482915,6050799.688818004,-0.9133209205412354
2025-01-18 00:00:00+00:00,511074.91028165334,47485.38825843973,47485.38825843972,463589.5220232136,12,1,momentum_only,-0.025554633748948508,6050799.688818004,-0.9155359726705001
2025-01-19 00:00:00+00:00,473447.3924463028,55147.9540544385,47344.73924463136,418299.4383918643,12,1,momentum_only,-0.07362427127290205,6050799.688818004,-0.921754575131409
2025-01-20 00:00:00+00:00,483630.1540451217,56070.571744172616,56070.5717441726,427559.5823009491,12,2,momentum_only,0.021507693909146974,6050799.688818004,-0.9200716964835443
2025-01-21 00:00:00+00:00,491312.60192248935,186836.51448800662,186836.5144880066,304476.08743448276,9,5,momentum_only,0.01588496460179556,6050799.688818004,-0.9188020382115037
2025-01-22 00:00:00+00:00,476131.13717586047,59960.44774081701,59960.44774081701,416170.68943504343,11,2,momentum_only,-0.030899807347143815,6050799.688818004,-0.9213110395877491
2025-01-23 00:00:00+00:00,474168.5305438646,81783.46375208537,81783.46375208537,392385.0667917792,11,2,momentum_only,-0.004121987576021446,6050799.688818004,-0.9216353945049384
2025-01-24 00:00:00+00:00,479764.4336107518,50365.88367624634,47976.443361076264,429398.5499345055,12,1,momentum_only,0.011801506650955584,6050799.688818004,-0.9207105740919889
2025-01-25 00:00:00+00:00,475989.18536699493,49330.84613496219,1.076841726899147e-09,426658.33923203277,12,0,momentum_only,-0.00786896230582168,6050799.688818004,-0.9213344995957092
2025-01-26 00:00:00+00:00,460415.741401777,104265.13836605268,1.076841726899147e-09,356150.6030357244,10,0,momentum_only,-0.032718062603062203,6050799.688818004,-0.9239082823626381
2025-01-27 00:00:00+00:00,457088.8705564071,278792.2047031477,182835.54822256393,178296.6658532594,5,4,momentum_only,-0.007225797352716445,6050799.688818004,-0.9244581056945058
2025-01-28 00:00:00+00:00,444312.8091878614,152156.65670395634,88862.56183757338,292156.152483905,7,2,momentum_only,-0.027950935127765364,6050799.688818004,-0.9265695722816671
2025-01-29 00:00:00+00:00,452088.71413680085,137242.29956628644,137242.2995662864,314846.4145705144,7,4,momentum_only,0.017500969560505508,6050799.688818004,-0.9252844686013537
2025-01-30 00:00:00+00:00,469479.1194047792,44963.145970290294,44963.145970290294,424515.97343448893,10,4,momentum_only,0.03846679805131359,6050799.688818004,-0.9224104013437454
2025-01-31 00:00:00+00:00,454457.9530191801,1.0786607163026929e-09,1.0791154636535794e-09,454457.953019179,14,0,momentum_only,-0.031995387578990564,6050799.688818004,-0.9248929106248506
2025-02-01 00:00:00+00:00,418547.83482061984,1.0786607163026929e-09,1.0791154636535794e-09,418547.83482061874,14,0,momentum_only,-0.07901747116535707,6050799.688818004,-0.9308276828938653
2025-02-02 00:00:00+00:00,395349.9216420549,173913.68576149913,158139.96865682307,221436.23588055582,10,4,momentum_only,-0.05542475972550909,6050799.688818004,-0.9346615419491295
2025-02-03 00:00:00+00:00,409835.8127145661,92864.4841388978,81967.1625429143,316971.32857566833,12,2,momentum_only,0.036640682796508894,6050799.688818004,-0.9322674962332747
2025-02-04 00:00:00+00:00,395609.4023438485,124065.94931748335,118682.82070315562,271543.45302636514,10,3,momentum_only,-0.034712462721323334,6050799.688818004,-0.934618658245299
2025-02-05 00:00:00+00:00,381935.56470647786,46509.11075529719,38193.556470648866,335426.4539511807,9,1,momentum_only,-0.0345639854774884,6050799.688818004,-0.9368784979922071
2025-02-06 00:00:00+00:00,368803.8843063667,8315.554284649399,1.076841726899147e-09,360488.3300217173,10,0,momentum_only,-0.03438192620318836,6050799.688818004,-0.9390487368160735
2025-02-07 00:00:00+00:00,364718.3171960302,8315.554284649399,1.076841726899147e-09,356402.76291138085,10,0,momentum_only,-0.011077885250640573,6050799.688818004,-0.9397239479155066
2025-02-08 00:00:00+00:00,365895.2664112492,151475.62863833917,109768.57992337583,214419.63777291,6,3,momentum_only,0.003227008789323804,6050799.688818004,-0.9395294365656442
2025-02-09 00:00:00+00:00,357980.4448364747,115973.69084325372,1.076841726899147e-09,242006.753993221,7,0,momentum_only,-0.021631385539376047,6050799.688818004,-0.9408374986370761
2025-02-10 00:00:00+00:00,359662.38966259535,211590.84491307964,107898.71689877969,148071.54474951568,4,3,momentum_only,0.00469842654921826,6050799.688818004,-0.9405595279699543
2025-02-11 00:00:00+00:00,352542.5759557693,143624.03052412477,70508.51519115493,208918.54543164448,6,2,momentum_only,-0.01979582494990728,6050799.688818004,-0.941736201149201
2025-02-12 00:00:00+00:00,357018.15320072684,73115.51533297091,71403.63064014644,283902.63786775596,8,2,momentum_only,0.012695139680147571,6050799.688818004,-0.9409965340844941
2025-02-13 00:00:00+00:00,343825.78677876113,1711.8846928255443,1711.8846928255443,342113.9020859356,10,1,momentum_only,-0.03695152838502458,6050799.688818004,-0.9431768023300857
2025-02-14 00:00:00+00:00,355646.09985794174,105273.92949738694,71129.21997158942,250372.17036055482,8,2,momentum_only,0.034378785808717005,6050799.688818004,-0.9412232897884254
2025-02-15 00:00:00+00:00,351913.24172593554,34144.709525798586,1.076841726899147e-09,317768.532200137,10,0,momentum_only,-0.01049599063084694,6050799.688818004,-0.9418402095881181
2025-02-16 00:00:00+00:00,348455.28556677257,136496.84936731894,34845.528556678335,211958.43619945363,7,1,momentum_only,-0.009826160965707542,6050799.688818004,-0.942411697050437
2025-02-17 00:00:00+00:00,349644.0125476513,177279.30274297253,69928.80250953132,172364.70980467874,6,2,momentum_only,0.003411418997261606,6050799.688818004,-0.9422152392197348
2025-02-18 00:00:00+00:00,350876.95319923904,172209.3709600812,35087.69531992498,178667.58223915784,6,1,momentum_only,0.003526274174135091,6050799.688818004,-0.9420114743101368
2025-02-19 00:00:00+00:00,356263.1861072754,138773.2710341191,35626.31861072862,217489.9150731563,6,1,momentum_only,0.015350774278349189,6050799.688818004,-0.9411213055415375
2025-02-20 00:00:00+00:00,365218.78596077365,181455.96137861285,73043.75719215581,183762.8245821608,5,2,momentum_only,0.025137595470786422,6050799.688818004,-0.9396412367383926
2025-02-21 00:00:00+00:00,359070.1934073658,108412.2041864581,71814.03868147424,250657.9892209077,7,2,momentum_only,-0.016835367702219495,6050799.688818004,-0.940657398711953
2025-02-22 00:00:00+00:00,366218.0127062724,71996.9973120288,71996.99731202878,294221.01539424364,8,5,momentum_only,0.0199064679556884,6050799.688818004,-0.9394760971210052
2025-02-23 00:00:00+00:00,362462.3807895572,71281.64335372625,36246.238078956805,291180.73743583093,11,1,momentum_only,-0.010255180756844617,6050799.688818004,-0.940096780685139
2025-02-24 00:00:00+00:00,344096.1675399812,75998.95007222124,34409.6167539992,268097.21746775997,11,1,momentum_only,-0.05067067431816952,6050799.688818004,-0.9431321172016522
2025-02-25 00:00:00+00:00,354458.44527942804,69515.97517934116,69515.97517934116,284942.4701000869,11,2,momentum_only,0.030114481697163464,6050799.688818004,-0.941419570385965
2025-02-26 00:00:00+00:00,367531.9578954192,61763.27968903572,61763.27968903573,305768.6782063835,11,2,momentum_only,0.03688306144232234,6050799.688818004,-0.9392589448011929
2025-02-27 00:00:00+00:00,360231.15457529936,91979.17392468682,91979.1739246868,268251.98065061256,11,3,momentum_only,-0.019864404069583785,6050799.688818004,-0.9404655296652749
2025-02-28 00:00:00+00:00,367116.4091228015,67542.37137935942,67542.37137935942,299574.03774344205,9,3,momentum_only,0.019113434415797936,6050799.688818004,-0.9393276214710529
2025-03-01 00:00:00+00:00,355418.1629831258,32063.351358595843,32063.35135859583,323354.81162452995,11,2,momentum_only,-0.03186522271676129,6050799.688818004,-0.9412609603256334
2025-03-02 00:00:00+00:00,370203.4552222664,39492.830037107575,39492.83003710757,330710.6251851588,12,5,momentum_only,0.041599709241203264,6050799.688818004,-0.9388174333540723
2025-03-03 00:00:00+00:00,325776.23811724834,72780.07171997517,65155.247623450756,252996.1663972732,15,2,momentum_only,-0.12000757010315954,6050799.688818004,-0.9461598045099247
2025-03-04 00:00:00+00:00,321008.2466887972,57226.17373446667,57226.17373446666,263782.07295433054,15,2,momentum_only,-0.014635786379039506,6050799.688818004,-0.9469477981097232
2025-03-05 00:00:00+00:00,323304.3139674207,82973.88314380957,82973.88314380957,240330.43082361115,14,3,momentum_only,0.007152673809185606,6050799.688818004,-0.946568333014743
2025-03-06 00:00:00+00:00,311828.3356780546,56065.88001344788,31182.83356780655,255762.4556646067,14,1,momentum_only,-0.035495902137954616,6050799.688818004,-0.9484649382371194
2025-03-07 00:00:00+00:00,307758.011571517,54103.12908706493,54103.12908706494,253654.88248445204,13,2,momentum_only,-0.013053092489772933,6050799.688818004,-0.9491376301647765
2025-03-08 00:00:00+00:00,309102.377697595,32561.488320195782,32561.488320195756,276540.88937739923,10,3,momentum_only,0.0043682571225789335,6050799.688818004,-0.9489154502554725
2025-03-09 00:00:00+00:00,285958.75648200803,58215.25931697321,28595.875648201894,227743.49716503482,11,1,momentum_only,-0.07487364344453251,6050799.688818004,-0.9527403366185687
2025-03-10 00:00:00+00:00,277977.97975456243,76970.35158223133,1.0913936421275139e-09,201007.62817233108,10,0,momentum_only,-0.02790883841302383,6050799.688818004,-0.954059298927335
2025-03-11 00:00:00+00:00,289637.51905954507,153795.23859704967,57927.50381191011,135842.2804624954,7,2,momentum_only,0.04194411123959285,6050799.688818004,-0.9521323570511182
2025-03-12 00:00:00+00:00,290986.70738541125,121377.40978125535,58197.34147708335,169609.29760415593,8,2,momentum_only,0.004658195976291246,6050799.688818004,-0.9519093801893392
2025-03-13 00:00:00+00:00,287077.1905009245,112222.39346598867,1.0913936421275139e-09,174854.7970349358,8,0,momentum_only,-0.01343537964195951,6050799.688818004,-0.9525554959237126
2025-03-14 00:00:00+00:00,296913.6815452613,139713.3512997168,29691.368154527223,157200.33024554452,5,1,momentum_only,0.034264272362332315,6050799.688818004,-0.9509298445139469
2025-03-15 00:00:00+00:00,296450.6193640522,138087.82619339845,59290.123872811535,158362.79317065372,5,2,momentum_only,-0.0015595851925688242,6050799.688818004,-0.9510063736018399
2025-03-16 00:00:00+00:00,295731.32070339465,78797.702320588,59146.264140680025,216933.61838280666,7,2,momentum_only,-0.0024263692287119776,6050799.688818004,-0.9511252502293355
2025-03-17 00:00:00+00:00,310098.36221507844,78029.06329528095,62019.67244301678,232069.2989197975,7,2,momentum_only,0.048581399756751686,6050799.688818004,-0.9487508464727156
2025-03-18 00:00:00+00:00,301559.0272605975,77996.16263578256,77996.16263578256,223562.86462481495,7,3,momentum_only,-0.027537504208287933,6050799.688818004,-0.9501621202536444
2025-03-19 00:00:00+00:00,303968.9037566699,1.0913936421275139e-09,1.0950316209346056e-09,303968.9037566688,10,0,momentum_only,0.007991392325290558,6050799.688818004,-0.9497638462039306
2025-03-20 00:00:00+00:00,304316.7781329567,30844.05014378916,30844.05014378915,273472.72798916756,9,2,momentum_only,0.0011444406713565503,6050799.688818004,-0.9497063539063539
2025-03-21 00:00:00+00:00,266098.4125001053,23866.752890707987,23866.752890707983,242231.6596093973,9,1,momentum_only,-0.1255874417024544,6050799.688818004,-0.9560226042531436
2025-03-22 00:00:00+00:00,250703.354945997,60092.85892860996,1.0950316209346056e-09,190610.49601738705,8,0,momentum_only,-0.057854751591583375,6050799.688818004,-0.9585669055597227
2025-03-23 00:00:00+00:00,241653.44299283152,124403.72286729835,124403.72286729833,117249.72012553319,6,7,momentum_only,-0.0360980887356489,6050799.688818004,-0.9600625610794203
2025-03-24 00:00:00+00:00,242825.8779676182,78790.25443154015,78790.25443154016,164035.62353607806,10,6,momentum_only,0.004851720547683014,6050799.688818004,-0.9598687957863875
2025-03-25 00:00:00+00:00,242512.27230571065,1.0968506103381515e-09,1.1114025255665183e-09,242512.27230570954,16,0,momentum_only,-0.001291483694128237,6050799.688818004,-0.9599206245822551
2025-03-26 00:00:00+00:00,239657.41193273175,14770.926692639157,14770.926692639157,224886.4852400926,14,3,momentum_only,-0.01177202434266944,6050799.688818004,-0.9603924399653118
2025-03-27 00:00:00+00:00,242430.95831287742,21925.858662879218,21925.85866287921,220505.0996499982,16,2,momentum_only,0.011572963079999221,6050799.688818004,-0.9599340631353415
2025-03-28 00:00:00+00:00,226254.5410865117,1.11504050437361e-09,1.1095835361629725e-09,226254.54108651058,18,0,momentum_only,-0.06672587254920104,6050799.688818004,-0.962607497732137
2025-03-29 00:00:00+00:00,220633.19694847974,110576.22541832076,110316.59847424098,110056.97153015897,11,5,momentum_only,-0.02484522127616673,6050799.688818004,-0.9635365227250516
2025-03-30 00:00:00+00:00,218266.74372252534,77668.36038466042,77668.36038466044,140598.3833378649,10,8,momentum_only,-0.010725735105524437,6050799.688818004,-0.9639276203233291
2025-03-31 00:00:00+00:00,218354.2755158245,1.1095835361629725e-09,1.1305019143037498e-09,218354.2755158234,18,0,momentum_only,0.000401031287709408,6050799.688818004,-0.9639131541704566
2025-04-01 00:00:00+00:00,224366.21395714293,12318.338433972862,12318.33843397285,212047.87552317008,15,3,momentum_only,0.027532954997635084,6050799.688818004,-0.9629195766682251
2025-04-02 00:00:00+00:00,212150.59826084916,19596.758808560357,19596.758808560353,192553.8394522888,16,2,momentum_only,-0.05444498741966164,6050799.688818004,-0.9649384198500394
2025-04-03 00:00:00+00:00,213979.06633780804,1.1332303984090686e-09,1.1295924196019769e-09,213979.0663378069,18,0,momentum_only,0.008618726941842958,6050799.688818004,-0.9646362336645773
2025-04-04 00:00:00+00:00,214251.4534451018,104552.37908810156,21425.145344511307,109699.07435700024,13,1,momentum_only,0.0012729614721458393,6050799.688818004,-0.9645912169525224
2025-04-05 00:00:00+00:00,213019.7332173683,158005.95249175033,149113.813252159,55013.78072561798,6,7,momentum_only,-0.005748946893604612,6050799.688818004,-0.9647947801658295
2025-04-06 00:00:00+00:00,194080.41620887961,8892.1392395925,1.1496013030409813e-09,185188.2769692871,13,0,momentum_only,-0.08890874437985874,6050799.688818004,-0.9679248320569025
2025-04-07 00:00:00+00:00,199781.71284778713,21131.051318173573,19978.171284779863,178650.66152961357,10,1,momentum_only,0.02937595018742889,6050799.688818004,-0.9669825935211527
2025-04-08 00:00:00+00:00,190179.12310212437,19359.623763789758,19017.91231021359,170819.49933833463,9,1,momentum_only,-0.04806540903460432,6050799.688818004,-0.9685695886688203
2025-04-09 00:00:00+00:00,218139.44628409768,341.7114535773144,341.7114535773144,217797.73483052035,10,2,momentum_only,0.14702099118923195,6050799.688818004,-0.963948658441425
2025-04-10 00:00:00+00:00,210046.23938361596,20834.926584063956,20834.926584063956,189211.312799552,11,1,momentum_only,-0.03710107015647868,6050799.688818004,-0.9652862017938247
2025-04-11 00:00:00+00:00,223907.35581945453,152160.56340130625,134344.41349167388,71746.79241814828,5,6,momentum_only,0.06599078601223352,6050799.688818004,-0.9629954109647292
2025-04-12 00:00:00+00:00,232969.50008470422,17816.149909633532,17816.149909633532,215153.3501750707,11,3,momentum_only,0.04047274030852677,6050799.688818004,-0.9614977338424809
2025-04-13 00:00:00+00:00,220265.83207388222,18241.621221911533,18241.621221911533,202024.21085197068,13,1,momentum_only,-0.054529318242100944,6050799.688818004,-0.9635972361668264
2025-04-14 00:00:00+00:00,219785.0638227698,29404.90032429222,21978.506382278145,190380.16349847757,13,1,momentum_only,-0.0021826728484659608,6050799.688818004,-0.9636766914910542
2025-04-15 00:00:00+00:00,214885.0349998366,7671.228449116039,7671.228449116039,207213.80655072053,12,1,momentum_only,-0.022294639761710533,6050799.688818004,-0.9644865065692146
2025-04-16 00:00:00+00:00,216326.09146991963,19915.98428311219,19915.984283112186,196410.10718680744,12,2,momentum_only,0.006706174164637035,6050799.688818004,-0.9642483468970731
2025-04-17 00:00:00+00:00,215824.83437173453,134184.16410477358,107912.41718586843,81640.67026696097,8,5,momentum_only,-0.0023171365727504556,6050799.688818004,-0.9643311883600141
2025-04-18 00:00:00+00:00,212328.31892189116,43100.15575310474,43100.15575310474,169228.1631687864,10,3,momentum_only,-0.016200709524562873,6050799.688818004,-0.9649090484164798
2025-04-19 00:00:00+00:00,216351.7012493272,18560.02926778377,18560.02926778377,197791.67198154342,12,2,momentum_only,0.01894887289582936,6050799.688818004,-0.96424411443513
2025-04-20 00:00:00+00:00,217917.08918480756,18330.59224825562,18330.592248255616,199586.49693655194,13,2,momentum_only,0.007235385376870074,6050799.688818004,-0.9639854068235769
2025-04-21 00:00:00+00:00,218638.20809648052,7440.632098917607,7440.632098917607,211197.5759975629,14,2,momentum_only,0.003309143465391129,6050799.688818004,-0.9638662293679084
2025-04-22 00:00:00+00:00,232199.91075786462,15411.689675181631,15411.689675181631,216788.22108268298,14,1,momentum_only,0.06202805438013659,6050799.688818004,-0.9616249218781817
2025-04-23 00:00:00+00:00,231429.54332079482,117117.64512474,117117.64512474001,114311.89819605481,10,6,momentum_only,-0.003317690495898251,6050799.688818004,-0.9617522385101458
2025-04-24 00:00:00+00:00,235365.46642962194,50238.50553797025,50238.50553797025,185126.9608916517,13,3,momentum_only,0.01700700374010311,6050799.688818004,-0.9611017586874373
2025-04-25 00:00:00+00:00,242668.65226096386,22388.5371777469,22388.537177746904,220280.11508321695,14,3,momentum_only,0.031029130747716183,6050799.688818004,-0.9598947800718935
2025-04-26 00:00:00+00:00,244764.2266271129,19578.498720254443,19578.49872025443,225185.72790685846,15,1,momentum_only,0.00863553799233796,6050799.688818004,-0.9595484499215133
2025-04-27 00:00:00+00:00,239190.68535040412,7218.993701226591,7218.993701226591,231971.69164917752,14,2,momentum_only,-0.02277106157837272,6050799.688818004,-0.9604695746592912
2025-04-28 00:00:00+00:00,245986.38274887836,15094.490213873643,15094.490213873643,230891.8925350047,15,1,momentum_only,0.028411212537473363,6050799.688818004,-0.9593464673432396
2025-04-29 00:00:00+00:00,242853.58791634112,130608.84657040992,97141.43516653765,112244.7413459312,10,4,momentum_only,-0.012735643321099777,6050799.688818004,-0.9598642162348988
2025-04-30 00:00:00+00:00,243539.92723739406,83100.94553308893,83100.94553308893,160438.98170430513,11,4,momentum_only,0.002826144455767121,6050799.688818004,-0.9597507867121332
2025-05-01 00:00:00+00:00,244418.8546790842,22624.64049047653,22624.64049047653,221794.21418860767,12,2,momentum_only,0.00360896651181708,6050799.688818004,-0.9596055286492503
2025-05-02 00:00:00+00:00,243313.59723676895,19110.2224776379,19110.2224776379,224203.37475913105,13,1,momentum_only,-0.004521981103980055,6050799.688818004,-0.9597881916854036
2025-05-03 00:00:00+00:00,231447.2474572123,6575.746483455459,6575.746483455459,224871.50097375683,12,4,momentum_only,-0.048769776594151826,6050799.688818004,-0.9617493125933534
2025-05-04 00:00:00+00:00,229534.68615532422,14429.475682083066,14429.475682083052,215105.21047324117,15,1,momentum_only,-0.008263486919375285,6050799.688818004,-0.9620653966483953
2025-05-05 00:00:00+00:00,231741.0073816753,90479.0645385934,69522.30221450378,141261.9428430819,12,3,momentum_only,0.009612147354749245,6050799.688818004,-0.9617007636511357
2025-05-06 00:00:00+00:00,221745.1854767559,102636.34185456269,88698.07419070356,119108.8436221932,11,4,momentum_only,-0.043133591321869,6050799.688818004,-0.9633527472597473
2025-05-07 00:00:00+00:00,218564.70252927535,34239.221868550754,1.2005330063402653e-09,184325.4806607246,13,0,momentum_only,-0.01434296280499825,6050799.688818004,-0.9638783774427061
2025-05-08 00:00:00+00:00,243728.14482733334,52860.51166203706,24372.814482734535,190867.63316529628,12,1,momentum_only,0.11513040306536926,6050799.688818004,-0.9597196804783097
2025-05-09 00:00:00+00:00,251226.440798954,36028.57952862985,36028.57952862984,215197.86127032415,9,4,momentum_only,0.03076499834244717,6050799.688818004,-0.9584804565149917
2025-05-10 00:00:00+00:00,271229.88316496694,18829.948351727835,18829.948351727835,252399.9348132391,12,3,momentum_only,0.07962315711036516,6050799.688818004,-0.9551745393809342
2025-05-11 00:00:00+00:00,263919.01786847576,70628.13306966834,70628.13306966834,193290.8847988074,12,3,momentum_only,-0.026954497827382018,6050799.688818004,-0.9563827871618023
2025-05-12 00:00:00+00:00,263562.67792592134,114316.74001077471,105425.07117036973,149245.93791514664,11,4,momentum_only,-0.0013501866801126639,6050799.688818004,-0.9564416785416
2025-05-13 00:00:00+00:00,281225.664350299,8891.668840406164,8891.668840406164,272333.9955098928,15,2,momentum_only,0.06701626559334817,6050799.688818004,-0.9535225625019434
2025-05-14 00:00:00+00:00,270854.9094973151,24054.68313866923,24054.68313866923,246800.2263586459,16,3,momentum_only,-0.03687698587873511,6050799.688818004,-0.9552365103082391
2025-05-15 00:00:00+00:00,249481.98813661392,37972.60284677486,37972.60284677485,211509.38528983906,15,6,momentum_only,-0.07890911558652425,6050799.688818004,-0.9587687576903824
2025-05-16 00:00:00+00:00,244980.58141211633,16402.07532923357,16402.07532923357,228578.50608288276,18,1,momentum_only,-0.018043012876876152,6050799.688818004,-0.9595126935263044
2025-05-17 00:00:00+00:00,235487.62389432406,65355.24856617565,1.1932570487260818e-09,170132.3753281484,16,0,momentum_only,-0.038749836673066085,6050799.688818004,-0.9610815700394925
2025-05-18 00:00:00+00:00,243119.79465449043,157045.81833861733,72935.93839634833,86073.9763158731,12,3,momentum_only,0.032410071637528404,6050799.688818004,-0.9598202209364524
2025-05-19 00:00:00+00:00,238184.5558772948,92392.63801376573,71455.36676318964,145791.91786352906,13,3,momentum_only,-0.020299617249222135,6050799.688818004,-0.9606358550726006
2025-05-20 00:00:00+00:00,234656.93461699545,42778.81521506573,42778.815215065726,191878.11940192973,13,3,momentum_only,-0.014810453378499733,6050799.688818004,-0.9612188559058324
2025-05-21 00:00:00+00:00,245329.26867682824,38253.25174490271,38253.2517449027,207076.01693192552,10,5,momentum_only,0.045480582439432427,6050799.688818004,-0.9594550668847621
2025-05-22 00:00:00+00:00,260130.9597560566,18081.783994327525,1.1996235116384923e-09,242049.17576172907,14,0,momentum_only,0.06033397954944619,6050799.688818004,-0.9570088297193536
2025-05-23 00:00:00+00:00,240598.74451641695,18081.783994327525,1.1996235116384923e-09,222516.96052208942,14,0,momentum_only,-0.0750860845550888,6050799.688818004,-0.9602368683661685
2025-05-24 00:00:00+00:00,240864.02548103093,87736.54981452308,48172.80509620739,153127.47566650785,11,2,momentum_only,0.0011025866537548445,6050799.688818004,-0.9601930260679176
2025-05-25 00:00:00+00:00,243099.44980298437,112361.54069235228,72929.83494089652,130737.90911063208,10,3,momentum_only,0.00928085594139283,6050799.688818004,-0.9598235832773911
2025-05-26 00:00:00+00:00,240373.62349466633,82591.17548523663,48074.72469893447,157782.4480094297,10,2,momentum_only,-0.011212803280826522,6050799.688818004,-0.9602740735346302
2025-05-27 00:00:00+00:00,242706.9521827948,72349.80914698372,72349.80914698374,170357.14303581108,7,4,momentum_only,0.009707091211612173,6050799.688818004,-0.9598884503429651
2025-05-28 00:00:00+00:00,241636.0740876175,1.178705133497715e-09,1.1968950275331736e-09,241636.07408761635,11,0,momentum_only,-0.004412226701980715,6050799.688818004,-0.9600654315934197
2025-05-29 00:00:00+00:00,232981.52718850697,1.178705133497715e-09,1.1968950275331736e-09,232981.5271885058,11,0,momentum_only,-0.035816452207266036,6050799.688818004,-0.9614957461541718
2025-05-30 00:00:00+00:00,218586.80800913833,46813.30980126771,46813.309801267715,171773.4982078706,9,4,momentum_only,-0.06178480909227524,6050799.688818004,-0.9638747241272767
2025-05-31 00:00:00+00:00,206306.6838420653,59883.99354216331,20630.668384207733,146422.690299902,10,1,momentum_only,-0.05617962162913159,6050799.688818004,-0.9659042284570544
2025-06-01 00:00:00+00:00,207510.95283596948,85878.85440007999,20751.09528359815,121632.0984358895,9,1,momentum_only,0.005837275707587297,6050799.688818004,-0.9657052020380953
2025-06-02 00:00:00+00:00,205755.03873311274,131210.35108276815,41151.00774662375,74544.68765034461,6,2,momentum_only,-0.008461789986790369,6050799.688818004,-0.9659953974160883
2025-06-03 00:00:00+00:00,206044.47346883445,90059.3433361456,20604.447346884648,115985.13013268885,8,1,momentum_only,0.0014066957363660926,6050799.688818004,-0.9659475632866167
2025-06-04 00:00:00+00:00,205348.65475821364,69454.89598926215,69454.89598926216,135893.7587689515,9,5,momentum_only,-0.003377031661691454,6050799.688818004,-0.9660625594435556
2025-06-05 00:00:00+00:00,194106.94830570824,35858.18071498024,19410.69483057203,158248.767590728,10,1,momentum_only,-0.054744485498294915,6050799.688818004,-0.967920447165947
2025-06-06 00:00:00+00:00,197411.21270408877,33329.63629432669,33329.63629432669,164081.57640976208,10,3,momentum_only,0.01702290632675596,6050799.688818004,-0.9673743599430488
2025-06-07 00:00:00+00:00,201937.88537260456,20123.470476326533,20123.470476326533,181814.41489627803,12,1,momentum_only,0.022930170006610018,6050799.688818004,-0.9666262484699684
2025-06-08 00:00:00+00:00,201415.23777477513,40941.41422842386,40941.41422842384,160473.82354635128,11,3,momentum_only,-0.0025881602001777138,6050799.688818004,-0.966712625085409
2025-06-09 00:00:00+00:00,212611.60152445303,19582.64139876733,19582.64139876733,193028.9601256857,13,1,momentum_only,0.05558846427596409,6050799.688818004,-0.9648622310341287
2025-06-10 00:00:00+00:00,218309.38072378273,71827.59067530953,71827.59067530953,146481.7900484732,9,5,momentum_only,0.026799004186393693,6050799.688818004,-0.9639205738165117
2025-06-11 00:00:00+00:00,211746.62680337531,20537.052171601877,20537.052171601877,191209.57463177343,13,1,momentum_only,-0.030061712871198076,6050799.688818004,-0.9650051831669973
2025-06-12 00:00:00+00:00,201953.19916785308,33111.051575737074,20195.319916786502,168842.147592116,11,1,momentum_only,-0.046250690192180755,6050799.688818004,-0.9666237175986727
2025-06-13 00:00:00+00:00,201121.1791999352,32504.90466508142,20112.117919994715,168616.2745348538,11,1,momentum_only,-0.004119865252673494,6050799.688818004,-0.9667612233848013
2025-06-14 00:00:00+00:00,196966.72076035803,56262.98462502893,19696.672076036997,140703.7361353291,9,1,momentum_only,-0.020656494040576456,6050799.688818004,-0.9674478199758693
2025-06-15 00:00:00+00:00,196963.4553592421,57399.6902300144,19696.345535925404,139563.76512922772,9,1,momentum_only,-1.6578440780845582e-05,6050799.688818004,-0.9674483596402581
2025-06-16 00:00:00+00:00,196524.7353742508,100988.94976530345,1.1932570487260818e-09,95535.78560894736,5,0,momentum_only,-0.002227418198929909,6050799.688818004,-0.9675208657564004
2025-06-17 00:00:00+00:00,194610.3913976319,119632.97641778819,19461.039139764383,74977.41497984371,4,1,momentum_only,-0.00974098233982268,6050799.688818004,-0.96783724442948
2025-06-18 00:00:00+00:00,194380.6985588278,117745.16044227168,1.1932570487260818e-09,76635.53811655614,4,0,momentum_only,-0.0011802701651978387,6050799.688818004,-0.9678752051703104
2025-06-19 00:00:00+00:00,195933.21151743436,135753.78471479358,58779.9634552315,60179.42680264078,3,3,momentum_only,0.007986970774964686,6050799.688818004,-0.967618625372854
2025-06-20 00:00:00+00:00,192316.14547811978,95219.19970326484,19231.614547813173,97096.94577485495,5,1,momentum_only,-0.018460709194228264,6050799.688818004,-0.968216408513155
2025-06-21 00:00:00+00:00,190201.9478405207,95321.34448888937,38040.38956810533,94880.60335163135,5,2,momentum_only,-0.010993344486719736,6050799.688818004,-0.9685658164833951
2025-06-22 00:00:00+00:00,186113.33766864275,57280.954920785225,1.1932570487260818e-09,128832.38274785751,7,0,momentum_only,-0.02149615300105201,6050799.688818004,-0.9692415305017312
2025-06-23 00:00:00+00:00,196614.3316719658,76356.61521008027,19661.433167197774,120257.71646188553,6,1,momentum_only,0.05642257634441594,6050799.688818004,-0.9675060584082278
2025-06-24 00:00:00+00:00,203646.07385081128,56695.182042883695,20364.607385082323,146950.8918079276,7,1,momentum_only,0.03576413844834736,6050799.688818004,-0.9663439405824071
2025-06-25 00:00:00+00:00,201185.4989819656,95347.73891972355,95347.73891972355,105837.76006224203,5,6,momentum_only,-0.012082604011547371,6050799.688818004,-0.966750593420939
2025-06-26 00:00:00+00:00,196779.6442798307,19841.51460794754,1.1896190699189901e-09,176938.12967188316,10,0,momentum_only,-0.02189946454604974,6050799.688818004,-0.9674787376214944
2025-06-27 00:00:00+00:00,200116.0676241176,62591.39701941314,62591.39701941314,137524.67060470444,8,4,momentum_only,0.016955124380356734,6050799.688818004,-0.9669273355728606
2025-06-28 00:00:00+00:00,205731.58357639203,1.1859810911118984e-09,1.1859810911118984e-09,205731.58357639084,12,0,momentum_only,0.028061294722331764,6050799.688818004,-0.9659992737891179
2025-06-29 00:00:00+00:00,208965.10385576522,20801.482138204803,20801.482138204796,188163.62171756043,11,1,momentum_only,0.015717179750247334,6050799.688818004,-0.9654648782636225
2025-06-30 00:00:00+00:00,207481.10556226037,20287.224616750143,20287.224616750143,187193.88094551023,11,1,momentum_only,-0.007101656047457383,6050799.688818004,-0.9657101348197512
2025-07-01 00:00:00+00:00,206666.17564423828,103505.4411669515,20666.617564425014,103160.73447728678,6,1,momentum_only,-0.003927730748367164,6050799.688818004,-0.9658448161775771
2025-07-02 00:00:00+00:00,211215.7153692057,82838.82360252767,82838.82360252767,128376.89176667803,7,6,momentum_only,0.02201395419828711,6050799.688818004,-0.9650929255252761
2025-07-03 00:00:00+00:00,212562.30335874326,63339.928000421474,63339.92800042145,149222.3753583218,9,4,momentum_only,0.006375415707982279,6050799.688818004,-0.9648703784143503
2025-07-04 00:00:00+00:00,214381.06235194777,1.1932570487260818e-09,1.178705133497715e-09,214381.06235194657,13,0,momentum_only,0.008556357192530895,6050799.688818004,-0.9645697968240251
2025-07-05 00:00:00+00:00,213538.76751000396,19896.449664330194,19896.449664330194,193642.31784567377,12,1,momentum_only,-0.00392896104116236,6050799.688818004,-0.964709000711984
2025-07-06 00:00:00+00:00,216626.1722055986,22981.23065337411,22981.230653374107,193644.94155222448,12,3,momentum_only,0.014458286575293577,6050799.688818004,-0.9641987533307493
2025-07-07 00:00:00+00:00,214798.67172952983,22416.93383460555,22416.93383460555,192381.73789492427,14,2,momentum_only,-0.008436194285583731,6050799.688818004,-0.9645007796033173
2025-07-08 00:00:00+00:00,220516.99399533516,80743.94284287651,66155.09819860173,139773.05115245865,10,3,momentum_only,0.02662177666073151,6050799.688818004,-0.9635557272862867
2025-07-09 00:00:00+00:00,228424.80449040775,84285.8379002144,84285.83790021439,144138.96659019336,9,4,momentum_only,0.035860322380595555,6050799.688818004,-0.9622488239178466
2025-07-10 00:00:00+00:00,256094.17694914422,1.178705133497715e-09,1.178705133497715e-09,256094.17694914303,13,0,momentum_only,0.12113120779708653,6050799.688818004,-0.9576759783632548
2025-07-11 00:00:00+00:00,252840.85637586727,21016.360017962474,21016.360017962463,231824.4963579048,12,3,momentum_only,-0.012703610101697071,6050799.688818004,-0.9582136462320638
2025-07-12 00:00:00+00:00,258580.53469179472,26048.225606693046,25858.053469180653,232532.30908510168,12,1,momentum_only,0.022700754926233024,6050799.688818004,-0.9572650644559171
2025-07-13 00:00:00+00:00,269399.92897440435,34264.59738061011,34264.597380610096,235135.33159379425,11,2,momentum_only,0.041841487780607256,6050799.688818004,-0.9554769711725443
2025-07-14 00:00:00+00:00,278972.4636029005,74190.84117730285,74190.84117730282,204781.62242559768,10,4,momentum_only,0.03553280308921547,6050799.688818004,-0.9538949431562828
2025-07-15 00:00:00+00:00,280541.557315508,123579.65068258175,123579.65068258176,156961.90663292626,10,5,momentum_only,0.005624546926040086,6050799.688818004,-0.9536356231005375
2025-07-16 00:00:00+00:00,294285.2932828696,1.1605152394622564e-09,1.1932570487260818e-09,294285.29328286846,15,0,momentum_only,0.04899001808813974,6050799.688818004,-0.9513642314375875
2025-07-17 00:00:00+00:00,303825.1216416721,23012.351840038184,23012.351840038184,280812.7698016339,12,3,momentum_only,0.0324169388567872,6050799.688818004,-0.949787608701847
2025-07-18 00:00:00+00:00,297876.746227359,27087.931014949183,27087.931014949165,270788.8152124098,14,2,momentum_only,-0.019578286950637902,6050799.688818004,-0.9507706813071599
2025-07-19 00:00:00+00:00,299470.9323624558,36697.77733612897,29947.093236246772,262773.1550263268,14,1,momentum_only,0.005351831437960142,6050799.688818004,-0.9505072142917103
2025-07-20 00:00:00+00:00,300099.28799555043,84872.08756733107,84872.08756733107,215227.20042821934,11,4,momentum_only,0.0020982191097402847,6050799.688818004,-0.9504033675829429
2025-07-21 00:00:00+00:00,307620.54303416645,131146.93160805263,123048.21721366778,176473.61142611384,10,4,momentum_only,0.02506255542574798,6050799.688818004,-0.9491603492340599
2025-07-22 00:00:00+00:00,315009.35037719255,8098.714394386039,8098.714394386039,306910.6359828065,14,1,momentum_only,0.02401922599234685,6050799.688818004,-0.9479392201729407
2025-07-23 00:00:00+00:00,293973.8196434736,25028.994068612556,25028.99406861256,268944.825574861,12,5,momentum_only,-0.06677748044155185,6050799.688818004,-0.9514157078796142
2025-07-24 00:00:00+00:00,285259.656000589,28182.3363655222,28182.336365522176,257077.31963506684,15,2,momentum_only,-0.029642652034296724,6050799.688818004,-0.9528558751452714
2025-07-25 00:00:00+00:00,296667.0820958154,36358.708574531105,29666.708209582743,260308.3735212843,16,1,momentum_only,0.03998962298125619,6050799.688818004,-0.9509705993665495
2025-07-26 00:00:00+00:00,299960.41395669396,91548.5040170075,59992.08279133999,208411.90993968648,13,2,momentum_only,0.01110110308704515,6050799.688818004,-0.9504263189358215
2025-07-27 00:00:00+00:00,304601.65408427943,146676.0343709253,121840.66163371297,157925.61971335416,11,4,momentum_only,0.015472842120612507,6050799.688818004,-0.9496592731953779
2025-07-28 00:00:00+00:00,290886.27143426536,33157.684542849245,33157.684542849245,257728.5868914161,14,4,momentum_only,-0.04502727567664222,6050799.688818004,-0.9519259789789721
2025-07-29 00:00:00+00:00,284829.34101487184,22542.062551942196,22542.06255194218,262287.27846292965,13,2,momentum_only,-0.02082233166085412,6050799.688818004,-0.952926992188943
2025-07-30 00:00:00+00:00,282548.53262373904,29052.633825831457,29052.633825831435,253495.8987979076,13,3,momentum_only,-0.008007631457510933,6050799.688818004,-0.9533039354870904
2025-07-31 00:00:00+00:00,273948.00288224214,26757.023180707314,26757.0231807073,247190.97970153484,15,1,momentum_only,-0.03043912372020685,6050799.688818004,-0.9547253227720456
2025-08-01 00:00:00+00:00,267098.11618706444,55392.4003582592,55392.40035825919,211705.71582880526,14,3,momentum_only,-0.025004331563322824,6050799.688818004,-0.9558573858128758
2025-08-02 00:00:00+00:00,261101.89894259552,107974.53088041092,26110.189894260755,153127.3680621846,13,1,momentum_only,-0.02244949283082709,6050799.688818004,-0.9568483651136036
2025-08-03 00:00:00+00:00,269425.5813412224,110838.48796460213,53885.116268245685,158587.09337662024,10,2,momentum_only,0.0318790573042016,6050799.688818004,-0.9554727316722902
2025-08-04 00:00:00+00:00,275186.6605367842,77608.86060650303,55037.332107358045,197577.79993028115,10,2,momentum_only,0.021382821805125962,6050799.688818004,-0.9545206130281697
2025-08-05 00:00:00+00:00,266728.70736110734,52000.39584133958,52000.395841339574,214728.31151976777,9,5,momentum_only,-0.03073533128087902,6050799.688818004,-0.9559184370532002
2025-08-06 00:00:00+00:00,271011.0621828193,26492.50102918385,26492.501029183826,244518.56115363547,13,2,momentum_only,0.016055095321683366,6050799.688818004,-0.9552107033581606
2025-08-07 00:00:00+00:00,276561.1239895809,58757.676243494105,58757.676243494105,217803.44774608678,12,3,momentum_only,0.020479096912352723,6050799.688818004,-0.9542934590115962
2025-08-08 00:00:00+00:00,277874.53387979214,24584.122531425797,24584.122531425797,253290.41134836632,14,1,momentum_only,0.004749076338946168,6050799.688818004,-0.9540763951592531
2025-08-09 00:00:00+00:00,281799.37447437044,55803.07099019716,55803.07099019716,225996.3034841733,13,5,momentum_only,0.01412450626467332,6050799.688818004,-0.9534277469149837
2025-08-10 00:00:00+00:00,285987.29098311625,58459.759291598035,58459.759291598035,227527.5316915182,16,3,momentum_only,0.014861340684511282,6050799.688818004,-0.9527356207954419
2025-08-11 00:00:00+00:00,279964.51144196384,52476.11975952414,52476.11975952413,227488.3916824397,14,5,momentum_only,-0.021059605552569693,6050799.688818004,-0.953730989978177
2025-08-12 00:00:00+00:00,289559.5806209783,26212.774861263926,26212.774861263923,263346.8057597144,17,2,momentum_only,0.03427244806705976,6050799.688818004,-0.9521452377350897
2025-08-13 00:00:00+00:00,293522.35641664144,65117.13196850709,65117.13196850709,228405.22444813434,16,3,momentum_only,0.013685528163719152,6050799.688818004,-0.9514903200383452
2025-08-14 00:00:00+00:00,276440.144676106,23937.064739520978,23937.064739520953,252503.07993658504,18,1,momentum_only,-0.058197310586754925,6050799.688818004,-0.9543134529495377
2025-08-15 00:00:00+00:00,273511.15286052244,57368.06805642035,57368.068056420336,216143.0848041021,14,4,momentum_only,-0.010595392427591666,6050799.688818004,-0.954797519844199
2025-08-16 00:00:00+00:00,275308.72018842114,60124.79658039157,55061.744037685436,215183.92360802958,15,2,momentum_only,0.006572190234653386,6050799.688818004,-0.954500440545537
2025-08-17 00:00:00+00:00,279596.75917424785,54451.856332967436,27959.675917425993,225144.9028412804,12,1,momentum_only,0.015575383819633304,6050799.688818004,-0.9537917674434094
2025-08-18 00:00:00+00:00,272394.175612559,51755.647561197016,51755.647561196995,220638.52805136202,11,2,momentum_only,-0.02576061175730615,6050799.688818004,-0.9549821197822911
2025-08-19 00:00:00+00:00,262780.0754462811,57616.7169485271,57616.7169485271,205163.358497754,10,3,momentum_only,-0.03529480813845509,6050799.688818004,-0.9565710172273751
2025-08-20 00:00:00+00:00,280536.1334742418,21820.937307965138,21820.937307965127,258715.1961662767,12,3,momentum_only,0.06757003169972253,6050799.688818004,-0.9536365194847422
2025-08-21 00:00:00+00:00,279473.88343340025,58854.51471495006,58854.51471495007,220619.36871845016,11,3,momentum_only,-0.003786499898199791,6050799.688818004,-0.9538120747989933
2025-08-22 00:00:00+00:00,317869.45699136495,52328.10456220807,31786.9456991377,265541.3524291569,12,1,momentum_only,0.13738519351528078,6050799.688818004,-0.9474665377571837
2025-08-23 00:00:00+00:00,315365.1905097231,49877.71745683924,49877.71745683922,265487.47305288387,12,2,momentum_only,-0.00787828596476281,6050799.688818004,-0.9478804113954518
2025-08-24 00:00:00+00:00,311699.2362127473,55837.545545108864,55837.545545108864,255861.6906676384,12,2,momentum_only,-0.011624473490718934,6050799.688818004,-0.9484862741715325
2025-08-25 00:00:00+00:00,291224.3265227074,88860.53817074187,58244.86530454269,202363.78835196554,11,2,momentum_only,-0.06568803292179037,6050799.688818004,-0.9518701094896769
2025-08-26 00:00:00+00:00,293021.49000211654,51830.44433901916,51830.44433901916,241191.04566309735,10,2,momentum_only,0.00617106235893039,6050799.688818004,-0.9515730969340093
2025-08-27 00:00:00+00:00,287132.57876336074,58608.990515781654,58608.990515781625,228523.58824757911,9,3,momentum_only,-0.020097199146428713,6050799.688818004,-0.9525463420489713
2025-08-28 00:00:00+00:00,289777.4637959661,29557.814002649393,29557.814002649364,260219.64979331676,11,2,momentum_only,0.0092113721264111,6050799.688818004,-0.9521092287468249
2025-08-29 00:00:00+00:00,278385.3383259856,50648.88363745577,50648.88363745577,227736.4546885298,11,2,momentum_only,-0.03931335901953292,6050799.688818004,-0.9539919758308233
2025-08-30 00:00:00+00:00,278226.4019066852,42543.99835013991,42543.998350139875,235682.40355654532,11,3,momentum_only,-0.0005709223777952133,6050799.688818004,-0.9540182428413796
2025-08-31 00:00:00+00:00,275693.9836738158,51396.56379075644,51396.56379075642,224297.41988305937,12,2,momentum_only,-0.00910200547293416,6050799.688818004,-0.9544367690466925
2025-09-01 00:00:00+00:00,265683.0993565281,48502.76222523896,1.2005330063402653e-09,217180.3371312891,12,0,momentum_only,-0.036311580629673657,6050799.688818004,-0.956091241981202
2025-09-02 00:00:00+00:00,270729.4611818452,103615.4932273383,1.2005330063402653e-09,167113.96795450692,9,0,momentum_only,0.01899391356672364,6050799.688818004,-0.9552572428265708
2025-09-03 00:00:00+00:00,271568.8834220802,130969.87336177324,130969.8733617732,140599.010060307,7,5,momentum_only,0.0031005943592934404,6050799.688818004,-0.9551185136860596
2025-09-04 00:00:00+00:00,261211.83359177888,50937.454536506375,50937.45453650638,210274.3790552725,10,2,momentum_only,-0.03813783707393348,6050799.688818004,-0.9568301964987366
2025-09-05 00:00:00+00:00,268006.97118761705,36747.57155532491,36747.5715553249,231259.39963229213,9,3,momentum_only,0.026013896470163722,6050799.688818004,-0.9557071816998174
2025-09-06 00:00:00+00:00,266998.79879759497,53950.13602871362,53399.75975952019,213048.66276888133,10,2,momentum_only,-0.0037617394262342563,6050799.688818004,-0.9558737997407163
2025-09-07 00:00:00+00:00,269851.28293885617,550.376269194614,550.3762691945886,269300.9066696616,12,2,momentum_only,0.01068350926710937,6050799.688818004,-0.9554023770713239
2025-09-08 00:00:00+00:00,272546.6124962902,1.2185807918285718e-09,1.1932854704355123e-09,272546.61249628896,14,0,momentum_only,0.009988203606372092,6050799.688818004,-0.954956926933152
2025-09-09 00:00:00+00:00,271884.2445831855,127356.64741763355,127356.64741763355,144527.59716555194,9,5,momentum_only,-0.0024302922242841474,6050799.688818004,-0.9550663947633843
2025-09-10 00:00:00+00:00,276379.7003628773,53769.78499210332,53769.784992103334,222609.91537077396,12,3,momentum_only,0.016534447542496,6050799.688818004,-0.9543234424247042
2025-09-11 00:00:00+00:00,283017.5511381492,37307.473378571915,37307.473378571915,245710.07775957728,12,4,momentum_only,0.024017142961500593,6050799.688818004,-0.9532264220114292
2025-09-12 00:00:00+00:00,287303.80100009945,52332.0580457143,28730.38010001115,234971.74295438518,14,1,momentum_only,0.015144819975698276,6050799.688818004,-0.9525180445931729
2025-09-13 00:00:00+00:00,295105.2097791508,24178.28946508348,24178.28946508345,270926.92031406733,13,4,momentum_only,0.027153865531520216,6050799.688818004,-0.9512287259608824
2025-09-14 00:00:00+00:00,282096.70114616986,1.2269083526916802e-09,1.2005330063402653e-09,282096.70114616863,17,0,momentum_only,-0.04408091826883087,6050799.688818004,-0.9533786085056675
2025-09-15 00:00:00+00:00,274887.0539187682,141118.5480234793,141118.5480234793,133768.50589528892,12,7,momentum_only,-0.025557360997518153,6050799.688818004,-0.9545701282382947
2025-09-16 00:00:00+00:00,278034.9863245636,54698.56602568104,54698.56602568103,223336.4202988826,16,4,momentum_only,0.011451730304933516,6050799.688818004,-0.954049877599092
2025-09-17 00:00:00+00:00,286202.15861345927,34639.99779057263,34639.99779057263,251562.16082288662,16,2,momentum_only,0.029374620787333994,6050799.688818004,-0.9527001101784337
2025-09-18 00:00:00+00:00,292589.6682071922,28365.351226876825,28365.351226876825,264224.3169803154,17,2,momentum_only,0.02231817406506642,6050799.688818004,-0.9516444630041375
2025-09-19 00:00:00+00:00,279262.06776209234,16952.094677411813,16952.094677411813,262309.9730846805,15,1,momentum_only,-0.04555048210267687,6050799.688818004,-0.9538470810266328
2025-09-20 00:00:00+00:00,280732.9030340717,1.2114469427615404e-09,1.2150849215686321e-09,280732.9030340705,16,0,momentum_only,0.0052668637877180124,6050799.688818004,-0.9536039998889946
2025-09-21 00:00:00+00:00,277616.5569916308,144929.99090142472,144929.9909014247,132686.56609020612,9,6,momentum_only,-0.011100750958510486,6050799.688818004,-0.9541190303316979
2025-09-22 00:00:00+00:00,268979.3051066104,54318.94192721436,54318.94192721436,214660.36317939602,11,3,momentum_only,-0.031112164125285946,6050799.688818004,-0.9555464865902453
2025-09-23 00:00:00+00:00,264942.5179674676,32955.09973073672,32955.09973073672,231987.41823673088,12,3,momentum_only,-0.015007798230212588,6050799.688818004,-0.956213635950123
2025-09-24 00:00:00+00:00,270281.52261582593,24576.473086187118,24576.473086187092,245705.04952963884,13,1,momentum_only,0.020151558493959554,6050799.688818004,-0.9553312724737341
2025-09-25 00:00:00+00:00,253356.56251768218,15165.261731858242,15165.261731858242,238191.30078582393,13,2,momentum_only,-0.06261974527278591,6050799.688818004,-0.9581284168130884
2025-09-26 00:00:00+00:00,259425.3928372548,1.2205418897792697e-09,1.2223608791828156e-09,259425.39283725357,15,0,momentum_only,0.023953712740908628,6050799.688818004,-0.957125436937422
2025-09-27 00:00:00+00:00,261005.67500877494,136660.45322601357,104402.2700035112,124345.22178276136,9,4,momentum_only,0.006091470669995269,6050799.688818004,-0.9568642677940374
2025-09-28 00:00:00+00:00,261915.70903606128,83361.32333696357,78574.71271081961,178554.3856990977,10,3,momentum_only,0.0034866445997994155,6050799.688818004,-0.9567138688262832
2025-09-29 00:00:00+00:00,256334.96555047034,37178.03108404319,37178.03108404318,219156.93446642716,10,3,momentum_only,-0.021307402698868105,6050799.688818004,-0.9576361838544776
2025-09-30 00:00:00+00:00,250714.57097765437,22496.213710203217,22496.213710203217,228218.35726745115,12,2,momentum_only,-0.021925977054072066,6050799.688818004,-0.9585650519152072
2025-10-01 00:00:00+00:00,241720.03808216954,14988.017603307155,14988.017603307151,226732.0204788624,12,4,momentum_only,-0.03587558896322174,6050799.688818004,-0.9600515550814097
2025-10-02 00:00:00+00:00,254312.174808651,1.2255441106390208e-09,1.2248619896126911e-09,254312.17480864978,16,0,momentum_only,0.0520938885596276,6050799.688818004,-0.9579704852436902
2025-10-03 00:00:00+00:00,254198.25807181816,107505.00842638967,76259.47742154668,146693.24964542847,12,3,momentum_only,-0.000447940555416082,6050799.688818004,-0.957989311967874
2025-10-04 00:00:00+00:00,258057.4517488269,117639.43904139037,51611.49034976661,140418.01270743652,12,2,momentum_only,0.015181825816911854,6050799.688818004,-0.9573515130197217
2025-10-05 00:00:00+00:00,257595.84970760706,104244.34862912551,103038.33988304407,153351.50107848155,11,4,momentum_only,-0.001788756876004216,6050799.688818004,-0.9574278007940588
2025-10-06 00:00:00+00:00,258868.7473975221,7347.488733720631,7347.488733720631,251521.25866380145,13,2,momentum_only,0.0049414526334949915,6050799.688818004,-0.9572174322881789
2025-10-07 00:00:00+00:00,260990.9505016731,15221.843800413639,15221.843800413626,245769.10670125947,11,2,momentum_only,0.008197988847576498,6050799.688818004,-0.9568667012752068
2025-10-08 00:00:00+00:00,269299.5373255299,1.243279257323593e-09,1.230546331498772e-09,269299.5373255287,13,0,momentum_only,0.0318347697798953,6050799.688818004,-0.9554935626404555
2025-10-09 00:00:00+00:00,260262.6098487835,87389.35420796648,87389.35420796648,172873.25564081702,10,7,momentum_only,-0.03355715931224401,6050799.688818004,-0.9569870722493501
2025-10-10 00:00:00+00:00,223982.76123999205,53482.1530849857,22398.276124000444,170500.60815500634,15,1,momentum_only,-0.13939708293047004,6050799.688818004,-0.9629829489060898
2025-10-11 00:00:00+00:00,230713.88345737584,110525.88236898594,23071.388345738822,120188.0010883899,12,1,momentum_only,0.03005196551787992,6050799.688818004,-0.961870513763042
2025-10-12 00:00:00+00:00,238493.823284,92318.47668865442,47698.76465680124,146175.3465953456,11,2,momentum_only,0.033721160209509105,6050799.688818004,-0.9605847432489393
2025-10-13 00:00:00+00:00,237738.341339314,55278.839064830376,23773.834133932643,182459.50227448362,11,1,momentum_only,-0.003167721219288655,6050799.688818004,-0.9607095997941133
2025-10-14 00:00:00+00:00,231476.96624206315,31505.004930898966,1.2405507732182741e-09,199971.9613111642,12,0,momentum_only,-0.026337254066706284,6050799.688818004,-0.9617444010467183
2025-10-15 00:00:00+00:00,228924.7587230091,115308.70853510789,114462.3793615058,113616.0501879012,5,5,momentum_only,-0.011025751548796148,6050799.688818004,-0.9621661977761276
2025-10-16 00:00:00+00:00,217842.70466617786,24392.736407006523,21784.270466619033,193449.96825917135,9,1,momentum_only,-0.0484091546875457,6050799.688818004,-0.963997700160401
2025-10-17 00:00:00+00:00,215541.98154269342,28172.480821013774,21554.198154270587,187369.50072167965,9,1,momentum_only,-0.010561396246939081,6050799.688818004,-0.9643779347148081
2025-10-18 00:00:00+00:00,218368.47539949746,47698.074643143766,21836.84753995099,170670.4007563537,8,1,momentum_only,0.01311342614823352,6050799.688818004,-0.9639108073924433
2025-10-19 00:00:00+00:00,224829.31073594664,47598.3812929159,1.2441887520253658e-09,177230.92944303073,8,0,momentum_only,0.029586850046140256,6050799.688818004,-0.9628430418624772
2025-10-20 00:00:00+00:00,230979.14875934325,47598.3812929159,1.2441887520253658e-09,183380.76746642735,8,0,momentum_only,0.027353364217796994,6050799.688818004,-0.9618266740533161
2025-10-21 00:00:00+00:00,227841.77087698493,163850.4442885455,91136.70835079522,63991.326588439435,3,4,momentum_only,-0.013582948500806657,6050799.688818004,-0.9623451803737544
2025-10-22 00:00:00+00:00,220558.4400955651,92769.52981123672,1.2369127944111824e-09,127788.91028432839,6,0,momentum_only,-0.03196661768114595,6050799.688818004,-0.9635488775965991
2025-10-23 00:00:00+00:00,220655.10030656424,113514.54103548481,22065.510030657664,107140.55927107944,5,1,momentum_only,0.0004382521519341598,6050799.688818004,-0.9635329028137654
2025-10-24 00:00:00+00:00,222815.09205021977,112007.74387124366,22281.509205023216,110807.34817897613,5,1,momentum_only,0.009788995317373539,6050799.688818004,-0.9631759265701711
2025-10-25 00:00:00+00:00,223303.6359063579,89726.23466622167,1.2369127944111824e-09,133577.40124013624,6,0,momentum_only,0.0021925976900525335,6050799.688818004,-0.9630951861918305
2025-10-26 00:00:00+00:00,232597.0058616401,89726.23466622167,23259.700586165247,142870.7711954184,6,1,momentum_only,0.04161763832264409,6050799.688818004,-0.9615592949983977
2025-10-27 00:00:00+00:00,232239.51601956759,160832.75224307785,69671.8548058715,71406.76377648974,3,3,momentum_only,-0.0015369494579184906,6050799.688818004,-0.9616183764191119
2025-10-28 00:00:00+00:00,225660.92250519397,91160.89743720755,1.2223608791828156e-09,134500.02506798643,6,0,momentum_only,-0.028326762073596967,6050799.688818004,-0.962705603538286
2025-10-29 00:00:00+00:00,229886.66514271486,112361.62723917933,68965.99954281568,117525.03790353553,5,3,momentum_only,0.01872607180103869,6050799.688818004,-0.9620072259923677
2025-10-30 00:00:00+00:00,214056.89641199703,68576.90447394701,68576.904473947,145479.99193805002,7,5,momentum_only,-0.06885901242201509,6050799.688818004,-0.964623370889706
2025-10-31 00:00:00+00:00,230645.43965359434,1.2132659321650863e-09,1.2132659321650863e-09,230645.43965359312,12,0,momentum_only,0.07749595327061654,6050799.688818004,-0.9618818252933027
2025-11-01 00:00:00+00:00,239071.1382242894,24585.33445653245,24585.334456532437,214485.80376775697,11,4,momentum_only,0.03653095670718476,6050799.688818004,-0.9604893319033354
2025-11-02 00:00:00+00:00,234371.8122975495,75670.59956044472,46874.36245951112,158701.2127371048,12,2,momentum_only,-0.01965660079942866,6050799.688818004,-0.9612659773334303
2025-11-03 00:00:00+00:00,225573.9728266747,28796.23710093482,1.2187229003757238e-09,196777.73572573988,14,0,momentum_only,-0.0375379589577326,6050799.688818004,-0.9627199734865559
2025-11-04 00:00:00+00:00,220387.92778896634,88768.62783633242,66116.37833669112,131619.2999526339,11,3,momentum_only,-0.022990440664416467,6050799.688818004,-0.9635770577240811
2025-11-05 00:00:00+00:00,226244.59374266994,80786.06952301835,80786.06952301835,145458.5242196516,9,4,momentum_only,0.026574350112823275,6050799.688818004,-0.9626091417039017
2025-11-06 00:00:00+00:00,222778.81939009056,1.2259988579899073e-09,1.229636836796999e-09,222778.81939008934,13,0,momentum_only,-0.015318705721301562,6050799.688818004,-0.9631819212588064
2025-11-07 00:00:00+00:00,243932.91501782543,27980.244609075206,27980.24460907519,215952.67040875024,9,6,momentum_only,0.0949555962530424,6050799.688818004,-0.959685838639045
2025-11-08 00:00:00+00:00,235867.0058428143,55146.167031893594,47173.401168564094,180720.83881092072,13,2,momentum_only,-0.03306609595684007,6050799.688818004,-0.9610188705670258
2025-11-09 00:00:00+00:00,235654.80439536108,7972.765863330726,1.229636836796999e-09,227682.03853203036,15,0,momentum_only,-0.0008996656683497584,6050799.688818004,-0.9610539405508902
2025-11-10 00:00:00+00:00,234054.4020423033,87794.90877856547,87794.90877856548,146259.49326373782,12,4,momentum_only,-0.006791299490642944,6050799.688818004,-0.9613184349045895
2025-11-11 00:00:00+00:00,218362.578982183,80370.1004550501,43672.515796437845,137992.47852713292,12,2,momentum_only,-0.06704348614338007,6050799.688818004,-0.9639117818780679
2025-11-12 00:00:00+00:00,216837.35233599067,36697.58465861349,1.2369127944111824e-09,180139.76767737718,14,0,momentum_only,-0.006984835283140645,6050799.688818004,-0.9641638521373116
2025-11-13 00:00:00+00:00,213935.4236469005,57343.775708990725,57343.775708990725,156591.6479379098,8,5,momentum_only,-0.01338297418700074,6050799.688818004,-0.9646434463791196
2025-11-14 00:00:00+00:00,215319.0738227478,41567.93362098344,41567.93362098343,173751.14020176436,11,2,momentum_only,0.006467606683645766,6050799.688818004,-0.9644147740966105
2025-11-15 00:00:00+00:00,229265.70350435312,1.2369127944111824e-09,1.2369127944111824e-09,229265.7035043519,13,0,momentum_only,0.06477191933811821,6050799.688818004,-0.9621098507147674
2025-11-16 00:00:00+00:00,224585.003357474,69108.09320378026,69108.09320378026,155476.91015369372,9,4,momentum_only,-0.0204160503526436,6050799.688818004,-0.9628834179104439
2025-11-17 00:00:00+00:00,225108.2603095122,42955.52148979035,22510.826030952456,182152.73881972185,11,1,momentum_only,0.002329883759893514,6050799.688818004,-0.9627969405886107
2025-11-18 00:00:00+00:00,229091.23307302216,20444.695458839124,1.2332748156040907e-09,208646.53761418303,12,0,momentum_only,0.017693587778758513,6050799.688818004,-0.9621386849912769
2025-11-19 00:00:00+00:00,228489.7951994555,85511.300169789,85511.30016978898,142978.4950296665,7,4,momentum_only,-0.00262532033853502,6050799.688818004,-0.962238083071613
2025-11-20 00:00:00+00:00,212405.03839370052,45630.94449131252,42481.00767874133,166774.093902388,9,2,momentum_only,-0.07039595265825371,6050799.688818004,-0.9648963691879886
2025-11-21 00:00:00+00:00,197124.97678076106,3149.9368125724104,3149.9368125724104,193975.03996818865,11,2,momentum_only,-0.07193831995932842,6050799.688818004,-0.9674216654130773
2025-11-22 00:00:00+00:00,186986.63339015585,64066.20992509771,56095.99001704798,122920.42346505815,9,3,momentum_only,-0.051431044184121255,6050799.688818004,-0.9690972031786623
2025-11-23 00:00:00+00:00,189390.88634267088,26699.715232222126,26699.715232222123,162691.17111044875,11,2,momentum_only,0.012857886731927337,6050799.688818004,-0.9686998585174338
2025-11-24 00:00:00+00:00,190721.25090115154,1.2187229003757238e-09,1.216903910972178e-09,190721.2509011503,13,0,momentum_only,0.007024438103497621,6050799.688818004,-0.9684799926109589
2025-11-25 00:00:00+00:00,189668.4491087215,64973.18605288847,56900.53473261767,124695.26305583303,9,3,momentum_only,-0.005520107420938003,6050799.688818004,-0.9686539864376551
2025-11-26 00:00:00+00:00,191259.86862873693,46039.10387080125,38251.97372574861,145220.76475793569,10,2,momentum_only,0.008390533731328143,6050799.688818004,-0.9683909766535176
2025-11-27 00:00:00+00:00,187203.0117093246,11126.571448874758,11126.571448874747,176076.44026044986,10,2,momentum_only,-0.021211229247925845,6050799.688818004,-0.9690614428940229
2025-11-28 00:00:00+00:00,186604.72347155135,53965.41676965866,37320.944694311496,132639.3067018927,9,2,momentum_only,-0.0031959327593630293,6050799.688818004,-0.9691603204422052
2025-11-29 00:00:00+00:00,183868.86977936767,44553.9815894716,1.2223608791828156e-09,139314.88818989607,9,0,momentum_only,-0.014661224224588154,6050799.688818004,-0.9696124678992165
2025-11-30 00:00:00+00:00,183085.0358324895,44553.9815894716,1.2223608791828156e-09,138531.0542430179,9,0,momentum_only,-0.004263005193966385,6050799.688818004,-0.969742010106394
2025-12-01 00:00:00+00:00,179101.55476215124,97274.07654171222,1.2223608791828156e-09,81827.47822043902,6,0,momentum_only,-0.02175754589786827,6050799.688818004,-0.9704003497102813
2025-12-02 00:00:00+00:00,181337.80949358077,134111.9480567998,36267.56189871738,47225.86143678098,4,2,momentum_only,0.012485959345240216,6050799.688818004,-0.9700307696801306
2025-12-03 00:00:00+00:00,183251.7921146333,108535.44957978844,91625.89605731788,74716.34253484487,4,5,momentum_only,0.010554790677121728,6050799.688818004,-0.96971445072735
2025-12-04 00:00:00+00:00,180508.51951574686,55475.28090098909,55475.2809009891,125033.23861475775,7,4,momentum_only,-0.014969963279651832,6050799.688818004,-0.9701678242878656
2025-12-05 00:00:00+00:00,173857.8762611977,1.2214513844810426e-09,1.2362306733848527e-09,173857.87626119648,11,0,momentum_only,-0.03684392998397501,6050799.688818004,-0.9712669588810732
2025-12-06 00:00:00+00:00,175535.9483704073,1.2214513844810426e-09,1.2362306733848527e-09,175535.94837040608,11,0,momentum_only,0.009651976345831592,6050799.688818004,-0.9709896282478494
2025-12-07 00:00:00+00:00,173865.75054698106,1.2214513844810426e-09,1.2362306733848527e-09,173865.75054697983,11,0,momentum_only,-0.009514847750170752,6050799.688818004,-0.971265657518247
2025-12-08 00:00:00+00:00,174787.96403460746,34105.1143665765,34105.11436657648,140682.84966803098,9,3,momentum_only,0.005304169939882586,6050799.688818004,-0.971113245682613
2025-12-09 00:00:00+00:00,178750.70725609318,85061.59614429256,85061.59614429256,93689.11111180062,7,5,momentum_only,0.0226717168048316,6050799.688818004,-0.9704583333693184
2025-12-10 00:00:00+00:00,174565.48685123242,57781.18190246116,57781.18190246117,116784.30494877126,8,6,momentum_only,-0.023413727806204876,6050799.688818004,-0.9711500139107508
2025-12-11 00:00:00+00:00,170813.11594291573,1.2291820894461125e-09,1.2478267308324575e-09,170813.1159429145,14,0,momentum_only,-0.021495491325353,6050799.688818004,-0.9717701585364689
2025-12-12 00:00:00+00:00,165247.8408886006,1.2291820894461125e-09,1.2478267308324575e-09,165247.84088859937,14,0,momentum_only,-0.032581075660343295,6050799.688818004,-0.9726899171370716
2025-12-13 00:00:00+00:00,168633.63683242662,1.2291820894461125e-09,1.2478267308324575e-09,168633.6368324254,14,0,momentum_only,0.02048919928768389,6050799.688818004,-0.97213035540673
2025-12-14 00:00:00+00:00,161647.9658944168,31587.021472382476,31587.021472382476,130060.9444220343,11,4,momentum_only,-0.04142513361644207,6050799.688818004,-0.9732848591578489
2025-12-15 00:00:00+00:00,158560.0568072296,74903.60042843719,31712.011361447163,83656.45637879238,10,2,momentum_only,-0.01910267828055523,6050799.688818004,-0.9737951898985763
2025-12-16 00:00:00+00:00,157751.09615528645,97104.1266277672,31550.21923105853,60646.96952751924,6,2,momentum_only,-0.005101919539084454,6050799.688818004,-0.9739288847312507
2025-12-17 00:00:00+00:00,154773.3748857155,65553.9073967099,1.24236976262182e-09,89219.46748900558,8,0,momentum_only,-0.01887607339754882,6050799.688818004,-0.9744210050166195
2025-12-18 00:00:00+00:00,152402.80532489813,65553.9073967099,1.24236976262182e-09,86848.89792818823,8,0,momentum_only,-0.01531639122405759,6050799.688818004,-0.9748127829109032
2025-12-19 00:00:00+00:00,157229.8541795099,65553.9073967099,1.24236976262182e-09,91675.94678279999,8,0,momentum_only,0.03167296589010471,6050799.688818004,-0.9740150290431736
2025-12-20 00:00:00+00:00,156270.89552932594,93904.77076198327,93762.53731759681,62366.12476734267,4,6,momentum_only,-0.006099087575881734,6050799.688818004,-0.974173513656696
2025-12-21 00:00:00+00:00,156644.4821163069,30210.991849247337,30210.99184924734,126433.49026705956,8,4,momentum_only,0.0023906344538151547,6050799.688818004,-0.9741117719686228
2025-12-22 00:00:00+00:00,154898.28205260448,30968.012096655413,15489.828205261703,123930.26995594907,10,1,momentum_only,-0.011147536383732226,6050799.688818004,-0.9744003619325129
2025-12-23 00:00:00+00:00,152381.88948888404,15478.183891394965,1.255102688446641e-09,136903.70559748908,11,0,momentum_only,-0.016245451727255777,6050799.688818004,-0.9748162396169735
2025-12-24 00:00:00+00:00,152409.05392637232,15478.183891394965,1.255102688446641e-09,136930.87003497736,11,0,momentum_only,0.0001782655247246634,6050799.688818004,-0.9748117502207143
2025-12-25 00:00:00+00:00,152401.26101139386,15478.183891394965,1.255102688446641e-09,136923.0771199989,11,0,momentum_only,-5.113157504554877e-05,6050799.688818004,-0.9748130381355982
2025-12-26 00:00:00+00:00,152654.18101457757,107656.58522914273,61061.67240583228,44997.59578543483,5,4,momentum_only,0.0016595663415461814,6050799.688818004,-0.9747712387014421
2025-12-27 00:00:00+00:00,155618.21351588547,75964.34655278953,75964.34655278953,79653.86696309593,5,5,momentum_only,0.019416648018470317,6050799.688818004,-0.974281380723366
2025-12-28 00:00:00+00:00,158916.47153707079,16304.012341784715,16304.012341784713,142612.45919528606,9,2,momentum_only,0.021194550089399522,6050799.688818004,-0.9737362861588772
2025-12-29 00:00:00+00:00,152631.24864555395,1.2532836990430951e-09,1.254193193744868e-09,152631.2486455527,11,0,momentum_only,-0.03955048102141301,6050799.688818004,-0.9747750286747023
2025-12-30 00:00:00+00:00,153443.6306532034,1.2532836990430951e-09,1.254193193744868e-09,153443.63065320216,11,0,momentum_only,0.005322514326905559,6050799.688818004,-0.9746407684034277
2025-12-31 00:00:00+00:00,152448.36190440244,1.2532836990430951e-09,1.254193193744868e-09,152448.3619044012,11,0,momentum_only,-0.0064862174113330395,6050799.688818004,-0.9748052538929474
2026-01-01 00:00:00+00:00,155170.2898986752,63224.066681139506,63224.06668113952,91946.22321753569,7,8,momentum_only,0.017854753965671488,6050799.688818004,-0.9743554078999784
2026-01-02 00:00:00+00:00,157501.30267655256,76021.51621616054,63000.521070622286,81479.786460392,10,4,momentum_only,0.015022287961177883,6050799.688818004,-0.973970167452805
2026-01-03 00:00:00+00:00,157931.86884836512,29139.891960042405,29139.891960042405,128791.97688832271,12,3,momentum_only,0.0027337308612411793,6050799.688818004,-0.9738990088962578
2026-01-04 00:00:00+00:00,167047.09789032306,1.2569216778501868e-09,1.2587406672537327e-09,167047.0978903218,15,0,momentum_only,0.05771621084728462,6050799.688818004,-0.9723925585903911
2026-01-05 00:00:00+00:00,164724.7502144365,1.2569216778501868e-09,1.2587406672537327e-09,164724.75021443525,15,0,momentum_only,-0.013902352720975286,6050799.688818004,-0.9727763669785912
2026-01-06 00:00:00+00:00,177696.38751465135,1.2569216778501868e-09,1.2587406672537327e-09,177696.3875146501,15,0,momentum_only,0.0787473484302057,6050799.688818004,-0.9706325780635181
2026-01-07 00:00:00+00:00,165775.05565693256,65589.0590025493,65589.0590025493,100185.99665438326,7,7,momentum_only,-0.06708820603759236,6050799.688818004,-0.9726027857171857
2026-01-08 00:00:00+00:00,164707.30508576857,71437.73183537919,65882.92203430868,93269.57325038937,10,4,momentum_only,-0.00644096041429576,6050799.688818004,-0.9727792500898433
2026-01-09 00:00:00+00:00,161582.25014363998,34257.846715713604,34257.846715713604,127324.40342792637,11,4,momentum_only,-0.01897338397043946,6050799.688818004,-0.9732957198298521
2026-01-10 00:00:00+00:00,157402.89453592026,1.2387317838147283e-09,1.2441887520253658e-09,157402.894535919,15,0,momentum_only,-0.025865190044107145,6050799.688818004,-0.973986431111444
2026-01-11 00:00:00+00:00,160752.700616223,1.2387317838147283e-09,1.2441887520253658e-09,160752.70061622176,15,0,momentum_only,0.021281731128129255,6050799.688818004,-0.9734328173326747
2026-01-12 00:00:00+00:00,155979.4156964802,1.2387317838147283e-09,1.2441887520253658e-09,155979.41569647894,15,0,momentum_only,-0.029693342018175084,6050799.688818004,-0.9742216857740749
2026-01-13 00:00:00+00:00,161212.73841722388,61969.36302594673,61969.36302594673,99243.37539127715,8,7,momentum_only,0.033551367642812524,6050799.688818004,-0.973356788076269
2026-01-14 00:00:00+00:00,159949.2860691768,63419.54558546194,47984.785820754296,96529.74048371486,11,3,momentum_only,-0.007837174409736969,6050799.688818004,-0.9735655955749508
2026-01-15 00:00:00+00:00,159097.19978951637,49988.97348271452,49988.97348271452,109108.22630680184,10,4,momentum_only,-0.005327227777008781,6050799.688818004,-0.9737064176684727
2026-01-16 00:00:00+00:00,160886.6096426181,1.24236976262182e-09,1.2514647096395493e-09,160886.60964261685,14,0,momentum_only,0.011247274342157443,6050799.688818004,-0.9734106865345519
2026-01-17 00:00:00+00:00,158493.1529407557,1.24236976262182e-09,1.2514647096395493e-09,158493.15294075446,14,0,momentum_only,-0.014876668152676298,6050799.688818004,-0.9738062469273848
2026-01-18 00:00:00+00:00,153922.97768682797,1.24236976262182e-09,1.2514647096395493e-09,153922.97768682672,14,0,momentum_only,-0.028835158927250637,6050799.688818004,-0.9745615479601348
2026-01-19 00:00:00+00:00,151153.4706916156,56869.886892343406,56869.886892343384,94283.58379927221,7,7,momentum_only,-0.017992810669549386,6050799.688818004,-0.9750192572114145
2026-01-20 00:00:00+00:00,148618.21811627923,46850.195833276564,44585.46543488502,101768.02228300268,11,3,momentum_only,-0.01677270501124528,6050799.688818004,-0.9754382518411693
2026-01-21 00:00:00+00:00,151908.23026334413,46340.901460559326,45572.46907900449,105567.3288027848,10,3,momentum_only,0.02213734082379304,6050799.688818004,-0.974894520050949
2026-01-22 00:00:00+00:00,152771.96119735582,768.4323815560838,1.2514647096395493e-09,152003.52881579974,13,0,momentum_only,0.005685873191428437,6050799.688818004,-0.9747517734755488
2026-01-23 00:00:00+00:00,154030.70930277658,768.4323815560838,768.4323815560783,153262.2769212205,13,2,momentum_only,0.0082393921996895,6050799.688818004,-0.9745437434348673
2026-01-24 00:00:00+00:00,153008.44296990146,1.2568079910124652e-09,1.2514647096395493e-09,153008.4429699002,15,0,momentum_only,-0.00663676962537163,6050799.688818004,-0.9747126907452144
2026-01-25 00:00:00+00:00,148263.08808856824,62042.936450853675,44478.92642657172,86220.15163771457,8,3,momentum_only,-0.031013679959260076,6050799.688818004,-0.9754969432614732
2026-01-26 00:00:00+00:00,151624.04463198571,60444.18439615842,30324.808926398393,91179.8602358273,8,2,momentum_only,0.02266886914840005,6050799.688818004,-0.9749414866745316
2026-01-27 00:00:00+00:00,155552.42515052258,73161.52729873813,31110.485030105767,82390.89785178445,7,2,momentum_only,0.02590869098678672,6050799.688818004,-0.9742922533961939
2026-01-28 00:00:00+00:00,150342.93196887732,42051.04226863361,42051.042268633595,108291.88970024373,9,3,momentum_only,-0.03349027298419949,6050799.688818004,-0.9751532128477639
2026-01-29 00:00:00+00:00,141395.27925111074,682.7891696253773,1.2460077414289117e-09,140712.49008148536,10,0,momentum_only,-0.05951495424885589,6050799.688818004,-0.9766319682483603
2026-01-30 00:00:00+00:00,136261.57615490913,682.7891696253773,682.7891696253773,135578.78698528375,10,1,momentum_only,-0.03630745752893505,6050799.688818004,-0.9774804020687178
2026-01-31 00:00:00+00:00,128155.34180637068,40347.02838285991,38446.60254191245,87808.31342351076,8,3,momentum_only,-0.05949024352487209,6050799.688818004,-0.978820098433732
2026-02-01 00:00:00+00:00,124913.50971033519,29186.384812178734,12491.350971034764,95727.12489815646,9,1,momentum_only,-0.02529611368782081,6050799.688818004,-0.9793558676316492
2026-02-02 00:00:00+00:00,124975.40071523556,39922.32931059535,1.2441887520253658e-09,85053.07140464021,8,0,momentum_only,0.0004954708665532159,6050799.688818004,-0.9793456390654953
2026-02-03 00:00:00+00:00,124413.59895508978,75557.67531129613,1.2441887520253658e-09,48855.92364379365,5,0,momentum_only,-0.004495298730234798,6050799.688818004,-0.979438486587978
2026-02-04 00:00:00+00:00,123754.01826845901,75557.67531129613,1.2441887520253658e-09,48196.34295716288,5,0,momentum_only,-0.00530151600926565,6050799.688818004,-0.9795474937805065
2026-02-05 00:00:00+00:00,116809.04516047979,76052.2294882833,11680.904516049224,40756.81567219649,4,1,momentum_only,-0.056119172574368714,6050799.688818004,-0.9806952715066167
2026-02-06 00:00:00+00:00,118085.02827456972,95676.00343968428,11808.502827458216,22409.02483488543,2,1,momentum_only,0.010923667018567729,6050799.688818004,-0.9804843930806711
2026-02-07 00:00:00+00:00,118006.71987329709,94168.66151551442,1.2441887520253658e-09,23838.058357782655,2,0,momentum_only,-0.0006631526656415421,6050799.688818004,-0.9804973349074213
2026-02-08 00:00:00+00:00,117643.02568106356,94168.66151551442,11764.302568107601,23474.364165549145,2,1,momentum_only,-0.003081978658707074,6050799.688818004,-0.9805574417050246
2026-02-09 00:00:00+00:00,116898.44216622089,82404.35894740807,23379.688433245425,34494.083218812826,3,2,momentum_only,-0.006329176851174179,6050799.688818004,-0.9806804970949127
2026-02-10 00:00:00+00:00,115175.34314770764,59024.67051416388,1.2441887520253658e-09,56150.672633543756,5,0,momentum_only,-0.014740136708264573,6050799.688818004,-0.9809652692088694
2026-02-11 00:00:00+00:00,117209.41513069661,69744.687912634,23441.883026140567,47464.72721806261,4,2,momentum_only,0.01766065485370727,6050799.688818004,-0.980629103398134
2026-02-12 00:00:00+00:00,113464.35842584682,58387.56491798668,1.2441887520253658e-09,55076.79350786013,5,0,momentum_only,-0.03195184192902756,6050799.688818004,-0.9812480392243803
2026-02-13 00:00:00+00:00,113390.76982345404,58387.56491798668,11339.076982346649,55003.20490546736,5,1,momentum_only,-0.00064856139331948,6050799.688818004,-0.9812602010221885
2026-02-14 00:00:00+00:00,112756.83988518424,60691.73347992095,33827.051965556515,52065.10640526329,5,3,momentum_only,-0.005590666147313517,6050799.688818004,-0.9813649689819411
2026-02-15 00:00:00+00:00,109646.5676506044,47636.52546387074,10964.656765061685,62010.042186733655,6,1,momentum_only,-0.027583889702362252,6050799.688818004,-0.9818789956221434
2026-02-16 00:00:00+00:00,109844.98355851797,36671.8686988103,1.2441887520253658e-09,73173.11485970767,7,0,momentum_only,0.0018095952492178657,6050799.688818004,-0.9818462039387101
2026-02-17 00:00:00+00:00,109268.57369327161,54964.86727695253,10926.857369328405,54303.70641631907,5,1,momentum_only,-0.005247484651306644,6050799.688818004,-0.9819414657049047
2026-02-18 00:00:00+00:00,108404.65984749892,44038.00990762537,21680.931969501027,64366.64993987355,6,2,momentum_only,-0.007906334059029518,6050799.688818004,-0.9820842425096582
2026-02-19 00:00:00+00:00,113388.27620330533,33661.058596855786,22677.655240662312,79727.21760644954,7,2,momentum_only,0.04597234438830622,6050799.688818004,-0.9812606131363348
2026-02-20 00:00:00+00:00,117214.52265419661,42406.25252891102,42406.25252891102,74808.27012528559,6,5,momentum_only,0.03374463903155922,6050799.688818004,-0.9806282592909478
2026-02-21 00:00:00+00:00,116363.72046844105,13767.152386690603,13767.152386690603,102596.56808175045,10,3,momentum_only,-0.007258504889070538,6050799.688818004,-0.9807688691655941
2026-02-22 00:00:00+00:00,117213.93191193853,1.2391865311656147e-09,1.2419150152709335e-09,117213.9319119373,13,0,momentum_only,0.007306499311596548,6050799.688818004,-0.9806283569213914
2026-02-23 00:00:00+00:00,115215.88788206,9771.192932278944,9771.192932278936,105444.69494978106,12,1,momentum_only,-0.017046130927334202,6050799.688818004,-0.9809585684855869
2026-02-24 00:00:00+00:00,115983.98468270524,27275.063760320638,23196.79693654229,88708.9209223846,11,2,momentum_only,0.006666587523341372,6050799.688818004,-0.9808316271158264
2026-02-25 00:00:00+00:00,115945.14230391043,27062.83177252308,27062.83177252308,88882.31053138734,11,6,momentum_only,-0.00033489432960143173,6050799.688818004,-0.980838046495213
2026-02-26 00:00:00+00:00,112799.05985026326,41170.511671860644,41170.51167186064,71628.54817840262,12,4,momentum_only,-0.027134232544221537,6050799.688818004,-0.9813579913976134
2026-02-27 00:00:00+00:00,109729.6222211581,15213.8573588762,15213.857358876194,94515.76486228191,13,2,momentum_only,-0.027211553298225444,6050799.688818004,-0.9818652694082832
2026-02-28 00:00:00+00:00,112192.78745690666,1.2396412785165012e-09,1.2369127944111824e-09,112192.78745690543,15,0,momentum_only,0.022447586949530196,6050799.688818004,-0.9814581884665193
2026-03-01 00:00:00+00:00,109434.78567320856,11001.807703125509,11001.807703125509,98432.97797008305,14,3,momentum_only,-0.02458270131453366,6050799.688818004,-0.9819139962812773
2026-03-02 00:00:00+00:00,110488.74101716373,16180.758074782749,11048.87410171761,94307.98294238099,15,1,momentum_only,0.009630898781146868,6050799.688818004,-0.9817398118101068
2026-03-03 00:00:00+00:00,109692.14793263217,31693.186981365852,31693.18698136585,77998.96095126632,10,6,momentum_only,-0.007209721797878155,6050799.688818004,-0.9818714626869328
2026-03-04 00:00:00+00:00,109738.95063978859,40655.90104331605,40655.901043316044,69083.04959647254,12,6,momentum_only,0.00042667326730772004,6050799.688818004,-0.981863727724686
2026-03-05 00:00:00+00:00,107971.00453168823,14710.12229967889,14710.122299678887,93260.88223200935,16,2,momentum_only,-0.016110470327928783,6050799.688818004,-0.9821559116010367
2026-03-06 00:00:00+00:00,103311.72533671213,1.2369127944111824e-09,1.2369127944111824e-09,103311.7253367109,18,0,momentum_only,-0.0431530596124875,6050799.688818004,-0.9829259386114476
2026-03-07 00:00:00+00:00,101943.10330778515,10857.936825809782,10857.936825809782,91085.16648197536,15,6,momentum_only,-0.013247499492108905,6050799.688818004,-0.9831521272310207
2026-03-08 00:00:00+00:00,100213.56697695242,9491.780418624468,1.2378222891129553e-09,90721.78655832796,20,0,momentum_only,-0.016965702187924703,6050799.688818004,-0.9834379632229193
2026-03-09 00:00:00+00:00,102058.36342222895,37889.47022252211,30617.509026669926,64168.893199706836,14,3,momentum_only,0.018408649656196818,6050799.688818004,-0.983133078490297
2026-03-10 00:00:00+00:00,101332.3440606521,45285.42717319363,45285.42717319363,56046.916887458465,11,5,momentum_only,-0.007113766449234671,6050799.688818004,-0.9832530658306345
2026-03-11 00:00:00+00:00,101422.79915679934,14600.313225446822,10142.279915681176,86822.48593135252,14,1,momentum_only,0.0008926576897609895,6050799.688818004,-0.9832381165510683
2026-03-12 00:00:00+00:00,102605.07541851568,4458.0333097668845,4458.0333097668845,98147.04210874879,15,2,momentum_only,0.011656908225226026,6050799.688818004,-0.9830427248140222
2026-03-13 00:00:00+00:00,103096.85062943888,11091.70793359816,11091.707933598154,92005.14269584072,11,6,momentum_only,0.0047928936158108115,6050799.688818004,-0.9829614503980418
2026-03-14 00:00:00+00:00,103682.77568769627,1.2428245099727064e-09,1.2389591574901715e-09,103682.77568769503,17,0,momentum_only,0.005683248854646106,6050799.688818004,-0.9828646160805317
2026-03-15 00:00:00+00:00,106069.78181789788,29828.300547069597,29828.300547069593,76241.48127082828,14,3,momentum_only,0.02302220512876252,6050799.688818004,-0.9824701217569776
2026-03-16 00:00:00+00:00,109626.81006738708,50003.41856868955,50003.41856868955,59623.39149869753,12,5,momentum_only,0.03353479368512291,6050799.688818004,-0.9818822609067724
2026-03-17 00:00:00+00:00,108572.47237679095,10451.097649090347,10451.097649090341,98121.3747277006,16,2,momentum_only,-0.009617516827754469,6050799.688818004,-0.9820565085673825
2026-03-18 00:00:00+00:00,103584.68855826017,4848.4261711518475,4848.4261711518475,98736.26238710832,16,2,momentum_only,-0.04593967245418451,6050799.688818004,-0.9828808266864814
2026-03-19 00:00:00+00:00,101941.65635193497,10539.51491661726,10539.51491661726,91402.14143531771,12,4,momentum_only,-0.015861728496688876,6050799.688818004,-0.9831523663656682
2026-03-20 00:00:00+00:00,102843.89217839278,1.241460267920047e-09,1.2437340046744794e-09,102843.89217839154,16,0,momentum_only,0.008850511741176792,6050799.688818004,-0.9830032561863764
2026-03-21 00:00:00+00:00,100982.30462800871,31400.162606029327,31400.162606029317,69582.1420219794,13,6,momentum_only,-0.018101099744017413,6050799.688818004,-0.9833109159414704
2026-03-22 00:00:00+00:00,102344.08121743184,45607.82338800657,20468.816243487614,56736.257829425274,14,2,momentum_only,0.013485299176321464,6050799.688818004,-0.9830858586499623
2026-03-23 00:00:00+00:00,105945.98157790987,34128.89232984892,10594.598157792232,71817.08924806095,14,1,momentum_only,0.03519402702756924,6050799.688818004,-0.982490581902141
2026-03-24 00:00:00+00:00,107916.96113029736,30236.83126818188,30236.83126818188,77680.12986211549,13,3,momentum_only,0.018603627273376944,6050799.688818004,-0.9821648432140747
2026-03-25 00:00:00+00:00,106189.35009044896,10859.421254759407,10859.421254759405,95329.92883568956,12,3,momentum_only,-0.016008707266715105,6050799.688818004,-0.9824503610181166
2026-03-26 00:00:00+00:00,103062.28511549774,1.2464624887797982e-09,1.2455529940780252e-09,103062.28511549649,15,0,momentum_only,-0.02944800935581282,6050799.688818004,-0.9829671629510461
2026-03-27 00:00:00+00:00,102200.8025734581,29449.04570089774,29449.045700897746,72751.75687256036,9,6,momentum_only,-0.008358853494022656,6050799.688818004,-0.9831095379405259
2026-03-28 00:00:00+00:00,101472.66397796094,23407.17396669987,20294.532795593437,78065.49001126106,13,2,momentum_only,-0.007124587842388119,6050799.688818004,-0.9832298755211671
2026-03-29 00:00:00+00:00,99907.54742364645,13757.877003256048,13757.877003256042,86149.67042039041,14,2,momentum_only,-0.015424021534059862,6050799.688818004,-0.9834885382822576
2026-03-30 00:00:00+00:00,100036.4103700538,27120.52873760331,20007.282074012008,72915.88163245049,13,2,momentum_only,0.0012898219376851205,6050799.688818004,-0.9834672414367107
2026-03-31 00:00:00+00:00,99568.88550950692,16888.262800529126,9956.88855095194,82680.62270897778,12,1,momentum_only,-0.004673546949729768,6050799.688818004,-0.9835445080600649
2026-04-01 00:00:00+00:00,100345.4610009916,6931.374249578434,6931.374249578434,93414.08675141317,13,2,momentum_only,0.007799379168611287,6050799.688818004,-0.9834161654390192
2026-04-02 00:00:00+00:00,96057.59465148812,30130.76419366277,30130.764193662762,65926.83045782534,9,5,momentum_only,-0.042731044401311924,6050799.688818004,-0.9841248100099885
2026-04-03 00:00:00+00:00,95308.06343939883,18043.45256842846,18043.452568428456,77264.61087097037,12,3,momentum_only,-0.007802935466047267,6050799.688818004,-0.9842486830929918
2026-04-04 00:00:00+00:00,96065.02102720508,13798.12313613777,1.24236976262182e-09,82266.8978910673,13,0,momentum_only,0.007942219792216765,6050799.688818004,-0.9841235826720995
2026-04-05 00:00:00+00:00,94465.59375273692,32958.528460032765,18893.11875054863,61507.06529270415,11,2,momentum_only,-0.01664942408137504,6050799.688818004,-0.9843879158770846
2026-04-06 00:00:00+00:00,90834.8977996406,24927.589104916013,9083.489779965304,65907.30869472459,12,1,momentum_only,-0.03843405634647934,6050799.688818004,-0.9849879515979507
2026-04-07 00:00:00+00:00,97905.75387482026,18589.94707676793,18589.94707676793,79315.80679805233,11,2,momentum_only,0.0778429463395911,6050799.688818004,-0.9838193695197427
2026-04-08 00:00:00+00:00,95148.1363821705,32913.19996685942,32913.19996685942,62234.93641531108,8,5,momentum_only,-0.02816604115193866,6050799.688818004,-0.9842751138237139
2026-04-09 00:00:00+00:00,96667.74572194376,18189.845149890105,18189.845149890105,78477.90057205365,10,4,momentum_only,0.015970983747591427,6050799.688818004,-0.9840239719221597
2026-04-10 00:00:00+00:00,98119.25594045034,1.2410055205691606e-09,1.2441887520253658e-09,98119.2559404491,14,0,momentum_only,0.015015455337933581,6050799.688818004,-0.9837840845860794
2026-04-11 00:00:00+00:00,98530.40615752379,16799.016846846516,16799.016846846513,81731.38931067727,12,5,momentum_only,0.004190311199699481,6050799.688818004,-0.983716134854107
2026-04-12 00:00:00+00:00,98361.11484113062,9810.159527251273,9810.159527251273,88550.95531387934,16,1,momentum_only,-0.0017181631842917433,6050799.688818004,-0.9837441131916986
2026-04-13 00:00:00+00:00,102659.5472977855,16245.381172093157,10265.954729779794,86414.16612569234,15,1,momentum_only,0.04370052600153573,6050799.688818004,-0.9830337223875545
2026-04-14 00:00:00+00:00,104519.42066745911,52235.151289845475,52235.151289845475,52284.26937761364,11,6,momentum_only,0.01811690601243998,6050799.688818004,-0.9827263459306688
2026-04-15 00:00:00+00:00,108861.26681640367,13245.184514933644,13245.184514933644,95616.08230147003,13,2,momentum_only,0.041541046833379,6050799.688818004,-0.9820087802579911
2026-04-16 00:00:00+00:00,107682.85763877443,1.2323653209023178e-09,1.2332748156040907e-09,107682.85763877319,15,0,momentum_only,-0.010824871068390696,6050799.688818004,-0.9822035328920614
2026-04-17 00:00:00+00:00,104475.11104343466,15603.667287219925,15603.667287219925,88871.44375621474,10,6,momentum_only,-0.02978883237014618,6050799.688818004,-0.9827336688675207
2026-04-18 00:00:00+00:00,103378.60045269578,9687.375839717486,1.2337295629549772e-09,93691.2246129783,15,0,momentum_only,-0.01049542402767123,6050799.688818004,-0.9829148863341582
2026-04-19 00:00:00+00:00,100920.02596175372,23110.100291079725,10092.002596176606,77809.925670674,14,1,momentum_only,-0.023782238105139242,6050799.688818004,-0.9833212085754126
2026-04-20 00:00:00+00:00,101973.29745615447,64258.67299049745,61183.97847369392,37714.62446565702,9,6,momentum_only,0.0104366946437362,6050799.688818004,-0.9831471371222876
2026-04-21 00:00:00+00:00,103026.11849084421,16060.380931271218,16060.380931271218,86965.73755957298,13,2,momentum_only,0.010324477691254552,6050799.688818004,-0.9829731401154729
2026-04-22 00:00:00+00:00,97932.38969896478,1.2350938050076365e-09,1.2387317838147283e-09,97932.38969896354,15,0,momentum_only,-0.04944114042627068,6050799.688818004,-0.9838149674860422
2026-04-23 00:00:00+00:00,100555.19868921314,14064.079915391647,14064.079915391645,86491.1187738215,9,5,momentum_only,0.026781833858140702,6050799.688818004,-0.9833815026342648
2026-04-24 00:00:00+00:00,100667.37085721601,1.2405507732182741e-09,1.2405507732182741e-09,100667.37085721477,14,0,momentum_only,0.0011155282816313061,6050799.688818004,-0.9833629642304551
2026-04-25 00:00:00+00:00,97257.38240139373,10683.355206392871,10683.355206392867,86574.02719500086,13,3,momentum_only,-0.03387382055163557,6050799.688818004,-0.9839265241946239
2026-04-26 00:00:00+00:00,96573.84132485092,58316.6706857738,48286.92066242671,38257.17063907712,10,5,momentum_only,-0.0070281664966238555,6050799.688818004,-0.9840394912587634
2026-04-27 00:00:00+00:00,94024.3992801685,24226.833760526046,24226.833760526046,69797.56551964245,13,3,momentum_only,-0.02639888824662906,6050799.688818004,-0.9844608309453827
2026-04-28 00:00:00+00:00,95353.34887022228,1.2369127944111824e-09,1.2405507732182741e-09,95353.34887022105,16,0,momentum_only,0.014134092854918068,6050799.688818004,-0.9842411988870765
2026-04-29 00:00:00+00:00,91663.74241632455,13947.216105553636,13947.216105553638,77716.5263107709,11,6,momentum_only,-0.03869404166307111,6050799.688818004,-0.9848509705939
2026-04-30 00:00:00+00:00,94718.12541042524,1.2373675417620689e-09,1.2396412785165012e-09,94718.125410424,17,0,momentum_only,0.03332160474343393,6050799.688818004,-0.9843461806237833
2026-05-01 00:00:00+00:00,96349.14078869215,9565.551228144459,9565.551228144453,86783.5895605477,14,5,momentum_only,0.01721967544437253,6050799.688818004,-0.98407662693466
2026-05-02 00:00:00+00:00,97042.44131989172,49600.12784036469,38816.97652795793,47442.31347952704,14,4,momentum_only,0.007195710574317227,6050799.688818004,-0.983962046950715
2026-05-03 00:00:00+00:00,96013.9430444073,33758.84459278929,19202.788608882704,62255.09845161801,15,2,momentum_only,-0.010598437771099256,6050799.688818004,-0.9841320241980837
2026-05-04 00:00:00+00:00,97689.34043968648,14556.055983907829,9768.934043969892,83133.28445577864,17,1,momentum_only,0.01744952183147297,6050799.688818004,-0.9838551356079068
2026-05-05 00:00:00+00:00,97029.33649384665,19117.654054562026,19117.654054562023,77911.68243928463,12,6,momentum_only,-0.006756151109928998,6050799.688818004,-0.9839642127513891
2026-05-06 00:00:00+00:00,95050.16778045983,1.2464624887797982e-09,1.243279257323593e-09,95050.16778045858,18,0,momentum_only,-0.02039763214821466,6050799.688818004,-0.9842913048408933
2026-05-07 00:00:00+00:00,93883.481534331,8480.662406070389,8480.66240607039,85402.81912826061,13,2,momentum_only,-0.012274425951814827,6050799.688818004,-0.9844841200564234
2026-05-08 00:00:00+00:00,94954.4317191216,34981.34588680988,28486.329515737725,59973.08583231171,11,3,momentum_only,0.011407226993376485,6050799.688818004,-0.984307126891905
2026-05-09 00:00:00+00:00,93607.27413978081,26864.001900903662,26864.001900903662,66743.27223887715,12,3,momentum_only,-0.014187411318786314,6050799.688818004,-0.9845297681374631
2026-05-10 00:00:00+00:00,95502.22522994643,10522.536961105769,9550.222522995886,84979.68826884066,14,1,momentum_only,0.020243630717586614,6050799.688818004,-0.9842165944765224
2026-05-11 00:00:00+00:00,94580.58016091614,20951.65084379532,20951.650843795313,73628.92931712083,9,5,momentum_only,-0.009650508842188654,6050799.688818004,-0.9843689123710866
2026-05-12 00:00:00+00:00,90484.52801037983,1.2487362255342305e-09,1.2441887520253658e-09,90484.52801037858,14,0,momentum_only,-0.043307538858055605,6050799.688818004,-0.9850458563059694
2026-05-13 00:00:00+00:00,87243.68192680458,8125.204898688228,8125.204898688227,79118.47702811635,12,4,momentum_only,-0.03581657720758047,6050799.688818004,-0.9855814625481599
2026-05-14 00:00:00+00:00,88324.98708135047,25740.024583849437,17664.997416271337,62584.96249750102,13,2,momentum_only,0.01239407978509055,6050799.688818004,-0.9854027580445975
2026-05-15 00:00:00+00:00,85386.19872628944,33183.408750599636,25615.859617888076,52202.7899756898,12,3,momentum_only,-0.033272445908815174,6050799.688818004,-0.9858884439879765
2026-05-16 00:00:00+00:00,84375.23121826816,16046.391125208931,16046.391125208935,68328.84009305923,14,3,momentum_only,-0.01183994044824499,6050799.688818004,-0.986055523970791
2026-05-17 00:00:00+00:00,82352.42461212487,18770.051203732033,18770.05120373203,63582.37340839284,12,4,momentum_only,-0.023973938523623617,6050799.688818004,-0.9863898279818594
2026-05-18 00:00:00+00:00,84990.1152216171,1.2450982467271388e-09,1.243279257323593e-09,84990.11522161585,16,0,momentum_only,0.03202930116405933,6050799.688818004,-0.9859539036833956
2026-05-19 00:00:00+00:00,82770.29586092458,7821.054832896578,7821.054832896577,74949.241028028,12,5,momentum_only,-0.02611855925720541,6050799.688818004,-0.9863207674823733
2026-05-20 00:00:00+00:00,85840.77406448153,16382.497046461893,16382.497046461896,69458.27701801964,15,3,momentum_only,0.037096378255263796,6050799.688818004,-0.9858133174986577
2026-05-21 00:00:00+00:00,86419.18000253188,25090.96199170342,8641.918000254433,61328.21801082845,15,1,momentum_only,0.006738125842340015,6050799.688818004,-0.9857177258466784
2026-05-22 00:00:00+00:00,82843.08253729714,31863.895899227213,16568.616507460672,50979.186638069936,13,2,momentum_only,-0.041380830796241774,6050799.688818004,-0.9863087382168025
2026-05-23 00:00:00+00:00,85171.46005966142,35208.78334243143,34068.58402386581,49962.67671722998,11,4,momentum_only,0.02810587741367554,6050799.688818004,-0.9859239332914854
2026-05-24 00:00:00+00:00,84964.48932714756,1140.199318566858,1140.1993185668543,83824.2900085807,15,2,momentum_only,-0.0024300479570137368,6050799.688818004,-0.9859581388086333
2026-05-25 00:00:00+00:00,87474.59030231161,7920.878802523294,7920.8788025232925,79553.71149978832,12,3,momentum_only,0.029542941940122303,6050799.688818004,-0.9855433009187254
2026-05-26 00:00:00+00:00,86004.7128302039,16048.368858784452,16048.368858784452,69956.34397141945,12,3,momentum_only,-0.016803479353579398,6050799.688818004,-0.9857862237632585
2026-05-27 00:00:00+00:00,83342.0091657962,7765.890549683996,7765.890549683996,75576.1186161122,14,1,momentum_only,-0.030959973898925575,6050799.688818004,-0.9862262819045532
2026-05-28 00:00:00+00:00,82408.43200603778,18666.394493211512,18666.394493211512,63742.03751282627,13,3,momentum_only,-0.011201759702015535,6050799.688818004,-0.9863805717848617
2026-05-29 00:00:00+00:00,84837.39916093773,32581.685612100755,25451.219748282565,52255.71354883697,12,3,momentum_only,0.029474740578997904,6050799.688818004,-0.9859791426713862
2026-05-30 00:00:00+00:00,85669.51420794202,7911.942840991038,7911.942840991032,77757.57136695099,13,2,momentum_only,0.00980835168491856,6050799.688818004,-0.9858416211717831
2026-05-31 00:00:00+00:00,88875.45650258019,8180.333739051872,8180.333739051872,80695.12276352831,12,2,momentum_only,0.037422207004191854,6050799.688818004,-0.9853117833884298
2026-06-01 00:00:00+00:00,86261.7969840286,18506.007063400997,17252.35939680697,67755.78992062759,11,2,momentum_only,-0.02940811357155404,6050799.688818004,-0.9857437361307064
2026-06-02 00:00:00+00:00,83226.46229190392,9014.544982697538,9014.544982697538,74211.91730920639,12,2,momentum_only,-0.03518747346159112,6050799.688818004,-0.9862453780372686
2026-06-03 00:00:00+00:00,84963.41164611727,20146.523866250445,20146.52386625044,64816.887779866825,11,4,momentum_only,0.020870157235823195,6050799.688818004,-0.9859583169141872
2026-06-04 00:00:00+00:00,81183.29757086569,23311.94141280729,23311.94141280729,57871.3561580584,12,3,momentum_only,-0.04449108153750003,6050799.688818004,-0.9865830465812818
2026-06-05 00:00:00+00:00,78993.37487550857,6784.730031866161,6784.730031866158,72208.64484364241,13,1,momentum_only,-0.026975039951358415,6050799.688818004,-0.9869449694357773
2026-06-06 00:00:00+00:00,88596.55342744969,6469.807443052773,6469.807443052773,82126.74598439691,12,2,momentum_only,0.12156941727170745,6050799.688818004,-0.9853578769776203
2026-06-07 00:00:00+00:00,86673.63563535605,18027.032111312787,18027.032111312787,68646.60352404327,12,4,momentum_only,-0.021704205386141595,6050799.688818004,-0.9856756726229873
2026-06-08 00:00:00+00:00,88107.79058603018,6953.500351427783,1.2496457202360034e-09,81154.2902346024,14,0,momentum_only,0.016546611206062156,6050799.688818004,-0.9854386535470915
2026-06-09 00:00:00+00:00,86761.34589140369,25526.113974349995,25526.113974349995,61235.231917053694,10,3,momentum_only,-0.01528178933634472,6050799.688818004,-0.9856611769760383
2026-06-10 00:00:00+00:00,83680.71214740293,33225.88157448615,16736.14242948184,50454.83057291677,10,2,momentum_only,-0.03550698427219756,6050799.688818004,-0.986170305339632
2026-06-11 00:00:00+00:00,86094.81767813233,22735.05434866745,1.2514647096395493e-09,63359.76332946488,11,0,momentum_only,0.028849007958691608,6050799.688818004,-0.9857713323683087
2026-06-12 00:00:00+00:00,84782.3760113347,28574.68064314627,16956.47520226819,56207.695368188426,9,2,momentum_only,-0.015244142472131461,6050799.688818004,-0.9859882362048749
2026-06-13 00:00:00+00:00,84318.35131566417,25970.131884451897,25970.131884451897,58348.219431212274,7,4,momentum_only,-0.0054731268159845525,6050799.688818004,-0.9860649243650412
2026-06-14 00:00:00+00:00,85091.6588506255,1.2460077414289117e-09,1.2478267308324575e-09,85091.65885062426,11,0,momentum_only,0.009171283865196722,6050799.688818004,-0.98593712183071
2026-06-15 00:00:00+00:00,85924.76508093096,26482.240610209934,26482.240610209927,59442.52447072103,8,4,momentum_only,0.009790692079090002,6050799.688818004,-0.9857994365208087
2026-06-16 00:00:00+00:00,87944.88452436104,18300.339979651384,17588.97690487346,69644.54454470966,10,2,momentum_only,0.023510328384690693,6050799.688818004,-0.9854655766101653
2026-06-17 00:00:00+00:00,88407.59701166039,711.363074779174,711.3630747791741,87696.23393688121,12,2,momentum_only,0.005261391720528863,6050799.688818004,-0.9853891053152793
2026-06-18 00:00:00+00:00,86471.38450114532,15774.506104016282,15774.506104016284,70696.87839712904,12,4,momentum_only,-0.021900974304953524,6050799.688818004,-0.9857090981443418
2026-06-19 00:00:00+00:00,85923.17335810128,25914.754669215563,17184.634671621505,60008.41868888572,12,2,momentum_only,-0.006339798376152728,6050799.688818004,-0.98579969958072
2026-06-20 00:00:00+00:00,83670.73101628014,8730.119997595302,1.2478267308324575e-09,74940.61101868484,14,0,momentum_only,-0.026214608397127637,6050799.688818004,-0.986171954895333
2026-06-21 00:00:00+00:00,81804.60105721606,33578.17837502991,16360.92021144446,48226.42268218616,10,2,momentum_only,-0.022303258695098305,6050799.688818004,-0.9864803653625499
2026-06-22 00:00:00+00:00,82203.46724510167,34387.893950060396,34387.8939500604,47815.573295041264,10,7,momentum_only,0.0048758405117901304,6050799.688818004,-0.98641444578028
2026-06-23 00:00:00+00:00,80791.0213190557,645.0644120396391,1.2532836990430951e-09,80145.95690701605,15,0,momentum_only,-0.01718231570250628,6050799.688818004,-0.9866478770618767
2026-06-24 00:00:00+00:00,79937.38044452964,15254.043463859758,7993.738044454218,64683.336980669876,11,1,momentum_only,-0.010566036430643688,6050799.688818004,-0.9867889560792674
2026-06-25 00:00:00+00:00,83176.95219557657,23502.72797846833,23502.72797846833,59674.22421710823,10,4,momentum_only,0.04052636867797954,6050799.688818004,-0.9862535604427148
2026-06-26 00:00:00+00:00,81747.53016677107,1.254193193744868e-09,1.254193193744868e-09,81747.53016676982,14,0,momentum_only,-0.01718531385286215,6050799.688818004,-0.9864897973208662
2026-06-27 00:00:00+00:00,78775.22149117895,14455.524847141894,14455.524847141889,64319.69664403706,12,3,momentum_only,-0.036359614407045604,6050799.688818004,-0.9869810230808406
2026-06-28 00:00:00+00:00,80003.08819849623,32077.011854554934,32001.23527939975,47926.076343941306,8,4,momentum_only,0.015586966105259004,6050799.688818004,-0.9867780967288764
2026-06-29 00:00:00+00:00,84882.93871900346,75.77657515643477,75.77657515642932,84807.16214384703,12,1,momentum_only,0.060995776918008504,6050799.688818004,-0.9859716164665195
2026-06-30 00:00:00+00:00,83429.42670800249,83429.42670800249,10561.197768143698,0.0,0,4,momentum_only,-0.017123723953675563,6050799.688818004,-0.9862118346336631
