date,equity,cash,reserved,invested,open_positions,open_orders,mode,daily_return,peak,drawdown
2020-01-01 00:00:00+00:00,100000.0,100000.0,100000.0,0.0,0,50,passive_limit,0.0,100000.0,0.0
2020-01-02 00:00:00+00:00,99361.76274268395,24000.0,24000.0,75361.76274268395,38,12,passive_limit,-0.006382372573160544,100000.0,-0.006382372573160544
2020-01-03 00:00:00+00:00,103452.54784497587,16000.0,16000.0,87452.54784497587,42,8,passive_limit,0.04117061724121962,103452.54784497587,0.0
2020-01-04 00:00:00+00:00,104280.09872926155,16000.0,15999.999999999998,88280.09872926155,42,9,passive_limit,0.00799932820915883,104280.09872926155,0.0
2020-01-05 00:00:00+00:00,104506.25563114298,14222.222222222223,14222.22222222222,90284.03340892076,43,8,passive_limit,0.0021687446083897832,104506.25563114298,0.0
2020-01-06 00:00:00+00:00,108851.1491026958,14222.222222222223,14222.22222222222,94628.92688047358,43,8,passive_limit,0.04157543914775985,108851.1491026958,0.0
2020-01-07 00:00:00+00:00,108648.3682766062,94160.57286333345,94160.5728633335,14487.795413272743,7,43,passive_limit,-0.0018629185613675547,108851.1491026958,-0.0018629185613675547
2020-01-08 00:00:00+00:00,108906.39726740742,50689.3640477361,50689.3640477361,58217.03321967132,27,24,passive_limit,0.002374899824949983,108906.39726740742,0.0
2020-01-09 00:00:00+00:00,108137.88258028761,32473.636605035616,32473.636605035616,75664.245975252,36,15,passive_limit,-0.007056653294964965,108906.39726740742,-0.007056653294964965
2020-01-10 00:00:00+00:00,111093.1988485081,27696.831174352075,27696.83117435206,83396.36767415602,38,13,passive_limit,0.02732914865450864,111093.1988485081,0.0
2020-01-11 00:00:00+00:00,111189.70412269988,27696.831174352075,27696.831174352075,83492.87294834781,38,14,passive_limit,0.0008686875091552526,111189.70412269988,0.0
2020-01-12 00:00:00+00:00,113278.49978533703,31089.046170318612,31089.046170318616,82189.45361501841,36,16,passive_limit,0.018785873018711596,113278.49978533703,0.0
2020-01-13 00:00:00+00:00,113240.0537727201,78152.48776495017,78152.4877649502,35087.566007769936,17,34,passive_limit,-0.0003393937304059236,113278.49978533703,-0.0003393937304059236
2020-01-14 00:00:00+00:00,113494.12634405136,90047.00745186482,90047.00745186476,23447.11889218654,11,39,passive_limit,0.002243663464176704,113494.12634405136,0.0
2020-01-15 00:00:00+00:00,114292.35382812453,90440.15341178537,90440.15341178537,23852.200416339158,11,39,passive_limit,0.007033205239656004,114292.35382812453,0.0
2020-01-16 00:00:00+00:00,114974.23544821492,83841.71498610587,83841.71498610581,31132.520462109052,14,37,passive_limit,0.005966117568248164,114974.23544821492,0.0
2020-01-17 00:00:00+00:00,116254.16088681223,74785.67498849216,74785.67498849214,41468.48589832007,18,33,passive_limit,0.011132280494039914,116254.16088681223,0.0
2020-01-18 00:00:00+00:00,115662.66525053002,75572.9234811496,75572.9234811496,40089.74176938042,17,34,passive_limit,-0.0050879523947371386,116254.16088681223,-0.0050879523947371386
2020-01-19 00:00:00+00:00,115081.32943334436,41543.36649178771,41543.36649178771,73537.96294155665,33,17,passive_limit,-0.005026131949548818,116254.16088681223,-0.010088511624196883
2020-01-20 00:00:00+00:00,115867.77981179176,46023.39236920266,46023.39236920266,69844.3874425891,31,19,passive_limit,0.006833865947846185,116254.16088681223,-0.0033235892124038324
2020-01-21 00:00:00+00:00,116701.54264597787,48411.24593122569,48411.24593122569,68290.29671475218,30,20,passive_limit,0.007195812636959342,116701.54264597787,0.0
2020-01-22 00:00:00+00:00,117106.20783178638,57231.98354923961,57231.98354923962,59874.22428254677,26,24,passive_limit,0.003467522164947612,117106.20783178638,0.0
2020-01-23 00:00:00+00:00,115019.77924982662,15854.182848729462,15854.182848729455,99165.59640109717,43,7,passive_limit,-0.01781654978493319,117106.20783178638,-0.01781654978493319
2020-01-24 00:00:00+00:00,115336.88815050872,46609.50904636472,46609.5090463647,68727.379104144,29,21,passive_limit,0.0027569945165111243,117106.20783178638,-0.015108675398482263
2020-01-25 00:00:00+00:00,115438.6023583255,44598.66520306626,44598.66520306626,70839.93715525923,30,20,passive_limit,0.0008818879150271908,117106.20783178638,-0.014240111641701025
2020-01-26 00:00:00+00:00,117733.09613093166,46968.88340324873,46968.883403248736,70764.21272768293,29,21,passive_limit,0.019876312825444442,117733.09613093166,0.0
2020-01-27 00:00:00+00:00,119218.17562886834,46968.88340324873,46968.88340324873,72249.2922256196,29,21,passive_limit,0.01261395093428197,119218.17562886834,0.0
2020-01-28 00:00:00+00:00,119383.47239384355,88238.65389498214,88238.6538949821,31144.818498861405,13,37,passive_limit,0.0013865064123257387,119383.47239384355,0.0
2020-01-29 00:00:00+00:00,119107.89475775964,101089.4311430741,101089.43114307409,18018.46361468554,8,42,passive_limit,-0.0023083399281165207,119383.47239384355,-0.0023083399281165207
2020-01-30 00:00:00+00:00,120027.10719810227,95939.89615350988,95939.89615350991,24087.211044592386,10,40,passive_limit,0.007717477017053387,120027.10719810227,0.0
2020-01-31 00:00:00+00:00,120424.92857602946,89549.34483415094,89549.34483415098,30875.58374187853,13,38,passive_limit,0.003314429441930944,120424.92857602946,0.0
2020-02-01 00:00:00+00:00,121305.43401602632,87173.65479188938,87173.6547918894,34131.779224136946,14,37,passive_limit,0.007311654243091104,121305.43401602632,0.0
2020-02-02 00:00:00+00:00,122213.74497796639,94215.78618086159,94215.78618086157,27997.958797104802,11,39,passive_limit,0.00748780109735292,122213.74497796639,0.0
2020-02-03 00:00:00+00:00,123116.8085036372,89325.9720161116,89325.97201611158,33790.83648752561,13,37,passive_limit,0.007389214084173812,123116.8085036372,0.0
2020-02-04 00:00:00+00:00,126123.78040231278,71204.84662418226,71204.84662418223,54918.933778130515,21,29,passive_limit,0.024423731700182527,126123.78040231278,0.0
2020-02-05 00:00:00+00:00,127494.91134942308,70960.37433281545,70960.37433281548,56534.537016607625,21,29,passive_limit,0.010871311839342646,127494.91134942308,0.0
2020-02-06 00:00:00+00:00,129803.1610852255,70277.4852500605,70277.48525006052,59525.675835165,22,29,passive_limit,0.018104642070586152,129803.1610852255,0.0
2020-02-07 00:00:00+00:00,131142.98480804538,72069.69915127801,72069.69915127796,59073.28565676737,22,29,passive_limit,0.010321965286655743,131142.98480804538,0.0
2020-02-08 00:00:00+00:00,130679.8368053692,45434.81874224833,45434.81874224833,85245.01806312086,33,18,passive_limit,-0.0035316262120623776,131142.98480804538,-0.0035316262120623776
2020-02-09 00:00:00+00:00,134145.4984334102,75152.74937961614,75152.74937961616,58992.74905379406,22,29,passive_limit,0.02652024759720706,134145.4984334102,0.0
2020-02-10 00:00:00+00:00,134075.40469429884,36648.23475086679,36648.23475086679,97427.16994343205,37,13,passive_limit,-0.0005225202480138025,134145.4984334102,-0.0005225202480138025
2020-02-11 00:00:00+00:00,141391.52676930267,32416.802403168822,32416.802403168804,108974.72436613386,38,12,passive_limit,0.054567219779683596,141391.52676930267,0.0
2020-02-12 00:00:00+00:00,150424.70304307994,31630.751590205058,31630.751590205058,118793.95145287488,38,13,passive_limit,0.06388767757290004,150424.70304307994,0.0
2020-02-13 00:00:00+00:00,150751.07967238338,65032.01125860812,65032.01125860808,85719.06841377527,30,23,passive_limit,0.002169701004561597,150751.07967238338,0.0
2020-02-14 00:00:00+00:00,154479.82981244143,55983.61451037045,55983.61451037044,98496.215302071,33,21,passive_limit,0.02473448381372445,154479.82981244143,0.0
2020-02-15 00:00:00+00:00,150350.54785475496,73018.70762730364,73018.70762730362,77331.84022745132,30,22,passive_limit,-0.02673023373148431,154479.82981244143,-0.02673023373148431
2020-02-16 00:00:00+00:00,147645.80723501657,16294.4296747406,16294.42967474059,131351.37756027599,47,4,passive_limit,-0.017989562780651003,154479.82981244143,-0.04423893129428125
2020-02-17 00:00:00+00:00,146502.67904902462,8465.711493185325,8465.711493185314,138036.9675558393,48,3,passive_limit,-0.007742368086161577,154479.82981244143,-0.051638785290624045
2020-02-18 00:00:00+00:00,151603.85951456722,18847.692916541746,18847.692916541742,132756.16659802548,43,7,passive_limit,0.034819707725860516,154479.82981244143,-0.01861712497590151
2020-02-19 00:00:00+00:00,141654.96990206995,16050.846929407253,16050.846929407253,125604.12297266269,44,6,passive_limit,-0.06562425022920548,154479.82981244143,-0.08301964033713993
2020-02-20 00:00:00+00:00,142143.3884540635,48654.059220726616,48654.0592207266,93489.32923333687,29,21,passive_limit,0.0034479450479656393,154479.82981244143,-0.07985794244695876
2020-02-21 00:00:00+00:00,142487.43984481276,112736.84960227873,112736.8496022788,29750.590242534035,9,41,passive_limit,0.0024204529981388667,154479.82981244143,-0.0776307818450408
2020-02-22 00:00:00+00:00,142602.03406459402,121073.03343663966,121073.03343663967,21529.00062795437,8,42,passive_limit,0.000804240850323712,154479.82981244143,-0.07688897484071933
2020-02-23 00:00:00+00:00,143134.22892199736,121073.03343663966,121073.03343663967,22061.195485357708,8,42,passive_limit,0.0037320285148405574,154479.82981244143,-0.07344389817246111
2020-02-24 00:00:00+00:00,142524.05636273854,77365.05817524585,77365.05817524585,65158.99818749268,25,25,passive_limit,-0.004262939506883057,154479.82981244143,-0.07739375078428523
2020-02-25 00:00:00+00:00,136138.31510760923,20789.543770288277,20789.543770288277,115348.77133732096,43,7,passive_limit,-0.04480465556549229,154479.82981244143,-0.11873080600296604
2020-02-26 00:00:00+00:00,124623.26561909946,1.9099388737231493e-11,2.000888343900442e-11,124623.26561909945,50,0,passive_limit,-0.08458345822340907,154479.82981244143,-0.19327160205699156
2020-02-27 00:00:00+00:00,128481.16257467122,4546.689516254821,4546.689516254817,123934.4730584164,48,2,passive_limit,0.030956474590893013,154479.82981244143,-0.168298134904317
2020-02-28 00:00:00+00:00,127204.5975754742,2273.344758127422,2273.3447581274186,124931.25281734677,49,1,passive_limit,-0.009935814508645224,154479.82981244143,-0.17656177036240206
2020-02-29 00:00:00+00:00,125614.95460325299,51605.582043073766,51605.58204307377,74009.37256017922,27,23,passive_limit,-0.012496741489850804,154479.82981244143,-0.18685206505104357
2020-03-01 00:00:00+00:00,125641.72986985774,98959.49037069465,98959.4903706946,26682.239499163086,10,40,passive_limit,0.00021315349505401926,154479.82981244143,-0.18667873972671312
2020-03-02 00:00:00+00:00,126325.80994717547,116001.5898559712,116001.58985597116,10324.220091204279,4,46,passive_limit,0.005444688464782521,154479.82981244143,-0.18225045884274083
2020-03-03 00:00:00+00:00,126479.47740506515,113177.0070159107,113177.00701591067,13302.470389154441,5,45,passive_limit,0.0012164375431586993,154479.82981244143,-0.18125571759997627
2020-03-04 00:00:00+00:00,127766.67945347383,105407.58580305756,105407.5858030576,22359.093650416267,8,42,passive_limit,0.010177161345205965,154479.82981244143,-0.17292322493752632
2020-03-05 00:00:00+00:00,128719.1829818167,102696.84157021555,102696.84157021553,26022.341411601163,9,41,passive_limit,0.007455022956041724,154479.82981244143,-0.1667573485930266
2020-03-06 00:00:00+00:00,129280.54381728906,105472.20124109826,105472.20124109821,23808.342576190804,8,43,passive_limit,0.004361128018903315,154479.82981244143,-0.16312347071943034
2020-03-07 00:00:00+00:00,128669.9133808209,55865.988400478294,55865.98840047827,72803.9249803426,30,22,passive_limit,-0.004723297245184499,154479.82981244143,-0.16707628732474078
2020-03-08 00:00:00+00:00,113995.11824568405,5542.077597783504,5542.0775977835,108453.04064790055,50,2,passive_limit,-0.11404993404871777,154479.82981244143,-0.2620711818229673
2020-03-09 00:00:00+00:00,113679.17595412362,13460.225470484065,13460.22547048406,100218.95048363956,47,5,passive_limit,-0.002771542294289331,154479.82981244143,-0.26411638275271987
2020-03-10 00:00:00+00:00,116337.93891091546,13340.061569315912,10787.928802586004,102997.87734159955,47,4,passive_limit,0.023388302514304016,154479.82981244143,-0.24690531409722016
2020-03-11 00:00:00+00:00,114220.2573448627,7575.286241829269,7575.286241829264,106644.97110303343,49,3,passive_limit,-0.018202845828946268,154479.82981244143,-0.2606137805593072
2020-03-12 00:00:00+00:00,83682.35791448846,45240.70834628839,45240.7083462884,38441.64956820007,29,22,passive_limit,-0.26735974983992405,154479.82981244143,-0.458295895224058
2020-03-13 00:00:00+00:00,103446.9430231404,26407.49152750653,26407.491527506525,77039.45149563387,30,21,passive_limit,0.23618580548182622,154479.82981244143,-0.33035307490474053
2020-03-14 00:00:00+00:00,99641.8877302577,28324.069137399292,28324.06913739929,71317.81859285841,29,22,passive_limit,-0.03678267507655131,154479.82981244143,-0.35498448016653117
2020-03-15 00:00:00+00:00,101209.67155836514,29951.135345119645,29951.135345119645,71258.53621324549,28,23,passive_limit,0.015734184325688627,154479.82981244143,-0.3448356870845416
2020-03-16 00:00:00+00:00,93568.65858368616,6700.738426830336,6700.738426830336,86867.92015685582,47,4,passive_limit,-0.0754968656357371,154479.82981244143,-0.39429853918604996
2020-03-17 00:00:00+00:00,99416.51608439955,10680.947716579303,10680.947716579301,88735.56836782025,44,7,passive_limit,0.062498037155071184,154479.82981244143,-0.35644338678321885
2020-03-18 00:00:00+00:00,99365.6293578624,68293.11695382529,68293.1169538253,31072.512404037123,22,29,passive_limit,-0.0005118538502592029,154479.82981244143,-0.3567727937135535
2020-03-19 00:00:00+00:00,103945.70913998203,68293.11695382529,68293.11695382529,35652.59218615675,22,30,passive_limit,0.046093199547145414,154479.82981244143,-0.32712439374003954
2020-03-20 00:00:00+00:00,103474.28317322858,66952.96926845926,66952.96926845924,36521.31390476933,23,30,passive_limit,-0.0045353095443179114,154479.82981244143,-0.3301760928992491
2020-03-21 00:00:00+00:00,103389.66966698375,101998.38889574482,101998.38889574478,1391.2807712389395,1,49,passive_limit,-0.0008177249810291665,154479.82981244143,-0.3307238246409758
2020-03-22 00:00:00+00:00,103302.8495985405,98428.41642021287,98428.41642021287,4874.433178327625,3,47,passive_limit,-0.0008397363945826797,154479.82981244143,-0.331285840203452
2020-03-23 00:00:00+00:00,104679.86686436237,91738.94204971511,91738.94204971513,12940.924814647255,6,44,passive_limit,0.013329905914244211,154479.82981244143,-0.3223719433698411
2020-03-24 00:00:00+00:00,104726.91467122451,91738.94204971511,91738.94204971503,12987.972621509405,6,44,passive_limit,0.0004494446570428856,154479.82981244143,-0.32206738706032634
2020-03-25 00:00:00+00:00,104604.27703125087,93183.51782995023,93183.5178299502,11420.759201300642,5,45,passive_limit,-0.0011710231353482259,154479.82981244143,-0.32286126183428576
2020-03-26 00:00:00+00:00,104759.81256294159,93183.51782995023,93183.51782995026,11576.294732991359,5,45,passive_limit,0.001486894571665065,154479.82981244143,-0.321854427920243
2020-03-27 00:00:00+00:00,104450.56491914205,96041.9073679688,96041.90736796871,8408.657551173259,4,46,passive_limit,-0.002951968280906714,154479.82981244143,-0.3238562921388598
2020-03-28 00:00:00+00:00,104405.38240231789,103040.22289116308,103040.22289116308,1365.1595111548015,1,49,passive_limit,-0.0004325732164219831,154479.82981244143,-0.32414877379733276
2020-03-29 00:00:00+00:00,104327.01977176822,103040.22289116308,103040.22289116308,1286.7968806051301,1,49,passive_limit,-0.0007505612138626327,154479.82981244143,-0.324656041514062
2020-03-30 00:00:00+00:00,104412.02135041445,101551.26158163436,101551.26158163433,2860.7597687800917,2,48,passive_limit,0.0008147609203463801,154479.82981244143,-0.3241057976488957
2020-03-31 00:00:00+00:00,104337.16608744836,101551.26158163436,101551.26158163433,2785.9045058140027,2,48,passive_limit,-0.0007169218831121205,154479.82981244143,-0.3245903609932298
2020-04-01 00:00:00+00:00,104276.51216981889,102969.67510244659,102969.67510244662,1306.8370673723014,1,49,passive_limit,-0.0005813260979183887,154479.82981244143,-0.32498299424317
2020-04-02 00:00:00+00:00,104256.7672668333,102969.67510244659,102969.67510244652,1287.0921643867043,1,49,passive_limit,-0.00018935139442943782,154479.82981244143,-0.3251108096544737
2020-04-03 00:00:00+00:00,104292.12441869122,102969.67510244659,102969.6751024466,1322.4493162446338,1,49,passive_limit,0.0003391353173980427,154479.82981244143,-0.3248819308946974
2020-04-04 00:00:00+00:00,104293.80936789566,104293.80936789566,104293.80936789568,0.0,0,50,passive_limit,1.6156054101212902e-05,154479.82981244143,-0.3248710236506481
2020-04-05 00:00:00+00:00,104245.48136382809,99846.52848931278,99846.52848931284,4398.9528745153075,2,48,passive_limit,-0.0004633832473900368,154479.82981244143,-0.3251838671081161
2020-04-06 00:00:00+00:00,104750.76559819772,99846.52848931278,99846.52848931275,4904.237108884939,2,48,passive_limit,0.0048470612611604125,154479.82981244143,-0.32191299197196976
2020-04-07 00:00:00+00:00,104726.40631426478,97997.01521423872,97997.0152142387,6729.3911000260605,3,47,passive_limit,-0.0002325451636924214,154479.82981244143,-0.3220706778262493
2020-04-08 00:00:00+00:00,104969.84770558873,97997.01521423872,97997.01521423872,6972.832491350009,3,47,passive_limit,0.002324546405167771,154479.82981244143,-0.32049479965743255
2020-04-09 00:00:00+00:00,105321.17931233408,86970.94495451509,86970.94495451506,18350.234357818987,8,43,passive_limit,0.003346976435849802,154479.82981244143,-0.3182205117638487
2020-04-10 00:00:00+00:00,101365.10622769968,8608.059483508827,8608.059483508827,92757.04674419085,47,4,passive_limit,-0.037561990004902124,154479.82981244143,-0.3438295060865222
2020-04-11 00:00:00+00:00,101931.36196654168,8608.059483508827,8608.059483508827,93323.30248303285,47,4,passive_limit,0.005586298479971941,154479.82981244143,-0.34016394185377086
2020-04-12 00:00:00+00:00,102398.1187949655,10416.660244729275,10416.660244729275,91981.45855023622,46,5,passive_limit,0.004579128733480875,154479.82981244143,-0.3371424676005268
2020-04-13 00:00:00+00:00,101413.71066009566,8608.059483508827,8608.059483508827,92805.65117658683,47,4,passive_limit,-0.009613537303756026,154479.82981244143,-0.3435148732153248
2020-04-14 00:00:00+00:00,102410.96406013159,16967.955466302126,16967.955466302126,85443.00859382947,43,7,passive_limit,0.00983351652892761,154479.82981244143,-0.3370593158700925
2020-04-15 00:00:00+00:00,102057.27153249807,98158.28752687898,98158.2875268789,3898.9840056190815,2,48,passive_limit,-0.0034536588038156513,154479.82981244143,-0.33934888680024544
2020-04-16 00:00:00+00:00,103573.71030642942,85563.1193413959,85563.11934139588,18010.590965033516,8,42,passive_limit,0.014858703854810251,154479.82981244143,-0.3295324675578595
2020-04-17 00:00:00+00:00,103362.04343488612,85563.1193413959,85563.11934139587,17798.92409349021,8,43,passive_limit,-0.0020436351166437383,154479.82981244143,-0.33090265855172774
2020-04-18 00:00:00+00:00,104486.19628776054,85355.3657710278,85355.36577102782,19130.83051673273,8,43,passive_limit,0.010875876825931607,154479.82981244143,-0.323625638281578
2020-04-19 00:00:00+00:00,104153.62353844717,50031.22482239804,50031.22482239804,54122.39871604912,26,24,passive_limit,-0.0031829347907110783,154479.82981244143,-0.32577849376903645
2020-04-20 00:00:00+00:00,100851.48017956011,13210.485438285312,13210.485438285306,87640.9947412748,44,6,passive_limit,-0.03170454609933093,154479.82981244143,-0.3471543805944963
2020-04-21 00:00:00+00:00,101704.64468405429,24859.105863726625,24859.10586372663,76845.53882032767,39,11,passive_limit,0.008459613115991749,154479.82981244143,-0.3416315592298559
2020-04-22 00:00:00+00:00,105259.46834845725,24859.105863726625,24859.105863726625,80400.36248473062,39,12,passive_limit,0.03495242203978011,154479.82981244143,-0.3186199876303858
2020-04-23 00:00:00+00:00,107486.5592893772,27630.6812785823,27630.68127858229,79855.8780107949,38,13,passive_limit,0.021158105544930805,154479.82981244143,-0.3042032774124632
2020-04-24 00:00:00+00:00,108330.05319403244,66281.30052979989,66281.30052979989,42048.752664232554,19,32,passive_limit,0.007847436090910431,154479.82981244143,-0.2987430570996926
2020-04-25 00:00:00+00:00,108394.66916621356,104028.53669457877,104028.53669457871,4366.132471634788,2,48,passive_limit,0.0005964731879655183,154479.82981244143,-0.2983247761353779
2020-04-26 00:00:00+00:00,108395.94459579188,103914.30772228625,103914.30772228623,4481.636873505638,2,48,passive_limit,1.1766534167456655e-05,154479.82981244143,-0.29831651984988183
2020-04-27 00:00:00+00:00,109002.03536980985,88823.37893297346,88823.3789329734,20178.65643683639,9,41,passive_limit,0.005591452487250237,154479.82981244143,-0.29439309000953406
2020-04-28 00:00:00+00:00,109097.66179013473,86738.07207013975,86738.0720701397,22359.589719994976,10,40,passive_limit,0.000877290226741767,154479.82981244143,-0.29377406796347805
2020-04-29 00:00:00+00:00,110397.86058165054,86738.07207013975,86738.07207013974,23659.7885115108,10,40,passive_limit,0.011917751216492078,154479.82981244143,-0.2853574430028316
2020-04-30 00:00:00+00:00,109560.87924155699,76290.10400194669,76290.10400194672,33270.7752396103,15,35,passive_limit,-0.007581499638523503,154479.82981244143,-0.2907755052903792
2020-05-01 00:00:00+00:00,110659.95698908955,78701.91415535602,78701.91415535606,31958.042833733536,14,36,passive_limit,0.01003166235193631,154479.82981244143,-0.2836608046277297
2020-05-02 00:00:00+00:00,111052.12903684811,94813.1078221983,94813.10782219825,16239.021214649809,7,43,passive_limit,0.00354393819073362,154479.82981244143,-0.28112214279573056
2020-05-03 00:00:00+00:00,110671.76006803752,71982.46411759238,71982.46411759236,38689.29595044514,17,33,passive_limit,-0.0034251389154762446,154479.82981244143,-0.2835843993199151
2020-05-04 00:00:00+00:00,112529.03937982525,19984.87969468588,19984.87969468588,92544.15968513937,41,9,passive_limit,0.016781872002812115,154479.82981244143,-0.2715616044084842
2020-05-05 00:00:00+00:00,112028.2611122025,31105.78780386095,31105.787803860956,80922.47330834155,36,14,passive_limit,-0.004450213654916602,154479.82981244143,-0.2748033109033111
2020-05-06 00:00:00+00:00,109964.05690688608,24318.609829163805,24318.609829163805,85645.44707772227,39,13,passive_limit,-0.018425745296974716,154479.82981244143,-0.28816560038681605
2020-05-07 00:00:00+00:00,112791.90897268259,16183.345153465529,16183.345153465529,96608.56381921706,43,9,passive_limit,0.025716148943022654,154479.82981244143,-0.2698599609435962
2020-05-08 00:00:00+00:00,115330.0876270066,40724.77934028051,40724.77934028052,74605.30828672608,32,20,passive_limit,0.022503197946039943,154479.82981244143,-0.2534294751163806
2020-05-09 00:00:00+00:00,114664.75895718331,89922.61813683393,89922.61813683397,24742.140820349374,11,39,passive_limit,-0.005768908040502341,154479.82981244143,-0.25773637182018383
2020-05-10 00:00:00+00:00,108754.91296944705,2628.597948307513,2628.597948307506,106126.31502113954,49,1,passive_limit,-0.051540212018786336,154479.82981244143,-0.2959927965904051
2020-05-11 00:00:00+00:00,106259.6627007755,8925.713093658884,8925.71309365888,97333.94960711662,46,4,passive_limit,-0.022943793531171708,154479.82981244143,-0.3121453925098925
2020-05-12 00:00:00+00:00,110604.12120214142,16484.65724870646,16484.657248706455,94119.46395343497,42,9,passive_limit,0.04088530295451642,154479.82981244143,-0.2840222484939996
2020-05-13 00:00:00+00:00,113665.13615440328,14972.868417696944,14972.86841769694,98692.26773670634,43,8,passive_limit,0.02767541497542858,154479.82981244143,-0.26420726710789677
2020-05-14 00:00:00+00:00,114525.57266778412,21313.44824948693,21313.44824948693,93212.12441829719,40,12,passive_limit,0.007569924626773972,154479.82981244143,-0.2586373715789755
2020-05-15 00:00:00+00:00,114496.74193215846,101968.0131764413,101968.01317644124,12528.72875571717,7,43,passive_limit,-0.0002517405934243655,154479.82981244143,-0.2588240026469969
2020-05-16 00:00:00+00:00,114621.05657557937,101968.0131764413,101968.01317644124,12653.04339913807,7,43,passive_limit,0.001085748304476386,154479.82981244143,-0.25801927206455233
2020-05-17 00:00:00+00:00,114689.56345963595,101968.0131764413,101968.01317644131,12721.550283194654,7,43,passive_limit,0.0005976814915451545,154479.82981244143,-0.257575803916382
2020-05-18 00:00:00+00:00,114704.45953967082,103684.09934367,103684.09934366988,11020.360196000831,6,44,passive_limit,0.0001298817397636931,154479.82981244143,-0.2574793765701521
2020-05-19 00:00:00+00:00,115241.51774248747,96388.66303877957,96388.66303877949,18852.854703707897,9,41,passive_limit,0.004682103947588168,154479.82981244143,-0.2540028178280256
2020-05-20 00:00:00+00:00,115366.50958728744,83211.12301346057,83211.12301346056,32155.386573826865,13,37,passive_limit,0.0010846077633173135,154479.82981244143,-0.2531937034928291
2020-05-21 00:00:00+00:00,114443.35022269751,16458.857649173326,16458.857649173326,97984.49257352418,43,9,passive_limit,-0.008001970137542003,154479.82981244143,-0.25916962517600783
2020-05-22 00:00:00+00:00,120074.92939305308,12811.13949672813,12811.13949672813,107263.78989632496,45,7,passive_limit,0.049208443823052894,154479.82981244143,-0.22271451529407016
2020-05-23 00:00:00+00:00,119484.07649619473,12811.13949672813,12811.13949672813,106672.93699946659,45,8,passive_limit,-0.004920701597285637,154479.82981244143,-0.2265393052202096
2020-05-24 00:00:00+00:00,118385.39999239484,19304.462873713223,19304.462873713223,99080.93711868161,43,11,passive_limit,-0.009195170904927052,154479.82981244143,-0.23365140849695332
2020-05-25 00:00:00+00:00,123852.01050268629,42232.05456390745,42232.05456390745,81619.95593877885,34,19,passive_limit,0.04617639092863324,154479.82981244143,-0.19826419634810122
2020-05-26 00:00:00+00:00,122865.45519530764,114840.08761289038,114840.08761289027,8025.367582417274,4,46,passive_limit,-0.007965597840313143,154479.82981244143,-0.2046505013341725
2020-05-27 00:00:00+00:00,123451.08019636352,109205.3542339612,109205.3542339612,14245.725962402308,7,43,passive_limit,0.0047663926375802745,154479.82981244143,-0.2008595533394285
2020-05-28 00:00:00+00:00,123246.68647953209,100119.46327823467,100119.46327823467,23127.223201297416,11,39,passive_limit,-0.001655665681550289,154479.82981244143,-0.20218266275170316
2020-05-29 00:00:00+00:00,124003.7967931556,94597.52687652208,94597.52687652217,29406.26991663352,13,38,passive_limit,0.006143048022222208,154479.82981244143,-0.1972816325360255
2020-05-30 00:00:00+00:00,124116.23296778745,95718.44986514912,95718.44986514909,28397.783102638332,12,38,passive_limit,0.0009067155808091254,154479.82981244143,-0.1965537952852442
2020-05-31 00:00:00+00:00,122050.34004609074,78623.40049992428,78623.40049992426,43426.93954616646,19,31,passive_limit,-0.016644824551135695,154479.82981244143,-0.20992701639899713
2020-06-01 00:00:00+00:00,123217.47335765221,89930.98278673699,89930.98278673706,33286.49057091522,14,36,passive_limit,0.009562720686568493,154479.82981244143,-0.20237176913481703
2020-06-02 00:00:00+00:00,124215.57057217833,32031.592869169708,32031.59286916971,92183.97770300863,37,14,passive_limit,0.008100289571991492,154479.82981244143,-0.19591074949401377
2020-06-03 00:00:00+00:00,126711.96678026792,36323.41475792741,36323.4147579274,90388.55202234052,35,17,passive_limit,0.02009728890339879,154479.82981244143,-0.17975073552247756
2020-06-04 00:00:00+00:00,127840.9763206034,34300.3409146037,34300.34091460371,93540.6354059997,36,16,passive_limit,0.008910046691117168,154479.82981244143,-0.17244227627762831
2020-06-05 00:00:00+00:00,127130.05878041324,52205.272456949715,52205.27245694969,74924.78632346352,29,22,passive_limit,-0.005560952056618329,154479.82981244143,-0.1770442851033327
2020-06-06 00:00:00+00:00,127882.61355438968,49824.40645001965,49824.40645001962,78058.20710437004,30,22,passive_limit,0.0059195660034760955,154479.82981244143,-0.172172744431064
2020-06-07 00:00:00+00:00,128221.78676774878,108112.42134999216,108112.42134999219,20109.365417756624,8,43,passive_limit,0.00265222303432866,154479.82981244143,-0.16997716191539902
2020-06-08 00:00:00+00:00,128595.92014728548,110141.61891665697,110141.618916657,18454.3012306285,7,43,passive_limit,0.0029178612228697443,154479.82981244143,-0.16755527046205565
2020-06-09 00:00:00+00:00,128634.3805177037,107008.42966731275,107008.4296673128,21625.950850390942,8,42,passive_limit,0.0002990792427486344,154479.82981244143,-0.16730630352271525
2020-06-10 00:00:00+00:00,129117.63925735481,98968.12370482858,98968.12370482863,30149.51555252622,11,39,passive_limit,0.003756839638875631,154479.82981244143,-0.16417800683674766
2020-06-11 00:00:00+00:00,121542.39576492475,10058.505370191217,10058.505370191211,111483.89039473353,46,4,passive_limit,-0.05866931533135633,154479.82981244143,-0.21321511091452527
2020-06-12 00:00:00+00:00,126210.63287173661,22161.52712701408,22161.52712701408,104049.10574472253,41,10,passive_limit,0.03840830253042493,154479.82981244143,-0.1829960388681635
2020-06-13 00:00:00+00:00,127928.86664635985,20175.997987011036,20175.997987011036,107752.86865934881,42,9,passive_limit,0.013614017579401727,154479.82981244143,-0.17187333257887383
2020-06-14 00:00:00+00:00,124524.14062769478,21099.64384263385,21099.64384263384,103424.49678506094,42,9,passive_limit,-0.02661421231907668,154479.82981244143,-0.1939132715327091
2020-06-15 00:00:00+00:00,124413.17390365058,11646.7632457832,11646.763245783195,112766.41065786738,46,5,passive_limit,-0.0008911261983809426,154479.82981244143,-0.19463159653461348
2020-06-16 00:00:00+00:00,124830.12540115215,99758.47091207656,99758.47091207656,25071.65448907559,10,40,passive_limit,0.003351345234745562,154479.82981244143,-0.19193252897344504
2020-06-17 00:00:00+00:00,125141.84927150075,84653.60674071198,84653.60674071198,40488.24253078877,16,34,passive_limit,0.0024971846286852006,154479.82981244143,-0.18991463530585706
2020-06-18 00:00:00+00:00,126809.42282774622,71613.50198303247,71613.50198303247,55195.92084471375,21,29,passive_limit,0.013325466787913687,154479.82981244143,-0.17911986968325033
2020-06-19 00:00:00+00:00,127120.71228460761,58880.732904832184,58880.73290483219,68239.97937977542,26,24,passive_limit,0.002454781749809065,154479.82981244143,-0.17710478812056785
2020-06-20 00:00:00+00:00,127511.24916810666,77091.51436327664,77091.51436327666,50419.73480483002,20,30,passive_limit,0.0030721734993484073,154479.82981244143,-0.1745767112578912
2020-06-21 00:00:00+00:00,127251.37304880202,71637.08863111184,71637.08863111185,55614.28441769019,22,29,passive_limit,-0.0020380642570760887,154479.82981244143,-0.17625897695963466
2020-06-22 00:00:00+00:00,128299.0058338863,86612.64202305791,86612.64202305785,41686.363810828385,16,35,passive_limit,0.008232781776606135,154479.82981244143,-0.16947729687650515
2020-06-23 00:00:00+00:00,128656.38914021954,97094.24061692048,97094.2406169204,31562.148523299067,12,40,passive_limit,0.0027855500828739554,154479.82981244143,-0.16716383429199067
2020-06-24 00:00:00+00:00,128127.51148494365,55324.98738649441,55324.98738649444,72802.52409844924,29,22,passive_limit,-0.0041107764551007175,154479.82981244143,-0.1705874375929396
2020-06-25 00:00:00+00:00,127372.95183712975,25178.394816433283,25178.39481643329,102194.55702069646,41,10,passive_limit,-0.005889130593959679,154479.82981244143,-0.17547195648922553
2020-06-26 00:00:00+00:00,125455.36948749864,17736.063046201016,17736.063046201016,107719.30644129762,44,8,passive_limit,-0.01505486307707693,154479.82981244143,-0.18788511328749036
2020-06-27 00:00:00+00:00,118965.38612323403,6730.9049660209,6730.904966020898,112234.48115721313,49,4,passive_limit,-0.051731411662785165,154479.82981244143,-0.22989696280949135
2020-06-28 00:00:00+00:00,122012.7406828044,9883.784571806227,9883.784571806227,112128.95611099817,48,5,passive_limit,0.025615472356082414,154479.82981244143,-0.2101704097490027
2020-06-29 00:00:00+00:00,123582.06951262106,65802.07773652453,65802.07773652453,57779.99177609654,24,28,passive_limit,0.012862007861100588,154479.82981244143,-0.20001161535026457
2020-06-30 00:00:00+00:00,122660.1075892917,92877.14541679934,92877.14541679926,29782.962172492356,13,37,passive_limit,-0.00746032112073669,154479.82981244143,-0.2059797855926111
2020-07-01 00:00:00+00:00,123027.32225805028,100543.81357718463,100543.8135771846,22483.50868086565,10,40,passive_limit,0.002993757921590401,154479.82981244143,-0.20360268128582604
2020-07-02 00:00:00+00:00,123058.61464252173,71573.19903098518,71573.1990309852,51485.41561153655,21,29,passive_limit,0.0002543531298342394,154479.82981244143,-0.2034001151352195
2020-07-03 00:00:00+00:00,123402.21985793862,73131.17515098375,73131.17515098373,50271.044706954875,20,31,passive_limit,0.002792207732998042,154479.82981244143,-0.20117584277659462
2020-07-04 00:00:00+00:00,124762.85692881791,68433.08552962772,68433.08552962772,56329.7713991902,22,29,passive_limit,0.011026033992303175,154479.82981244143,-0.19236798046517645
2020-07-05 00:00:00+00:00,124233.20877621335,59079.784849334326,59079.784849334326,65153.42392687901,26,25,passive_limit,-0.0042452390530520745,154479.82981244143,-0.19579657145500096
2020-07-06 00:00:00+00:00,127970.99518002238,59298.19620929827,59298.19620929828,68672.7989707241,26,26,passive_limit,0.030086853914737643,154479.82981244143,-0.17160062038263646
2020-07-07 00:00:00+00:00,128595.85570034073,98153.24937116686,98153.24937116691,30442.60632917387,12,39,passive_limit,0.004882829264860611,154479.82981244143,-0.16755568764884843
2020-07-08 00:00:00+00:00,130760.81975784455,95324.99792992722,95324.99792992724,35435.82182791734,13,38,passive_limit,0.01683541079697548,154479.82981244143,-0.15354114568481092
2020-07-09 00:00:00+00:00,130987.40312452595,64114.9606722679,64114.96067226787,66872.44245225805,26,25,passive_limit,0.0017328077867744263,154479.82981244143,-0.1520743951908694
2020-07-10 00:00:00+00:00,131235.59836519076,62410.901461286805,62410.90146128682,68824.69690390395,28,24,passive_limit,0.001894802360719039,154479.82981244143,-0.15046774375316296
2020-07-11 00:00:00+00:00,132792.40744779876,64483.89477130607,64483.894771306084,68308.51267649268,27,25,passive_limit,0.011862704190031215,154479.82981244143,-0.14038999389741702
2020-07-12 00:00:00+00:00,134080.0713811938,64341.72359528847,64341.723595288466,69738.34778590531,27,25,passive_limit,0.009696818953306652,154479.82981244143,-0.13205451129778945
2020-07-13 00:00:00+00:00,133246.3429685432,44070.19888376125,44070.19888376125,89176.14408478195,36,17,passive_limit,-0.006218138192067846,154479.82981244143,-0.13745151628972163
2020-07-14 00:00:00+00:00,134646.5768234571,63227.94512877693,63227.94512877691,71418.63169468014,28,22,passive_limit,0.010508610020497411,154479.82981244143,-0.1283873306506389
2020-07-15 00:00:00+00:00,134767.7317002184,74692.546975603,74692.54697560296,60075.18472461541,23,27,passive_limit,0.0008997991602872624,154479.82981244143,-0.1276030543026625
2020-07-16 00:00:00+00:00,135910.86621488686,20600.51682618338,20600.51682618338,115310.34938870347,42,8,passive_limit,0.008482256844771108,154479.82981244143,-0.12020315933866388
2020-07-17 00:00:00+00:00,137335.26811784768,25676.187418397625,25676.187418397618,111659.08069945006,40,10,passive_limit,0.010480412218907498,154479.82981244143,-0.1109825257796404
2020-07-18 00:00:00+00:00,138577.94393129658,47799.84860251788,47799.84860251785,90778.09532877871,31,19,passive_limit,0.009048482814935532,154479.82981244143,-0.10293826644198012
2020-07-19 00:00:00+00:00,140245.36874846846,59914.64829543146,59914.64829543148,80330.72045303699,27,23,passive_limit,0.01203239685817925,154479.82981244143,-0.09214446365752371
2020-07-20 00:00:00+00:00,137855.57779780152,45484.44357074632,45484.443570746305,92371.13422705521,33,17,passive_limit,-0.01704007035664079,154479.82981244143,-0.10761438587046546
2020-07-21 00:00:00+00:00,139979.87318286873,98807.8906000852,98807.89060008513,41171.98258278353,15,35,passive_limit,0.015409571516815879,154479.82981244143,-0.09386310592895863
2020-07-22 00:00:00+00:00,140465.0769874039,95977.88799186352,95977.88799186355,44487.18899554039,16,34,passive_limit,0.0034662397779237075,154479.82981244143,-0.09072221818248538
2020-07-23 00:00:00+00:00,140155.81454956718,89866.11460307654,89866.1146030765,50289.699946490655,18,32,passive_limit,-0.002201703401796151,154479.82981244143,-0.09272417816789069
2020-07-24 00:00:00+00:00,138817.68289360634,78692.50889017992,78692.50889017986,60125.17400342642,22,29,passive_limit,-0.00954745730857709,154479.82981244143,-0.10138635534393692
2020-07-25 00:00:00+00:00,139234.1168940226,102698.70430413255,102698.70430413261,36535.41258989004,13,40,passive_limit,0.0029998627821459234,154479.82981244143,-0.09869063771580477
2020-07-26 00:00:00+00:00,139144.41253310948,87838.05585482751,87838.05585482749,51306.356678281976,19,33,passive_limit,-0.0006442699743007818,154479.82981244143,-0.09927132427548069
2020-07-27 00:00:00+00:00,135569.28234465813,37989.09628808994,37989.09628808994,97580.18605656819,38,15,passive_limit,-0.025693666913147895,154479.82981244143,-0.12241434684866725
2020-07-28 00:00:00+00:00,140544.69553505053,35733.64872990898,35733.648729908964,104811.04680514157,39,13,passive_limit,0.03670015142326566,154479.82981244143,-0.09020682049112794
2020-07-29 00:00:00+00:00,139635.3542108706,52629.56009001115,52629.56009001113,87005.79412085946,33,18,passive_limit,-0.006470121983032429,154479.82981244143,-0.09609329334188121
2020-07-30 00:00:00+00:00,142020.8673108565,50174.30312069789,50174.30312069791,91846.5641901586,34,17,passive_limit,0.017083876167803602,154479.82981244143,-0.0806510630980869
2020-07-31 00:00:00+00:00,142080.2802659499,68772.89018201604,68772.89018201602,73307.39008393385,27,25,passive_limit,0.00041833961599002656,154479.82981244143,-0.08026646301686247
2020-08-01 00:00:00+00:00,143199.48210503746,120219.84551425322,120219.84551425332,22979.636590784245,8,42,passive_limit,0.007877249657676666,154479.82981244143,-0.07302149232750821
2020-08-02 00:00:00+00:00,143688.03875594473,27570.28968576328,27570.289685763266,116117.74907018145,40,10,passive_limit,0.0034117207948343165,154479.82981244143,-0.06985890047651744
2020-08-03 00:00:00+00:00,146272.27421424526,30675.17235333973,30675.17235333973,115597.10186090552,39,11,passive_limit,0.017985042322763434,154479.82981244143,-0.05313027343544596
2020-08-04 00:00:00+00:00,151263.05525517536,27262.273241191557,27262.273241191557,124000.7820139838,40,10,passive_limit,0.03411980204546561,154479.82981244143,-0.02082326580221927
2020-08-05 00:00:00+00:00,154688.61479593115,29952.631312652025,29952.631312652033,124735.98348327912,39,11,passive_limit,0.022646372803834858,154688.61479593115,0.0
2020-08-06 00:00:00+00:00,159810.6774151129,33916.90908880935,33916.909088809334,125893.76832630357,38,12,passive_limit,0.0331120853718867,159810.6774151129,0.0
2020-08-07 00:00:00+00:00,160392.83130643493,133521.75779702596,133521.75779702608,26871.073509408976,9,41,passive_limit,0.003642772189807131,160392.83130643493,0.0
2020-08-08 00:00:00+00:00,161565.44121805413,133521.75779702596,133521.75779702596,28043.68342102817,9,41,passive_limit,0.007310862350069058,161565.44121805413,0.0
2020-08-09 00:00:00+00:00,163483.67099387155,129869.46522231959,129869.46522231957,33614.20577155197,10,40,passive_limit,0.01187277279940413,163483.67099387155,0.0
2020-08-10 00:00:00+00:00,167118.8167580405,114402.4626909048,114402.46269090481,52716.35406713572,15,35,passive_limit,0.02223552812381624,167118.8167580405,0.0
2020-08-11 00:00:00+00:00,161671.47853525856,5976.789232358209,5976.789232358209,155694.68930290034,48,2,passive_limit,-0.03259560071364531,167118.8167580405,-0.03259560071364531
2020-08-12 00:00:00+00:00,171902.2311932588,25760.780413420307,25760.78041342031,146141.4507798385,42,9,passive_limit,0.0632811226240444,171902.2311932588,0.0
2020-08-13 00:00:00+00:00,176006.71749972668,17109.673794856717,17109.67379485672,158897.04370486995,45,6,passive_limit,0.02387686464554073,176006.71749972668,0.0
2020-08-14 00:00:00+00:00,180461.06362196215,27043.125123698268,27043.12512369827,153417.9384982639,42,10,passive_limit,0.02530781884641642,180461.06362196215,0.0
2020-08-15 00:00:00+00:00,181207.01521599485,45525.826555763466,45525.826555763444,135681.1886602314,37,15,passive_limit,0.004133587484529855,181207.01521599485,0.0
2020-08-16 00:00:00+00:00,182226.9372017477,155363.75172714563,155363.75172714566,26863.185474602065,8,42,passive_limit,0.005628490621828908,182226.9372017477,0.0
2020-08-17 00:00:00+00:00,182679.00048557407,91215.76952839391,91215.76952839387,91463.23095718017,25,26,passive_limit,0.0024807709045007176,182679.00048557407,0.0
2020-08-18 00:00:00+00:00,180069.80342838302,63195.505644831384,63195.50564483139,116874.29778355165,33,19,passive_limit,-0.014282961097091706,182679.00048557407,-0.014282961097091706
2020-08-19 00:00:00+00:00,174701.0505836816,16909.789208204158,16909.789208204158,157791.26137547742,47,5,passive_limit,-0.029814842591510238,182679.00048557407,-0.04367195945175151
2020-08-20 00:00:00+00:00,188092.6848904171,16909.789208204158,16909.789208204158,171182.89568221293,47,5,passive_limit,0.07665457226498429,188092.6848904171,0.0
2020-08-21 00:00:00+00:00,176387.75277054132,29038.79739881598,29038.79739881598,147348.95537172534,43,9,passive_limit,-0.06222959774695691,188092.6848904171,-0.06222959774695691
2020-08-22 00:00:00+00:00,181442.40150011846,85189.07211471602,85189.07211471602,96253.32938540244,27,23,passive_limit,0.028656460838029973,188092.6848904171,-0.03535641693972891
2020-08-23 00:00:00+00:00,181610.8057609847,108343.68495906242,108343.68495906236,73267.12080192227,21,29,passive_limit,0.0009281417103934597,188092.6848904171,-0.03446109099462724
2020-08-24 00:00:00+00:00,183196.6096389169,150910.26349292765,150910.26349292762,32286.34614598927,8,42,passive_limit,0.008731880635006295,188092.6848904171,-0.026030120492738118
2020-08-25 00:00:00+00:00,180594.7693400818,38210.18482528246,38210.18482528246,142384.58451479935,40,11,passive_limit,-0.014202447872607271,188092.6848904171,-0.0398628769359296
2020-08-26 00:00:00+00:00,184785.50422954772,34964.97968301047,34964.97968301046,149820.52454653726,41,10,passive_limit,0.023205184207601537,188092.6848904171,-0.01758271813067125
2020-08-27 00:00:00+00:00,178483.09643132827,25626.66390700367,25626.66390700367,152856.4325243246,44,8,passive_limit,-0.034106613635614735,188092.6848904171,-0.05108964479233935
2020-08-28 00:00:00+00:00,184907.49307928473,40856.22221243401,40856.22221243402,144051.2708668507,40,12,passive_limit,0.035994426230879784,188092.6848904171,-0.016934161012099214
2020-08-29 00:00:00+00:00,186426.30785973644,44643.09652390749,44643.09652390747,141783.21133582896,39,13,passive_limit,0.00821391688978479,188092.6848904171,-0.008859339913465991
2020-08-30 00:00:00+00:00,186940.40090110304,160391.0068961861,160391.00689618595,26549.394004916954,7,43,passive_limit,0.0027576206774067025,188092.6848904171,-0.0061261499349928306
2020-08-31 00:00:00+00:00,185782.1349170869,159714.8551941239,159714.85519412384,26067.279722962987,7,43,passive_limit,-0.006195910452919784,188092.6848904171,-0.012284103311494099
2020-09-01 00:00:00+00:00,183334.77312298966,141743.90622221713,141743.9062222171,41590.866900772526,11,39,passive_limit,-0.013173289214215678,188092.6848904171,-0.025295570480050267
2020-09-02 00:00:00+00:00,181960.32263794955,27795.68571254103,27795.68571254103,154164.6369254085,42,8,passive_limit,-0.0074969437691891905,188092.6848904171,-0.032602874779741
2020-09-03 00:00:00+00:00,148535.50338662975,3452.624186504374,3452.6241865043703,145082.87920012538,49,1,passive_limit,-0.18369289945603084,188092.6848904171,-0.21030685763687929
2020-09-04 00:00:00+00:00,156299.84557584967,3.5197444958612323e-10,3.48791218129918e-10,156299.84557584932,50,0,passive_limit,0.05227263524337178,188092.6848904171,-0.16902751605193977
2020-09-05 00:00:00+00:00,137026.35506163302,2511.6494647961504,2511.6494647961504,134514.70559683687,49,2,passive_limit,-0.12331100164052022,188092.6848904171,-0.2714955653832861
2020-09-06 00:00:00+00:00,144750.05459014958,26856.489846107415,26856.489846107404,117893.56474404217,41,9,passive_limit,0.056366525439887294,188092.6848904171,-0.2304323016363925
2020-09-07 00:00:00+00:00,146315.8660573045,104413.5224965376,104413.5224965376,41902.34356076688,14,36,passive_limit,0.010817346297992136,188092.6848904171,-0.22210762134344464
2020-09-08 00:00:00+00:00,146578.1841933185,100806.01025583158,100806.01025583154,45772.17393748693,15,36,passive_limit,0.0017928208545154867,188092.6848904171,-0.22071299966442048
2020-09-09 00:00:00+00:00,149491.6209485895,101156.7924638811,101156.79246388108,48334.82848470839,15,36,passive_limit,0.019876332697835286,188092.6848904171,-0.20522363197865245
2020-09-10 00:00:00+00:00,150751.2702647891,101156.7924638811,101156.79246388108,49594.47780090801,15,36,passive_limit,0.00842622020021322,188092.6848904171,-0.19852667129177892
2020-09-11 00:00:00+00:00,151981.85136731836,96852.93368033324,96852.93368033318,55128.91768698511,16,35,passive_limit,0.008162989939439758,188092.6848904171,-0.19198425257280427
2020-09-12 00:00:00+00:00,152944.7481482373,114991.36933346835,114991.36933346839,37953.378814768956,11,40,passive_limit,0.006335603706996151,188092.6848904171,-0.18686498500809323
2020-09-13 00:00:00+00:00,153057.917740433,114958.13504718052,114958.13504718042,38099.782693252506,13,38,passive_limit,0.0007399377459240686,188092.6848904171,-0.18626331571796828
2020-09-14 00:00:00+00:00,154304.45983806462,108436.69603627187,108436.69603627185,45867.763801792746,15,36,passive_limit,0.008144250987038637,188092.6848904171,-0.17963603992381472
2020-09-15 00:00:00+00:00,149357.51910256757,70465.9943497126,70465.9943497126,78891.52475285498,28,23,passive_limit,-0.03205960955819831,188092.6848904171,-0.2059365881794747
2020-09-16 00:00:00+00:00,150344.318321854,45485.392761364456,45485.392761364456,104858.92556048954,36,16,passive_limit,0.00660696043437059,188092.6848904171,-0.20069024263519508
2020-09-17 00:00:00+00:00,151118.19230963234,42709.38459656253,42709.38459656252,108408.80771306982,37,15,passive_limit,0.00514734441857434,188092.6848904171,-0.19657592001691138
2020-09-18 00:00:00+00:00,150305.87565461354,70823.02087525828,70823.0208752583,79482.85477935527,27,23,passive_limit,-0.005375373028248087,188092.6848904171,-0.20089462414669745
2020-09-19 00:00:00+00:00,150592.82832971215,75889.55964628689,75889.55964628686,74703.26868342525,25,25,passive_limit,0.0019091248020004503,188092.6848904171,-0.19936903225424407
2020-09-20 00:00:00+00:00,149630.51081508497,89003.15098171591,89003.15098171584,60627.359833369075,20,31,passive_limit,-0.006390194840621866,188092.6848904171,-0.20448522013357517
2020-09-21 00:00:00+00:00,143565.49006809582,29942.8965074108,29942.896507410805,113622.59356068503,41,10,passive_limit,-0.04053331579202024,188092.6848904171,-0.23673007192312046
2020-09-22 00:00:00+00:00,148274.29517440603,32428.1277723585,32428.1277723585,115846.16740204752,40,11,passive_limit,0.032799004162328504,188092.6848904171,-0.21169557837514674
2020-09-23 00:00:00+00:00,138627.0651230487,26948.606856669754,26948.606856669754,111678.45826637895,42,9,passive_limit,-0.06506340185269388,188092.6848904171,-0.26298534574157995
2020-09-24 00:00:00+00:00,149308.3260698907,29422.168726798373,29422.168726798358,119886.15734309233,41,10,passive_limit,0.0770503287894111,188092.6848904171,-0.2061981243083546
2020-09-25 00:00:00+00:00,152740.82504149972,52934.21755120757,52934.217551207556,99806.60749029215,33,18,passive_limit,0.022989333963882697,188092.6848904171,-0.18794914788692285
2020-09-26 00:00:00+00:00,152683.10076680183,146955.69918382404,146955.69918382406,5727.401582977802,2,49,passive_limit,-0.00037792302537453804,188092.6848904171,-0.18825604060171142
2020-09-27 00:00:00+00:00,153546.51360956795,119847.02983487281,119847.02983487278,33699.48377469515,11,40,passive_limit,0.005654933901852344,188092.6848904171,-0.18366568216608614
2020-09-28 00:00:00+00:00,153145.2153923181,119435.39889090872,119435.3988909087,33709.81650140936,11,39,passive_limit,-0.002613528681414845,188092.6848904171,-0.18579919531936828
2020-09-29 00:00:00+00:00,155260.4801695528,98287.22733690274,98287.22733690275,56973.25283265006,18,33,passive_limit,0.013812150590640115,188092.6848904171,-0.17455333119409921
2020-09-30 00:00:00+00:00,155140.77764323706,95432.6852000491,95432.68520004913,59708.09244318795,19,33,passive_limit,-0.0007709787203092899,188092.6848904171,-0.17518973301049867
2020-10-01 00:00:00+00:00,154962.15131113376,55082.98559704004,55082.98559704004,99879.16571409372,33,19,passive_limit,-0.0011513822143787156,188092.6848904171,-0.1761394048821473
2020-10-02 00:00:00+00:00,152004.0250133387,31306.524167861528,31306.52416786153,120697.50084547716,42,9,passive_limit,-0.01908934712616195,188092.6848904171,-0.19186636576591842
2020-10-03 00:00:00+00:00,150897.01087487018,37380.55154276124,37380.551542761226,113516.45933210895,40,12,passive_limit,-0.007282794902117695,188092.6848904171,-0.1977518372775482
2020-10-04 00:00:00+00:00,151746.85153537762,49772.853459456324,49772.85345945633,101973.99807592128,35,16,passive_limit,0.005631925083076528,188092.6848904171,-0.19323363572705965
2020-10-05 00:00:00+00:00,151186.7451894404,45599.014338172834,45599.014338172834,105587.73085126758,36,15,passive_limit,-0.0036910574438285826,188092.6848904171,-0.19621145672133988
2020-10-06 00:00:00+00:00,141992.1269923432,47180.134189095916,47180.13418909591,94811.99280324728,35,15,passive_limit,-0.06081629831752877,188092.6848904171,-0.24509490055358674
2020-10-07 00:00:00+00:00,143654.9859280443,84034.19900860704,84034.19900860699,59620.786919437276,20,30,passive_limit,0.01171092349219327,188092.6848904171,-0.23625426469010324
2020-10-08 00:00:00+00:00,148838.3432760982,68022.14135870611,68022.14135870611,80816.20191739207,26,25,passive_limit,0.03608198709267363,188092.6848904171,-0.20869680092656717
2020-10-09 00:00:00+00:00,153980.55989741295,73962.03238768729,73962.03238768724,80018.52750972568,24,27,passive_limit,0.03454900469952049,188092.6848904171,-0.18135806298303347
2020-10-10 00:00:00+00:00,152992.75217073044,77087.68488893991,77087.68488893988,75905.06728179053,23,27,passive_limit,-0.00641514569982482,188092.6848904171,-0.18660977028498416
2020-10-11 00:00:00+00:00,153551.3412547706,118895.23871148491,118895.23871148488,34656.102543285706,10,40,passive_limit,0.003651082003001127,188092.6848904171,-0.18364001585585477
2020-10-12 00:00:00+00:00,154390.5315204614,117845.19753323193,117845.19753323197,36545.33398722947,11,40,passive_limit,0.005465209608937371,188092.6848904171,-0.17917843742615824
2020-10-13 00:00:00+00:00,154113.87402069743,123647.45982550384,123647.45982550383,30466.4141951936,10,41,passive_limit,-0.0017919330741296147,188092.6848904171,-0.180649294732093
2020-10-14 00:00:00+00:00,153553.65679840467,54316.70511790046,54316.70511790045,99236.95168050421,33,18,passive_limit,-0.003635086236411955,188092.6848904171,-0.18362770520360683
2020-10-15 00:00:00+00:00,153138.64842217733,32916.16043727364,32916.16043727364,120222.48798490368,40,13,passive_limit,-0.00270269288846825,188092.6848904171,-0.18583410879909557
2020-10-16 00:00:00+00:00,146852.21990154538,7791.415153421669,7791.415153421665,139060.80474812372,50,4,passive_limit,-0.04105056813157526,188092.6848904171,-0.21925608118624296
2020-10-17 00:00:00+00:00,148986.24021598135,18791.211374774797,18791.211374774794,130195.02884120656,46,6,passive_limit,0.014531753867028208,188092.6848904171,-0.20791050272486233
2020-10-18 00:00:00+00:00,152038.78988778783,28773.097854764008,28773.097854764,123265.69203302384,42,9,passive_limit,0.02048880263963504,188092.6848904171,-0.19168153734226445
2020-10-19 00:00:00+00:00,150626.20083191246,94423.91864408692,94423.91864408692,56202.28218782555,20,30,passive_limit,-0.009290978025528474,188092.6848904171,-0.1991916064164464
2020-10-20 00:00:00+00:00,146510.68273277523,43681.63956863522,43681.6395686352,102829.04316414002,36,15,passive_limit,-0.027322723911292424,188092.6848904171,-0.2210718730601754
2020-10-21 00:00:00+00:00,150250.64002066324,63773.300646227195,63773.300646227195,86477.33937443605,27,25,passive_limit,0.025526857278451276,188092.6848904171,-0.20118828593361116
2020-10-22 00:00:00+00:00,154216.82602677582,63773.300646227195,63773.300646227195,90443.52538054861,27,25,passive_limit,0.026397132189035055,188092.6848904171,-0.18010194752325093
2020-10-23 00:00:00+00:00,153310.98814051924,65779.8710239361,65779.87102393612,87531.11711658313,27,25,passive_limit,-0.005873794122175036,188092.6848904171,-0.1849178598846717
2020-10-24 00:00:00+00:00,153818.1710203951,68937.89738056358,68937.89738056353,84880.27363983152,26,26,passive_limit,0.0033081965358607857,188092.6848904171,-0.18222140797230024
2020-10-25 00:00:00+00:00,153524.59469417378,135334.39399715402,135334.393997154,18190.200697019754,7,43,passive_limit,-0.001908593271352732,188092.6848904171,-0.1837822146905006
2020-10-26 00:00:00+00:00,154023.88770370142,25866.935220221676,25866.935220221683,128156.95248347973,41,9,passive_limit,0.0032522021017038494,188092.6848904171,-0.18112770949366885
2020-10-27 00:00:00+00:00,156266.35192271482,25866.935220221676,25866.93522022168,130399.41670249314,41,9,passive_limit,0.014559197618276398,188092.6848904171,-0.1692055859920566
2020-10-28 00:00:00+00:00,147315.62202775144,8949.29235201777,8949.29235201777,138366.32967573366,47,3,passive_limit,-0.057278676982170706,188092.6848904171,-0.2167923908706093
2020-10-29 00:00:00+00:00,141434.10664436113,3.551576810423285e-10,3.5561242839321494e-10,141434.10664436079,50,0,passive_limit,-0.039924587103751574,188092.6848904171,-0.24806163128161662
2020-10-30 00:00:00+00:00,140592.37675734813,11966.385085812206,11966.3850858122,128625.99167153593,45,5,passive_limit,-0.005951392538785183,188092.6848904171,-0.2525367116788336
2020-10-31 00:00:00+00:00,140742.92309989553,110741.34896370719,110741.34896370713,30001.57413618835,11,39,passive_limit,0.0010708001814865309,188092.6848904171,-0.25173632785404476
2020-11-01 00:00:00+00:00,140852.08996954665,104960.30662684678,104960.30662684672,35891.783342699884,13,37,passive_limit,0.0007756473096245387,188092.6848904171,-0.251155939149855
2020-11-02 00:00:00+00:00,139654.52803928935,91970.75230292733,91970.75230292736,47683.77573636203,17,34,passive_limit,-0.008502265962231914,188092.6848904171,-0.2575228105194407
2020-11-03 00:00:00+00:00,138658.915492372,22632.95593547657,22632.95593547657,116025.95955689544,42,9,passive_limit,-0.007129110390443172,188092.6848904171,-0.26281601236563357
2020-11-04 00:00:00+00:00,136980.0730750605,9909.25919494767,9909.259194947674,127070.81388011282,47,4,passive_limit,-0.012107713458958003,188092.6848904171,-0.27174162485444253
2020-11-05 00:00:00+00:00,143208.3482454576,12094.687510639935,12094.687510639924,131113.66073481768,46,6,passive_limit,0.04546847603873161,188092.6848904171,-0.23862882637413108
2020-11-06 00:00:00+00:00,158958.1857083284,17717.000978005242,17717.000978005235,141241.18473032318,44,8,passive_limit,0.1099784869795144,188092.6848904171,-0.1548943766689409
2020-11-07 00:00:00+00:00,154625.3188730721,44443.36167180661,44443.3616718066,110181.9572012655,36,15,passive_limit,-0.027257903177170584,188092.6848904171,-0.17793018392418125
2020-11-08 00:00:00+00:00,155358.80853318184,132451.36489527926,132451.3648952792,22907.443637902586,8,42,passive_limit,0.004743658189069633,188092.6848904171,-0.1740305657091663
2020-11-09 00:00:00+00:00,156486.93274884217,97523.42485812798,97523.42485812801,58963.5078907142,19,31,passive_limit,0.0072614113503539635,188092.6848904171,-0.16803286188396138
2020-11-10 00:00:00+00:00,160198.65258682758,94651.3419034965,94651.34190349648,65547.31068333109,20,31,passive_limit,0.023719040131885194,188092.6848904171,-0.14829939994657737
2020-11-11 00:00:00+00:00,157781.2849796687,88614.57889525768,88614.57889525765,69166.70608441102,22,29,passive_limit,-0.015089812355623011,188092.6848904171,-0.16115140218455504
2020-11-12 00:00:00+00:00,156483.06952293264,69450.26377856934,69450.26377856932,87032.80574436332,28,23,passive_limit,-0.00822794323739573,188092.6848904171,-0.16805340083214948
2020-11-13 00:00:00+00:00,163926.4537592195,66285.583724962,66285.58372496201,97640.87003425749,29,24,passive_limit,0.04756670647488814,188092.6848904171,-0.12848044114675095
2020-11-14 00:00:00+00:00,163301.05967733677,113331.93984919784,113331.93984919784,49969.119828138944,17,35,passive_limit,-0.0038150894351763887,188092.6848904171,-0.13180536620828154
2020-11-15 00:00:00+00:00,163119.63460742266,81917.56525875672,81917.56525875673,81202.06934866594,26,26,passive_limit,-0.001110985257980479,188092.6848904171,-0.1327699176474818
2020-11-16 00:00:00+00:00,167605.38094287756,84409.73044944581,84409.7304494458,83195.65049343175,25,27,passive_limit,0.027499732611899752,188092.6848904171,-0.1089213222697919
2020-11-17 00:00:00+00:00,170401.14264222977,114447.70247332881,114447.70247332887,55953.44016890096,16,34,passive_limit,0.016680620178328498,188092.6848904171,-0.09405757729756703
2020-11-18 00:00:00+00:00,172066.4881975933,31752.111879702836,31752.11187970284,140314.37631789048,39,11,passive_limit,0.009773089132741664,188092.6848904171,-0.08520372125136422
2020-11-19 00:00:00+00:00,175632.3244578031,32357.846220696156,32357.846220696156,143274.47823710693,38,12,passive_limit,0.02072359526577272,188092.6848904171,-0.06624585341994238
2020-11-20 00:00:00+00:00,179487.87937433278,71588.77477533359,71588.77477533357,107899.1045989992,28,23,passive_limit,0.02195242207510617,188092.6848904171,-0.04574768827983644
2020-11-21 00:00:00+00:00,188474.52537089871,69418.22726690117,69418.22726690117,119056.29810399753,29,22,passive_limit,0.050068261031842365,188474.52537089871,0.0
2020-11-22 00:00:00+00:00,185061.96290449388,49863.843621158914,49863.843621158914,135198.11928333496,35,16,passive_limit,-0.0181062266090829,188474.52537089871,-0.0181062266090829
2020-11-23 00:00:00+00:00,189858.88636202004,147491.5703733947,147491.57037339473,42367.31598862535,11,39,passive_limit,0.025920634268867815,189858.88636202004,0.0
2020-11-24 00:00:00+00:00,194208.64057506958,124392.66558364427,124392.66558364422,69815.97499142533,17,33,passive_limit,0.022910458901331143,194208.64057506958,0.0
2020-11-25 00:00:00+00:00,189045.4854480225,84625.42231518247,84625.42231518246,104420.06313284002,27,24,passive_limit,-0.026585609742998617,194208.64057506958,-0.026585609742998617
2020-11-26 00:00:00+00:00,175638.73087227534,10192.001356267976,10192.001356267976,165446.72951600736,48,4,passive_limit,-0.07091814196977109,194208.64057506958,-0.09561834966666283
2020-11-27 00:00:00+00:00,175440.21420470445,28044.866015874308,28044.8660158743,147395.34818883013,43,9,passive_limit,-0.0011302556479712011,194208.64057506958,-0.09664053213487367
2020-11-28 00:00:00+00:00,180453.5613850904,28044.866015874308,28044.8660158743,152408.6953692161,43,9,passive_limit,0.028575815431554075,194208.64057506958,-0.07082629871281287
2020-11-29 00:00:00+00:00,182843.8139512683,61243.200268973385,61243.20026897341,121600.6136822949,34,18,passive_limit,0.013245804337865374,194208.64057506958,-0.058518645669672575
2020-11-30 00:00:00+00:00,186439.18436349317,95178.47925343337,95178.4792534334,91260.7051100598,25,26,passive_limit,0.019663615271026336,194208.64057506958,-0.04000571853327606
2020-12-01 00:00:00+00:00,186788.60490237997,122380.77875873867,122380.7787587386,64407.82614364131,17,33,passive_limit,0.0018741797228931656,194208.64057506958,-0.03820651671685771
2020-12-02 00:00:00+00:00,190456.4207327566,125658.88974820681,125658.8897482068,64797.53098454978,16,34,passive_limit,0.01963618622395913,194208.64057506958,-0.019320560770119788
2020-12-03 00:00:00+00:00,191417.89235602523,125658.88974820681,125658.88974820678,65759.00260781843,16,34,passive_limit,0.005048249985847075,194208.64057506958,-0.014369845804906967
2020-12-04 00:00:00+00:00,184674.03607188945,79247.02155453445,79247.02155453445,105427.01451735498,29,22,passive_limit,-0.03523106539901,194208.64057506958,-0.049094646226590655
2020-12-05 00:00:00+00:00,191736.77396078833,78956.08532069442,78956.0853206944,112780.68864009393,29,22,passive_limit,0.03824434684553868,194208.64057506958,-0.012727892059600565
2020-12-06 00:00:00+00:00,190384.18078152725,138659.17121608768,138659.17121608777,51725.009565439555,14,37,passive_limit,-0.0070544275431362324,194208.64057506958,-0.019692531610425612
2020-12-07 00:00:00+00:00,191576.4591165947,134701.51613487222,134701.51613487228,56874.94298172246,15,36,passive_limit,0.006262486358757036,194208.64057506958,-0.013553369462248277
2020-12-08 00:00:00+00:00,185285.01923874774,22169.35392248195,22169.35392248194,163115.6653162658,45,6,passive_limit,-0.032840359963109744,194208.64057506958,-0.04594863189350473
2020-12-09 00:00:00+00:00,190760.98385685775,52852.514456813034,52852.51445681305,137908.4694000447,36,15,passive_limit,0.0295542761125982,194208.64057506958,-0.017752334334883324
2020-12-10 00:00:00+00:00,185653.78065668824,45796.98625290955,45796.98625290955,139856.79440377868,38,13,passive_limit,-0.026772787060072134,194208.64057506958,-0.04404984192798855
2020-12-11 00:00:00+00:00,181846.38834920354,7017.495945955008,7017.495945955008,174828.89240324852,49,2,passive_limit,-0.020508024636058164,194208.64057506958,-0.06365449132057299
2020-12-12 00:00:00+00:00,190587.70217401412,10480.027112497844,10480.027112497832,180107.6750615163,48,4,passive_limit,0.04806976868863866,194208.64057506958,-0.018644579305707176
2020-12-13 00:00:00+00:00,192706.02984804526,123108.42176301476,123108.42176301475,69597.60808503052,18,32,passive_limit,0.011114713330753201,194208.64057506958,-0.0077370951291093615
2020-12-14 00:00:00+00:00,194318.01967121594,136048.45884251109,136048.45884251109,58269.560828704845,15,35,passive_limit,0.00836502015241436,194318.01967121594,0.0
2020-12-15 00:00:00+00:00,195628.7163505109,144010.68291126133,144010.6829112613,51618.03343924955,13,37,passive_limit,0.006745111346403432,195628.7163505109,0.0
2020-12-16 00:00:00+00:00,198341.18505586288,162465.16885796376,162465.16885796367,35876.01619789911,9,41,passive_limit,0.013865391318583331,198341.18505586288,0.0
2020-12-17 00:00:00+00:00,198072.86620991846,138215.67933516193,138215.67933516193,59857.18687475653,15,35,passive_limit,-0.0013528145748894493,198341.18505586288,-0.0013528145748894493
2020-12-18 00:00:00+00:00,201019.18069039675,114311.94814160065,114311.94814160065,86707.23254879609,21,30,passive_limit,0.014874902034061499,201019.18069039675,0.0
2020-12-19 00:00:00+00:00,201515.33791404747,116855.46554423295,116855.46554423301,84659.8723698145,20,31,passive_limit,0.0024682083667173504,201515.33791404747,0.0
2020-12-20 00:00:00+00:00,199281.68272584042,68517.95945614959,68517.95945614958,130763.72326969085,33,18,passive_limit,-0.011084293688651048,201515.33791404747,-0.011084293688651048
2020-12-21 00:00:00+00:00,194961.26245096623,43138.52654799081,43138.52654799081,151822.7359029754,40,12,passive_limit,-0.02167996684782092,201515.33791404747,-0.0325239534167705
2020-12-22 00:00:00+00:00,200640.58726673928,43270.13220715588,43270.132207155875,157370.45505958342,41,10,passive_limit,0.029130529544049377,201515.33791404747,-0.0043408638586175385
2020-12-23 00:00:00+00:00,178179.09377572773,23422.442436799683,23422.44243679968,154756.65133892803,45,7,passive_limit,-0.11194890224852849,201515.33791404747,-0.11580381116336358
2020-12-24 00:00:00+00:00,196196.03133022622,16730.31602628564,16730.316026285644,179465.71530394058,47,5,passive_limit,0.10111701194965228,201515.33791404747,-0.026396534570932273
2020-12-25 00:00:00+00:00,195076.95832946926,65249.335326461696,65249.335326461674,129827.62300300757,33,18,passive_limit,-0.005703851363198065,201515.33791404747,-0.03194982402443425
2020-12-26 00:00:00+00:00,196798.097176579,103398.01512845914,103398.01512845914,93400.08204811988,23,27,passive_limit,0.008822871044579683,201515.33791404747,-0.023408842157119136
2020-12-27 00:00:00+00:00,197467.53682185657,89621.21068051251,89621.21068051251,107846.32614134405,26,24,passive_limit,0.003401657103812905,201515.33791404747,-0.020086813907522094
2020-12-28 00:00:00+00:00,201411.0014399647,130489.22272281263,130489.2227228126,70921.77871715208,17,33,passive_limit,0.019970191969658657,201515.33791404747,-0.0005177594676554209
2020-12-29 00:00:00+00:00,203735.33336364795,49740.49584615033,49740.49584615033,153994.83751749762,37,13,passive_limit,0.011540243120116145,203735.33336364795,0.0
2020-12-30 00:00:00+00:00,203043.62605662673,30266.44081742775,30266.44081742775,172777.18523919897,42,9,passive_limit,-0.003395126881534094,203735.33336364795,-0.003395126881534094
2020-12-31 00:00:00+00:00,210224.64263005022,44650.00442916256,44650.00442916256,165574.63820088765,39,12,passive_limit,0.03536686530322686,210224.64263005022,0.0
2021-01-01 00:00:00+00:00,211086.89865176557,84579.42079596066,84579.42079596063,126507.47785580491,30,22,passive_limit,0.004101593471288467,211086.89865176557,0.0
2021-01-02 00:00:00+00:00,212135.50742735574,68056.93316972023,68056.93316972024,144078.5742576355,34,18,passive_limit,0.004967663944506873,212135.50742735574,0.0
2021-01-03 00:00:00+00:00,216269.66095969523,162623.76045346135,162623.76045346132,53645.90050623389,13,37,passive_limit,0.01948826758177291,216269.66095969523,0.0
2021-01-04 00:00:00+00:00,225327.90381441737,79535.98696463558,79535.9869646356,145791.9168497818,30,20,passive_limit,0.041884020229773444,225327.90381441737,0.0
2021-01-05 00:00:00+00:00,233577.43464371853,70723.42258715571,70723.42258715573,162854.01205656282,32,19,passive_limit,0.03661122608274736,233577.43464371853,0.0
2021-01-06 00:00:00+00:00,245288.02275175432,73120.76429891905,73120.76429891905,172167.25845283526,32,19,passive_limit,0.050135785273514255,245288.02275175432,0.0
2021-01-07 00:00:00+00:00,244012.6288514277,87535.15473264358,87535.15473264354,156477.4741187841,29,23,passive_limit,-0.005199576750705814,245288.02275175432,-0.005199576750705814
2021-01-08 00:00:00+00:00,247714.3952157567,32408.210760800397,32408.210760800397,215306.1844549563,43,10,passive_limit,0.015170388441587246,247714.3952157567,0.0
2021-01-09 00:00:00+00:00,252533.95832932007,157554.99796780926,157554.99796780926,94978.9603615108,21,31,passive_limit,0.01945612853611345,252533.95832932007,0.0
2021-01-10 00:00:00+00:00,256151.04976763483,77356.57661726102,77356.57661726103,178794.47315037381,35,16,passive_limit,0.014323188304037338,256151.04976763483,0.0
2021-01-11 00:00:00+00:00,236760.73321774555,15548.510995869248,15548.510995869248,221212.2222218763,47,4,passive_limit,-0.07569875886700073,256151.04976763483,-0.07569875886700073
2021-01-12 00:00:00+00:00,238952.78034999655,24503.14060300167,24503.140603001666,214449.6397469949,45,7,passive_limit,0.009258491061670204,256151.04976763483,-0.06714112408768003
2021-01-13 00:00:00+00:00,256188.36291131107,81059.75724065202,81059.75724065202,175128.60567065905,31,19,passive_limit,0.07212965898981949,256188.36291131107,0.0
2021-01-14 00:00:00+00:00,264947.91390645015,71732.02730122377,71732.02730122377,193215.88660522638,33,17,passive_limit,0.034191837972638695,264947.91390645015,0.0
2021-01-15 00:00:00+00:00,265229.66494485957,143860.27306841555,143860.2730684155,121369.391876444,23,29,passive_limit,0.001063420482370292,265229.66494485957,0.0
2021-01-16 00:00:00+00:00,266559.6550812291,215018.12033776,215018.12033775993,51541.53474346913,11,39,passive_limit,0.00501448484899325,266559.6550812291,0.0
2021-01-17 00:00:00+00:00,270056.4231533856,193338.29994953045,193338.29994953045,76718.12320385511,15,35,passive_limit,0.013118144495988693,270056.4231533856,0.0
2021-01-18 00:00:00+00:00,273080.9705111409,197991.1320325636,197991.1320325637,75089.83847857727,14,36,passive_limit,0.011199686800404063,273080.9705111409,0.0
2021-01-19 00:00:00+00:00,269710.6048045713,165031.53529418155,165031.5352941815,104679.06951038975,21,29,passive_limit,-0.012342001349493814,273080.9705111409,-0.012342001349493814
2021-01-20 00:00:00+00:00,277547.0498192156,115362.430444908,115362.43044490802,162184.6193743076,29,22,passive_limit,0.02905501257661891,277547.0498192156,0.0
2021-01-21 00:00:00+00:00,248272.94033754335,47494.21177107838,47494.21177107838,200778.72856646497,42,10,passive_limit,-0.10547440335157732,277547.0498192156,-0.10547440335157732
2021-01-22 00:00:00+00:00,268053.34590798063,42622.10297899599,42622.10297899597,225431.24292898466,43,10,passive_limit,0.07967201557908221,277547.0498192156,-0.03420574607951643
2021-01-23 00:00:00+00:00,276822.13094734924,42622.10297899599,42622.10297899599,234200.02796835324,43,10,passive_limit,0.03271283560988958,277547.0498192156,-0.0026118774180398097
2021-01-24 00:00:00+00:00,283438.6135206972,81929.04327048913,81929.04327048908,201509.57025020808,35,18,passive_limit,0.023901566506640437,283438.6135206972,0.0
2021-01-25 00:00:00+00:00,282308.2720099138,165508.96354997126,165508.96354997126,116799.30845994252,22,30,passive_limit,-0.00398795879200442,283438.6135206972,-0.00398795879200442
2021-01-26 00:00:00+00:00,286330.26200369094,202844.84098405772,202844.84098405766,83485.4210196332,15,36,passive_limit,0.014246801785658958,286330.26200369094,0.0
2021-01-27 00:00:00+00:00,280844.6421601414,82706.97256386522,82706.97256386522,198137.66959627616,36,15,passive_limit,-0.019158365606073646,286330.26200369094,-0.019158365606073646
2021-01-28 00:00:00+00:00,298041.07696198975,82706.97256386522,82706.97256386523,215334.10439812453,36,15,passive_limit,0.06123113002826219,298041.07696198975,0.0
2021-01-29 00:00:00+00:00,304540.30260420806,82356.36727517881,82356.36727517881,222183.93532902925,36,16,passive_limit,0.021806476169213385,304540.30260420806,0.0
2021-01-30 00:00:00+00:00,316120.81211836066,97915.47999226481,97915.47999226478,218205.33212609583,34,18,passive_limit,0.038026196910965426,316120.81211836066,0.0
2021-01-31 00:00:00+00:00,314819.3218311806,130302.62035728902,130302.62035728898,184516.70147389156,29,23,passive_limit,-0.0041170661256328955,316120.81211836066,-0.0041170661256328955
2021-02-01 00:00:00+00:00,314727.4995022823,289185.0314652311,289185.0314652311,25542.46803705123,5,45,passive_limit,-0.00029166675146941046,316120.81211836066,-0.004407532065799802
2021-02-02 00:00:00+00:00,315090.21520509874,289185.0314652311,289185.03146523103,25905.18373986766,5,45,passive_limit,0.0011524754061531528,316120.81211836066,-0.0032601362319544247
2021-02-03 00:00:00+00:00,317333.0336801698,288237.94892522204,288237.94892522215,29095.084754947755,5,45,passive_limit,0.007118020068034081,317333.0336801698,0.0
2021-02-04 00:00:00+00:00,321274.0543779854,259342.4013837129,259342.401383713,61931.65299427252,10,40,passive_limit,0.012419194598529248,321274.0543779854,0.0
2021-02-05 00:00:00+00:00,326621.9854070441,267581.2140628113,267581.21406281134,59040.77134423284,8,42,passive_limit,0.01664600971097019,326621.9854070441,0.0
2021-02-06 00:00:00+00:00,327568.86472475633,249876.67397863508,249876.67397863502,77692.19074612127,12,38,passive_limit,0.0028990066805583137,327568.86472475633,0.0
2021-02-07 00:00:00+00:00,331649.345099351,180215.78159365736,180215.78159365745,151433.56350569366,23,29,passive_limit,0.012456862705872096,331649.345099351,0.0
2021-02-08 00:00:00+00:00,342428.9902373343,187963.12304639808,187963.12304639805,154465.8671909362,22,30,passive_limit,0.03250314013059197,342428.9902373343,0.0
2021-02-09 00:00:00+00:00,350727.57411352335,225233.19183813842,225233.1918381385,125494.38227538497,17,37,passive_limit,0.024234466452263348,350727.57411352335,0.0
2021-02-10 00:00:00+00:00,356950.10128641233,196655.2301786692,196655.2301786691,160294.87110774312,22,31,passive_limit,0.017741767776932482,356950.10128641233,0.0
2021-02-11 00:00:00+00:00,366088.4229726348,231846.1385574678,231846.13855746784,134242.284415167,17,36,passive_limit,0.025601118064650707,366088.4229726348,0.0
2021-02-12 00:00:00+00:00,367323.8216086338,327515.00999413355,327515.00999413367,39808.81161450023,6,44,passive_limit,0.003374590832366575,367323.8216086338,0.0
2021-02-13 00:00:00+00:00,372338.10398564977,260178.00589735847,260178.00589735858,112160.09808829128,14,36,passive_limit,0.01365084996409105,372338.10398564977,0.0
2021-02-14 00:00:00+00:00,363477.9437174062,146997.37389283412,146997.3738928341,216480.56982457207,30,20,passive_limit,-0.023796007374483064,372338.10398564977,-0.023796007374483064
2021-02-15 00:00:00+00:00,367253.3024516951,48090.99109315721,48090.9910931572,319162.3113585379,43,7,passive_limit,0.010386761561587798,372338.10398564977,-0.013656409267611913
2021-02-16 00:00:00+00:00,367365.7900380021,46517.752605949456,46517.752605949456,320848.0374320526,43,7,passive_limit,0.00030629428123862823,372338.10398564977,-0.013354297866434162
2021-02-17 00:00:00+00:00,384628.5589834756,25798.177308748684,25798.177308748684,358830.3816747269,46,4,passive_limit,0.04699068180433397,384628.5589834756,0.0
2021-02-18 00:00:00+00:00,396552.1141729881,91280.789294527,91280.78929452703,305271.3248784611,38,12,passive_limit,0.03100018163244278,396552.1141729881,0.0
2021-02-19 00:00:00+00:00,412872.7715557872,190435.2619783542,190435.2619783541,222437.509577433,24,26,passive_limit,0.04115639987656072,412872.7715557872,0.0
2021-02-20 00:00:00+00:00,414186.05177723744,259226.10556188936,259226.10556188948,154959.9462153481,20,31,passive_limit,0.003180835143236971,414186.05177723744,0.0
2021-02-21 00:00:00+00:00,417849.44299987576,258208.72067003095,258208.7206700309,159640.72232984478,20,31,passive_limit,0.008844796213969497,417849.44299987576,0.0
2021-02-22 00:00:00+00:00,415695.66243642673,78571.28183149056,78571.28183149056,337124.38060493616,42,9,passive_limit,-0.005154441628511752,417849.44299987576,-0.005154441628511752
2021-02-23 00:00:00+00:00,372988.5500358813,16797.52908545434,16797.52908545434,356191.02095042693,49,3,passive_limit,-0.10273648791578804,417849.44299987576,-0.1073613803142196
2021-02-24 00:00:00+00:00,386202.24558983266,29921.30437652465,29921.30437652464,356280.941213308,47,4,passive_limit,0.03542654473623985,417849.44299987576,-0.07573827832062585
2021-02-25 00:00:00+00:00,369369.01493686927,101160.23144143207,101160.23144143206,268208.7834954372,35,15,passive_limit,-0.04358656855362042,417849.44299987576,-0.11602367521409118
2021-02-26 00:00:00+00:00,371549.33177247643,78080.60763726817,78080.60763726817,293468.72413520823,38,13,passive_limit,0.00590281465807263,417849.44299987576,-0.11080572680675582
2021-02-27 00:00:00+00:00,370642.9148888575,258730.6362612854,258730.6362612854,111912.27862757213,14,36,passive_limit,-0.0024395599886961605,417849.44299987576,-0.11297496957781583
2021-02-28 00:00:00+00:00,378256.88361385267,108343.69568456075,108343.69568456073,269913.1879292919,36,14,passive_limit,0.02054259887114873,417849.44299987576,-0.09475317018918428
2021-03-01 00:00:00+00:00,411840.2898446232,108343.69568456075,108343.69568456075,303496.59416006244,36,14,passive_limit,0.08878465319630369,417849.44299987576,-0.014381144347377695
2021-03-02 00:00:00+00:00,408058.30049884034,125100.99809992737,125100.99809992738,282957.30239891296,34,16,passive_limit,-0.009183145600469733,417849.44299987576,-0.02343222580540405
2021-03-03 00:00:00+00:00,416438.27515856654,158563.52192762107,158563.521927621,257874.7532309455,30,20,passive_limit,0.02053621908801251,417849.44299987576,-0.0033772160402512075
2021-03-04 00:00:00+00:00,406351.3618418226,146803.2220258586,146803.22202585856,259548.139815964,31,20,passive_limit,-0.024221868926200707,417849.44299987576,-0.027517282482189542
2021-03-05 00:00:00+00:00,407198.70494022535,348510.15694801044,348510.1569480104,58688.547992214895,7,43,passive_limit,0.0020852473449628484,417849.44299987576,-0.025489415477463195
2021-03-06 00:00:00+00:00,408528.60527025344,328483.308114619,328483.30811461876,80045.29715563444,10,40,passive_limit,0.0032659738694977847,417849.44299987576,-0.02230668937286362
2021-03-07 00:00:00+00:00,412061.95857780974,328483.308114619,328483.308114619,83578.65046319074,10,40,passive_limit,0.008648974054629166,417849.44299987576,-0.013850645295864994
2021-03-08 00:00:00+00:00,417906.88158314384,328483.308114619,328483.308114619,89423.57346852482,10,40,passive_limit,0.01418457317804167,417906.88158314384,0.0
2021-03-09 00:00:00+00:00,427165.46087844943,329261.41944452346,329261.4194445234,97904.04143392596,10,40,passive_limit,0.02215464665293765,427165.46087844943,0.0
2021-03-10 00:00:00+00:00,426941.18842578656,298095.74994006427,298095.7499400642,128845.43848572228,15,35,passive_limit,-0.0005250247812678133,427165.46087844943,-0.0005250247812678133
2021-03-11 00:00:00+00:00,432163.05450445344,276910.6982391795,276910.6982391793,155252.3562652739,18,33,passive_limit,0.012230879147361984,432163.05450445344,0.0
2021-03-12 00:00:00+00:00,433426.7715516763,92277.14934358408,92277.14934358408,341149.62220809225,40,12,passive_limit,0.002924167242088549,433426.7715516763,0.0
2021-03-13 00:00:00+00:00,456964.5961894326,72779.47199048159,72779.47199048159,384185.124198951,43,10,passive_limit,0.05430634696027292,456964.5961894326,0.0
2021-03-14 00:00:00+00:00,446954.08737838664,93257.8487895821,93257.8487895821,353696.23858880455,41,13,passive_limit,-0.021906530384459222,456964.5961894326,-0.021906530384459222
2021-03-15 00:00:00+00:00,443358.58310675214,165050.0086797934,165050.0086797934,278308.57442695874,33,20,passive_limit,-0.00804445998631309,456964.5961894326,-0.029774764163655543
2021-03-16 00:00:00+00:00,456541.0613282443,165378.27755605252,165378.2775560525,291162.78377219173,34,20,passive_limit,0.029733219844574554,456964.5961894326,-0.0009268439277793084
2021-03-17 00:00:00+00:00,466525.76141687034,348237.78645065887,348237.786450659,118287.97496621146,14,36,passive_limit,0.021870322155858046,466525.76141687034,0.0
2021-03-18 00:00:00+00:00,464526.5235819781,328206.88174107886,328206.881741079,136319.64184089925,15,35,passive_limit,-0.004285375000129488,466525.76141687034,-0.004285375000129488
2021-03-19 00:00:00+00:00,468903.14858399075,297043.0375896988,297043.03758969886,171860.110994292,18,32,passive_limit,0.009421690215370981,468903.14858399075,0.0
2021-03-20 00:00:00+00:00,462514.7176467608,278779.47889875114,278779.4788987513,183735.23874800967,19,32,passive_limit,-0.013624201408162784,468903.14858399075,-0.013624201408162784
2021-03-21 00:00:00+00:00,464467.6073145458,297377.73197835503,297377.73197835503,167089.87533619077,17,33,passive_limit,0.004222329783841516,468903.14858399075,-0.0094593974957079
2021-03-22 00:00:00+00:00,456007.4208787228,179758.2517034653,179758.25170346524,276249.1691752575,30,20,passive_limit,-0.018214804009127783,468903.14858399075,-0.027501900433406945
2021-03-23 00:00:00+00:00,457889.20765566744,164999.88692851624,164999.88692851627,292889.32072715124,32,20,passive_limit,0.004126658231391245,468903.14858399075,-0.02348873314581823
2021-03-24 00:00:00+00:00,441460.3390304436,95356.86909514036,95356.86909514034,346103.4699353032,41,11,passive_limit,-0.03587957163117583,468903.14858399075,-0.05852553909356306
2021-03-25 00:00:00+00:00,442946.9599884697,87201.9080516744,87201.90805167439,355745.0519367953,42,10,passive_limit,0.003367507398945868,468903.14858399075,-0.05535511688054218
2021-03-26 00:00:00+00:00,480974.5164346307,126279.56929065904,126279.56929065901,354694.9471439717,37,14,passive_limit,0.08585126410428656,480974.5164346307,0.0
2021-03-27 00:00:00+00:00,485184.5528948306,262127.94873394148,262127.9487339413,223056.60416088914,22,30,passive_limit,0.00875313829807034,485184.5528948306,0.0
2021-03-28 00:00:00+00:00,486084.53531386517,318128.501953095,318128.50195309514,167956.03336077015,17,35,passive_limit,0.001854928013814261,486084.53531386517,0.0
2021-03-29 00:00:00+00:00,488738.8280267004,425181.3656257147,425181.3656257147,63557.46240098569,6,45,passive_limit,0.005460557824826351,488738.8280267004,0.0
2021-03-30 00:00:00+00:00,489552.236406348,460529.4099274049,460529.40992740507,29022.826478943094,3,47,passive_limit,0.0016643007123697817,489552.236406348,0.0
2021-03-31 00:00:00+00:00,500388.13391161384,304954.86696432036,304954.8669643204,195433.26694729345,19,32,passive_limit,0.022134302939373462,500388.13391161384,0.0
2021-04-01 00:00:00+00:00,501228.51777079597,295050.96920096566,295050.96920096554,206177.54856983028,20,31,passive_limit,0.0016794640044972553,501228.51777079597,0.0
2021-04-02 00:00:00+00:00,505825.5560657749,284586.980045932,284586.980045932,221238.5760198429,21,31,passive_limit,0.009171541785818915,505825.5560657749,0.0
2021-04-03 00:00:00+00:00,490316.0174883513,166137.60176250702,166137.60176250702,324178.4157258443,34,17,passive_limit,-0.030661832703855696,505825.5560657749,-0.030661832703855696
2021-04-04 00:00:00+00:00,511505.99560539296,180495.2837623947,180495.28376239474,331010.7118429982,33,19,passive_limit,0.04321698121466144,511505.99560539296,0.0
2021-04-05 00:00:00+00:00,515872.36321250966,331035.0800407245,331035.08004072454,184837.28317178518,19,32,passive_limit,0.00853629799969191,515872.36321250966,0.0
2021-04-06 00:00:00+00:00,525113.9687884967,183509.5364922348,183509.53649223474,341604.43229626183,33,18,passive_limit,0.017914519627367564,525113.9687884967,0.0
2021-04-07 00:00:00+00:00,499791.12366498885,58829.42345128517,58829.423451285176,440961.7002137037,45,7,passive_limit,-0.048223522184966394,525113.9687884967,-0.048223522184966394
2021-04-08 00:00:00+00:00,525812.4822576748,182083.33793490534,182083.3379349053,343729.1443227694,32,20,passive_limit,0.052064467255581226,525812.4822576748,0.0
2021-04-09 00:00:00+00:00,519074.7916382515,182083.33793490534,182083.3379349053,336991.4537033462,32,20,passive_limit,-0.012813865868101404,525812.4822576748,-0.012813865868101404
2021-04-10 00:00:00+00:00,523425.48489237233,171810.09722864616,171810.09722864616,351615.3876637262,33,19,passive_limit,0.00838163078655696,525812.4822576748,-0.00453963617419928
2021-04-11 00:00:00+00:00,526010.8940912492,335841.7327196659,335841.7327196657,190169.16137158335,18,34,passive_limit,0.004939402595975029,526010.8940912492,0.0
2021-04-12 00:00:00+00:00,527938.4404155433,418718.51086052775,418718.5108605281,109219.92955501546,11,39,passive_limit,0.0036644608428197945,527938.4404155433,0.0
2021-04-13 00:00:00+00:00,531352.6810852373,390499.3890595501,390499.38905955,140853.29202568723,13,37,passive_limit,0.006467118906906322,531352.6810852373,0.0
2021-04-14 00:00:00+00:00,538905.6508341277,311110.5066873295,311110.5066873293,227795.1441467982,21,29,passive_limit,0.01421460739308622,538905.6508341277,0.0
2021-04-15 00:00:00+00:00,547129.1098085971,340075.1757571952,340075.17575719516,207053.93405140194,18,32,passive_limit,0.015259552320041614,547129.1098085971,0.0
2021-04-16 00:00:00+00:00,554949.2060846321,210011.83554980656,210011.83554980654,344937.3705348255,30,22,passive_limit,0.014292963280222226,554949.2060846321,0.0
2021-04-17 00:00:00+00:00,552611.9225598181,294828.6097646043,294828.60976460436,257783.3127952138,24,29,passive_limit,-0.004211707124160635,554949.2060846321,-0.004211707124160635
2021-04-18 00:00:00+00:00,542872.5228017977,74875.5108731804,74875.5108731804,467997.0119286173,46,6,passive_limit,-0.017624302626163768,554949.2060846321,-0.021761781349395437
2021-04-19 00:00:00+00:00,516081.8947317826,98055.3551559069,98055.35515590693,418026.5395758757,42,10,passive_limit,-0.04934975881952375,554949.2060846321,-0.07003760150784333
2021-04-20 00:00:00+00:00,540671.0697694827,22162.488494026853,22162.48849402689,518508.5812754559,50,2,passive_limit,0.04764587808390286,554949.2060846321,-0.025728726446672123
2021-04-21 00:00:00+00:00,525237.1651040852,145637.17092080406,145637.17092080408,379599.99418328115,38,13,passive_limit,-0.02854583041030434,554949.2060846321,-0.0535401089951566
2021-04-22 00:00:00+00:00,488838.3638648068,70605.56159050396,70605.56159050396,418232.8022743028,44,8,passive_limit,-0.06929974430134889,554949.2060846321,-0.11912953743327481
2021-04-23 00:00:00+00:00,491640.59794510616,233480.2567818295,233480.2567818294,258160.34116327667,26,26,passive_limit,0.005732434864859304,554949.2060846321,-0.11408000488223258
2021-04-24 00:00:00+00:00,474162.2445204233,119300.13984416967,119300.1398441697,354862.1046762536,40,13,passive_limit,-0.03555107836443239,554949.2060846321,-0.14557541605328184
2021-04-25 00:00:00+00:00,477523.93233942403,141082.8026774316,141082.80267743164,336441.1296619924,37,14,passive_limit,0.00708974166089682,554949.2060846321,-0.13951776648438052
2021-04-26 00:00:00+00:00,533147.5925795069,141082.8026774316,141082.8026774316,392064.7899020753,37,14,passive_limit,0.1164835026541573,554949.2060846321,-0.03928578195280874
2021-04-27 00:00:00+00:00,559903.1031482263,227415.44465119278,227415.4446511927,332487.65849703347,30,24,passive_limit,0.05018405961334116,559903.1031482263,0.0
2021-04-28 00:00:00+00:00,559532.772276538,269596.1790488967,269596.17904889653,289936.59322764125,26,29,passive_limit,-0.0006614195735048511,559903.1031482263,-0.0006614195735048511
2021-04-29 00:00:00+00:00,562444.6836472102,405532.5351734771,405532.5351734769,156912.1484737331,15,35,passive_limit,0.005204183767154147,562444.6836472102,0.0
2021-04-30 00:00:00+00:00,567944.3263781352,467872.8752658141,467872.8752658144,100071.45111232111,10,41,passive_limit,0.009778104213310712,567944.3263781352,0.0
2021-05-01 00:00:00+00:00,569786.7557662956,439348.56826793443,439348.5682679342,130438.18749836118,12,39,passive_limit,0.0032440316816082504,569786.7557662956,0.0
2021-05-02 00:00:00+00:00,571575.237642757,396374.7702938662,396374.77029386634,175200.4673488908,16,35,passive_limit,0.003138861790594083,571575.237642757,0.0
2021-05-03 00:00:00+00:00,573195.7294148282,425014.2608569837,425014.2608569834,148181.4685578445,13,37,passive_limit,0.0028351329192537467,573195.7294148282,0.0
2021-05-04 00:00:00+00:00,557809.8400666306,202918.86353300954,202918.86353300948,354890.9765336211,32,19,passive_limit,-0.026842295848758302,573195.7294148282,-0.026842295848758302
2021-05-05 00:00:00+00:00,600506.8938829611,202918.86353300954,202918.8635330095,397588.0303499516,32,20,passive_limit,0.0765441029352052,600506.8938829611,0.0
2021-05-06 00:00:00+00:00,621351.1847839272,197047.73883541697,197047.7388354169,424303.4459485102,33,20,passive_limit,0.03471116004378216,621351.1847839272,0.0
2021-05-07 00:00:00+00:00,620630.7758433115,228122.1351745523,228122.13517455218,392508.6406687592,30,24,passive_limit,-0.0011594231382470177,621351.1847839272,-0.0011594231382470177
2021-05-08 00:00:00+00:00,625195.1789400683,210033.85471961836,210033.85471961834,415161.32422045,32,22,passive_limit,0.007354458197073477,625195.1789400683,0.0
2021-05-09 00:00:00+00:00,629557.7542209328,495673.9350908268,495673.9350908265,133883.81913010604,12,38,passive_limit,0.0069779413338737495,629557.7542209328,0.0
2021-05-10 00:00:00+00:00,605799.6344514325,23623.088531549,23623.088531548972,582176.5459198835,48,3,passive_limit,-0.03773779229977181,629557.7542209328,-0.03773779229977181
2021-05-11 00:00:00+00:00,656703.8141801126,54011.33195699278,54011.33195699273,602692.4822231198,46,4,passive_limit,0.08402807930839229,656703.8141801126,0.0
2021-05-12 00:00:00+00:00,569334.255545258,14845.793937571929,14845.793937571929,554488.4616076861,49,2,passive_limit,-0.13304256309815166,656703.8141801126,-0.13304256309815166
2021-05-13 00:00:00+00:00,586574.530665532,29308.704259809965,29308.70425980992,557265.8264057221,47,5,passive_limit,0.030281464627071708,656703.8141801126,-0.10678982213943167
2021-05-14 00:00:00+00:00,624837.7730426915,81698.60837088907,81698.60837088907,543139.1646718024,41,11,passive_limit,0.06523168050570782,656703.8141801126,-0.048524221192784545
2021-05-15 00:00:00+00:00,620195.1095228378,534615.903720436,534615.9037204356,85579.20580240176,9,41,passive_limit,-0.007430190235212519,656703.8141801126,-0.05559386723351911
2021-05-16 00:00:00+00:00,628077.3426103287,427973.8271960876,427973.82719608763,200103.51541424106,17,34,passive_limit,0.012709279654841588,656703.8141801126,-0.043591145584442326
2021-05-17 00:00:00+00:00,626190.2531244906,190558.10213709116,190558.10213709122,435632.1509873994,35,18,passive_limit,-0.003004549532061196,656703.8141801126,-0.04646472336043572
2021-05-18 00:00:00+00:00,641786.1323434631,190558.10213709116,190558.10213709116,451228.0302063719,35,18,passive_limit,0.024905975685750592,656703.8141801126,-0.022715996944945416
2021-05-19 00:00:00+00:00,421638.4488726087,2.5283952709287405e-10,2.764863893389702e-10,421638.4488726085,53,0,passive_limit,-0.3430234347180293,656703.8141801126,-0.35794731236787525
2021-05-20 00:00:00+00:00,501018.3937943389,19064.048164970547,19064.048164970533,481954.3456293684,49,4,passive_limit,0.18826543246703187,656703.8141801126,-0.23707098546419314
2021-05-21 00:00:00+00:00,439156.1631961823,89886.46359401685,89886.46359401685,349269.69960216543,44,7,passive_limit,-0.12347297297741566,656703.8141801126,-0.33127209905965915
2021-05-22 00:00:00+00:00,424455.9630396168,225859.78560480487,225859.78560480487,198596.17743481192,27,24,passive_limit,-0.03347374211846943,656703.8141801126,-0.35365692436316154
2021-05-23 00:00:00+00:00,388828.6180970251,2.892193151637912e-10,2.9103830456733704e-10,388828.6180970248,51,0,passive_limit,-0.08393649293428929,656703.8141801126,-0.4079086953644798
2021-05-24 00:00:00+00:00,472031.0408388922,95979.66015891466,95979.66015891462,376051.3806799776,33,17,passive_limit,0.2139822504554063,656703.8141801126,-0.28121166552349364
2021-05-25 00:00:00+00:00,478353.43141219765,79042.07307204744,79042.0730720474,399311.3583401502,36,14,passive_limit,0.013394014431909573,656703.8141801126,-0.2715842041980271
2021-05-26 00:00:00+00:00,519210.2174979764,99473.56567825048,99473.56567825047,419736.65181972587,32,18,passive_limit,0.0854112950860646,656703.8141801126,-0.20936926771743425
2021-05-27 00:00:00+00:00,511478.2125781106,178011.3295151923,178011.32951519242,333466.88306291826,27,23,passive_limit,-0.014891858170907324,656703.8141801126,-0.22114322844814682
2021-05-28 00:00:00+00:00,513236.71465791826,379260.0068941445,379260.00689414435,133976.70776377374,18,32,passive_limit,0.003438078175302728,656703.8141801126,-0.21846545798018757
2021-05-29 00:00:00+00:00,505374.65163414605,316460.01138841826,316460.01138841826,188914.6402457278,25,26,passive_limit,-0.015318590426665835,656703.8141801126,-0.23043746553368094
2021-05-30 00:00:00+00:00,519688.2923439742,294566.6936672762,294566.6936672761,225121.598676698,25,27,passive_limit,0.028322830722800285,656703.8141801126,-0.20864127613938221
2021-05-31 00:00:00+00:00,537866.0399144762,294566.6936672762,294566.693667276,243299.3462472,25,26,passive_limit,0.034978174106085946,656703.8141801126,-0.18096099291581547
2021-06-01 00:00:00+00:00,532211.9731057034,294566.6936672762,294566.6936672762,237645.27943842715,25,27,passive_limit,-0.01051203531956002,656703.8141801126,-0.18957075988638183
2021-06-02 00:00:00+00:00,535569.2015835701,415568.36844480364,415568.368444804,120000.83313876648,10,41,passive_limit,0.0063080664237518125,656703.8141801126,-0.18445851840799443
2021-06-03 00:00:00+00:00,537713.5924786732,490399.1751774349,490399.1751774345,47314.417301238325,3,48,passive_limit,0.004003947368075966,656703.8141801126,-0.18119313323921737
2021-06-04 00:00:00+00:00,543990.1071411291,418256.5902851731,418256.5902851731,125733.51685595598,10,40,passive_limit,0.01167259810845267,656703.8141801126,-0.17163552975507734
2021-06-05 00:00:00+00:00,543333.3918265395,348500.9721298006,348500.9721298007,194832.41969673889,16,34,passive_limit,-0.0012072192232334134,656703.8141801126,-0.1726355472674005
2021-06-06 00:00:00+00:00,546724.4172949077,348500.9721298006,348500.9721298005,198223.44516510714,16,34,passive_limit,0.006241150496877124,656703.8141801126,-0.16747184120212988
2021-06-07 00:00:00+00:00,528581.7122426726,335740.1464720371,335740.14647203695,192841.5657706355,17,33,passive_limit,-0.033184369452533224,656703.8141801126,-0.19509876320331565
2021-06-08 00:00:00+00:00,541380.399632477,69127.92074553425,69127.92074553424,472252.47888694267,43,8,passive_limit,0.024213261816232734,656703.8141801126,-0.175609478820548
2021-06-09 00:00:00+00:00,561513.8238555718,182082.91109777256,182082.9110977726,379430.9127577992,33,19,passive_limit,0.03718905271923889,656703.8141801126,-0.14495117626716458
2021-06-10 00:00:00+00:00,541188.8863201317,199661.43318798908,199661.43318798908,341527.4531321426,32,19,passive_limit,-0.03619668238242324,656703.8141801126,-0.17590110696128658
2021-06-11 00:00:00+00:00,524177.70175278967,103009.94536772194,103009.94536772194,421167.7563850677,42,9,passive_limit,-0.03143298947436135,656703.8141801126,-0.2018049987920053
2021-06-12 00:00:00+00:00,516097.9392074649,66301.64978723443,66301.64978723443,449796.2894202305,45,7,passive_limit,-0.015414166833703447,656703.8141801126,-0.21410850970645345
2021-06-13 00:00:00+00:00,533270.0627644421,325351.5877270709,325351.5877270708,207918.47503737116,19,33,passive_limit,0.033272993849475796,656703.8141801126,-0.18795954698356088
2021-06-14 00:00:00+00:00,539361.02517123,325351.5877270709,325351.58772707084,214009.43744415903,19,34,passive_limit,0.011421909520314522,656703.8141801126,-0.17868449440237189
2021-06-15 00:00:00+00:00,541792.1914452997,372091.7481882448,372091.748188245,169700.4432570548,15,37,passive_limit,0.004507493423904441,656703.8141801126,-0.17498242016193977
2021-06-16 00:00:00+00:00,539941.2614658253,368180.4796906576,368180.47969065746,171760.7817751677,16,35,passive_limit,-0.0034163098115844726,656703.8141801126,-0.17780093581467016
2021-06-17 00:00:00+00:00,540588.7196576594,416303.70433916396,416303.70433916396,124285.01531849543,13,37,passive_limit,0.0011991270866695825,656703.8141801126,-0.17681501464617133
2021-06-18 00:00:00+00:00,530787.4507330719,79981.70906447858,79981.70906447858,450805.7416685933,43,8,passive_limit,-0.01813073149361022,656703.8141801126,-0.19173996058519294
2021-06-19 00:00:00+00:00,520069.4018132548,53537.509187168325,53537.509187168325,466531.8926260865,45,6,passive_limit,-0.02019273233572938,656703.8141801126,-0.20806093921876223
2021-06-20 00:00:00+00:00,533201.5032933631,29968.814567665635,29968.814567665628,503232.6887256975,47,4,passive_limit,0.025250671226421773,656703.8141801126,-0.188063946363614
2021-06-21 00:00:00+00:00,436352.89741824317,101504.0549701343,101504.05497013428,334848.8424481089,40,11,passive_limit,-0.18163603305115716,656703.8141801126,-0.33554079023733874
2021-06-22 00:00:00+00:00,431930.1261888951,7250.018262238116,7250.018262238116,424680.10792665696,50,2,passive_limit,-0.010135766842654603,656703.8141801126,-0.34227559386394757
2021-06-23 00:00:00+00:00,449137.3487090607,257234.34006112212,257234.34006112197,191903.00864793858,20,31,passive_limit,0.03983797720245241,656703.8141801126,-0.31607318396680295
2021-06-24 00:00:00+00:00,453900.86838796554,272292.0247919072,272292.0247919072,181608.84359605832,19,32,passive_limit,0.010605930886390169,656703.8141801126,-0.30881950342460585
2021-06-25 00:00:00+00:00,434258.91292785364,144997.53908288816,144997.53908288816,289261.3738449655,33,19,passive_limit,-0.043273667948401484,656703.8141801126,-0.33872941872582074
2021-06-26 00:00:00+00:00,443587.97992048063,93512.28645059592,93512.28645059593,350075.6934698847,38,16,passive_limit,0.021482730037084785,656703.8141801126,-0.32452352134684137
2021-06-27 00:00:00+00:00,456139.39595874504,204095.19266676178,204095.19266676178,252044.2032919833,27,27,passive_limit,0.02829521223842546,656703.8141801126,-0.305410771021286
2021-06-28 00:00:00+00:00,463247.1820899405,204095.19266676178,204095.19266676178,259151.98942317872,27,27,passive_limit,0.01558248683224539,656703.8141801126,-0.29458734350690574
2021-06-29 00:00:00+00:00,479162.3933907711,211271.57891359527,211271.57891359524,267890.8144771759,26,28,passive_limit,0.03435576494827042,656703.8141801126,-0.2703523520888941
2021-06-30 00:00:00+00:00,481692.59338604566,369926.27573361417,369926.2757336142,111766.31765243146,12,39,passive_limit,0.005280464473369273,656703.8141801126,-0.266499473606022
2021-07-01 00:00:00+00:00,480749.2585903265,254110.19667916518,254110.19667916506,226639.06191116138,22,28,passive_limit,-0.001958375131093426,656703.8141801126,-0.2679359427955559
2021-07-02 00:00:00+00:00,485649.3418273958,175211.1890429585,175211.18904295843,310438.1527844373,30,21,passive_limit,0.010192596555296696,656703.8141801126,-0.2604743092078373
2021-07-03 00:00:00+00:00,493994.6492295867,175211.1890429585,175211.18904295852,318783.4601866282,30,21,passive_limit,0.017183812853095448,656703.8141801126,-0.24776643813720867
2021-07-04 00:00:00+00:00,502484.44097428326,175211.1890429585,175211.1890429585,327273.2519313248,30,21,passive_limit,0.01718599939885368,656703.8141801126,-0.23483855259523734
2021-07-05 00:00:00+00:00,494272.68851771724,167691.13577446394,167691.13577446388,326581.5527432533,30,21,passive_limit,-0.016342301944004434,656703.8141801126,-0.24734305200463746
2021-07-06 00:00:00+00:00,497895.3034887196,384938.64129117026,384938.6412911705,112956.66219754936,11,40,passive_limit,0.007329182969559422,656703.8141801126,-0.24182669151946923
2021-07-07 00:00:00+00:00,497490.1463688427,463526.04872414155,463526.0487241417,33964.09764470113,4,46,passive_limit,-0.0008137395895041477,656703.8141801126,-0.2424436471562852
2021-07-08 00:00:00+00:00,494351.32080318197,194916.67394537706,194916.67394537706,299434.6468578049,30,21,passive_limit,-0.006309322081192725,656703.8141801126,-0.24722331418102983
2021-07-09 00:00:00+00:00,511418.02903896,97933.57838938682,97933.57838938682,413484.4506495732,39,12,passive_limit,0.034523440147887996,656703.8141801126,-0.22123487332343317
2021-07-10 00:00:00+00:00,506623.9622660803,115206.64528145756,115206.64528145758,391417.31698462274,37,14,passive_limit,-0.009374066811622894,656703.8141801126,-0.2285350696514612
2021-07-11 00:00:00+00:00,513778.17984315724,115206.64528145756,115206.64528145758,398571.53456169966,37,14,passive_limit,0.014121356489094516,656703.8141801126,-0.21764093835117493
2021-07-12 00:00:00+00:00,497085.5233083719,86422.14935057847,86422.14935057849,410663.3739577934,41,11,passive_limit,-0.03249000675715963,656703.8141801126,-0.2430597895506703
2021-07-13 00:00:00+00:00,491281.57516475534,318732.04060343397,318732.04060343414,172549.53456132134,20,32,passive_limit,-0.011675954883956674,656703.8141801126,-0.2518977892977293
2021-07-14 00:00:00+00:00,506435.99855137686,184169.80706519436,184169.8070651943,322266.1914861825,34,17,passive_limit,0.030846716328694734,656703.8141801126,-0.22882129261932704
2021-07-15 00:00:00+00:00,495561.18210082315,75427.24834322711,75427.24834322708,420133.93375759607,44,8,passive_limit,-0.021473229552520623,656703.8141801126,-0.24538099002892833
2021-07-16 00:00:00+00:00,468404.9478253253,25412.35216038075,25412.352160380742,442992.59566494456,49,3,passive_limit,-0.054798953704111586,656703.8141801126,-0.2867333222205757
2021-07-17 00:00:00+00:00,470925.708692918,40821.489617843275,40821.489617843275,430104.2190750747,46,6,passive_limit,0.005381584629487568,656703.8141801126,-0.2828948172307122
2021-07-18 00:00:00+00:00,475823.3817112736,72017.45163238747,72017.45163238747,403805.93007888616,41,11,passive_limit,0.010400096932378977,656703.8141801126,-0.27543685381920024
2021-07-19 00:00:00+00:00,460563.8172232128,236019.66404891995,236019.66404891986,224544.15317429288,27,24,passive_limit,-0.03206980798879744,656703.8141801126,-0.2986734547929776
2021-07-20 00:00:00+00:00,453921.51119403983,106292.76891210594,106292.76891210594,347628.7422819339,40,11,passive_limit,-0.014422118674497941,656703.8141801126,-0.3087880694575289
2021-07-21 00:00:00+00:00,493306.9191971388,146432.89885813725,146432.89885813725,346874.02033900155,35,17,passive_limit,0.08676700053164632,656703.8141801126,-0.24881368351266997
2021-07-22 00:00:00+00:00,502455.22162222,168598.55843594042,168598.55843594042,333856.6631862796,33,18,passive_limit,0.0185448491984872,656703.8141801126,-0.23488304655344538
2021-07-23 00:00:00+00:00,519686.241392937,168598.55843594042,168598.55843594045,351087.6829569966,33,19,passive_limit,0.034293642556017634,656703.8141801126,-0.20864439923840017
2021-07-24 00:00:00+00:00,524030.74888779107,216942.80239024846,216942.8023902485,307087.9464975426,26,25,passive_limit,0.008359866297805496,656703.8141801126,-0.20202877222201354
2021-07-25 00:00:00+00:00,527187.8141661091,459039.44266953896,459039.44266953884,68148.37149657008,8,42,passive_limit,0.006024580208353392,656703.8141801126,-0.19722133055630686
2021-07-26 00:00:00+00:00,527754.4886718354,420569.11919003545,420569.11919003533,107185.36948179998,11,39,passive_limit,0.001074900615111174,656703.8141801126,-0.19635842327072361
2021-07-27 00:00:00+00:00,541462.4591086296,358163.77983800473,358163.77983800473,183298.67927062488,17,33,passive_limit,0.02597414277099208,656703.8141801126,-0.17548452222005217
2021-07-28 00:00:00+00:00,541609.3615879128,358163.77983800473,358163.77983800473,183445.58174990804,17,33,passive_limit,0.0002713068594357715,656703.8141801126,-0.17526082551521938
2021-07-29 00:00:00+00:00,545023.8443796111,366085.71009672614,366085.71009672614,178938.1342828849,16,34,passive_limit,0.00630432749848997,656703.8141801126,-0.17006139965843303
2021-07-30 00:00:00+00:00,548897.4271325087,366299.2650690481,366299.26506904804,182598.16206346062,16,34,passive_limit,0.007107180342369901,656703.8141801126,-0.16416287635271154
2021-07-31 00:00:00+00:00,548807.3980053139,406329.69370163966,406329.6937016398,142477.7043036743,13,37,passive_limit,-0.00016401812569077912,656703.8141801126,-0.16429996879111497
2021-08-01 00:00:00+00:00,547464.4858997599,416148.49318598805,416148.4931859883,131315.99271377188,12,38,passive_limit,-0.002446964290997111,656703.8141801126,-0.16634489692546817
2021-08-02 00:00:00+00:00,550604.796075587,368517.2185522789,368517.2185522791,182087.57752330817,16,34,passive_limit,0.005736098425938918,656703.8141801126,-0.16156296920094637
2021-08-03 00:00:00+00:00,550613.8080632861,241730.02661211448,241730.02661211457,308883.7814511716,28,22,passive_limit,1.6367434071185016e-05,656703.8141801126,-0.16154924613812183
2021-08-04 00:00:00+00:00,564105.0134924967,295250.07412552286,295250.07412552263,268854.9393669738,23,27,passive_limit,0.02450211969195637,656703.8141801126,-0.141005425411187
2021-08-05 00:00:00+00:00,576028.1943653456,232924.8853811849,232924.8853811848,343103.3089841608,29,23,passive_limit,0.021136456134346338,656703.8141801126,-0.12284932426574913
2021-08-06 00:00:00+00:00,580970.3812459912,290854.733827613,290854.7338276129,290115.64741837827,24,28,passive_limit,0.008579765589583177,656703.8141801126,-0.11532357708120466
2021-08-07 00:00:00+00:00,598549.7371185264,337381.74960518023,337381.7496051804,261167.98751334607,21,31,passive_limit,0.0302586094575652,656703.8141801126,-0.08855449870378918
2021-08-08 00:00:00+00:00,592904.2006938679,369544.29131079745,369544.2913107975,223359.90938307042,21,29,passive_limit,-0.009432025568729907,656703.8141801126,-0.09715127597651885
2021-08-09 00:00:00+00:00,610838.8206018906,319543.9037809255,319543.90378092544,291294.9168209651,25,26,passive_limit,0.030248765124338828,656703.8141801126,-0.06984121698072354
2021-08-10 00:00:00+00:00,620258.198844712,366432.45256484125,366432.45256484114,253825.7462798708,21,30,passive_limit,0.015420398843577265,656703.8141801126,-0.05549779755870998
2021-08-11 00:00:00+00:00,630398.7821138701,366432.45256484125,366432.45256484114,263966.32954902883,21,31,passive_limit,0.016348970941530316,656703.8141801126,-0.0400561584967859
2021-08-12 00:00:00+00:00,635830.3773574613,170264.6933805258,170264.69338052577,465565.6839769355,37,16,passive_limit,0.008616125851921508,656703.8141801126,-0.031785161547617236
2021-08-13 00:00:00+00:00,659698.1500637364,329303.234786472,329303.2347864721,330394.9152772644,24,27,passive_limit,0.037537955964719094,659698.1500637364,0.0
2021-08-14 00:00:00+00:00,658419.0151409337,325140.5098397632,325140.5098397631,333278.5053011705,25,27,passive_limit,-0.0019389700011726019,659698.1500637364,-0.0019389700011726019
2021-08-15 00:00:00+00:00,672136.8722389126,242500.84926791018,242500.84926791018,429636.02297100244,31,21,passive_limit,0.020834539681455988,672136.8722389126,0.0
2021-08-16 00:00:00+00:00,662530.0315310797,182172.08383192972,182172.0838319297,480357.94769915,37,16,passive_limit,-0.01429298273108004,672136.8722389126,-0.01429298273108004
2021-08-17 00:00:00+00:00,648125.6614413116,291622.9316636648,291622.93166366476,356502.7297776468,30,21,passive_limit,-0.021741459864815793,672136.8722389126,-0.03572369228549954
2021-08-18 00:00:00+00:00,658293.3192576164,165694.07488875778,165694.07488875778,492599.24436885864,39,12,passive_limit,0.015687787756611726,672136.8722389126,-0.020596330231345328
2021-08-19 00:00:00+00:00,683031.9000106266,245784.0783571344,245784.0783571343,437247.8216534923,33,19,passive_limit,0.03757987515490657,683031.9000106266,0.0
2021-08-20 00:00:00+00:00,697054.3814100239,360910.9144213271,360910.91442132724,336143.4669886967,25,26,passive_limit,0.02052976061466394,697054.3814100239,0.0
2021-08-21 00:00:00+00:00,702121.1705634824,408715.24611737696,408715.2461173767,293405.92444610555,20,32,passive_limit,0.007268857765744707,702121.1705634824,0.0
2021-08-22 00:00:00+00:00,705003.1439399603,408496.59119491547,408496.5911949152,296506.5527450449,18,33,passive_limit,0.004104666683337532,705003.1439399603,0.0
2021-08-23 00:00:00+00:00,709719.6864551997,562304.3916543936,562304.3916543935,147415.29480080615,9,41,passive_limit,0.0066901013928544195,709719.6864551997,0.0
2021-08-24 00:00:00+00:00,687960.92515198,103490.80791390358,103490.8079139036,584470.1172380764,41,9,passive_limit,-0.03065824679585416,709719.6864551997,-0.03065824679585416
2021-08-25 00:00:00+00:00,720506.5042971347,66908.99874089754,66908.99874089751,653597.5055562372,44,6,passive_limit,0.04730730766135438,720506.5042971347,0.0
2021-08-26 00:00:00+00:00,672520.6271371021,61102.246011392606,61102.246011392555,611418.3811257095,45,7,passive_limit,-0.06660019982310028,720506.5042971347,-0.06660019982310028
2021-08-27 00:00:00+00:00,712864.5677542216,165703.55859278498,165703.55859278495,547161.0091614367,38,14,passive_limit,0.05998914975866598,720506.5042971347,-0.010606339425579425
2021-08-28 00:00:00+00:00,717382.3642566085,165703.55859278498,165703.55859278492,551678.8056638236,38,14,passive_limit,0.006337524274238504,720506.5042971347,-0.004336033084911262
2021-08-29 00:00:00+00:00,715210.563837043,617682.4466004997,617682.4466004997,97528.11723654333,8,42,passive_limit,-0.0030273958878485052,720506.5042971347,-0.007350302084028981
2021-08-30 00:00:00+00:00,714363.3963548314,375783.000759393,375783.00075939303,338580.39559543843,24,26,passive_limit,-0.0011845007960545884,720506.5042971347,-0.008526096441413777
2021-08-31 00:00:00+00:00,722220.0852333814,322257.4410817572,322257.4410817572,399962.6441516242,27,23,passive_limit,0.010998168325309088,722220.0852333814,0.0
2021-09-01 00:00:00+00:00,753700.9936410458,316904.227406231,316904.227406231,436796.7662348148,27,24,passive_limit,0.043589079078978354,753700.9936410458,0.0
2021-09-02 00:00:00+00:00,750135.6445372452,316904.227406231,316904.227406231,433231.41713101417,27,24,passive_limit,-0.004730455623491725,753700.9936410458,-0.004730455623491725
2021-09-03 00:00:00+00:00,757453.8171443057,320569.1623335072,320569.1623335071,436884.6548107985,27,24,passive_limit,0.009755799048284164,757453.8171443057,0.0
2021-09-04 00:00:00+00:00,757378.4094555055,627776.4911629246,627776.4911629246,129601.91829258096,8,42,passive_limit,-9.955417359230889e-05,757453.8171443057,-9.955417359230889e-05
2021-09-05 00:00:00+00:00,759620.7221669775,683621.0946790404,683621.0946790406,75999.62748793708,5,45,passive_limit,0.0029606240202753042,759620.7221669775,0.0
2021-09-06 00:00:00+00:00,767184.4027523561,533450.5642172656,533450.5642172656,233733.83853509053,15,36,passive_limit,0.009957180425254508,767184.4027523561,0.0
2021-09-07 00:00:00+00:00,680862.8429755574,15500.026678343651,15500.02667834365,665362.8162972138,50,3,passive_limit,-0.11251735497634063,767184.4027523561,-0.11251735497634063
2021-09-08 00:00:00+00:00,690415.196763286,27765.029435466287,27765.02943546628,662650.1673278197,50,5,passive_limit,0.014029776901882673,767184.4027523561,-0.10006617146236596
2021-09-09 00:00:00+00:00,717742.1157630776,27765.029435466287,27765.02943546628,689977.0863276114,50,5,passive_limit,0.039580413536524306,767184.4027523561,-0.06444641837333898
2021-09-10 00:00:00+00:00,700151.8623232738,46493.04060765945,46493.04060765945,653658.8217156143,49,7,passive_limit,-0.024507762681729384,767184.4027523561,-0.0873747435278871
2021-09-11 00:00:00+00:00,705976.2192102204,200611.29870626616,200611.29870626613,505364.9205039542,38,15,passive_limit,0.008318705127227544,767184.4027523561,-0.07978288312763504
2021-09-12 00:00:00+00:00,705715.7630994568,686559.6098082231,686559.6098082232,19156.153291233742,3,47,passive_limit,-0.0003689304309073549,767184.4027523561,-0.08012237922509113
2021-09-13 00:00:00+00:00,717891.3389767674,112593.6334208317,112593.63342083167,605297.7055559356,41,10,passive_limit,0.017252804193909732,767184.4027523561,-0.06425191075150205
2021-09-14 00:00:00+00:00,738436.6874443553,112593.6334208317,112593.63342083164,625843.0540235237,41,10,passive_limit,0.028619022618202816,767184.4027523561,-0.037471715020359286
2021-09-15 00:00:00+00:00,769839.6479923001,118535.51831416383,118535.51831416378,651304.1296781363,40,11,passive_limit,0.042526273520654634,769839.6479923001,0.0
2021-09-16 00:00:00+00:00,767452.7755313568,102983.97072274385,102983.97072274382,664468.8048086129,41,11,passive_limit,-0.00310048003784702,769839.6479923001,-0.00310048003784702
2021-09-17 00:00:00+00:00,738868.4653044145,38787.29366923497,38787.293669234954,700081.1716351795,48,5,passive_limit,-0.03724569268402411,769839.6479923001,-0.040230693195208556
2021-09-18 00:00:00+00:00,741810.8084800923,658823.8046828674,658823.804682867,82987.00379722496,8,43,passive_limit,0.003982228656173037,769839.6479923001,-0.036408672358335226
2021-09-19 00:00:00+00:00,739648.4232962164,538328.2493783282,538328.2493783282,201320.17391788817,16,35,passive_limit,-0.002915009001158153,769839.6479923001,-0.03921754975184866
2021-09-20 00:00:00+00:00,657257.0644346824,1.3615135685540736e-09,1.3897079043090343e-09,657257.064434681,51,0,passive_limit,-0.11139259716712424,769839.6479923001,-0.14624160219758364
2021-09-21 00:00:00+00:00,612640.2503213994,12787.022982804301,12787.022982804301,599853.2273385951,50,2,passive_limit,-0.06788335421188452,769839.6479923001,-0.204197585926976
2021-09-22 00:00:00+00:00,695188.3523685794,57751.468745753315,57751.46874575328,637436.8836228261,44,7,passive_limit,0.13474155836785795,769839.6479923001,-0.09696992850187347
2021-09-23 00:00:00+00:00,716586.2041280187,57751.468745753315,57751.46874575328,658834.7353822654,44,7,passive_limit,0.030779934224350214,769839.6479923001,-0.0691747222985507
2021-09-24 00:00:00+00:00,681576.4629333373,143086.46554074105,143086.46554074096,538489.9973925963,39,14,passive_limit,-0.04885628692403188,769839.6479923001,-0.1146513891420744
2021-09-25 00:00:00+00:00,679507.7192978737,645778.4922843088,645778.4922843089,33729.227013564916,4,46,passive_limit,-0.003035233386083025,769839.6479923001,-0.11733862880407264
2021-09-26 00:00:00+00:00,710314.914188641,258464.94029116185,258464.94029116197,451849.9738974791,32,18,passive_limit,0.04533752011323733,769839.6479923001,-0.07732095113429971
2021-09-27 00:00:00+00:00,699487.7572680999,239675.4875302456,239675.48753024562,459812.2697378543,33,19,passive_limit,-0.015242756000566904,769839.6479923001,-0.0913851227429947
2021-09-28 00:00:00+00:00,682126.8978131305,143432.1838188716,143432.18381887162,538694.7139942589,40,13,passive_limit,-0.024819390010160425,769839.6479923001,-0.11393638975067033
2021-09-29 00:00:00+00:00,695354.8767490739,162345.17051740273,162345.1705174027,533009.7062316712,38,14,passive_limit,0.019392255280288317,769839.6479923001,-0.09675361802614146
2021-09-30 00:00:00+00:00,723588.3940354838,162345.17051740273,162345.1705174027,561243.2235180811,38,15,passive_limit,0.04060303340131499,769839.6479923001,-0.060079075009239924
2021-10-01 00:00:00+00:00,736404.9358176081,587384.0575731643,587384.0575731642,149020.87824444377,10,41,passive_limit,0.017712475611508793,769839.6479923001,-0.0434307485485943
2021-10-02 00:00:00+00:00,735709.7549009776,599658.7110830065,599658.7110830062,136051.04381797116,9,42,passive_limit,-0.0009440199037485941,769839.6479923001,-0.044333768961278386
2021-10-03 00:00:00+00:00,737033.3246941208,709307.7854537296,709307.7854537293,27725.539240391226,3,47,passive_limit,0.0017990379824734948,769839.6479923001,-0.04261448911307231
2021-10-04 00:00:00+00:00,738099.5670372244,644976.8348611207,644976.8348611202,93122.7321761037,7,44,passive_limit,0.0014466677521618454,769839.6479923001,-0.04122947036808522
2021-10-05 00:00:00+00:00,740905.1068568846,630124.3205897537,630124.3205897537,110780.7862671309,8,43,passive_limit,0.0038010316560972424,769839.6479923001,-0.03758515323402123
2021-10-06 00:00:00+00:00,742287.2507262054,414854.4977727899,414854.4977727898,327432.7529534155,23,27,passive_limit,0.0018654802842219542,769839.6479923001,-0.03578978731213678
2021-10-07 00:00:00+00:00,748028.2320170882,430281.46226517984,430281.4622651798,317746.7697519084,22,29,passive_limit,0.0077341774161769905,769839.6479923001,-0.02833241446071899
2021-10-08 00:00:00+00:00,756760.3204240075,434577.0385185983,434577.0385185983,322183.2819054092,21,31,passive_limit,0.01167347438661892,769839.6479923001,-0.016989677788618485
2021-10-09 00:00:00+00:00,753544.6858322215,509513.94060007273,509513.9406000729,244030.74523214882,16,34,passive_limit,-0.004249211414763754,769839.6479923001,-0.021166696470589663
2021-10-10 00:00:00+00:00,740284.1143783573,323337.6858206615,323337.6858206615,416946.42855769576,26,25,passive_limit,-0.017597591361445453,769839.6479923001,-0.03839180495707384
2021-10-11 00:00:00+00:00,741228.5153513828,541911.3465956002,541911.3465955999,199317.16875578254,11,40,passive_limit,0.0012757277303168113,769839.6479923001,-0.037165054716957746
2021-10-12 00:00:00+00:00,752052.767585808,266728.09504013846,266728.0950401381,485324.67254566954,31,20,passive_limit,0.01460312442147993,769839.6479923001,-0.02310465621364055
2021-10-13 00:00:00+00:00,765987.2348165545,266728.09504013846,266728.09504013846,499259.13977641595,31,21,passive_limit,0.01852857649268147,769839.6479923001,-0.005004176110950498
2021-10-14 00:00:00+00:00,773623.0235463078,266728.09504013846,266728.09504013846,506894.9285061693,31,22,passive_limit,0.009968558720932164,773623.0235463078,0.0
2021-10-15 00:00:00+00:00,777571.480062749,448261.462905423,448261.462905423,329310.0171573259,22,28,passive_limit,0.0051038508372480695,777571.480062749,0.0
2021-10-16 00:00:00+00:00,777983.3280914793,413336.25787896186,413336.2578789619,364647.0702125174,24,27,passive_limit,0.0005296593808932215,777983.3280914793,0.0
2021-10-17 00:00:00+00:00,783025.7554219795,521598.1963808726,521598.19638087234,261427.55904110687,17,34,passive_limit,0.006481407953651264,783025.7554219795,0.0
2021-10-18 00:00:00+00:00,784388.4491945179,451985.4177602909,451985.4177602909,332403.0314342271,22,29,passive_limit,0.0017402924017537735,784388.4491945179,0.0
2021-10-19 00:00:00+00:00,786410.7718681738,408095.70973131014,408095.70973131014,378315.0621368637,25,26,passive_limit,0.00257821577527384,786410.7718681738,0.0
2021-10-20 00:00:00+00:00,805479.7294158611,409267.0091460892,409267.00914608943,396212.7202697719,25,27,passive_limit,0.02424808793296096,805479.7294158611,0.0
2021-10-21 00:00:00+00:00,797320.6948921564,318433.0079807734,318433.00798077334,478887.68691138295,32,20,passive_limit,-0.010129410121371585,805479.7294158611,-0.010129410121371585
2021-10-22 00:00:00+00:00,801713.3745088342,498182.5026076075,498182.50260760786,303530.87190122664,20,30,passive_limit,0.005509300893377533,805479.7294158611,-0.004675915196225011
2021-10-23 00:00:00+00:00,803717.0687598482,559220.506092256,559220.506092256,244496.5626675922,16,34,passive_limit,0.0024992650923922888,805479.7294158611,-0.0021883364554575735
2021-10-24 00:00:00+00:00,802242.8593125571,399923.63619358663,399923.6361935867,402319.2231189705,26,24,passive_limit,-0.001834239317034525,805479.7294158611,-0.004018561839726598
2021-10-25 00:00:00+00:00,826954.5300710155,428756.62879256776,428756.6287925676,398197.9012784477,24,26,passive_limit,0.030803229310926827,826954.5300710155,0.0
2021-10-26 00:00:00+00:00,827326.6371292293,478068.2217622509,478068.2217622511,349258.4153669783,20,30,passive_limit,0.00044997281553293966,827326.6371292293,0.0
2021-10-27 00:00:00+00:00,777337.8734843533,96529.42336880464,96529.42336880462,680808.4501155487,45,6,passive_limit,-0.06042204058403555,827326.6371292293,-0.06042204058403555
2021-10-28 00:00:00+00:00,816732.3649368827,93533.37685697067,93533.37685697066,723198.988079912,45,6,passive_limit,0.05067872388096428,827326.6371292293,-0.012805428614154124
2021-10-29 00:00:00+00:00,832287.035786896,305372.47780342255,305372.4778034226,526914.5579834734,32,19,passive_limit,0.01904500362394157,832287.035786896,0.0
2021-10-30 00:00:00+00:00,834365.36010355,111145.57864681483,111145.57864681479,723219.7814567352,44,11,passive_limit,0.0024971244622222777,834365.36010355,0.0
2021-10-31 00:00:00+00:00,833176.3614620856,145121.0265978248,145121.0265978247,688055.3348642609,45,11,passive_limit,-0.001425033562415412,834365.36010355,-0.001425033562415412
2021-11-01 00:00:00+00:00,839656.6792756944,522300.162868443,522300.1628684433,317356.5164072514,22,31,passive_limit,0.0077778464600661845,839656.6792756944,0.0
2021-11-02 00:00:00+00:00,847447.9099343083,536559.1999746484,536559.1999746484,310888.70995965984,21,32,passive_limit,0.009279067088866277,847447.9099343083,0.0
2021-11-03 00:00:00+00:00,852381.0236690869,477270.01052974723,477270.01052974735,375111.01313933963,25,29,passive_limit,0.005821140953856441,852381.0236690869,0.0
2021-11-04 00:00:00+00:00,852511.9018249873,579243.3608547285,579243.3608547286,273268.5409702587,20,31,passive_limit,0.00015354419240476425,852511.9018249873,0.0
2021-11-05 00:00:00+00:00,848259.7473445066,516047.2699559413,516047.26995594124,332212.47738856525,20,31,passive_limit,-0.004987794858204331,852511.9018249873,-0.004987794858204331
2021-11-06 00:00:00+00:00,853584.7179958259,469092.7207200748,469092.72072007466,384491.99727575114,22,29,passive_limit,0.006277523680676023,853584.7179958259,0.0
2021-11-07 00:00:00+00:00,862152.7389468909,458174.774537549,458174.7745375488,403977.96440934186,23,28,passive_limit,0.010037692534119236,862152.7389468909,0.0
2021-11-08 00:00:00+00:00,875002.0963654547,509151.91000952,509151.9100095199,365850.1863559347,20,31,passive_limit,0.014903806295690769,875002.0963654547,0.0
2021-11-09 00:00:00+00:00,873387.4419390461,578272.9166162519,578272.916616252,295114.5253227942,16,34,passive_limit,-0.0018453149233761401,875002.0963654547,-0.0018453149233761401
2021-11-10 00:00:00+00:00,861789.5200490837,238016.65567814716,238016.65567814704,623772.8643709366,37,14,passive_limit,-0.0132792404985963,875002.0963654547,-0.015100051041309293
2021-11-11 00:00:00+00:00,875478.7401268464,316890.76651820255,316890.76651820255,558587.9736086437,33,18,passive_limit,0.01588464440479953,875478.7401268464,0.0
2021-11-12 00:00:00+00:00,876213.2404634899,191483.30066394884,191483.30066394884,684729.939799541,40,11,passive_limit,0.0008389699292266073,876213.2404634899,0.0
2021-11-13 00:00:00+00:00,896237.2381284535,188879.18513591978,188879.18513591975,707358.0529925338,40,11,passive_limit,0.022852881855986995,896237.2381284535,0.0
2021-11-14 00:00:00+00:00,898207.9309989383,193880.33541542632,193880.33541542632,704327.595583512,39,14,passive_limit,0.002198851806916702,898207.9309989383,0.0
2021-11-15 00:00:00+00:00,886852.052283581,654250.8008021322,654250.8008021321,232601.25148144877,13,37,passive_limit,-0.012642817240243964,898207.9309989383,-0.012642817240243964
2021-11-16 00:00:00+00:00,863485.7504469717,49924.839070300164,49924.839070300106,813560.9113766716,47,4,passive_limit,-0.02634746322844117,898207.9309989383,-0.03865717430634397
2021-11-17 00:00:00+00:00,879629.5361953729,179910.6758158363,179910.67581583626,699718.8603795366,39,12,passive_limit,0.018696065036446274,898207.9309989383,-0.020683846314854315
2021-11-18 00:00:00+00:00,844399.3685658291,60754.77154639842,60754.771546398406,783644.5970194307,47,4,passive_limit,-0.04005114219097672,898207.9309989383,-0.05990657683601852
2021-11-19 00:00:00+00:00,893681.7613999273,91576.17778458547,91576.17778458547,802105.5836153418,45,6,passive_limit,0.05836384377904258,898207.9309989383,-0.0050391111487706475
2021-11-20 00:00:00+00:00,922988.030023541,93434.05859986403,93434.05859986402,829553.9714236769,45,6,passive_limit,0.03279273438198649,922988.030023541,0.0
2021-11-21 00:00:00+00:00,924332.4232823974,750567.981826486,750567.9818264864,173764.44145591155,11,39,passive_limit,0.0014565662989391992,924332.4232823974,0.0
2021-11-22 00:00:00+00:00,918465.6609080883,479321.5534882327,479321.5534882327,439144.10741985566,25,25,passive_limit,-0.006347026488019991,924332.4232823974,-0.006347026488019991
2021-11-23 00:00:00+00:00,932011.5785329989,577028.9580758349,577028.9580758348,354982.62045716395,18,32,passive_limit,0.014748420329092848,932011.5785329989,0.0
2021-11-24 00:00:00+00:00,925535.2287125881,356290.0760994852,356290.0760994851,569245.1526131029,31,19,passive_limit,-0.006948786870872081,932011.5785329989,-0.006948786870872081
2021-11-25 00:00:00+00:00,954111.7905095576,290643.00164615776,290643.00164615776,663468.7888633998,34,17,passive_limit,0.030875714840935098,954111.7905095576,0.0
2021-11-26 00:00:00+00:00,885247.2483614925,50849.08135626095,50849.081356260926,834398.1670052316,48,3,passive_limit,-0.07217659694917611,954111.7905095576,-0.07217659694917611
2021-11-27 00:00:00+00:00,884330.8870067153,315425.7032706202,315425.7032706201,568905.1837360951,34,16,passive_limit,-0.0010351473630371144,954111.7905095576,-0.07313703089820822
2021-11-28 00:00:00+00:00,920479.373101873,97449.79583767246,97449.79583767243,823029.5772642005,45,6,passive_limit,0.04087665219690928,954111.7905095576,-0.03524997567603971
2021-11-29 00:00:00+00:00,915113.0712644744,317453.09130952327,317453.0913095232,597659.9799549512,32,18,passive_limit,-0.005829899065869282,954111.7905095576,-0.04087437094164337
2021-11-30 00:00:00+00:00,904588.3956489695,369985.95321246865,369985.95321246854,534602.4424365008,29,21,passive_limit,-0.011500956489412073,954111.7905095576,-0.051905233069323486
2021-12-01 00:00:00+00:00,909195.3421835131,565525.8486349523,565525.848634952,343669.4935485607,17,33,passive_limit,0.005092864950183795,954111.7905095576,-0.04707671446136952
2021-12-02 00:00:00+00:00,909320.7827587723,406047.9675347922,406047.9675347924,503272.81522398005,26,25,passive_limit,0.00013796878342775543,954111.7905095576,-0.04694524079496387
2021-12-03 00:00:00+00:00,891199.7684502334,349792.36676066206,349792.36676066194,541407.4016895713,33,19,passive_limit,-0.019928076705298503,954111.7905095576,-0.06593778914075166
2021-12-04 00:00:00+00:00,833360.7887453692,1.1823431123048067e-09,1.0695657692849636e-09,833360.788745368,52,0,passive_limit,-0.06490012873931095,954111.7905095576,-0.12655854687604218
2021-12-05 00:00:00+00:00,788270.9005586066,14358.292433115417,1.0695657692849636e-09,773912.6081254912,51,0,passive_limit,-0.05410608321834498,954111.7905095576,-0.17381704282511923
2021-12-06 00:00:00+00:00,812170.2289628368,60542.99116984686,60542.99116984685,751627.2377929899,48,3,passive_limit,0.030318673932139273,954111.7905095576,-0.14876827113824342
2021-12-07 00:00:00+00:00,808674.1145367821,190102.07960039692,190102.07960039686,618572.0349363852,39,12,passive_limit,-0.004304657202861661,954111.7905095576,-0.15243253193119255
2021-12-08 00:00:00+00:00,820321.7052592031,453138.6287589521,453138.6287589518,367183.076500251,20,31,passive_limit,0.014403318361553952,954111.7905095576,-0.14022474785570138
2021-12-09 00:00:00+00:00,809880.0198683781,499906.3760992626,499906.3760992629,309973.6437691154,22,29,passive_limit,-0.012728768876749008,954111.7905095576,-0.15116862832619482
2021-12-10 00:00:00+00:00,795752.2244044042,354593.04295329715,354593.0429532972,441159.18145110697,31,19,passive_limit,-0.0174443067088752,954111.7905095576,-0.16597590311778787
2021-12-11 00:00:00+00:00,824411.0054759637,317401.15795683686,317401.1579568368,507009.8475191269,33,17,passive_limit,0.036014704317050006,954111.7905095576,-0.13593877187528025
2021-12-12 00:00:00+00:00,831457.023503457,303529.5577854062,303529.5577854062,527927.4657180508,34,16,passive_limit,0.008546729702407774,954111.7905095576,-0.1285538741121678
2021-12-13 00:00:00+00:00,767049.5830708375,72549.70447441412,72549.70447441412,694499.8785964234,46,4,passive_limit,-0.0774633427969974,954111.7905095576,-0.19605900409093224
2021-12-14 00:00:00+00:00,784936.3524556721,342045.71035629587,342045.7103562958,442890.64209937624,25,26,passive_limit,0.023318921983147334,954111.7905095576,-0.17731196672827487
2021-12-15 00:00:00+00:00,806632.3170927719,369386.00865674374,369386.00865674374,437246.3084360282,25,26,passive_limit,0.027640412587879304,954111.7905095576,-0.15457253005753346
2021-12-16 00:00:00+00:00,798770.103787055,394403.38239094074,394403.3823909407,404366.7213961142,24,28,passive_limit,-0.009746960466515242,954111.7905095576,-0.16281287818436874
2021-12-17 00:00:00+00:00,787946.3992502168,233096.2887823011,233096.28878230107,554850.1104679157,35,17,passive_limit,-0.013550462749571945,954111.7905095576,-0.17415715109295282
2021-12-18 00:00:00+00:00,797480.9195559465,477110.8967139579,477110.89671395754,320370.02284198866,22,29,passive_limit,0.012100468147075105,954111.7905095576,-0.16416406600526345
2021-12-19 00:00:00+00:00,792044.4985432753,477110.8967139579,477110.8967139579,314933.6018293174,22,29,passive_limit,-0.006816991954739615,954111.7905095576,-0.16986195284278782
2021-12-20 00:00:00+00:00,795859.4209602462,309741.1394188195,309741.13941881957,486118.2815414267,30,20,passive_limit,0.004816550615511339,954111.7905095576,-0.1658635509207934
2021-12-21 00:00:00+00:00,819050.7115093467,324351.2816156387,324351.28161563876,494699.429893708,29,22,passive_limit,0.02913993343336818,954111.7905095576,-0.1415568703202792
2021-12-22 00:00:00+00:00,826119.9585538093,509507.7892729042,509507.7892729042,316612.1692809051,17,33,passive_limit,0.008631024850018543,954111.7905095576,-0.13414762633568578
2021-12-23 00:00:00+00:00,856574.2187439336,493601.6356402198,493601.6356402201,362972.58310371375,18,32,passive_limit,0.03686421066915879,954111.7905095576,-0.1022286620245334
2021-12-24 00:00:00+00:00,843679.7788103621,462664.8069388296,462664.8069388295,381014.9718715325,20,30,passive_limit,-0.015053499920275049,954111.7905095576,-0.11574326278917235
2021-12-25 00:00:00+00:00,848792.0776691935,778699.6495027865,778699.6495027867,70092.42816640699,4,46,passive_limit,0.00605952517439734,954111.7905095576,-0.11038508682941284
2021-12-26 00:00:00+00:00,852231.3661076108,730540.160413915,730540.1604139148,121691.20569369587,7,43,passive_limit,0.00405197990049766,954111.7905095576,-0.10678038508206267
2021-12-27 00:00:00+00:00,853542.8964267569,682049.6412355623,682049.6412355625,171493.25519119462,10,41,passive_limit,0.0015389369264080521,954111.7905095576,-0.10540577643327353
2021-12-28 00:00:00+00:00,829089.1016352104,122325.1929119231,122325.1929119231,706763.9087232873,44,9,passive_limit,-0.02864975491439148,954111.7905095576,-0.13103568168629054
2021-12-29 00:00:00+00:00,817240.0387352348,124381.48832187484,124381.48832187484,692858.5504133599,44,8,passive_limit,-0.014291664040216867,954111.7905095576,-0.14345462778656626
2021-12-30 00:00:00+00:00,831548.1064497398,116661.88866204536,116661.88866204534,714886.2177876944,45,8,passive_limit,0.01750779090149357,954111.7905095576,-0.1284584105122114
2021-12-31 00:00:00+00:00,826620.7902700083,158105.73200811978,158105.73200811978,668515.0582618885,43,10,passive_limit,-0.005925473392956793,954111.7905095576,-0.13362270701157652
2022-01-01 00:00:00+00:00,851396.0492906198,205970.34451033274,205970.34451033262,645425.7047802871,40,13,passive_limit,0.02997173469653358,954111.7905095576,-0.10765587663902665
2022-01-02 00:00:00+00:00,850791.7663228948,785239.7360986917,785239.7360986912,65552.0302242031,5,45,passive_limit,-0.0007097554284265506,954111.7905095576,-0.10828922272460673
2022-01-03 00:00:00+00:00,851653.2515175064,530300.723161107,530300.7231611069,321352.5283563994,19,33,passive_limit,0.0010125687961637375,954111.7905095576,-0.10738630421633466
2022-01-04 00:00:00+00:00,849329.4155190185,404246.6649909132,404246.6649909131,445082.75052810536,26,25,passive_limit,-0.0027286175381203703,954111.7905095576,-0.10982190560141647
2022-01-05 00:00:00+00:00,804119.5392628871,91680.9821250608,91680.98212506073,712438.5571378263,45,6,passive_limit,-0.0532300841464487,954111.7905095576,-0.15720616047157843
2022-01-06 00:00:00+00:00,815641.2903026262,44010.54114253038,44010.541142530376,771630.7491600958,48,5,passive_limit,0.014328405762034757,954111.7905095576,-0.14513026836507192
2022-01-07 00:00:00+00:00,767646.3830720818,31780.293988354653,31780.29398835466,735866.0890837272,51,2,passive_limit,-0.05884315544243335,954111.7905095576,-0.1954335008666973
2022-01-08 00:00:00+00:00,744328.8134315432,259961.6477007032,259961.64770070324,484367.16573084,36,16,passive_limit,-0.03037540481493961,954111.7905095576,-0.2198725339784101
2022-01-09 00:00:00+00:00,750781.0687675555,356848.8132504485,356848.8132504485,393932.2555171071,29,24,passive_limit,0.008668555105727727,954111.7905095576,-0.21310995604971017
2022-01-10 00:00:00+00:00,756080.4455334767,315470.05467806716,315470.0546780672,440610.3908554095,31,20,passive_limit,0.007058484805191334,954111.7905095576,-0.2075557046311306
2022-01-11 00:00:00+00:00,786503.1047519128,329495.76645588287,329495.76645588287,457007.3382960299,30,21,passive_limit,0.04023733109109906,954111.7905095576,-0.1756698611471208
2022-01-12 00:00:00+00:00,816096.1924982574,342346.064243738,342346.06424373796,473750.1282545193,27,23,passive_limit,0.037626155024116814,954111.7905095576,-0.1446534875515907
2022-01-13 00:00:00+00:00,797990.3358791801,318193.1607964865,318193.1607964865,479797.1750826937,30,20,passive_limit,-0.022185934434580723,954111.7905095576,-0.16363014919561836
2022-01-14 00:00:00+00:00,814664.6110763631,328592.8837704228,328592.8837704228,486071.7273059403,30,20,passive_limit,0.020895334752158767,954111.7905095576,-0.14615392118644777
2022-01-15 00:00:00+00:00,811873.23902423,690700.3102166334,690700.3102166334,121172.92880759665,8,42,passive_limit,-0.003426406418274408,954111.7905095576,-0.14907954487111297
2022-01-16 00:00:00+00:00,813964.4733342638,682278.1199956159,682278.1199956163,131686.35333864787,9,41,passive_limit,0.0025758138210678627,954111.7905095576,-0.14688773220216267
2022-01-17 00:00:00+00:00,802619.1118114144,184130.61898110813,184130.6189811081,618488.4928303062,39,12,passive_limit,-0.01393839890379378,954111.7905095576,-0.15877875130044905
2022-01-18 00:00:00+00:00,793970.3789758376,144588.122330999,144588.122330999,649382.2566448386,40,10,passive_limit,-0.010775637794193105,954111.7905095576,-0.1678434467812142
2022-01-19 00:00:00+00:00,769737.129664641,57723.39367705284,57723.39367705281,712013.7359875882,46,4,passive_limit,-0.03052160376871449,954111.7905095576,-0.1932421993720972
2022-01-20 00:00:00+00:00,738926.1066098495,30455.166983860036,30455.166983860014,708470.9396259894,48,2,passive_limit,-0.040027980809780095,954111.7905095576,-0.2255350851337714
2022-01-21 00:00:00+00:00,646654.4360004722,40547.52267157816,40547.52267157816,606106.913328894,47,4,passive_limit,-0.12487266288738186,954111.7905095576,-0.3222445813659668
2022-01-22 00:00:00+00:00,620535.4970364267,389782.81026159576,389782.8102615954,230752.68677483092,21,31,passive_limit,-0.0403908757289132,954111.7905095576,-0.3496197162546115
2022-01-23 00:00:00+00:00,629944.114088574,439351.3211023702,439351.3211023703,190592.7929862038,17,35,passive_limit,0.015162093219616368,954111.7905095576,-0.33975858976426343
2022-01-24 00:00:00+00:00,652334.8116697128,140153.11113916122,140153.1111391612,512181.70053055155,40,11,passive_limit,0.03554394283615858,954111.7905095576,-0.3162910068207797
2022-01-25 00:00:00+00:00,660202.6170243983,122853.939243751,122853.93924375097,537348.6777806473,41,10,passive_limit,0.012060992628228906,954111.7905095576,-0.30804479769419124
2022-01-26 00:00:00+00:00,660190.1908282507,123017.17811049917,123017.17811049917,537173.0127177516,41,10,passive_limit,-1.8821791715417646e-05,954111.7905095576,-0.30805782153088546
2022-01-27 00:00:00+00:00,657683.5044128456,88295.60149124263,88295.60149124265,569387.902921603,43,8,passive_limit,-0.0037969155710422253,954111.7905095576,-0.31068506756257575
2022-01-28 00:00:00+00:00,668905.8065766564,100314.72589132961,100314.72589132958,568591.0806853268,42,10,passive_limit,0.017063377883910436,954111.7905095576,-0.29892302638937385
2022-01-29 00:00:00+00:00,670358.5520728759,530613.1016612331,530613.1016612335,139745.45041164273,11,40,passive_limit,0.002171823718580601,954111.7905095576,-0.2974004107895355
2022-01-30 00:00:00+00:00,669982.1627517696,492749.2238741391,492749.22387413925,177232.93887763057,14,38,passive_limit,-0.0005614746316614516,954111.7905095576,-0.297794902635093
2022-01-31 00:00:00+00:00,692310.6152125581,200194.2765711266,200194.27657112663,492116.3386414315,35,17,passive_limit,0.03332693570390055,954111.7905095576,-0.2743925585042616
2022-02-01 00:00:00+00:00,701030.6508812702,279899.0997288228,279899.0997288228,421131.55115244735,29,22,passive_limit,0.0125955538989313,954111.7905095576,-0.26525313086543634
2022-02-02 00:00:00+00:00,677918.6091205963,135563.7624618276,135563.7624618276,542354.8466587687,39,12,passive_limit,-0.032968660830478,954111.7905095576,-0.28947675119018934
2022-02-03 00:00:00+00:00,687219.4689912979,126482.73939970303,126482.73939970299,560736.7295915949,40,12,passive_limit,0.01371972939755528,954111.7905095576,-0.27972856448584693
2022-02-04 00:00:00+00:00,725987.0813265055,200713.7114084162,200713.71140841613,525273.3699180894,35,17,passive_limit,0.05641227305755869,954111.7905095576,-0.23909641559006278
2022-02-05 00:00:00+00:00,738397.7588995041,555571.8115515157,555571.8115515158,182825.94734798843,12,40,passive_limit,0.01709490140006631,954111.7905095576,-0.2260888438396178
2022-02-06 00:00:00+00:00,752866.3622792629,541307.1888994859,541307.1888994859,211559.17337977694,13,39,passive_limit,0.019594592758952256,954111.7905095576,-0.2109243699030452
2022-02-07 00:00:00+00:00,754618.4047486883,721032.6421302352,721032.6421302349,33585.762618453104,3,47,passive_limit,0.0023271626376311083,954111.7905095576,-0.2090880625784185
2022-02-08 00:00:00+00:00,759509.6800654366,554003.3098921118,554003.309892112,205506.37017332483,12,38,passive_limit,0.006481786404848311,954111.7905095576,-0.20396154033500702
2022-02-09 00:00:00+00:00,764310.0188453946,530521.8608091816,530521.8608091816,233788.15803621302,13,38,passive_limit,0.006320312835965902,954111.7905095576,-0.19893032824046386
2022-02-10 00:00:00+00:00,746878.8168878644,334802.44039225054,334802.4403922504,412076.3764956138,27,25,passive_limit,-0.022806454877907667,954111.7905095576,-0.21719988756350805
2022-02-11 00:00:00+00:00,708406.165496269,86914.84782734813,86914.84782734813,621491.3176689208,45,7,passive_limit,-0.05151123652415979,954111.7905095576,-0.257522889306363
2022-02-12 00:00:00+00:00,712465.1430399428,45629.255650786654,45629.25565078665,666835.8873891562,48,6,passive_limit,0.00572973209631833,954111.7905095576,-0.2532686943744399
2022-02-13 00:00:00+00:00,700743.781781344,206581.33109919564,206581.3310991956,494162.4506821483,39,14,passive_limit,-0.01645183820303997,954111.7905095576,-0.26555379699573634
2022-02-14 00:00:00+00:00,706218.766092402,233910.01558396756,233910.01558396753,472308.7505084345,38,14,passive_limit,0.007813104380520075,954111.7905095576,-0.2598154921497874
2022-02-15 00:00:00+00:00,728718.1946156772,409636.6060041533,409636.6060041534,319081.58861152397,24,27,passive_limit,0.03185900687370191,954111.7905095576,-0.2362339488263797
2022-02-16 00:00:00+00:00,727895.8504405078,616186.6097013671,616186.609701367,111709.24073914062,10,40,passive_limit,-0.0011284803662726661,954111.7905095576,-0.23709584381955473
2022-02-17 00:00:00+00:00,701026.2171120414,115787.77269484394,115787.77269484392,585238.4444171975,43,7,passive_limit,-0.03691411801867717,954111.7905095576,-0.2652577778777391
2022-02-18 00:00:00+00:00,690171.0933812931,101249.67281499434,101249.67281499435,588921.4205662988,43,8,passive_limit,-0.015484618785681414,954111.7905095576,-0.27663498109304674
2022-02-19 00:00:00+00:00,690574.1893020379,69420.19962911325,69420.1996291132,621153.9896729247,44,6,passive_limit,0.0005840521641813368,954111.7905095576,-0.276212498188261
2022-02-20 00:00:00+00:00,647993.5752238585,703.7505714134059,703.7505714133658,647289.824652445,49,1,passive_limit,-0.061659724237906444,954111.7905095576,-0.320841035956816
2022-02-21 00:00:00+00:00,603651.326783972,54388.565914301755,54388.56591430174,549262.7608696702,44,7,passive_limit,-0.0684300742095596,954111.7905095576,-0.36731593426637876
2022-02-22 00:00:00+00:00,610400.0137342734,484097.3230835425,484097.3230835423,126302.69065073083,10,40,passive_limit,0.01117977655454827,954111.7905095576,-0.36024266778185376
2022-02-23 00:00:00+00:00,605383.2751323439,460533.6195509142,460533.61955091427,144849.6555814296,12,38,passive_limit,-0.008218772098706806,954111.7905095576,-0.36550068749383136
2022-02-24 00:00:00+00:00,619893.7930360895,42209.26928909059,42209.26928909059,577684.5237469989,47,3,passive_limit,0.023969142359562934,954111.7905095576,-0.3502922831453261
2022-02-25 00:00:00+00:00,652219.2924397335,104550.38215683978,104550.38215683977,547668.9102828937,42,9,passive_limit,0.05214683509786666,954111.7905095576,-0.3164120819726941
2022-02-26 00:00:00+00:00,654677.1013172735,104550.38215683978,104550.38215683977,550126.7191604336,42,9,passive_limit,0.0037683780685879853,954111.7905095576,-0.3138360642544482
2022-02-27 00:00:00+00:00,628319.5087462433,68100.97569729696,68100.97569729689,560218.5330489464,45,6,passive_limit,-0.040260446742365286,954111.7905095576,-0.34146133084606367
2022-02-28 00:00:00+00:00,691888.5646046092,106021.2708150491,106021.27081504907,585867.2937895601,42,9,passive_limit,0.10117313719131893,954111.7905095576,-0.27483490772596386
2022-03-01 00:00:00+00:00,691823.772739426,631448.8337945959,631448.8337945953,60374.93894483015,5,45,passive_limit,-9.364494298325088e-05,954111.7905095576,-0.27490281576968334
2022-03-02 00:00:00+00:00,692117.634509555,558868.9418792361,558868.9418792361,133248.69263031878,10,40,passive_limit,0.0004247639091170541,954111.7905095576,-0.2745948206552198
2022-03-03 00:00:00+00:00,688019.9854246804,259475.94419563608,259475.94419563608,428544.0412290443,31,19,passive_limit,-0.005920451785306979,954111.7905095576,-0.27888954704434255
2022-03-04 00:00:00+00:00,657551.6776242121,113111.68978717754,113111.68978717749,544439.9878370346,41,10,passive_limit,-0.044284044716610516,954111.7905095576,-0.31082323458864625
2022-03-05 00:00:00+00:00,671891.5916708136,101862.98474501535,101862.98474501529,570028.6069257982,42,9,passive_limit,0.02180804115413837,954111.7905095576,-0.2957936393260795
2022-03-06 00:00:00+00:00,639152.0110117568,67492.23025297448,67492.23025297442,571659.7807587824,45,6,passive_limit,-0.04872747488570628,954111.7905095576,-0.33010783708017255
2022-03-07 00:00:00+00:00,628127.7259069193,119765.18201068006,119765.18201068003,508362.54389623925,41,12,passive_limit,-0.017248299175944726,954111.7905095576,-0.3416623375218344
2022-03-08 00:00:00+00:00,634702.767488121,387416.871784468,387416.8717844678,247285.89570365308,20,31,passive_limit,0.010467682463321193,954111.7905095576,-0.3347710679173679
2022-03-09 00:00:00+00:00,641349.392789819,581106.9419041738,581106.9419041739,60242.45088564526,5,45,passive_limit,0.010472028234574271,954111.7905095576,-0.3278047717581428
2022-03-10 00:00:00+00:00,643469.9012170692,379782.4321507448,379782.4321507446,263687.4690663244,20,30,passive_limit,0.003306323278838841,954111.7905095576,-0.3255822770270823
2022-03-11 00:00:00+00:00,638530.1878084617,368902.4312932545,368902.43129325437,269627.7565152072,20,30,passive_limit,-0.007676681378980588,954111.7905095576,-0.33075956700268305
2022-03-12 00:00:00+00:00,638146.3525658625,371069.1947275744,371069.19472757436,267077.1578382881,20,30,passive_limit,-0.0006011230947696733,954111.7905095576,-0.3311618628829113
2022-03-13 00:00:00+00:00,630005.5605907806,249912.70355645102,249912.70355645096,380092.8570343295,30,20,passive_limit,-0.012756935681524029,954111.7905095576,-0.3396941879794644
2022-03-14 00:00:00+00:00,648121.7572947026,209549.2192545808,209549.21925458073,438572.5380401217,33,18,passive_limit,0.028755613977333283,954111.7905095576,-0.32070668894201226
2022-03-15 00:00:00+00:00,642539.217012061,412432.7468857819,412432.74688578176,230106.4701262792,18,32,passive_limit,-0.008613412865421166,954111.7905095576,-0.32655772268687355
2022-03-16 00:00:00+00:00,656282.3920613882,442022.24717331486,442022.2471733151,214260.14488807338,16,34,passive_limit,0.021388850182928465,954111.7905095576,-0.3121535667105729
2022-03-17 00:00:00+00:00,655910.253905785,428807.57157064707,428807.57157064683,227102.68233513803,17,33,passive_limit,-0.0005670396769815733,954111.7905095576,-0.31254360292991834
2022-03-18 00:00:00+00:00,662397.0220565853,554090.7124275891,554090.7124275888,108306.30962899617,8,42,passive_limit,0.009889719076921155,954111.7905095576,-0.3057448522852628
2022-03-19 00:00:00+00:00,666558.3899053341,586888.8855779299,586888.8855779297,79669.50432740424,6,44,passive_limit,0.006282286468965115,954111.7905095576,-0.3013833425647652
2022-03-20 00:00:00+00:00,662832.5879455983,551676.4257204302,551676.4257204302,111156.16222516811,9,42,passive_limit,-0.005589610777031795,954111.7905095576,-0.3052883377621791
2022-03-21 00:00:00+00:00,668888.7758029476,509033.6581130561,509033.6581130557,159855.11768989146,12,38,passive_limit,0.009136828767155158,954111.7905095576,-0.29894087626176635
2022-03-22 00:00:00+00:00,671318.7695241407,532474.3273023887,532474.3273023887,138844.442221752,10,40,passive_limit,0.003632881592722459,954111.7905095576,-0.29639401147572764
2022-03-23 00:00:00+00:00,678898.2691832008,533505.1838158092,533505.1838158089,145393.08536739156,10,41,passive_limit,0.011290462896535347,954111.7905095576,-0.28844997416851426
2022-03-24 00:00:00+00:00,681744.9409712333,540398.4620362474,540398.4620362474,141346.47893498593,10,42,passive_limit,0.004193075630399612,954111.7905095576,-0.28546639109539007
2022-03-25 00:00:00+00:00,684406.9978160775,361924.48591522314,361924.48591522325,322482.5119008544,23,28,passive_limit,0.0039047694890874673,954111.7905095576,-0.28267630206041183
2022-03-26 00:00:00+00:00,691254.1960338161,424756.90213235747,424756.90213235724,266497.29390145856,19,32,passive_limit,0.010004570729971629,954111.7905095576,-0.27549978638809036
2022-03-27 00:00:00+00:00,707367.0061734017,424756.90213235747,424756.90213235724,282610.10404104425,19,32,passive_limit,0.023309529594229605,954111.7905095576,-0.2586120272178778
2022-03-28 00:00:00+00:00,703720.9815210225,409310.34026704915,409310.34026704927,294410.6412539734,20,31,passive_limit,-0.005154360636782984,954111.7905095576,-0.2624334082013704
2022-03-29 00:00:00+00:00,713242.8802877679,406132.65820748155,406132.6582074818,307110.2220802863,20,31,passive_limit,0.013530787082921325,954111.7905095576,-0.2524535516882672
2022-03-30 00:00:00+00:00,713671.0882002079,647709.9105022694,647709.9105022695,65961.17769793852,5,45,passive_limit,0.0006003675946506526,954111.7905095576,-0.25200474902520464
2022-03-31 00:00:00+00:00,707606.8044269287,247252.2882087913,247252.2882087912,460354.5162181374,33,17,passive_limit,-0.008497309017481136,954111.7905095576,-0.2583606958163458
2022-04-01 00:00:00+00:00,731129.2248449349,116996.07390491721,116996.0739049172,614133.1509400177,42,9,passive_limit,0.03324221908388281,954111.7905095576,-0.2337069595854544
2022-04-02 00:00:00+00:00,722742.3184299453,113804.33066887909,113804.3306688791,608937.9877610662,42,9,passive_limit,-0.011471168337947923,954111.7905095576,-0.24249723604824758
2022-04-03 00:00:00+00:00,745232.2445073231,93641.24080719837,93641.24080719834,651591.0037001248,44,8,passive_limit,0.031117488908403823,954111.7905095576,-0.21892565219289373
2022-04-04 00:00:00+00:00,728262.2607483991,47962.91746103717,47962.91746103717,680299.3432873619,48,4,passive_limit,-0.022771402987457945,954111.7905095576,-0.23671181092997517
2022-04-05 00:00:00+00:00,713524.7445203606,432254.9431931443,432254.94319314416,281269.80132721626,22,30,passive_limit,-0.02023655078994957,954111.7905095576,-0.2521581311354594
2022-04-06 00:00:00+00:00,674291.3269295656,131343.0338827546,131343.0338827546,542948.293046811,43,9,passive_limit,-0.05498536370615725,954111.7905095576,-0.2932784882896685
2022-04-07 00:00:00+00:00,696562.9667567181,136457.4332413331,136457.4332413331,560105.533515385,42,11,passive_limit,0.033029699386121436,954111.7905095576,-0.269935689208171
2022-04-08 00:00:00+00:00,667130.8452939875,139853.4394349562,139853.43943495618,527277.4058590314,42,10,passive_limit,-0.04225335377757755,954111.7905095576,-0.30078335481244145
2022-04-09 00:00:00+00:00,680052.5829234341,201993.7448819928,201993.74488199287,478058.8380414413,36,15,passive_limit,0.019369120346627522,954111.7905095576,-0.2872401434634385
2022-04-10 00:00:00+00:00,662723.097617955,211399.28477573706,211399.2847757371,451323.81284221786,35,16,passive_limit,-0.02548256670239024,954111.7905095576,-0.30540309405041743
2022-04-11 00:00:00+00:00,646229.7351125996,451484.5496967416,451484.54969674174,194745.18541585797,17,33,passive_limit,-0.024887260704565706,954111.7905095576,-0.3226897083333694
2022-04-12 00:00:00+00:00,650637.3253419314,463105.013552554,463105.013552554,187532.31178937742,16,34,passive_limit,0.0068204695479756605,954111.7905095576,-0.31807013411452667
2022-04-13 00:00:00+00:00,656123.3065502072,485675.63131413737,485675.6313141374,170447.67523606983,13,37,passive_limit,0.008431703799643975,954111.7905095576,-0.31232030347324935
2022-04-14 00:00:00+00:00,652596.2997120527,464559.7476434186,464559.74764341867,188036.55206863405,15,35,passive_limit,-0.005375524391442399,954111.7905095576,-0.31601694245542866
2022-04-15 00:00:00+00:00,653376.1841350882,477441.5970010275,477441.5970010275,175934.58713406074,14,37,passive_limit,0.0011950487972114399,954111.7905095576,-0.315199549325197
2022-04-16 00:00:00+00:00,653743.2876550609,608832.0357168197,608832.0357168199,44911.25193824122,4,46,passive_limit,0.000561856291806162,954111.7905095576,-0.31481478988335365
2022-04-17 00:00:00+00:00,651802.1077488868,515190.10671872384,515190.10671872424,136612.001030163,11,39,passive_limit,-0.0029693305351355948,954111.7905095576,-0.3168493312499763
2022-04-18 00:00:00+00:00,672736.7961425108,277766.5518936347,277766.5518936346,394970.2442488762,29,22,passive_limit,0.032118166150038485,954111.7905095576,-0.2949077845655531
2022-04-19 00:00:00+00:00,689721.9769243512,300368.0233635018,300368.0233635019,389353.95356084936,27,24,passive_limit,0.025247884282878275,954111.7905095576,-0.27710569790150597
2022-04-20 00:00:00+00:00,686501.9574443646,288896.57461074623,288896.5746107462,397605.3828336183,28,24,passive_limit,-0.004668576017173631,954111.7905095576,-0.28048058490323446
2022-04-21 00:00:00+00:00,673286.6467565135,150940.56326477166,150940.5632647716,522346.0834917419,39,12,passive_limit,-0.019250215595957743,954111.7905095576,-0.2943314887693247
2022-04-22 00:00:00+00:00,670863.560066308,232352.23011389273,232352.2301138927,438511.32995241525,33,18,passive_limit,-0.0035988931339696606,954111.7905095576,-0.2968711143292513
2022-04-23 00:00:00+00:00,670091.30077725,440932.80683634436,440932.8068363444,229158.49394090567,18,33,passive_limit,-0.0011511421025487412,954111.7905095576,-0.2976805155930651
2022-04-24 00:00:00+00:00,664013.5393785101,389006.68545507634,389006.68545507634,275006.85392343375,22,28,passive_limit,-0.009070049695750648,954111.7905095576,-0.30405058821893005
2022-04-25 00:00:00+00:00,683108.0699762884,51380.764145637775,51380.764145637746,631727.3058306506,47,3,passive_limit,0.02875623683163142,954111.7905095576,-0.28403770211091894
2022-04-26 00:00:00+00:00,643990.2583074692,198693.48874597627,198693.4887459762,445296.76956149295,35,15,passive_limit,-0.057264455491174315,954111.7905095576,-0.3250368932517471
2022-04-27 00:00:00+00:00,655369.9381923741,210215.9929589572,210215.99295895715,445153.9452334169,34,16,passive_limit,0.01767057768049618,954111.7905095576,-0.31310990524248317
2022-04-28 00:00:00+00:00,653751.6717720696,243868.42515101194,243868.42515101194,409883.24662105774,31,19,passive_limit,-0.0024692411506818113,954111.7905095576,-0.3148060025304542
2022-04-29 00:00:00+00:00,627398.8120224904,146019.9335988643,146019.93359886433,481378.8784236261,39,11,passive_limit,-0.040310198638799255,954111.7905095576,-0.3424263086745645
2022-04-30 00:00:00+00:00,608230.5463899376,364057.8014329309,364057.80143293104,244172.7449570067,21,31,passive_limit,-0.030551963544147798,954111.7905095576,-0.36251647611952986
2022-05-01 00:00:00+00:00,616270.6006728902,327360.52904377057,327360.5290437705,288910.0716291197,24,29,passive_limit,0.013218761094248022,954111.7905095576,-0.3540897337158345
2022-05-02 00:00:00+00:00,609137.7760602173,315683.78923414106,315683.78923414106,293453.98682607623,25,28,passive_limit,-0.011574176351889509,954111.7905095576,-0.36156561304530344
2022-05-03 00:00:00+00:00,605151.4830043684,310159.22897585895,310159.22897585906,294992.25402850943,26,28,passive_limit,-0.00654415669576669,954111.7905095576,-0.36574362771350066
2022-05-04 00:00:00+00:00,619410.5181667261,445785.285513013,445785.2855130131,173625.23265371306,14,39,passive_limit,0.023562753397821323,954111.7905095576,-0.3507988012223172
2022-05-05 00:00:00+00:00,606910.6733099816,275491.01985042205,275491.01985042205,331419.6534595595,30,23,passive_limit,-0.02018022699023647,954111.7905095576,-0.3638998287759845
2022-05-06 00:00:00+00:00,607938.9371963526,186424.92228473368,186424.9222847337,421514.01491161896,37,14,passive_limit,0.001694259026230549,954111.7905095576,-0.36282211031930145
2022-05-07 00:00:00+00:00,592694.8009124119,66910.50537581107,66910.50537581107,525784.2955366008,46,5,passive_limit,-0.0250751109219004,954111.7905095576,-0.37879941658002736
2022-05-08 00:00:00+00:00,581784.04144634,31496.71918986051,31496.71918986051,550287.3222564795,48,4,passive_limit,-0.018408731524682698,954111.7905095576,-0.3902349313431819
2022-05-09 00:00:00+00:00,470593.4523749193,2.8558133635669947e-09,2.8594513423740864e-09,470593.45237491647,52,0,passive_limit,-0.19112003965422664,954111.7905095576,-0.5067732554446351
2022-05-10 00:00:00+00:00,477197.956079276,206052.32986732083,206052.32986732095,271145.62621195515,28,23,passive_limit,0.01403441478207168,954111.7905095576,-0.49985110672993427
2022-05-11 00:00:00+00:00,390753.7502969776,101350.61178093462,101350.61178093465,289403.13851604296,40,11,passive_limit,-0.1811495725852137,954111.7905095576,-0.5904528649747743
2022-05-12 00:00:00+00:00,368839.9126498906,80390.44567797979,80390.44567797978,288449.4669719108,41,11,passive_limit,-0.05608094005606401,954111.7905095576,-0.6134206533042568
2022-05-13 00:00:00+00:00,398533.6363019062,104154.4588771179,104154.45887711788,294379.1774247883,38,14,passive_limit,0.08050572249267773,954111.7905095576,-0.5822988036977685
2022-05-14 00:00:00+00:00,414556.65773349407,124427.73846423996,124427.73846423991,290128.91926925414,34,18,passive_limit,0.04020494124478313,954111.7905095576,-0.5655051516425618
2022-05-15 00:00:00+00:00,434875.1671623391,119359.41856745945,119359.4185674594,315515.74859487964,35,17,passive_limit,0.049012623605980465,954111.7905095576,-0.5442094191812812
2022-05-16 00:00:00+00:00,420214.61704849196,264694.54437384877,264694.5443738487,155520.07267464316,18,33,passive_limit,-0.03371208848164542,954111.7905095576,-0.5595750715709423
2022-05-17 00:00:00+00:00,422053.5561074751,372138.8354305611,372138.83543056116,49914.720676914,7,43,passive_limit,0.00437619012850976,954111.7905095576,-0.5576476883468016
2022-05-18 00:00:00+00:00,414426.4699567214,205579.87698397413,205579.87698397413,208846.59297274725,26,24,passive_limit,-0.018071370422978794,954111.7905095576,-0.5656416008281474
2022-05-19 00:00:00+00:00,433404.1921044139,127490.91627378133,127490.9162737813,305913.27583063254,35,15,passive_limit,0.0457927365249482,954111.7905095576,-0.5457511410974725
2022-05-20 00:00:00+00:00,426551.2259217974,121964.53200961377,121964.53200961374,304586.69391218363,35,15,passive_limit,-0.01581195177033612,954111.7905095576,-0.5529337021461695
2022-05-21 00:00:00+00:00,439520.1935111915,164342.7145735093,164342.71457350932,275177.47893768223,29,21,passive_limit,0.0304042440890131,954111.7905095576,-0.5393409893022502
2022-05-22 00:00:00+00:00,445505.33630298113,164342.7145735093,164342.71457350932,281162.62172947184,29,21,passive_limit,0.013617446661497334,954111.7905095576,-0.5330679897949355
2022-05-23 00:00:00+00:00,440887.6759465141,341975.15227578813,341975.15227578796,98912.52367072596,11,39,passive_limit,-0.010364994490944968,954111.7905095576,-0.5379077375083569
2022-05-24 00:00:00+00:00,443117.1985813197,389817.33785248146,389817.3378524817,53299.860728838226,6,44,passive_limit,0.005056894888293639,954111.7905095576,-0.5355709855082429
2022-05-25 00:00:00+00:00,441251.14243540005,398593.70798482193,398593.7079848218,42657.434450578105,5,45,passive_limit,-0.004211202255055779,954111.7905095576,-0.5375267900213838
2022-05-26 00:00:00+00:00,435456.58174432034,90961.04140165112,90961.0414016511,344495.54034266924,40,10,passive_limit,-0.013132114874757628,954111.7905095576,-0.5436000413413209
2022-05-27 00:00:00+00:00,422255.43083729356,55656.54367947688,55656.54367947688,366598.8871578167,44,7,passive_limit,-0.03031565363909894,954111.7905095576,-0.5574361044089164
2022-05-28 00:00:00+00:00,436838.14552519505,61436.81460351018,61436.81460351018,375401.33092168486,43,8,passive_limit,0.034535292202128254,954111.7905095576,-0.5421520309565663
2022-05-29 00:00:00+00:00,445602.4867691098,84474.10119007602,84474.10119007603,361128.38557903375,40,11,passive_limit,0.020063131696930192,954111.7905095576,-0.5329661668564758
2022-05-30 00:00:00+00:00,489134.5249295563,84474.10119007602,84474.10119007603,404660.42373948026,40,11,passive_limit,0.09769253864824767,954111.7905095576,-0.48734044606206284
2022-05-31 00:00:00+00:00,487729.18746631715,430736.1068509802,430736.10685098043,56993.08061533697,6,45,passive_limit,-0.002873110344115526,954111.7905095576,-0.4888133735294916
2022-06-01 00:00:00+00:00,481652.81247598404,112161.51081465074,112161.51081465074,369491.3016613333,39,12,passive_limit,-0.012458501862271154,954111.7905095576,-0.49518199306734256
2022-06-02 00:00:00+00:00,492899.80939786695,112161.51081465074,112161.51081465074,380738.2985832162,39,12,passive_limit,0.023350838260585594,954111.7905095576,-0.4833940694364268
2022-06-03 00:00:00+00:00,477331.22056590184,123127.95199594807,123127.95199594804,354203.2685699538,38,13,passive_limit,-0.031585706740247854,954111.7905095576,-0.4997114328594807
2022-06-04 00:00:00+00:00,482807.79128500656,123127.95199594807,123127.95199594804,359679.8392890585,38,13,passive_limit,0.01147331346273961,954111.7905095576,-0.49397146530685265
2022-06-05 00:00:00+00:00,478302.8284780745,117942.47797753614,117942.47797753612,360360.35050053836,38,14,passive_limit,-0.009330758302267594,954111.7905095576,-0.4986930952581251
2022-06-06 00:00:00+00:00,478068.1543948707,468417.7728442469,468417.7728442473,9650.381550623788,1,49,passive_limit,-0.0004906391290859791,954111.7905095576,-0.4989390560412724
2022-06-07 00:00:00+00:00,488036.13330740394,125555.41748049426,125555.41748049429,362480.7158269097,37,14,passive_limit,0.02085053944902593,954111.7905095576,-0.48849166506289476
2022-06-08 00:00:00+00:00,474346.7085822288,92841.64349288914,92841.64349288917,381505.0650893397,41,10,passive_limit,-0.028050022920234174,954111.7905095576,-0.5028394855817714
2022-06-09 00:00:00+00:00,479136.73046444723,72799.02032446237,72799.02032446237,406337.71013998485,43,8,passive_limit,0.010098145081548715,954111.7905095576,-0.4978190865783587
2022-06-10 00:00:00+00:00,449996.5099353469,29159.35774328289,29159.35774328286,420837.15219206404,48,3,passive_limit,-0.06081817292707559,954111.7905095576,-0.5283608122115129
2022-06-11 00:00:00+00:00,414251.3186589342,3.7962308852002025e-09,3.768946044147015e-09,414251.3186589304,51,0,passive_limit,-0.07943437446114499,954111.7905095576,-0.5658251760648538
2022-06-12 00:00:00+00:00,401975.6238532119,294880.3479303583,294880.34793035826,107095.27592285353,15,35,passive_limit,-0.029633447747282382,954111.7905095576,-0.5786912730231215
2022-06-13 00:00:00+00:00,388656.4621778941,25548.353460675273,25548.353460675273,363108.1087172188,46,4,passive_limit,-0.033134252141073905,954111.7905095576,-0.5926510226120083
2022-06-14 00:00:00+00:00,393614.50625905086,33350.398073347846,33350.398073347846,360264.108185703,45,6,passive_limit,0.012756880596745068,954111.7905095576,-0.5874545203462634
2022-06-15 00:00:00+00:00,427521.781411519,58893.88247190205,58893.882471902034,368627.8989396169,42,9,passive_limit,0.08614335755743863,954111.7905095576,-0.5519164675837465
2022-06-16 00:00:00+00:00,379567.64262235153,41737.26243287002,41737.26243287002,337830.3801894815,45,6,passive_limit,-0.11216770904827489,954111.7905095576,-0.6021769708771361
2022-06-17 00:00:00+00:00,390352.3041288076,41737.26243287002,41737.26243287002,348615.0416959376,45,6,passive_limit,0.02841301600933943,954111.7905095576,-0.5908736187817842
2022-06-18 00:00:00+00:00,387807.25164592534,322328.6956245553,322328.6956245553,65478.556021370045,11,39,passive_limit,-0.00651988589784902,954111.7905095576,-0.593541076105127
2022-06-19 00:00:00+00:00,399652.4586342124,294824.8513988087,294824.85139880877,104827.60723540366,14,36,passive_limit,0.030544057487357,954111.7905095576,-0.5811261713674327
2022-06-20 00:00:00+00:00,399734.962225089,311355.9476153287,311355.94761532865,88379.01460976031,11,39,passive_limit,0.0002064383418498572,954111.7905095576,-0.5810396997488054
2022-06-21 00:00:00+00:00,400437.51101207297,350951.30525870906,350951.3052587091,49486.205753363916,5,45,passive_limit,0.0017575365013688948,954111.7905095576,-0.5803033617284895
2022-06-22 00:00:00+00:00,398520.5950129896,253398.6113424928,253398.61134249283,145121.9836704968,17,34,passive_limit,-0.00478705402557944,954111.7905095576,-0.5823124722102493
2022-06-23 00:00:00+00:00,408999.74006822053,263307.09258621436,263307.0925862143,145692.64748200614,16,35,passive_limit,0.026295115450405637,954111.7905095576,-0.5713293304448233
2022-06-24 00:00:00+00:00,415105.2626907007,304866.1043540425,304866.1043540427,110239.15833665823,12,39,passive_limit,0.014927937659475754,954111.7905095576,-0.5649301614132579
2022-06-25 00:00:00+00:00,418960.11514351296,288022.7717984883,288022.7717984884,130937.34334502467,14,37,passive_limit,0.009286445630260598,954111.7905095576,-0.5608899090118559
2022-06-26 00:00:00+00:00,411294.5893462981,238428.82602141157,238428.8260214116,172865.7633248865,21,30,passive_limit,-0.018296552631481666,954111.7905095576,-0.5689241099026351
2022-06-27 00:00:00+00:00,412724.26537074614,263913.7585466501,263913.75854665006,148810.506824096,19,31,passive_limit,0.0034760389790693402,954111.7905095576,-0.5674256733057197
2022-06-28 00:00:00+00:00,404433.8962385623,178090.1091146375,178090.10911463745,226343.7871239248,29,23,passive_limit,-0.020086943821286285,954111.7905095576,-0.5761147695045584
2022-06-29 00:00:00+00:00,401799.35258848895,83722.58926137985,83722.58926137985,318076.7633271091,40,13,passive_limit,-0.006514151446196603,954111.7905095576,-0.5788760220918117
2022-06-30 00:00:00+00:00,396859.79941845837,19825.546603578085,19825.546603578085,377034.2528148803,50,4,passive_limit,-0.01229358170492012,954111.7905095576,-0.5840531441221269
2022-07-01 00:00:00+00:00,390933.16477148945,64739.042308120675,64739.04230812066,326194.12246336875,43,10,passive_limit,-0.01493382462938686,954111.7905095576,-0.590264821522952
2022-07-02 00:00:00+00:00,393480.4998923144,137706.108237821,137706.108237821,255774.39165449337,33,19,passive_limit,0.006516037395583707,954111.7905095576,-0.5875949717777094
2022-07-03 00:00:00+00:00,395408.2757190658,211979.40955965946,211979.4095596594,183428.86615940632,24,28,passive_limit,0.004899291902086711,954111.7905095576,-0.5855744791625601
2022-07-04 00:00:00+00:00,398580.27277731715,304294.11499719875,304294.11499719886,94286.1577801184,13,39,passive_limit,0.00802208060133025,954111.7905095576,-0.5822499242311538
2022-07-05 00:00:00+00:00,400171.0779740752,334755.4468833589,334755.44688335905,65415.63109071634,8,42,passive_limit,0.00399117895542922,954111.7905095576,-0.5805826089201163
2022-07-06 00:00:00+00:00,402024.6281871182,334755.4468833589,334755.44688335905,67269.18130375937,8,42,passive_limit,0.004631894494791844,954111.7905095576,-0.5786399118153535
2022-07-07 00:00:00+00:00,405191.5734077291,326411.514044244,326411.51404424413,78780.0593634851,9,41,passive_limit,0.007877490577858026,954111.7905095576,-0.5753206516907935
2022-07-08 00:00:00+00:00,404369.1164104011,328175.7484918186,328175.7484918188,76193.3679185825,9,41,passive_limit,-0.002029797881557549,954111.7905095576,-0.5761826649323327
2022-07-09 00:00:00+00:00,409227.22798968886,311889.48786176275,311889.48786176264,97337.7401279261,11,39,passive_limit,0.01201405196918448,954111.7905095576,-0.5710909014433885
2022-07-10 00:00:00+00:00,409221.72202044615,190153.11583270447,190153.11583270438,219068.60618774168,27,24,passive_limit,-1.3454552547198517e-05,954111.7905095576,-0.571096672223393
2022-07-11 00:00:00+00:00,390281.5062268453,48878.4843861705,48878.4843861705,341403.0218406748,45,7,passive_limit,-0.04628350543096171,954111.7905095576,-0.5909478217238991
2022-07-12 00:00:00+00:00,380575.87345801253,56989.836568009174,56989.83656800917,323586.03689000336,44,8,passive_limit,-0.02486828766923821,954111.7905095576,-0.6011202489649978
2022-07-13 00:00:00+00:00,398555.6597280714,40796.60102817987,40796.60102817987,357759.05869989155,46,9,passive_limit,0.04724363135973331,954111.7905095576,-0.5822757210502378
2022-07-14 00:00:00+00:00,411772.92996410676,61252.65750080615,61252.65750080616,350520.2724633006,45,11,passive_limit,0.03316292194935411,954111.7905095576,-0.5684227633910768
2022-07-15 00:00:00+00:00,411847.5709758933,225425.78756118935,225425.78756118935,186421.78341470394,24,30,passive_limit,0.00018126740821222675,954111.7905095576,-0.5683445325039533
2022-07-16 00:00:00+00:00,412096.0089230173,364261.207380693,364261.20738069306,47834.801542324276,7,45,passive_limit,0.0006032279042833544,954111.7905095576,-0.5680841458809232
2022-07-17 00:00:00+00:00,410466.48363290675,332455.1906086794,332455.1906086794,78011.29302422739,11,42,passive_limit,-0.003954237009888062,954111.7905095576,-0.5697920435364382
2022-07-18 00:00:00+00:00,417354.9297530075,341645.03042839543,341645.03042839526,75709.89932461208,10,40,passive_limit,0.016781994132951672,954111.7905095576,-0.5625722961351176
2022-07-19 00:00:00+00:00,423338.9767470106,227623.0048007217,227623.0048007216,195715.9719462889,21,29,passive_limit,0.014338028779352197,954111.7905095576,-0.556300445128217
2022-07-20 00:00:00+00:00,412983.5203509315,127555.12644089067,127555.12644089067,285428.39391004085,33,17,passive_limit,-0.024461381930035664,954111.7905095576,-0.5671539494021225
2022-07-21 00:00:00+00:00,422585.8195044918,104352.02650009318,104352.02650009317,318233.79300439864,36,15,passive_limit,0.023251046786081808,954111.7905095576,-0.5570898256285004
2022-07-22 00:00:00+00:00,414929.76077217393,123521.28947357381,123521.28947357378,291408.47129860014,34,17,passive_limit,-0.01811716905525862,954111.7905095576,-0.565114104133883
2022-07-23 00:00:00+00:00,420725.7635580092,133360.13526744937,133360.13526744937,287365.6282905598,33,17,passive_limit,0.013968635980819988,954111.7905095576,-0.5590393413613364
2022-07-24 00:00:00+00:00,419635.40586456447,243462.163751063,243462.16375106285,176173.2421135015,22,28,passive_limit,-0.0025916114198087925,954111.7905095576,-0.5601821400399507
2022-07-25 00:00:00+00:00,407489.9804746995,171509.26443997573,171509.26443997564,235980.71603472382,29,22,passive_limit,-0.02894280420605122,954111.7905095576,-0.5729117022470989
2022-07-26 00:00:00+00:00,411906.8285633127,159690.30405856812,159690.30405856814,252216.5245047446,30,21,passive_limit,0.010839157525954102,954111.7905095576,-0.5682824249102636
2022-07-27 00:00:00+00:00,436746.57360682386,173512.62477719958,173512.62477719955,263233.9488296243,28,23,passive_limit,0.0603042807766736,954111.7905095576,-0.5422480070458275
2022-07-28 00:00:00+00:00,457378.1836384572,181113.96832972628,181113.9683297263,276264.21530873096,27,24,passive_limit,0.04723931744043108,954111.7905095576,-0.5206241153416754
2022-07-29 00:00:00+00:00,461182.5502838088,190768.02238196542,190768.02238196536,270414.52790184336,26,25,passive_limit,0.00831777024231406,954111.7905095576,-0.5166367768733815
2022-07-30 00:00:00+00:00,457412.081239956,396956.41820609383,396956.4182060937,60455.66303386217,7,43,passive_limit,-0.008175654177575487,954111.7905095576,-0.520588587427823
2022-07-31 00:00:00+00:00,456808.8002702666,434763.43423071253,434763.43423071195,22045.366039554072,3,47,passive_limit,-0.0013189003842094538,954111.7905095576,-0.5212208833240588
2022-08-01 00:00:00+00:00,457421.05747258,364595.8845968342,364595.88459683437,92825.17287574579,10,40,passive_limit,0.0013402920476819347,954111.7905095576,-0.5205791794813819
2022-08-02 00:00:00+00:00,464047.71963164536,176561.84303220088,176561.8430322009,287485.8765994445,30,20,passive_limit,0.014487007213179304,954111.7905095576,-0.5136338065963804
2022-08-03 00:00:00+00:00,470052.6720213513,141864.85519732966,141864.85519732969,328187.81682402163,34,16,passive_limit,0.012940376895877348,954111.7905095576,-0.5073400447443243
2022-08-04 00:00:00+00:00,469619.1496339713,144960.38836768887,144960.38836768887,324658.7612662824,33,17,passive_limit,-0.0009222846995332601,954111.7905095576,-0.5077944174831293
2022-08-05 00:00:00+00:00,487738.50021686027,157989.18558951863,157989.18558951866,329749.31462734164,32,18,passive_limit,0.038583074384874516,954111.7905095576,-0.48880361288023044
2022-08-06 00:00:00+00:00,481724.91406755534,231432.51170613183,231432.5117061317,250292.40236142348,25,25,passive_limit,-0.01232952934129894,954111.7905095576,-0.4951064237343896
2022-08-07 00:00:00+00:00,480609.4088822611,438352.985054338,438352.9850543381,42256.42382792307,5,45,passive_limit,-0.0023156476916986746,954111.7905095576,-0.4962755793788226
2022-08-08 00:00:00+00:00,480734.8385467417,472509.7351238805,472509.7351238807,8225.103422861192,1,49,passive_limit,0.00026098045972999806,954111.7905095576,-0.4961441171479517
2022-08-09 00:00:00+00:00,482066.1162972038,287267.628788559,287267.62878855906,194798.4875086448,20,30,passive_limit,0.0027692558219549746,954111.7905095576,-0.4947488113109374
2022-08-10 00:00:00+00:00,497234.4121305824,230358.4577771771,230358.45777717716,266875.9543534053,26,24,passive_limit,0.03146517732855347,954111.7905095576,-0.47885099306337364
2022-08-11 00:00:00+00:00,492009.3111136238,230358.4577771771,230358.45777717707,261650.8533364467,26,24,passive_limit,-0.010508325428583598,954111.7905095576,-0.48432739642504685
2022-08-12 00:00:00+00:00,500524.45449006616,210869.66797159344,210869.66797159356,289654.7865184727,28,23,passive_limit,0.01730687445156076,954111.7905095576,-0.47540271541686574
2022-08-13 00:00:00+00:00,497396.45308281673,202504.20698065998,202504.20698066003,294892.24610215676,29,22,passive_limit,-0.006249447712672107,954111.7905095576,-0.47868115871707784
2022-08-14 00:00:00+00:00,497262.1683689747,390789.19379887095,390789.19379887107,106472.97457010372,11,40,passive_limit,-0.00026997521395610846,954111.7905095576,-0.4788219018827925
2022-08-15 00:00:00+00:00,497668.2554735596,250634.14016273268,250634.14016273257,247034.1153108269,26,25,passive_limit,0.0008166458870515481,954111.7905095576,-0.47839628393254374
2022-08-16 00:00:00+00:00,497036.3656950291,200358.83091663657,200358.83091663657,296677.5347783925,31,20,passive_limit,-0.0012697007928087478,954111.7905095576,-0.4790585645843666
2022-08-17 00:00:00+00:00,484062.62982890394,129211.02029149393,129211.02029149387,354851.60953741,38,14,passive_limit,-0.026102186402363836,954111.7905095576,-0.4926562750363004
2022-08-18 00:00:00+00:00,465402.40550544014,55051.80680775696,55051.80680775694,410350.5986976832,46,7,passive_limit,-0.03854919420253411,954111.7905095576,-0.5122139668173631
2022-08-19 00:00:00+00:00,424673.86281854205,24374.52448560579,24374.52448560577,400299.3383329363,50,3,passive_limit,-0.08751253153207439,954111.7905095576,-0.5549013574271642
2022-08-20 00:00:00+00:00,422726.8737629861,192283.6005181166,192283.60051811655,230443.2732448695,29,24,passive_limit,-0.004584668909534129,954111.7905095576,-0.5569419873354436
2022-08-21 00:00:00+00:00,428389.36583164264,233206.08068491824,233206.08068491824,195183.28514672437,24,29,passive_limit,0.013395155170171202,954111.7905095576,-0.5510071565064143
2022-08-22 00:00:00+00:00,431641.12683600583,236783.27291365294,236783.27291365285,194857.85392235286,24,27,passive_limit,0.007590666957968173,954111.7905095576,-0.5475990013649433
2022-08-23 00:00:00+00:00,434150.69822412124,310431.26118578494,310431.26118578523,123719.43703833633,15,36,passive_limit,0.005814022881718728,954111.7905095576,-0.5449687316071667
2022-08-24 00:00:00+00:00,434557.50699112087,324265.82561819244,324265.82561819255,110291.6813729284,13,37,passive_limit,0.0009370220263693607,954111.7905095576,-0.5445423572859958
2022-08-25 00:00:00+00:00,434497.6366300614,315220.54986407567,315220.5498640758,119277.08676598569,14,36,passive_limit,-0.0001377731602751897,954111.7905095576,-0.544605107124804
2022-08-26 00:00:00+00:00,408566.6561888845,36220.505251379785,36220.505251379785,372346.1509375047,46,5,passive_limit,-0.05968037166391982,954111.7905095576,-0.5717832435854466
2022-08-27 00:00:00+00:00,407345.3749076148,77521.37758789267,77521.37758789264,329823.99731972214,40,11,passive_limit,-0.002989184904764075,954111.7905095576,-0.5730632626496881
2022-08-28 00:00:00+00:00,396178.5656997661,38933.472547250814,38933.472547250785,357245.0931525153,45,6,passive_limit,-0.027413614823492916,954111.7905095576,-0.5847671419214083
2022-08-29 00:00:00+00:00,419057.175192349,52163.10831070633,52163.108310706346,366894.0668816427,43,9,passive_limit,0.0577482263639697,954111.7905095576,-0.5607881808393278
2022-08-30 00:00:00+00:00,409675.027220751,32967.64679612272,32967.64679612272,376707.38042462827,47,6,passive_limit,-0.022388706188580576,954111.7905095576,-0.570621565213068
2022-08-31 00:00:00+00:00,409592.482173401,298731.61154467,298731.61154466996,110860.87062873096,15,37,passive_limit,-0.0002014890873627273,954111.7905095576,-0.5707080802820265
2022-09-01 00:00:00+00:00,411409.7929665621,299020.62630076933,299020.6263007692,112389.16666579273,15,36,passive_limit,0.004436875363331927,954111.7905095576,-0.5688033655397524
2022-09-02 00:00:00+00:00,411281.52765051957,323534.0700085453,323534.0700085453,87747.45764197428,12,39,passive_limit,-0.0003117702063376582,954111.7905095576,-0.5689377998034502
2022-09-03 00:00:00+00:00,411027.61111221695,339585.59117271064,339585.5911727104,71442.0199395063,10,42,passive_limit,-0.0006173789028481869,954111.7905095576,-0.5692039285116668
2022-09-04 00:00:00+00:00,411653.960535057,359124.8253130398,359124.8253130398,52529.135222017205,6,45,passive_limit,0.0015238621589075407,954111.7905095576,-0.5685474546801197
2022-09-05 00:00:00+00:00,412243.1538532182,343517.2845185641,343517.2845185641,68725.86933465404,8,43,passive_limit,0.0014312830062301884,954111.7905095576,-0.5679299239840085
2022-09-06 00:00:00+00:00,404023.2068191975,75402.38403903233,75402.38403903232,328620.8227801652,42,8,passive_limit,-0.019939559837899523,954111.7905095576,-0.5765452111188953
2022-09-07 00:00:00+00:00,419911.4434198778,91553.89554336682,91553.89554336677,328357.547876511,40,11,passive_limit,0.0393250593840031,954111.7905095576,-0.5598928263997054
2022-09-08 00:00:00+00:00,421300.31485388963,91553.89554336682,91553.89554336677,329746.4193105228,40,11,passive_limit,0.003307534137913626,954111.7905095576,-0.5584371568986817
2022-09-09 00:00:00+00:00,445591.9923654925,99389.61321029023,99389.61321029022,346202.37915520224,39,14,passive_limit,0.057658816419416725,954111.7905095576,-0.5329771659906671
2022-09-10 00:00:00+00:00,447520.3034990985,108962.52589719443,108962.52589719443,338557.77760190406,38,15,passive_limit,0.0043275264516520195,954111.7905095576,-0.5309561123229662
2022-09-11 00:00:00+00:00,446188.28044677014,438497.519875974,438497.5198759741,7690.760570796125,1,49,passive_limit,-0.0029764527819485798,954111.7905095576,-0.5323521993072985
2022-09-12 00:00:00+00:00,447326.39639382827,358846.0808029369,358846.08080293715,88480.31559089135,10,40,passive_limit,0.0025507526686234794,954111.7905095576,-0.5311593454317056
2022-09-13 00:00:00+00:00,427104.15092771855,31465.30267790715,31465.30267790715,395638.8482498114,46,4,passive_limit,-0.04520691295915824,954111.7905095576,-0.5523541840944893
2022-09-14 00:00:00+00:00,429081.33214316383,7002.568092749494,7002.568092749498,422078.7640504143,49,1,passive_limit,0.004629271832527593,954111.7905095576,-0.5502819099279692
2022-09-15 00:00:00+00:00,414944.28738917,10500.80807446671,10500.80807446671,404443.47931470326,49,2,passive_limit,-0.03294723795925247,954111.7905095576,-0.5650988788561528
2022-09-16 00:00:00+00:00,419738.1834274159,10500.80807446671,10500.80807446671,409237.3753529492,49,2,passive_limit,0.011553107691659292,954111.7905095576,-0.5600744193683547
2022-09-17 00:00:00+00:00,428829.91002166574,75524.22169270646,75524.22169270646,353305.6883289593,41,12,passive_limit,0.02166047062959664,954111.7905095576,-0.5505454242498746
2022-09-18 00:00:00+00:00,422988.7177690001,321791.79375821643,321791.79375821643,101196.92401078364,16,34,passive_limit,-0.013621233305229352,954111.7905095576,-0.5566675498862699
2022-09-19 00:00:00+00:00,431897.67996284657,258074.46178859597,258074.461788596,173823.2181742506,22,28,passive_limit,0.021061938107559186,954111.7905095576,-0.547330109260902
2022-09-20 00:00:00+00:00,428931.24446128483,267775.94421640405,267775.94421640405,161155.30024488078,21,30,passive_limit,-0.006868375634286661,954111.7905095576,-0.5504392161088296
2022-09-21 00:00:00+00:00,424462.1886267185,144503.92738339223,144503.92738339226,279958.26124332624,35,16,passive_limit,-0.01041904942173022,954111.7905095576,-0.5551232121342635
2022-09-22 00:00:00+00:00,442602.45619956835,148695.57415755358,148695.57415755358,293906.8820420148,34,18,passive_limit,0.042737063651157925,954111.7905095576,-0.5361104845343228
2022-09-23 00:00:00+00:00,451247.30363052554,207540.3793703688,207540.37937036893,243706.92426015672,24,28,passive_limit,0.019531855980164936,954111.7905095576,-0.5270498613275387
2022-09-24 00:00:00+00:00,446963.59262276103,304965.1418932721,304965.14189327223,141998.45072948895,15,36,passive_limit,-0.00949304510697302,954111.7905095576,-0.5315395983273056
2022-09-25 00:00:00+00:00,445245.9985538953,275923.3053991061,275923.3053991061,169322.6931547892,19,32,passive_limit,-0.0038428053139339946,954111.7905095576,-0.533339800448221
2022-09-26 00:00:00+00:00,448776.505942022,353274.46721594105,353274.4672159409,95502.03872608098,12,38,passive_limit,0.007929341082443031,954111.7905095576,-0.5296394925563741
2022-09-27 00:00:00+00:00,447667.8332642098,333966.14832882147,333966.1483288213,113701.68493538836,14,36,passive_limit,-0.0024704338643687374,954111.7905095576,-0.5308014870824245
2022-09-28 00:00:00+00:00,452315.80747701257,229899.39087917795,229899.39087917795,222416.4165978346,26,24,passive_limit,0.01038264058177174,954111.7905095576,-0.5259299675612995
2022-09-29 00:00:00+00:00,453466.7031499195,210591.07199205834,210591.07199205828,242875.63115786115,28,22,passive_limit,0.0025444515842294457,954111.7905095576,-0.5247237193162251
2022-09-30 00:00:00+00:00,451876.07884972665,240402.27384047006,240402.27384046998,211473.80500925658,24,26,passive_limit,-0.0035076981157468046,954111.7905095576,-0.5263908450304386
2022-10-01 00:00:00+00:00,449273.83996736375,269826.6725851086,269826.6725851086,179447.1673822551,20,30,passive_limit,-0.005758744496913937,954111.7905095576,-0.5291182391453078
2022-10-02 00:00:00+00:00,442677.61455359403,176767.85268030196,176767.85268030205,265909.76187329204,30,21,passive_limit,-0.014681970831528668,954111.7905095576,-0.5360317114232751
2022-10-03 00:00:00+00:00,448079.3331384973,246045.04048238983,246045.0404823898,202034.2926561075,22,29,passive_limit,0.012202375740979043,954111.7905095576,-0.5303701960341629
2022-10-04 00:00:00+00:00,453608.81606103235,264623.4413724074,264623.4413724074,188985.37468862493,20,31,passive_limit,0.012340410533564938,954111.7905095576,-0.5245747714544269
2022-10-05 00:00:00+00:00,453790.80239837855,256611.2907477016,256611.2907477016,197179.51165067696,21,30,passive_limit,0.00040119664985027725,954111.7905095576,-0.5243840324454802
2022-10-06 00:00:00+00:00,450430.6738213793,265956.14835213125,265956.1483521311,184474.52546924807,20,30,passive_limit,-0.007404576203925428,954111.7905095576,-0.5279057671210413
2022-10-07 00:00:00+00:00,449349.0863742186,310771.00690827984,310771.0069082798,138578.0794659387,16,34,passive_limit,-0.0024012295565590813,954111.7905095576,-0.5290393737465113
2022-10-08 00:00:00+00:00,447908.062928056,308393.3774551217,308393.3774551217,139514.68547293427,16,34,passive_limit,-0.0032069130434649873,954111.7905095576,-0.5305497035218021
2022-10-09 00:00:00+00:00,448919.0635109474,299159.6329017644,299159.6329017644,149759.430609183,17,33,passive_limit,0.002257160936738556,954111.7905095576,-0.5294900786508513
2022-10-10 00:00:00+00:00,436322.4921802865,122831.38307668467,122831.38307668471,313491.10910360183,36,16,passive_limit,-0.02805978260790365,954111.7905095576,-0.5426924847587702
2022-10-11 00:00:00+00:00,433846.4129906826,60304.06857748658,60304.068577486556,373542.344413196,44,9,passive_limit,-0.005674883220507465,954111.7905095576,-0.5452876515036247
2022-10-12 00:00:00+00:00,433234.1569230291,120414.22896970279,120414.22896970276,312819.9279533263,37,15,passive_limit,-0.0014112276817801472,954111.7905095576,-0.54592935415707
2022-10-13 00:00:00+00:00,431825.914593981,57313.15830805184,57313.158308051825,374512.7562859292,45,8,passive_limit,-0.0032505339353893214,954111.7905095576,-0.5474053262004466
2022-10-14 00:00:00+00:00,429860.09140965715,51240.453579076144,51240.45357907614,378619.637830581,46,9,passive_limit,-0.004552351116241304,954111.7905095576,-0.5494656960689229
2022-10-15 00:00:00+00:00,429249.02482324943,209694.63379711471,209694.63379711471,219554.39102613472,28,25,passive_limit,-0.0014215476119306958,954111.7905095576,-0.550106152032769
2022-10-16 00:00:00+00:00,432147.10544775636,277085.99877888756,277085.9987788876,155061.1066688688,19,33,passive_limit,0.0067515135898101875,954111.7905095576,-0.5470686876042463
2022-10-17 00:00:00+00:00,435989.1840321829,279537.2015431621,279537.2015431621,156451.9824890208,19,32,passive_limit,0.00889067295833379,954111.7905095576,-0.5430418234331468
2022-10-18 00:00:00+00:00,435718.20551218756,304246.0909762178,304246.0909762178,131472.1145359697,17,34,passive_limit,-0.0006215257853170453,954111.7905095576,-0.5433258347226946
2022-10-19 00:00:00+00:00,426615.0071049821,128607.59985967343,128607.59985967338,298007.4072453087,36,16,passive_limit,-0.020892398554943625,954111.7905095576,-0.5528668533934142
2022-10-20 00:00:00+00:00,422641.29478731216,81662.59393336362,81662.59393336362,340978.70085394854,41,11,passive_limit,-0.009314516019104935,954111.7905095576,-0.557031682250154
2022-10-21 00:00:00+00:00,430099.37324717996,41623.1845819414,41623.1845819414,388476.18866523856,47,8,passive_limit,0.017646355317979534,954111.7905095576,-0.5492149059205327
2022-10-22 00:00:00+00:00,428869.54154346796,40715.97904296667,40715.97904296667,388153.5625005013,47,8,passive_limit,-0.00285941291759384,954111.7905095576,-0.5505038866416022
2022-10-23 00:00:00+00:00,435238.38010432036,126940.9834697511,126940.98346975113,308297.3966345693,36,17,passive_limit,0.014850293490023647,954111.7905095576,-0.543828737435605
2022-10-24 00:00:00+00:00,432662.24485384556,256965.89965629388,256965.89965629397,175696.34519755168,22,28,passive_limit,-0.005918906438943439,954111.7905095576,-0.5465287724588584
2022-10-25 00:00:00+00:00,436036.1293279221,304300.4370156265,304300.4370156265,131735.69231229564,16,34,passive_limit,0.0077979636869314195,954111.7905095576,-0.5429926202934243
2022-10-26 00:00:00+00:00,438452.01795536187,356332.7130404949,356332.71304049494,82119.30491486698,9,41,passive_limit,0.005540569840309928,954111.7905095576,-0.540460538988623
2022-10-27 00:00:00+00:00,438644.3327154801,294332.0344446247,294332.0344446245,144312.29827085545,16,34,passive_limit,0.0004386221347894015,954111.7905095576,-0.5402589748092144
2022-10-28 00:00:00+00:00,445562.12273166596,235337.02484916063,235337.0248491607,210225.0978825053,23,27,passive_limit,0.015770840975786626,954111.7905095576,-0.5330084722108854
2022-10-29 00:00:00+00:00,455174.46882715763,294169.1757961582,294169.1757961582,161005.29303099943,17,33,passive_limit,0.021573526125964193,954111.7905095576,-0.522933818285523
2022-10-30 00:00:00+00:00,454232.2166032705,245613.8764199764,245613.87641997635,208618.34018329406,23,27,passive_limit,-0.0020700902366405094,954111.7905095576,-0.5239213883305215
2022-10-31 00:00:00+00:00,455074.42200847005,211411.74723197083,211411.74723197086,243662.6747764992,27,24,passive_limit,0.001854129615678879,954111.7905095576,-0.5230386768772339
2022-11-01 00:00:00+00:00,455641.6094471423,242976.07461099015,242976.07461099024,212665.53483615213,23,27,passive_limit,0.0012463619382714342,954111.7905095576,-0.522444210438066
2022-11-02 00:00:00+00:00,452440.28949242283,149983.57912173469,149983.57912173469,302456.7103706882,34,16,passive_limit,-0.007025960510067986,954111.7905095576,-0.5257994985568826
2022-11-03 00:00:00+00:00,461491.3663825372,149354.6523067673,149354.65230676727,312136.7140757699,34,17,passive_limit,0.02000501966849244,954111.7905095576,-0.516313108198704
2022-11-04 00:00:00+00:00,485911.6620273717,196304.17669976322,196304.17669976316,289607.4853276085,29,22,passive_limit,0.05291604009031925,954111.7905095576,-0.4907183132409847
2022-11-05 00:00:00+00:00,486022.3805856239,207740.08385908118,207740.0838590811,278282.29672654276,28,24,passive_limit,0.00022785738006425582,954111.7905095576,-0.4906022696501251
2022-11-06 00:00:00+00:00,471253.1708467118,146043.24569229275,146043.24569229275,325209.92515441903,35,17,passive_limit,-0.030387921068812163,954111.7905095576,-0.5060818076726292
2022-11-07 00:00:00+00:00,470435.3051899385,258658.53229089768,258658.53229089756,211776.7728990408,24,27,passive_limit,-0.0017355122625568598,954111.7905095576,-0.5069390087521133
2022-11-08 00:00:00+00:00,402619.6630706738,10245.860059505605,10245.860059505605,392373.8030111682,50,1,passive_limit,-0.1441550865147846,954111.7905095576,-0.5780162586025178
2022-11-09 00:00:00+00:00,323241.68879178545,11683.766223699267,11683.766223699262,311557.9225680862,49,3,passive_limit,-0.19715374473639347,954111.7905095576,-0.6612119334369053
2022-11-10 00:00:00+00:00,388773.11012066517,31614.15613202267,31614.15613202267,357158.9539886425,46,5,passive_limit,0.20273196063856558,954111.7905095576,-0.5925287644616203
2022-11-11 00:00:00+00:00,380810.5514796754,101229.89545290341,101229.89545290338,279580.656026772,36,14,passive_limit,-0.020481248403518393,954111.7905095576,-0.6008742840539704
2022-11-12 00:00:00+00:00,367202.8576379851,133840.69780668858,133840.69780668852,233362.1598312965,31,20,passive_limit,-0.035733500001027596,954111.7905095576,-0.615136442825138
2022-11-13 00:00:00+00:00,365685.8235280389,282453.5217735077,282453.52177350764,83232.3017545312,10,40,passive_limit,-0.004131324357616428,954111.7905095576,-0.6167264390132534
2022-11-14 00:00:00+00:00,373175.8183361419,228604.89013028555,228604.89013028555,144570.92820585633,18,33,passive_limit,0.020482048595270808,954111.7905095576,-0.6088762113118403
2022-11-15 00:00:00+00:00,377358.82661811385,222034.77628351608,222034.77628351614,155324.05033459776,19,31,passive_limit,0.011209215807772566,954111.7905095576,-0.6044920203568811
2022-11-16 00:00:00+00:00,376076.3047636405,232507.47303968633,232507.47303968648,143568.83172395418,18,32,passive_limit,-0.0033986798877007063,954111.7905095576,-0.6058362253727193
2022-11-17 00:00:00+00:00,377356.7313473129,243338.20355551073,243338.2035555108,134018.5277918022,17,34,passive_limit,0.0034046989067209044,954111.7905095576,-0.6044942164001768
2022-11-18 00:00:00+00:00,379946.13765656156,283956.97618557245,283956.9761855725,95989.16147098909,12,39,passive_limit,0.006861958709477367,954111.7905095576,-0.6017802720437553
2022-11-19 00:00:00+00:00,379044.9968260544,351019.65253149514,351019.6525314948,28025.344294559254,4,46,passive_limit,-0.0023717594184934354,954111.7905095576,-0.6027247534341654
2022-11-20 00:00:00+00:00,374258.19741360785,242272.8384567903,242272.83845679034,131985.35895681757,18,32,passive_limit,-0.01262857827574293,954111.7905095576,-0.6077417749824372
2022-11-21 00:00:00+00:00,371236.1698696173,56236.43919562144,56236.43919562144,314999.73067399586,42,8,passive_limit,-0.008074713032005465,954111.7905095576,-0.6109091475838977
2022-11-22 00:00:00+00:00,384926.12112146977,46654.18834268402,46654.18834268402,338271.93277878576,43,9,passive_limit,0.036876663329062254,954111.7905095576,-0.5965607752149313
2022-11-23 00:00:00+00:00,399413.02246249124,50091.90269339257,50091.90269339258,349321.11976909864,43,9,passive_limit,0.03763553717480739,954111.7905095576,-0.5813771232727574
2022-11-24 00:00:00+00:00,396186.25684562034,55893.12759569115,55893.12759569113,340293.1292499292,42,10,passive_limit,-0.00807876918227901,954111.7905095576,-0.5847590808682585
2022-11-25 00:00:00+00:00,394261.63295300986,171155.57762978502,171155.577629785,223106.05532322483,27,24,passive_limit,-0.00485787646430258,954111.7905095576,-0.5867762699563239
2022-11-26 00:00:00+00:00,394326.64832196926,372025.4327235894,372025.4327235898,22301.215598379833,3,47,passive_limit,0.00016490412336711557,954111.7905095576,-0.5867081276593666
2022-11-27 00:00:00+00:00,394262.0770436638,391195.59997438465,391195.59997438465,3066.477069279191,1,49,passive_limit,-0.00016375073452479239,954111.7905095576,-0.5867758045070355
2022-11-28 00:00:00+00:00,396786.74199820426,322116.33598854986,322116.3359885501,74670.40600965438,9,41,passive_limit,0.006403519642242506,954111.7905095576,-0.5841297152545464
2022-11-29 00:00:00+00:00,398173.4394711247,322116.33598854986,322116.3359885497,76057.1034825748,9,41,passive_limit,0.0034948180625617997,954111.7905095576,-0.5826763242717352
2022-11-30 00:00:00+00:00,401596.83299645456,322116.33598854986,322116.33598855,79480.49700790472,9,41,passive_limit,0.00859774456547635,954111.7905095576,-0.579088281906698
2022-12-01 00:00:00+00:00,401235.4949947746,305843.9285838484,305843.9285838485,95391.56641092617,11,39,passive_limit,-0.0008997531155410243,954111.7905095576,-0.5794669985364201
2022-12-02 00:00:00+00:00,404290.8540420814,276166.2397869486,276166.23978694837,128124.61425513276,15,36,passive_limit,0.007614877261411301,954111.7905095576,-0.5762646913459021
2022-12-03 00:00:00+00:00,402290.127733611,261753.62487809465,261753.62487809456,140536.50285551633,18,33,passive_limit,-0.004948730075061691,954111.7905095576,-0.5783616430117042
2022-12-04 00:00:00+00:00,405429.0369613947,245891.96802356793,245891.9680235679,159537.06893782676,20,31,passive_limit,0.007802600688879613,954111.7905095576,-0.5750717672770091
2022-12-05 00:00:00+00:00,407747.2420898775,200404.3022902394,200404.3022902394,207342.93979963812,26,25,passive_limit,0.005717906013484431,954111.7905095576,-0.5726420675798232
2022-12-06 00:00:00+00:00,408324.67739952425,176899.65230686706,176899.65230686712,231425.02509265716,29,22,passive_limit,0.0014161599393958113,954111.7905095576,-0.5720368603961467
2022-12-07 00:00:00+00:00,400319.6343275036,85516.86573339847,85516.86573339846,314802.76859410515,40,10,passive_limit,-0.019604602697544382,954111.7905095576,-0.5804269077172739
2022-12-08 00:00:00+00:00,404080.5952813418,179176.61747645322,179176.6174764531,224903.97780488862,28,23,passive_limit,0.009394895057186492,954111.7905095576,-0.5764850625464585
2022-12-09 00:00:00+00:00,401546.7268278885,195492.51916110446,195492.51916110443,206054.20766678406,26,25,passive_limit,-0.006270700654875783,954111.7905095576,-0.579140797942098
2022-12-10 00:00:00+00:00,401549.20530631585,233748.9186105125,233748.91861051266,167800.28669580334,21,30,passive_limit,6.172328802067639e-06,954111.7905095576,-0.5791382002607236
2022-12-11 00:00:00+00:00,398660.75210924906,165386.94671530527,165386.94671530533,233273.8053939438,30,21,passive_limit,-0.007193273349559659,954111.7905095576,-0.5821655742286358
2022-12-12 00:00:00+00:00,400321.00272366713,188468.40155862554,188468.40155862563,211852.6011650416,27,25,passive_limit,0.004164570015066538,954111.7905095576,-0.5804254735078058
2022-12-13 00:00:00+00:00,408300.84178070276,68897.75559549658,68897.75559549656,339403.0861852062,43,9,passive_limit,0.019933600792222173,954111.7905095576,-0.5720618423941248
2022-12-14 00:00:00+00:00,403380.36661775364,53259.07862084499,53259.07862084498,350121.28799690865,45,7,passive_limit,-0.012051102176252382,954111.7905095576,-0.5772189688565506
2022-12-15 00:00:00+00:00,396042.17014415155,30067.321459232713,30067.32145923271,365974.84868491883,48,4,passive_limit,-0.01819175418757013,954111.7905095576,-0.5849100974502796
2022-12-16 00:00:00+00:00,363003.3574574828,113495.84918019474,113495.84918019478,249507.50827728803,37,14,passive_limit,-0.08342246148849075,954111.7905095576,-0.619537918859995
2022-12-17 00:00:00+00:00,369194.19353045244,189458.65368224628,189458.65368224622,179735.5398482062,26,24,passive_limit,0.01705448708885493,954111.7905095576,-0.6130493332093938
2022-12-18 00:00:00+00:00,367618.51109033375,289717.9990635173,289717.9990635174,77900.51202681645,11,39,passive_limit,-0.004267896049640174,954111.7905095576,-0.6147007984315951
2022-12-19 00:00:00+00:00,361277.2137210138,83394.69765679736,83394.69765679736,277882.51606421644,39,11,passive_limit,-0.01724966827843366,954111.7905095576,-0.6213470818465954
2022-12-20 00:00:00+00:00,372792.701027583,94781.62637853976,94781.62637853978,278011.0746490432,37,13,passive_limit,0.0318743803074768,954111.7905095576,-0.6092777547288379
2022-12-21 00:00:00+00:00,368297.0693519525,105889.29482547047,105889.29482547044,262407.77452648204,35,15,passive_limit,-0.012059333949507312,954111.7905095576,-0.6139896047660642
2022-12-22 00:00:00+00:00,371677.14895229816,85778.60566753481,85778.60566753482,285898.54328476335,38,12,passive_limit,0.00917759027052023,954111.7905095576,-0.6104469595184454
2022-12-23 00:00:00+00:00,370849.45770245756,93644.70654527626,93644.70654527625,277204.7511571813,37,14,passive_limit,-0.0022269091661236695,954111.7905095576,-0.6113144587549852
2022-12-24 00:00:00+00:00,370470.6759980866,319324.11624363414,319324.1162436344,51146.55975445245,7,43,passive_limit,-0.0010213893980529631,954111.7905095576,-0.6117114580459894
2022-12-25 00:00:00+00:00,371341.71934483416,289127.0216627399,289127.02166274004,82214.69768209425,11,40,passive_limit,0.0023511802773616974,954111.7905095576,-0.6107985216842216
2022-12-26 00:00:00+00:00,371267.19655081397,296078.74159682554,296078.7415968254,75188.45495398846,10,41,passive_limit,-0.0002006852183257246,954111.7905095576,-0.61087662866787
2022-12-27 00:00:00+00:00,370975.24051338306,258376.14871675542,258376.14871675556,112599.09179662765,15,36,passive_limit,-0.0007863771433168631,954111.7905095576,-0.611182626393016
2022-12-28 00:00:00+00:00,361507.6697957564,91362.45831118827,91362.45831118828,270145.21148456814,38,14,passive_limit,-0.025520761721253282,954111.7905095576,-0.6211055419379234
2022-12-29 00:00:00+00:00,361155.15528515173,83843.68587176428,83843.68587176426,277311.4694133875,39,13,passive_limit,-0.0009751231856404141,954111.7905095576,-0.6214750107088903
2022-12-30 00:00:00+00:00,360136.83198727004,120319.51553671387,120319.51553671384,239817.3164505562,34,18,passive_limit,-0.0028196283037346115,954111.7905095576,-0.6225423104823664
2022-12-31 00:00:00+00:00,361216.6545377508,120319.51553671387,120319.51553671384,240897.13900103694,34,18,passive_limit,0.0029983674386266923,954111.7905095576,-0.6214105536366575
2023-01-01 00:00:00+00:00,363473.62337019166,182134.65898453086,182134.65898453095,181338.9643856608,25,27,passive_limit,0.006248241336848315,954111.7905095576,-0.6190450354081956
2023-01-02 00:00:00+00:00,363389.75533388794,348101.31570496084,348101.3157049609,15288.439628927073,2,48,passive_limit,-0.00023074036439307832,954111.7905095576,-0.6191329370955428
2023-01-03 00:00:00+00:00,363362.8737707113,350304.88175622927,350304.88175622915,13057.99201448205,2,48,passive_limit,-7.3974466208937e-05,954111.7905095576,-0.6191611115332177
2023-01-04 00:00:00+00:00,363437.1743274299,357919.4667937119,357919.46679371165,5517.707533718009,1,49,passive_limit,0.0002044803200380585,954111.7905095576,-0.6190832374754212
2023-01-05 00:00:00+00:00,363334.5201132641,335519.5171207639,335519.5171207641,27815.002992500195,4,46,passive_limit,-0.00028245380884817095,954111.7905095576,-0.6191908288658503
2023-01-06 00:00:00+00:00,369858.0348711808,220162.9269690005,220162.92696900055,149695.10790218026,19,31,passive_limit,0.01795456912787441,954111.7905095576,-0.6123535642781937
2023-01-07 00:00:00+00:00,369995.86017273593,220162.9269690005,220162.92696900055,149832.93320373545,19,31,passive_limit,0.0003726437945390515,954111.7905095576,-0.6122091102394467
2023-01-08 00:00:00+00:00,379154.6770205237,206056.6148483823,206056.61484838236,173098.06217214142,21,29,passive_limit,0.024753836011872865,954111.7905095576,-0.6026097981474157
2023-01-09 00:00:00+00:00,381786.2719508452,206056.6148483823,206056.61484838225,175729.6571024629,21,31,passive_limit,0.006940689617759954,954111.7905095576,-0.5998516360992179
2023-01-10 00:00:00+00:00,387349.3835738404,218088.3781519654,218088.37815196533,169261.00542187496,20,32,passive_limit,0.014571272022351422,954111.7905095576,-0.5940209654395208
2023-01-11 00:00:00+00:00,389982.5849083878,286390.17016298784,286390.17016298755,103592.41474539995,15,36,passive_limit,0.006798000580903185,954111.7905095576,-0.5912611197267441
2023-01-12 00:00:00+00:00,404519.10089238256,115877.67539681552,115877.67539681554,288641.42549556703,35,16,passive_limit,0.03727478237883264,954111.7905095576,-0.5760254669147908
2023-01-13 00:00:00+00:00,422262.11206608335,138920.1092350393,138920.10923503927,283342.002831044,32,19,passive_limit,0.04386198608312708,954111.7905095576,-0.557429101845007
2023-01-14 00:00:00+00:00,447112.0855947885,109981.37400641368,109981.37400641365,337130.7115883748,36,16,passive_limit,0.05884964058725717,954111.7905095576,-0.5313839635542061
2023-01-15 00:00:00+00:00,454185.6443594093,65980.79479677668,65980.79479677667,388204.8495626326,42,10,passive_limit,0.015820549237023807,954111.7905095576,-0.5239702004763565
2023-01-16 00:00:00+00:00,450770.38326659286,143598.13894009183,143598.13894009186,307172.24432650104,34,17,passive_limit,-0.007519526729281245,954111.7905095576,-0.5275497192778089
2023-01-17 00:00:00+00:00,451516.30099812045,335369.3118006387,335369.31180063874,116146.98919748176,15,36,passive_limit,0.0016547620678228903,954111.7905095576,-0.5267679264743375
2023-01-18 00:00:00+00:00,434282.1729516472,33659.629126516025,33659.629126516025,400622.54382513114,47,5,passive_limit,-0.03816944816471868,954111.7905095576,-0.5448309335746576
2023-01-19 00:00:00+00:00,444651.7914228668,63979.36719857849,63979.36719857849,380672.4242242883,43,9,passive_limit,0.02387760566071906,954111.7905095576,-0.5339625860975956
2023-01-20 00:00:00+00:00,473488.56795680744,124352.64356227018,124352.64356227015,349135.9243945373,35,17,passive_limit,0.06485249152300532,954111.7905095576,-0.5037388986630866
2023-01-21 00:00:00+00:00,470885.6087068397,129413.57545171218,129413.5754517122,341472.0332551275,34,19,passive_limit,-0.005497406750917033,954111.7905095576,-0.5064670477917936
2023-01-22 00:00:00+00:00,476105.44806431525,122730.16864921807,122730.16864921803,353375.27941509715,35,18,passive_limit,0.011085153720901575,954111.7905095576,-0.5009961591502354
2023-01-23 00:00:00+00:00,477297.4664616193,443653.039137776,443653.0391377758,33644.4273238433,4,47,passive_limit,0.0025036856901141658,954111.7905095576,-0.4997468103745878
2023-01-24 00:00:00+00:00,469089.4521507387,70837.19637561578,70837.19637561578,398252.2557751229,41,10,passive_limit,-0.017196852880300484,954111.7905095576,-0.5083495908794771
2023-01-25 00:00:00+00:00,492902.2155056257,49954.84102629623,49954.841026296206,442947.3744793295,43,8,passive_limit,0.05076380047708895,954111.7905095576,-0.4833915476064037
2023-01-26 00:00:00+00:00,495686.34119258414,57824.775598071865,57824.77559807186,437861.56559451227,42,9,passive_limit,0.005648434110003819,954111.7905095576,-0.4804735188023874
2023-01-27 00:00:00+00:00,513942.32217768894,66484.32199298199,66484.32199298199,447458.00018470694,41,9,passive_limit,0.036829703520137924,954111.7905095576,-0.46133951252901884
2023-01-28 00:00:00+00:00,506536.58763546956,67675.00091503822,67675.00091503822,438861.58672043134,41,9,passive_limit,-0.014409660817267578,954111.7905095576,-0.46910142744913974
2023-01-29 00:00:00+00:00,507193.9891298244,460436.9176601432,460436.9176601431,46757.07146968114,5,45,passive_limit,0.001297836149257492,954111.7905095576,-0.468412408090094
2023-01-30 00:00:00+00:00,495725.0327885485,54782.95211724762,54782.95211724763,440942.0806713009,44,7,passive_limit,-0.022612563608951253,954111.7905095576,-0.48043296632588606
2023-01-31 00:00:00+00:00,506824.6092670917,54782.95211724762,54782.95211724762,452041.6571498441,44,8,passive_limit,0.022390591042187102,954111.7905095576,-0.46879955335588663
2023-02-01 00:00:00+00:00,533115.9963157249,62251.66556117684,62251.66556117684,470864.330754548,43,9,passive_limit,0.05187472464419707,954111.7905095576,-0.4412436764553487
2023-02-02 00:00:00+00:00,527497.0263058342,69863.63003821437,69863.63003821437,457633.3962676198,42,11,passive_limit,-0.010539863835867802,954111.7905095576,-0.4471328920229394
2023-02-03 00:00:00+00:00,547097.1579748377,71821.87076143133,71821.87076143133,475275.28721340635,42,11,passive_limit,0.03715685717939898,954111.7905095576,-0.4265900878526484
2023-02-04 00:00:00+00:00,546320.6298730468,539579.8965746707,539579.8965746707,6740.733298376115,1,49,passive_limit,-0.0014193605111482155,954111.7905095576,-0.4274039632386514
2023-02-05 00:00:00+00:00,553673.79730619,109112.10132568277,109112.10132568277,444561.69598050724,39,11,passive_limit,0.013459435780142526,954111.7905095576,-0.419697143653898
2023-02-06 00:00:00+00:00,549676.3351650243,66466.1370408111,66466.1370408111,483210.19812421314,43,9,passive_limit,-0.007219886800883035,954111.7905095576,-0.4238868645869459
2023-02-07 00:00:00+00:00,584219.7482482622,66466.1370408111,66466.1370408111,517753.6112074511,43,9,passive_limit,0.06284318766036612,954111.7905095576,-0.3876820787045814
2023-02-08 00:00:00+00:00,567146.2631751858,44541.6105141289,44541.6105141289,522604.65266105684,45,8,passive_limit,-0.029224423043332504,954111.7905095576,-0.4055767166735327
2023-02-09 00:00:00+00:00,506566.9112130228,3648.5906689153708,3648.5906689153635,502918.3205441074,51,3,passive_limit,-0.10681433678678875,954111.7905095576,-0.4690696454526747
2023-02-10 00:00:00+00:00,506289.0449953394,401530.81331204047,401530.81331204023,104758.23168329893,14,36,passive_limit,-0.0005485281638668571,954111.7905095576,-0.4693608757051957
2023-02-11 00:00:00+00:00,508096.0012826148,439685.1167304009,439685.1167304009,68410.88455221389,10,40,passive_limit,0.0035690211059020704,954111.7905095576,-0.4674670134709702
2023-02-12 00:00:00+00:00,506647.1886332241,427946.9279206138,427946.9279206138,78700.2607126103,11,39,passive_limit,-0.0028514545395621482,954111.7905095576,-0.4689855070728749
2023-02-13 00:00:00+00:00,513388.4296667578,180184.14805867456,180184.14805867453,333204.2816080832,33,17,passive_limit,0.013305592500610697,954111.7905095576,-0.46192004461806824
2023-02-14 00:00:00+00:00,525988.1347414464,218691.9188461784,218691.91884617845,307296.21589526796,27,23,passive_limit,0.02454224588362286,954111.7905095576,-0.44871435404803606
2023-02-15 00:00:00+00:00,550932.9674812597,219724.99752953707,219724.99752953707,331207.96995172265,26,25,passive_limit,0.0474247061715094,954111.7905095576,-0.42256979427219343
2023-02-16 00:00:00+00:00,531327.8163614271,211807.51868295594,211807.51868295582,319520.2976784711,29,22,passive_limit,-0.03558536569242343,954111.7905095576,-0.4431178593048687
2023-02-17 00:00:00+00:00,549094.5417327469,223906.89222468837,223906.89222468832,325187.6495080585,28,23,passive_limit,0.03343834977996751,954111.7905095576,-0.4244966394980878
2023-02-18 00:00:00+00:00,548506.6785497927,539999.3100337965,539999.310033796,8507.36851599622,3,47,passive_limit,-0.0010706046741951747,954111.7905095576,-0.4251127760858562
2023-02-19 00:00:00+00:00,548166.0197583435,539999.3100337965,539999.3100337961,8166.709724546939,3,47,passive_limit,-0.0006210658954052262,954111.7905095576,-0.42546981893433344
2023-02-20 00:00:00+00:00,553351.5544696175,449227.4602033313,449227.46020333125,104124.09426628624,11,40,passive_limit,0.009459788685114212,954111.7905095576,-0.4200348848282318
2023-02-21 00:00:00+00:00,549897.1176466183,331662.5460365378,331662.5460365377,218234.57161008046,20,30,passive_limit,-0.006242752541483876,954111.7905095576,-0.4236554635249423
2023-02-22 00:00:00+00:00,556501.4612713413,148934.36703366923,148934.3670336692,407567.0942376721,36,15,passive_limit,0.01201014410293233,954111.7905095576,-0.41673348258893916
2023-02-23 00:00:00+00:00,556119.4158160333,148934.36703366923,148934.3670336692,407185.048782364,36,15,passive_limit,-0.0006865129418263116,954111.7905095576,-0.4171339026016758
2023-02-24 00:00:00+00:00,532828.5669100828,29098.49108560536,29098.49108560536,503730.0758244774,48,3,passive_limit,-0.041881020952620585,954111.7905095576,-0.4415449298393873
2023-02-25 00:00:00+00:00,525081.0651126724,112576.42550028504,112576.42550028501,412504.63961238734,40,11,passive_limit,-0.014540327374597872,954111.7905095576,-0.4496650493835266
2023-02-26 00:00:00+00:00,535647.8362753894,229968.5324556972,229968.5324556971,305679.30381969217,28,23,passive_limit,0.020124075813797715,954111.7905095576,-0.4385900671143381
2023-02-27 00:00:00+00:00,533897.3543379587,396235.85399065487,396235.85399065504,137661.50034730387,14,36,passive_limit,-0.0032679716389831803,954111.7905095576,-0.44042473885285194
2023-02-28 00:00:00+00:00,527257.2321423528,284735.0136157906,284735.0136157906,242522.21852656227,24,26,passive_limit,-0.012437076418630566,954111.7905095576,-0.4473842191377142
2023-03-01 00:00:00+00:00,534516.5138926917,384940.30881786934,384940.3088178695,149576.20507482236,13,37,passive_limit,0.013768007924410908,954111.7905095576,-0.43977580068764777
2023-03-02 00:00:00+00:00,531077.3211100387,297373.7428850349,297373.7428850348,233703.5782250038,22,29,passive_limit,-0.006434212401795869,954111.7905095576,-0.4433804021786494
2023-03-03 00:00:00+00:00,512021.0542627531,3.3542164601385593e-09,3.3141986932605505e-09,512021.05426274973,51,0,passive_limit,-0.035882283219051514,954111.7905095576,-0.4633531842329496
2023-03-04 00:00:00+00:00,488786.06432414486,18154.207124664208,18154.207124664208,470631.85719948064,49,4,passive_limit,-0.045378973667525746,954111.7905095576,-0.4877056659544041
2023-03-05 00:00:00+00:00,492545.7345781681,121575.76232310466,121575.76232310467,370969.9722550634,39,14,passive_limit,0.007691852383765907,954111.7905095576,-0.4837651735598858
2023-03-06 00:00:00+00:00,495876.25218818046,122455.80959284572,122455.80959284572,373420.4425953347,39,14,passive_limit,0.006761844385607674,954111.7905095576,-0.4802744739970666
2023-03-07 00:00:00+00:00,490660.60023085325,165335.5910711757,165335.5910711757,325325.00915967755,34,17,passive_limit,-0.010518051498356273,954111.7905095576,-0.4857409738445757
2023-03-08 00:00:00+00:00,483350.7036208755,297280.87056475406,297280.8705647541,186069.83305612142,20,30,passive_limit,-0.01489807130741394,954111.7905095576,-0.4934024414867205
2023-03-09 00:00:00+00:00,472554.43031336495,49098.51019953849,49098.51019953855,423455.92011382646,45,5,passive_limit,-0.022336314453736184,954111.7905095576,-0.5047179638551682
2023-03-10 00:00:00+00:00,478443.48615295836,9927.294414611883,9927.294414611943,468516.1917383465,49,1,passive_limit,0.01246217464449173,954111.7905095576,-0.49854567262245186
2023-03-11 00:00:00+00:00,465874.85993414855,19298.67065319656,19298.67065319656,446576.189280952,48,4,passive_limit,-0.026269824091181393,954111.7905095576,-0.5117187895924217
2023-03-12 00:00:00+00:00,519161.457009269,52934.37504141923,52934.37504141923,466227.08196784975,44,8,passive_limit,0.11437963637413806,954111.7905095576,-0.4558693622976788
2023-03-13 00:00:00+00:00,543269.9007267947,186235.6911549288,186235.6911549288,357034.20957186597,31,22,passive_limit,0.04643727571073386,954111.7905095576,-0.43060141785203876
2023-03-14 00:00:00+00:00,550581.5531081205,455541.6018021839,455541.60180218425,95039.95130593653,8,42,passive_limit,0.013458600175610735,954111.7905095576,-0.42293810999434966
2023-03-15 00:00:00+00:00,539866.2953736349,138440.71994416296,138440.71994416293,401425.5754294719,38,12,passive_limit,-0.019461708577042214,954111.7905095576,-0.4341687203285568
2023-03-16 00:00:00+00:00,552428.1239721429,138440.71994416296,138440.71994416296,413987.40402797994,38,13,passive_limit,0.02326840683731546,954111.7905095576,-0.42100272791188287
2023-03-17 00:00:00+00:00,592380.1682496188,138440.71994416296,138440.71994416296,453939.44830545585,38,13,passive_limit,0.0723208007409315,954111.7905095576,-0.3791291815676553
2023-03-18 00:00:00+00:00,579323.4642090149,157717.01629584422,157717.01629584425,421606.4479131707,36,16,passive_limit,-0.022041089051283103,954111.7905095576,-0.39281385056606566
2023-03-19 00:00:00+00:00,588916.9970903436,176570.50091993238,176570.50091993235,412346.49617041124,34,18,passive_limit,0.01655989006837033,954111.7905095576,-0.3827589146804027
2023-03-20 00:00:00+00:00,588547.3305601052,514980.8662463034,514980.86624630354,73566.46431380179,8,42,passive_limit,-0.0006277056564250039,954111.7905095576,-0.38314636040103567
2023-03-21 00:00:00+00:00,593251.1034255582,483218.34607713635,483218.3460771363,110032.75734842184,11,39,passive_limit,0.00799217432687449,954111.7905095576,-0.37821635857919367
2023-03-22 00:00:00+00:00,589444.9103596213,287344.1338205636,287344.1338205636,302100.77653905767,27,25,passive_limit,-0.0064158213005574005,954111.7905095576,-0.3822056113101595
2023-03-23 00:00:00+00:00,603637.2290595288,284603.89529055444,284603.8952905543,319033.3337689744,28,25,passive_limit,0.024077430223714558,954111.7905095576,-0.3673307100238774
2023-03-24 00:00:00+00:00,587904.0145737713,73462.2210162664,73462.22101626628,514441.79355750483,46,7,passive_limit,-0.02606402277452302,954111.7905095576,-0.38382061680655644
2023-03-25 00:00:00+00:00,575697.0251082124,119300.15446377684,119300.15446377688,456396.8706444355,40,13,passive_limit,-0.020763575622814834,954111.7905095576,-0.39661470402671284
2023-03-26 00:00:00+00:00,589608.1545651702,148670.57204779692,148670.5720477969,440937.5825173732,37,15,passive_limit,0.024163976623542416,954111.7905095576,-0.38203451583982506
2023-03-27 00:00:00+00:00,580416.0888467301,261679.25679471344,261679.2567947133,318736.8320520167,29,21,passive_limit,-0.015590126505660606,954111.7905095576,-0.391668675914014
2023-03-28 00:00:00+00:00,594725.5343844197,255868.343270173,255868.34327017295,338857.1911142466,29,21,passive_limit,0.02465377134207647,954111.7905095576,-0.3766710145497755
2023-03-29 00:00:00+00:00,599483.9535092853,469383.5229717694,469383.52297176933,130100.430537516,11,39,passive_limit,0.00800103383788775,954111.7905095576,-0.37168373824505196
2023-03-30 00:00:00+00:00,595461.1669932962,486703.2276287177,486703.22762871743,108757.9393645785,10,41,passive_limit,-0.006710415670745373,954111.7905095576,-0.3759000015341165
2023-03-31 00:00:00+00:00,599218.3098989312,474985.27843810554,474985.27843810554,124233.03146082562,11,41,passive_limit,0.006309635479012199,954111.7905095576,-0.3719621580413447
2023-04-01 00:00:00+00:00,598633.4262417428,557763.288589516,557763.2885895154,40870.13765222687,4,46,passive_limit,-0.0009760777458336367,954111.7905095576,-0.37257517180242194
2023-04-02 00:00:00+00:00,598521.7075776004,489515.854960304,489515.85496030416,109005.85261729645,9,41,passive_limit,-0.00018662283000769886,954111.7905095576,-0.37269226359947716
2023-04-03 00:00:00+00:00,607285.8590122182,277715.9735095962,277715.97350959625,329569.885502622,27,23,passive_limit,0.014642996776322414,954111.7905095576,-0.36350659843760225
2023-04-04 00:00:00+00:00,612810.2364719328,279376.8467265806,279376.8467265806,333433.3897453522,27,24,passive_limit,0.009096832040021985,954111.7905095576,-0.35771652486900674
2023-04-05 00:00:00+00:00,614901.0950610891,290916.63256797596,290916.63256797596,323984.4624931132,26,24,passive_limit,0.0034119185103593797,954111.7905095576,-0.3555251059913094
2023-04-06 00:00:00+00:00,609595.3059552854,264033.12074580207,264033.12074580207,345562.1852094833,28,22,passive_limit,-0.008628687033443327,954111.7905095576,-0.36108607815262195
2023-04-07 00:00:00+00:00,606520.9555356114,259792.01870484115,259792.018704841,346728.93683077017,29,21,passive_limit,-0.0050432645882275695,954111.7905095576,-0.3643082901096004
2023-04-08 00:00:00+00:00,603998.3165601685,426412.0545681752,426412.0545681751,177586.2619919933,15,35,passive_limit,-0.004159195082081069,954111.7905095576,-0.36695225594309633
2023-04-09 00:00:00+00:00,608044.8789133681,382598.8629710618,382598.8629710618,225446.01594230626,18,32,passive_limit,0.0066996252179065685,954111.7905095576,-0.3627110733128739
2023-04-10 00:00:00+00:00,613846.837058869,382598.8629710618,382598.8629710617,231247.97408780715,18,33,passive_limit,0.009541989985787813,954111.7905095576,-0.35663006875637193
2023-04-11 00:00:00+00:00,613596.408165758,422209.87769299286,422209.87769299286,191386.53047276512,15,36,passive_limit,-0.00040796641440854486,954111.7905095576,-0.3568925420803597
2023-04-12 00:00:00+00:00,617431.7553452656,220913.8809712518,220913.8809712518,396517.8743740138,32,18,passive_limit,0.006250602396733029,954111.7905095576,-0.3528727330625303
2023-04-13 00:00:00+00:00,628301.5937378414,275165.9513417367,275165.9513417367,353135.6423961047,28,22,passive_limit,0.01760492280883308,954111.7905095576,-0.341480107480605
2023-04-14 00:00:00+00:00,643404.0231434808,285542.0495494862,285542.0495494862,357861.97359399457,27,24,passive_limit,0.024036910865995464,954111.7905095576,-0.3256513235206314
2023-04-15 00:00:00+00:00,643219.3040650217,274298.31683048693,274298.31683048693,368920.9872345347,28,23,passive_limit,-0.00028709655490899433,954111.7905095576,-0.325844926702456
2023-04-16 00:00:00+00:00,651368.7030436499,250465.2662339438,250465.2662339439,400903.4368097061,30,21,passive_limit,0.012669705226701966,954111.7905095576,-0.3173035806466905
2023-04-17 00:00:00+00:00,649755.4102075472,515822.33307654073,515822.3330765405,133933.07713100658,11,39,passive_limit,-0.002476773643812269,954111.7905095576,-0.31899446514486973
2023-04-18 00:00:00+00:00,653485.1265421743,489817.5545598446,489817.55455984443,163667.5719823297,13,38,passive_limit,0.00574018511586627,954111.7905095576,-0.3150853673098717
2023-04-19 00:00:00+00:00,625442.2809392795,101799.27607570618,101799.2760757062,523643.0048635733,43,8,passive_limit,-0.04291275266092065,954111.7905095576,-0.3444769395363485
2023-04-20 00:00:00+00:00,611318.071988597,36471.55250611173,36471.55250611168,574846.5194824854,48,5,passive_limit,-0.022582753646700926,954111.7905095576,-0.35928045532053055
2023-04-21 00:00:00+00:00,577129.7731297315,32365.78516416539,32365.78516416539,544763.9879655661,49,4,passive_limit,-0.055925549113331696,954111.7905095576,-0.3951130476843737
2023-04-22 00:00:00+00:00,593954.1215040743,85240.2930368186,85240.29303681856,508713.82846725575,44,11,passive_limit,0.029151759548126543,954111.7905095576,-0.37747952869666956
2023-04-23 00:00:00+00:00,580618.2895663248,69268.72654620372,69268.72654620366,511349.56302012113,47,7,passive_limit,-0.022452629681193437,954111.7905095576,-0.39145675030780513
2023-04-24 00:00:00+00:00,579387.2052757093,436545.337451454,436545.3374514538,142841.86782425526,15,36,passive_limit,-0.0021202988482071916,954111.7905095576,-0.3927470438592118
2023-04-25 00:00:00+00:00,587499.9817358464,394191.91768532485,394191.91768532473,193308.06405052156,19,32,passive_limit,0.014002339689701104,954111.7905095576,-0.3842440816897533
2023-04-26 00:00:00+00:00,591788.9086094964,173883.09775216028,173883.0977521603,417905.81085733615,36,15,passive_limit,0.007300301288483135,954111.7905095576,-0.3797488779659218
2023-04-27 00:00:00+00:00,602054.7909155565,173883.09775216028,173883.09775216022,428171.69316339627,36,15,passive_limit,0.017347202958199137,954111.7905095576,-0.368989255866946
2023-04-28 00:00:00+00:00,600047.4928475525,189934.34214022444,189934.34214022453,410113.15070732805,33,19,passive_limit,-0.0033340787222230217,954111.7905095576,-0.37109309536245405
2023-04-29 00:00:00+00:00,601680.8243479431,185635.66711648833,185635.66711648827,416045.15723145474,33,18,passive_limit,0.0027220037078057313,954111.7905095576,-0.36938120843616606
2023-04-30 00:00:00+00:00,594578.257837319,291733.1098251846,291733.1098251844,302845.1480121345,24,26,passive_limit,-0.011804541915260924,954111.7905095576,-0.37682537439373254
2023-05-01 00:00:00+00:00,593303.0425842926,351747.0910182736,351747.0910182735,241555.951566019,21,29,passive_limit,-0.00214473912595603,954111.7905095576,-0.37816192139557325
2023-05-02 00:00:00+00:00,597224.2926513414,326788.25201715477,326788.25201715477,270436.04063418665,23,27,passive_limit,0.006609185838604148,954111.7905095576,-0.37405207797255613
2023-05-03 00:00:00+00:00,608864.8196994069,265278.1324537543,265278.13245375425,343586.68724565255,28,23,passive_limit,0.019491047486343893,954111.7905095576,-0.36185169730034095
2023-05-04 00:00:00+00:00,599214.3487974711,258508.9866220935,258508.9866220934,340705.36217537767,29,23,passive_limit,-0.015849940068306312,954111.7905095576,-0.37196630965282185
2023-05-05 00:00:00+00:00,601268.3449972018,249434.60000719727,249434.60000719724,351833.7449900045,30,21,passive_limit,0.0034278154450952947,954111.7905095576,-0.36981352606900963
2023-05-06 00:00:00+00:00,588644.3014405344,312986.37169280334,312986.3716928033,275657.92974773113,24,26,passive_limit,-0.020995689631267966,954111.7905095576,-0.38304472568548786
2023-05-07 00:00:00+00:00,584598.2084490791,324364.7993034153,324364.79930341535,260233.4091456638,23,27,passive_limit,-0.006873578800565494,954111.7905095576,-0.3872854163799132
2023-05-08 00:00:00+00:00,557219.2724322677,93281.52347712734,93281.52347712735,463937.7489551403,42,9,passive_limit,-0.046833766544456035,954111.7905095576,-0.41598114814755993
2023-05-09 00:00:00+00:00,555309.3285188226,98634.0135896163,98634.01358961628,456675.3149292063,41,11,passive_limit,-0.0034276343406217658,954111.7905095576,-0.41798295121973983
2023-05-10 00:00:00+00:00,564417.6496869124,70125.41667904619,70125.41667904617,494292.23300786625,44,8,passive_limit,0.016402247720895602,954111.7905095576,-0.4084365634078615
2023-05-11 00:00:00+00:00,541124.3866384188,148543.87664718015,148543.87664718018,392580.5099912386,38,14,passive_limit,-0.04126955112302855,954111.7905095576,-0.4328501208968152
2023-05-12 00:00:00+00:00,554999.3359529894,105960.72477498383,105960.72477498383,449038.6111780056,42,10,passive_limit,0.02564096103811697,954111.7905095576,-0.41830785294395767
2023-05-13 00:00:00+00:00,553450.6453454592,397450.4753282386,397450.4753282385,156000.1700172206,16,35,passive_limit,-0.0027904368657863943,954111.7905095576,-0.4199310281556413
2023-05-14 00:00:00+00:00,554846.1864829808,407171.8959612648,407171.89596126496,147674.29052171603,15,36,passive_limit,0.0025215277084924548,954111.7905095576,-0.418468368170299
2023-05-15 00:00:00+00:00,555723.8494574372,453634.0316744742,453634.0316744743,102089.81778296297,10,40,passive_limit,0.0015818131147653514,954111.7905095576,-0.41754849380841985
2023-05-16 00:00:00+00:00,556963.2756108906,476342.6737612093,476342.67376120883,80620.60184968132,7,43,passive_limit,0.0022302914562033482,954111.7905095576,-0.416249457190508
2023-05-17 00:00:00+00:00,557498.5895782326,512334.36491989624,512334.3649198961,45164.224658336374,4,46,passive_limit,0.0009611297383205208,954111.7905095576,-0.41568839718405304
2023-05-18 00:00:00+00:00,559426.1995021624,300263.2557423485,300263.25574234856,259162.94375981393,23,27,passive_limit,0.0034576050235177735,954111.7905095576,-0.41366807845085685
2023-05-19 00:00:00+00:00,561565.9815689066,289079.8261823206,289079.8261823204,272486.155386586,24,28,passive_limit,0.0038249586248344514,954111.7905095576,-0.4114253831105117
2023-05-20 00:00:00+00:00,561862.1250533989,289079.8261823206,289079.82618232066,272782.2988710783,24,28,passive_limit,0.0005273529633418317,954111.7905095576,-0.4111149965421472
2023-05-21 00:00:00+00:00,555461.6599599854,188344.38916387898,188344.38916387898,367117.27079610643,34,20,passive_limit,-0.011391522596055359,954111.7905095576,-0.4178232933655155
2023-05-22 00:00:00+00:00,557606.993159461,133733.78271970083,133733.78271970083,423873.2104397601,40,14,passive_limit,0.0038622525263580787,954111.7905095576,-0.4155747799095296
2023-05-23 00:00:00+00:00,561233.4685353445,344470.8347674973,344470.8347674972,216762.63376784712,21,31,passive_limit,0.0065036404140763615,954111.7905095576,-0.41177388842914375
2023-05-24 00:00:00+00:00,548689.551487655,39475.75758555177,39475.75758555177,509213.7939021032,48,5,passive_limit,-0.022350621890788847,954111.7905095576,-0.4249211078351529
2023-05-25 00:00:00+00:00,547880.5927687788,39475.75758555177,39475.75758555177,508404.83518322697,48,6,passive_limit,-0.0014743468627804734,954111.7905095576,-0.42576897359566745
2023-05-26 00:00:00+00:00,553011.2243707686,153992.71701109683,153992.71701109683,399018.5073596718,37,15,passive_limit,0.009364506919403048,954111.7905095576,-0.42039158317556813
2023-05-27 00:00:00+00:00,555780.3648733048,224866.08725085802,224866.08725085793,330914.2776224468,30,21,passive_limit,0.0050073857102757025,954111.7905095576,-0.41748926027160604
2023-05-28 00:00:00+00:00,567984.7189007611,224866.08725085802,224866.08725085802,343118.6316499031,30,21,passive_limit,0.021958951411027883,954111.7905095576,-0.4046979352415083
2023-05-29 00:00:00+00:00,566499.1405649788,527291.6548168317,527291.6548168311,39207.485748147155,5,45,passive_limit,-0.0026155251828910986,954111.7905095576,-0.4062549627833112
2023-05-30 00:00:00+00:00,570850.1578762302,469142.9707351731,469142.9707351729,101707.18714105713,10,40,passive_limit,0.007680536473386512,954111.7905095576,-0.40169468236907624
2023-05-31 00:00:00+00:00,568683.8637230748,135343.3411382615,135343.3411382615,433340.5225848133,38,13,passive_limit,-0.003794856011277603,954111.7905095576,-0.40396516490026735
2023-06-01 00:00:00+00:00,568690.4654629738,105538.46102860861,105538.46102860862,463152.0044343652,40,13,passive_limit,1.160880468065173e-05,954111.7905095576,-0.40395824564828386
2023-06-02 00:00:00+00:00,582484.054410666,87788.13506565848,87788.13506565843,494695.91934500757,42,11,passive_limit,0.02425500300319383,954111.7905095576,-0.38950125110645395
2023-06-03 00:00:00+00:00,573751.3994947363,114756.33056311645,114756.33056311647,458995.06893161987,39,15,passive_limit,-0.014992092658682288,954111.7905095576,-0.39865390491787567
2023-06-04 00:00:00+00:00,572929.2878737123,167061.29986664865,167061.29986664857,405867.9880070636,35,19,passive_limit,-0.0014328707899415871,954111.7905095576,-0.39951555617216417
2023-06-05 00:00:00+00:00,556289.1069646336,345408.1479583439,345408.14795834397,210880.95900628963,25,26,passive_limit,-0.029044039572203917,954111.7905095576,-0.41695605012119275
2023-06-06 00:00:00+00:00,566428.9885102403,325646.11214009835,325646.1121400983,240782.87637014198,26,24,passive_limit,0.018227719037920087,954111.7905095576,-0.40632848881604267
2023-06-07 00:00:00+00:00,547891.4528259261,215835.67303051977,215835.6730305197,332055.7797954064,33,17,passive_limit,-0.03272702502933267,954111.7905095576,-0.4257575912217618
2023-06-08 00:00:00+00:00,550897.1379548005,169368.03530611753,169368.0353061175,381529.10264868295,37,13,passive_limit,0.005485913520591801,954111.7905095576,-0.42260734702734815
2023-06-09 00:00:00+00:00,548542.2980791626,164333.25295679423,164333.25295679423,384209.0451223684,37,14,passive_limit,-0.004274554564542177,954111.7905095576,-0.42507544342764547
2023-06-10 00:00:00+00:00,496943.2470889911,151014.06860059337,151014.0686005933,345929.17848839774,32,19,passive_limit,-0.09406576515768528,954111.7905095576,-0.4791561617495669
2023-06-11 00:00:00+00:00,497919.9194563427,187588.67066400524,187588.67066400527,310331.2487923374,29,22,passive_limit,0.001965359974348768,954111.7905095576,-0.4781325161169834
2023-06-12 00:00:00+00:00,502371.392824475,238233.90201223723,238233.90201223723,264137.4908122378,27,24,passive_limit,0.00894013915529368,954111.7905095576,-0.4734669481904462
2023-06-13 00:00:00+00:00,504501.28827936307,279043.62803368026,279043.6280336804,225457.66024568278,23,28,passive_limit,0.0042396830020776655,954111.7905095576,-0.4712346149606571
2023-06-14 00:00:00+00:00,495950.0038848588,121218.05686822184,121218.05686822183,374731.94701663696,39,12,passive_limit,-0.016949975338356515,954111.7905095576,-0.48019717519685057
2023-06-15 00:00:00+00:00,499825.4717781979,244937.16633417128,244937.16633417117,254888.30544402663,27,23,passive_limit,0.007814230997039928,954111.7905095576,-0.47613531585092483
2023-06-16 00:00:00+00:00,504558.12426006934,255051.43145294097,255051.43145294095,249506.6928071284,26,25,passive_limit,0.009468610043090298,954111.7905095576,-0.47117504544137057
2023-06-17 00:00:00+00:00,509390.83070396027,314692.4361915799,314692.43619157985,194698.39451238036,19,33,passive_limit,0.009578096579017537,954111.7905095576,-0.46610990895321347
2023-06-18 00:00:00+00:00,503315.2729837841,279303.45694218035,279303.4569421804,224011.8160416037,23,29,passive_limit,-0.011927104600174987,954111.7905095576,-0.4724776719141254
2023-06-19 00:00:00+00:00,503016.3270831781,450474.0186179603,450474.0186179599,52542.30846521784,6,44,passive_limit,-0.0005939535647979666,954111.7905095576,-0.4727909956814026
2023-06-20 00:00:00+00:00,506515.58029604057,425893.42107714125,425893.4210771415,80622.15921889932,8,42,passive_limit,0.006956540025556457,954111.7905095576,-0.46912344514102655
2023-06-21 00:00:00+00:00,510064.86780180456,425893.42107714125,425893.42107714084,84171.4467246633,8,42,passive_limit,0.007007262251813806,954111.7905095576,-0.46540345389779025
2023-06-22 00:00:00+00:00,510241.15287130227,404167.40660278755,404167.4066027872,106073.7462685147,10,40,passive_limit,0.00034561303988134284,954111.7905095576,-0.46521869036038177
2023-06-23 00:00:00+00:00,512208.9309082002,442188.98495108617,442188.98495108646,70019.94595711402,6,44,passive_limit,0.0038565647357617916,954111.7905095576,-0.46315627162028106
2023-06-24 00:00:00+00:00,513253.06698818575,318868.88971656543,318868.8897165653,194384.1772716203,19,31,passive_limit,0.002038496435691206,954111.7905095576,-0.46206191759345583
2023-06-25 00:00:00+00:00,515165.98472863645,354955.3729934873,354955.3729934874,160210.61173514917,16,34,passive_limit,0.00372704590286399,954111.7905095576,-0.460056997667428
2023-06-26 00:00:00+00:00,513081.10964497336,248131.13723888656,248131.1372388865,264949.9724060868,26,24,passive_limit,-0.004046996784466073,954111.7905095576,-0.46224214526166296
2023-06-27 00:00:00+00:00,516825.42090352206,270178.0358358966,270178.0358358966,246647.38506762547,24,26,passive_limit,0.007297698527898522,954111.7905095576,-0.45831775055677304
2023-06-28 00:00:00+00:00,497880.68052980304,28566.974160327314,28566.974160327285,469313.70636947575,47,3,passive_limit,-0.036655976288084924,954111.7905095576,-0.4781736422480405
2023-06-29 00:00:00+00:00,502102.35676008114,138718.4124941904,138718.4124941904,363383.94426589075,35,16,passive_limit,0.008479293122572562,954111.7905095576,-0.4737489236015773
2023-06-30 00:00:00+00:00,523014.3208856898,60590.76253796712,60590.76253796712,462423.5583477227,44,8,passive_limit,0.041648806949537986,954111.7905095576,-0.4518311941136728
2023-07-01 00:00:00+00:00,530181.533264246,170557.52994066072,170557.52994066075,359624.00332358526,34,19,passive_limit,0.01370366372840226,954111.7905095576,-0.44431927313140673
2023-07-02 00:00:00+00:00,531076.9716364301,120572.63566670907,120572.63566670906,410504.335969721,39,14,passive_limit,0.0016889278784779638,954111.7905095576,-0.4433807684602654
2023-07-03 00:00:00+00:00,535836.0517759944,365841.04627116927,365841.046271169,169995.00550482507,17,35,passive_limit,0.008961187160685613,954111.7905095576,-0.43839279934920083
2023-07-04 00:00:00+00:00,533205.3669678756,243321.49737432034,243321.4973743203,289883.8695935553,28,24,passive_limit,-0.004909495729896296,954111.7905095576,-0.44115000750267497
2023-07-05 00:00:00+00:00,528848.8690366467,157843.0986558955,157843.09865589553,371005.7703807512,36,15,passive_limit,-0.008170394000350356,954111.7905095576,-0.445716032128471
2023-07-06 00:00:00+00:00,515719.32043591357,94077.21669154818,94077.21669154818,421642.1037443654,42,10,passive_limit,-0.024826655344181714,954111.7905095576,-0.4594770491616229
2023-07-07 00:00:00+00:00,524541.1622634232,142533.01812192332,142533.01812192335,382008.1441414998,37,14,passive_limit,0.017105897487130983,954111.7905095576,-0.45023091897514
2023-07-08 00:00:00+00:00,526250.919436374,150346.61757244088,150346.6175724408,375904.30186393316,36,15,passive_limit,0.0032595290817083455,954111.7905095576,-0.4484389306673153
2023-07-09 00:00:00+00:00,523519.55228862545,268483.6831583712,268483.6831583713,255035.86913025426,25,26,passive_limit,-0.005190237293407285,954111.7905095576,-0.4513016634989574
2023-07-10 00:00:00+00:00,524239.86209627823,386991.73286971176,386991.7328697115,137248.1292265665,13,38,passive_limit,0.001375898578197976,954111.7905095576,-0.45054671023790605
2023-07-11 00:00:00+00:00,524437.4944269604,440928.1892656748,440928.1892656749,83509.30516128559,8,42,passive_limit,0.00037698836920152523,954111.7905095576,-0.4503395727382462
2023-07-12 00:00:00+00:00,524945.6462915423,368095.3601223574,368095.36012235755,156850.286169185,15,36,passive_limit,0.0009689464807187687,954111.7905095576,-0.4498069812016605
2023-07-13 00:00:00+00:00,540161.773462841,368095.3601223574,368095.36012235755,172066.41334048368,15,35,passive_limit,0.028986100330181674,954111.7905095576,-0.43385903115780633
2023-07-14 00:00:00+00:00,538223.7389995751,202372.6907122889,202372.69071228884,335851.0482872863,30,22,passive_limit,-0.003587877851558563,954111.7905095576,-0.4358902758007751
2023-07-15 00:00:00+00:00,537690.9996892887,261140.71221910976,261140.7122191099,276550.28747017885,25,27,passive_limit,-0.0009898101322634023,954111.7905095576,-0.43644863732149586
2023-07-16 00:00:00+00:00,533418.3419147223,191876.96973166475,191876.96973166478,341541.3721830576,32,19,passive_limit,-0.00794630703700705,954111.7905095576,-0.44092678948046293
2023-07-17 00:00:00+00:00,538703.2770293565,185837.8407614028,185837.84076140277,352865.43626795366,33,17,passive_limit,0.009907674144956635,954111.7905095576,-0.4353876742874606
2023-07-18 00:00:00+00:00,531901.6929799495,98008.56309577648,98008.56309577651,433893.129884173,41,9,passive_limit,-0.012625844949215481,954111.7905095576,-0.4425163819683231
2023-07-19 00:00:00+00:00,533965.6143071806,268952.4922680048,268952.4922680047,265013.1220391758,25,25,passive_limit,0.0038802683925822645,954111.7905095576,-0.4403531959058924
2023-07-20 00:00:00+00:00,537329.6368389544,267128.2558874949,267128.25588749483,270201.3809514595,25,25,passive_limit,0.006300073341124479,954111.7905095576,-0.4368273799949737
2023-07-21 00:00:00+00:00,538230.7199843926,349806.586716007,349806.5867160068,188424.1332683857,17,33,passive_limit,0.0016769652810129099,954111.7905095576,-0.4358829590640081
2023-07-22 00:00:00+00:00,536573.6905326922,384300.0962017834,384300.0962017831,152273.59433090882,14,37,passive_limit,-0.003078660117632137,954111.7905095576,-0.43761968369961435
2023-07-23 00:00:00+00:00,537147.8086724153,472859.7633558519,472859.76335585216,64288.04531656345,6,44,passive_limit,0.0010699707232255662,954111.7905095576,-0.4370179532258547
2023-07-24 00:00:00+00:00,530610.6343976754,84680.42279227285,84680.42279227314,445930.2116054025,42,8,passive_limit,-0.012170159068314645,954111.7905095576,-0.4438695342877014
2023-07-25 00:00:00+00:00,529734.4615168357,73945.56853032619,73945.56853032617,455788.89298650954,43,8,passive_limit,-0.001651253902655525,954111.7905095576,-0.4447878468895944
2023-07-26 00:00:00+00:00,534600.4585513482,65067.016316020556,65067.01631602051,469533.4422353277,44,8,passive_limit,0.009185728677306049,954111.7905095576,-0.4396878186927793
2023-07-27 00:00:00+00:00,534974.6053214853,116636.74185935067,116636.74185935064,418337.8634621347,39,14,passive_limit,0.0006998624190315272,954111.7905095576,-0.43929567725415675
2023-07-28 00:00:00+00:00,536866.2745312577,116636.74185935067,116636.74185935067,420229.53267190704,39,15,passive_limit,0.003535998140763441,954111.7905095576,-0.43731302781140957
2023-07-29 00:00:00+00:00,536587.0788477978,506086.9406595482,506086.94065954845,30500.13818824962,3,47,passive_limit,-0.0005200469776270866,954111.7905095576,-0.43760565147064634
2023-07-30 00:00:00+00:00,540068.513192822,242588.85736588878,242588.85736588866,297479.6558269333,26,24,passive_limit,0.006488106930378823,954111.7905095576,-0.43395677680034705
2023-07-31 00:00:00+00:00,535669.9339955767,220203.21990255683,220203.2199025567,315466.71409301984,28,23,passive_limit,-0.00814448369011811,954111.7905095576,-0.4385669065995985
2023-08-01 00:00:00+00:00,544400.200307101,117585.44228496711,117585.44228496702,426814.75802213396,39,12,passive_limit,0.01629784641151133,954111.7905095576,-0.4294167562730191
2023-08-02 00:00:00+00:00,530980.6845383273,84214.37223153135,84214.37223153126,446766.3123067959,42,9,passive_limit,-0.024650093371023085,954111.7905095576,-0.4434816865068305
2023-08-03 00:00:00+00:00,525168.592193564,64975.44899543632,64975.448995436294,460193.14319812774,44,7,passive_limit,-0.0109459581374729,954111.7905095576,-0.44957331266906375
2023-08-04 00:00:00+00:00,524965.7463800416,328389.8859906158,328389.8859906158,196575.86038942574,20,31,passive_limit,-0.0003862489427922666,954111.7905095576,-0.44978591439512994
2023-08-05 00:00:00+00:00,524358.5525315732,336741.193966003,336741.193966003,187617.35856557023,19,32,passive_limit,-0.0011566351760192717,954111.7905095576,-0.45042231136088173
2023-08-06 00:00:00+00:00,523727.0303977718,439218.92009197833,439218.9200919783,84508.11030579348,8,42,passive_limit,-0.0012043708083953053,954111.7905095576,-0.4510842066860241
2023-08-07 00:00:00+00:00,527777.1535633346,210563.66041013738,210563.66041013738,317213.49315319717,30,20,passive_limit,0.007733271209024117,954111.7905095576,-0.4468392919854105
2023-08-08 00:00:00+00:00,530690.9570838972,206322.45468723594,206322.45468723596,324368.50239666126,30,21,passive_limit,0.005520897410753456,954111.7905095576,-0.4437853484648022
2023-08-09 00:00:00+00:00,531614.0625727752,201553.95655365364,201553.95655365367,330060.1060191215,31,20,passive_limit,0.0017394407734971917,954111.7905095576,-0.4428178460211054
2023-08-10 00:00:00+00:00,530191.5044232989,224081.6175859656,224081.61758596558,306109.88683733327,29,23,passive_limit,-0.0026759227221938575,954111.7905095576,-0.4443088224073384
2023-08-11 00:00:00+00:00,530307.9062204052,162974.20857680117,162974.20857680115,367333.6976436041,35,18,passive_limit,0.00021954670366319817,954111.7905095576,-0.4441868222410432
2023-08-12 00:00:00+00:00,529776.9561723954,410727.06766189646,410727.06766189676,119049.88851049887,12,38,passive_limit,-0.0010012108848121981,954111.7905095576,-0.4447433084445376
2023-08-13 00:00:00+00:00,528965.3689418699,344862.4473912279,344862.44739122794,184102.92155064203,19,31,passive_limit,-0.0015319413596036613,954111.7905095576,-0.4455939291355281
2023-08-14 00:00:00+00:00,529702.4279570486,327073.04148944264,327073.0414894427,202629.386467606,20,32,passive_limit,0.0013933974858375553,954111.7905095576,-0.44482142111025247
2023-08-15 00:00:00+00:00,514896.6701313383,91950.28712218201,91950.28712218201,422946.38300915627,43,11,passive_limit,-0.027951085447754265,954111.7905095576,-0.4603392650075626
2023-08-16 00:00:00+00:00,496433.7176050335,72727.21910739543,72727.21910739543,423706.49849763804,46,8,passive_limit,-0.03585758774007086,954111.7905095576,-0.4796901971624251
2023-08-17 00:00:00+00:00,460344.0921942375,18099.480900308234,18099.480900308234,442244.6112939293,52,2,passive_limit,-0.0726977723932708,954111.7905095576,-0.5175155607830987
2023-08-18 00:00:00+00:00,471797.22496404016,91153.59394702096,91153.59394702096,380643.6310170192,43,11,passive_limit,0.024879504188293433,954111.7905095576,-0.5055115871568154
2023-08-19 00:00:00+00:00,476768.494263946,106579.9928324294,106579.9928324294,370188.5014315166,42,12,passive_limit,0.010536876939631679,954111.7905095576,-0.500301223602613
2023-08-20 00:00:00+00:00,475785.7008106879,314407.55064576294,314407.550645763,161378.15016492497,19,32,passive_limit,-0.0020613640898721197,954111.7905095576,-0.5013312847160316
2023-08-21 00:00:00+00:00,476758.1407928191,160164.1170265615,160164.1170265615,316594.02376625757,33,20,passive_limit,0.002043861302418737,954111.7905095576,-0.5003120750261358
2023-08-22 00:00:00+00:00,477486.66434867843,132757.45221577433,132757.45221577433,344729.2121329041,38,13,passive_limit,0.0015280778523212302,954111.7905095576,-0.4995485129749109
2023-08-23 00:00:00+00:00,488684.18799258594,121553.13994819012,121553.13994819009,367131.0480443958,39,13,passive_limit,0.023450966236264748,954111.7905095576,-0.487812442049797
2023-08-24 00:00:00+00:00,476808.6978964094,140056.2746986823,140056.2746986823,336752.42319772707,37,15,passive_limit,-0.02430095015956757,954111.7905095576,-0.5002590863678955
2023-08-25 00:00:00+00:00,471658.0233571307,104538.86226948761,104538.86226948758,367119.16108764306,41,12,passive_limit,-0.01080239215853751,954111.7905095576,-0.5056574836946154
2023-08-26 00:00:00+00:00,472082.55322164344,318579.2475973936,318579.2475973937,153503.30562424986,19,31,passive_limit,0.0009000798109848329,954111.7905095576,-0.5052125359759775
2023-08-27 00:00:00+00:00,471652.09876228054,396184.97760047583,396184.977600476,75467.12116180474,8,42,passive_limit,-0.0009118203085992649,954111.7905095576,-0.505663693234115
2023-08-28 00:00:00+00:00,472284.8852083745,332253.8897413089,332253.889741309,140030.9954670655,16,34,passive_limit,0.0013416381433570823,954111.7905095576,-0.5050004727893115
2023-08-29 00:00:00+00:00,480115.60363235034,304849.10823325365,304849.1082332537,175266.4953990967,19,31,passive_limit,0.016580497638667646,954111.7905095576,-0.49679313429725314
2023-08-30 00:00:00+00:00,476885.07821678935,271161.25533769064,271161.2553376906,205723.8228790987,22,28,passive_limit,-0.00672864075051971,954111.7905095576,-0.5001790325197619
2023-08-31 00:00:00+00:00,466572.47494515334,103432.17589593538,103432.17589593538,363140.29904921795,39,11,passive_limit,-0.021624923367696502,954111.7905095576,-0.5109876226390899
2023-09-01 00:00:00+00:00,462491.76206317125,102617.6264202734,102617.62642027336,359874.13564289786,39,12,passive_limit,-0.008746150064814273,954111.7905095576,-0.51526459827504
2023-09-02 00:00:00+00:00,460622.52878463623,149703.4693611625,149703.4693611625,310919.0594234737,33,18,passive_limit,-0.004041657456116399,954111.7905095576,-0.5172237327256652
2023-09-03 00:00:00+00:00,458419.6311044076,160117.54679646794,160117.54679646794,298302.0843079397,32,20,passive_limit,-0.00478243581798099,954111.7905095576,-0.5195325792383492
2023-09-04 00:00:00+00:00,457790.74985566584,187695.35793565953,187695.35793565956,270095.3919200063,30,22,passive_limit,-0.001371846243204522,954111.7905095576,-0.5201917066645032
2023-09-05 00:00:00+00:00,460523.91313534195,342199.81356791727,342199.81356791715,118324.09956742465,14,36,passive_limit,0.005970333128264116,954111.7905095576,-0.5173270913155865
2023-09-06 00:00:00+00:00,464125.2709460382,325464.97488721315,325464.97488721303,138660.29605882504,16,34,passive_limit,0.007820132045212258,954111.7905095576,-0.5135525254350277
2023-09-07 00:00:00+00:00,464317.653370434,329562.7268397867,329562.72683978657,134754.92653064732,15,35,passive_limit,0.00041450538559062444,954111.7905095576,-0.5133508903370136
2023-09-08 00:00:00+00:00,462066.68632283225,256092.68798988152,256092.68798988126,205973.99833295075,23,29,passive_limit,-0.004847903221560146,954111.7905095576,-0.5157101181235182
2023-09-09 00:00:00+00:00,460773.75854000956,259742.5504365752,259742.5504365752,201031.20810343436,22,29,passive_limit,-0.002798141093251938,954111.7905095576,-0.5170652295430429
2023-09-10 00:00:00+00:00,450124.09156724496,82100.40731079143,82100.40731079143,368023.68425645353,42,9,passive_limit,-0.023112572657151165,954111.7905095576,-0.5282270945138939
2023-09-11 00:00:00+00:00,437933.71425617626,83119.913224501,83119.91322450101,354813.80103167525,42,10,passive_limit,-0.027082259180183366,954111.7905095576,-0.5410037706144568
2023-09-12 00:00:00+00:00,441256.1677853858,91788.26441021673,91788.26441021671,349467.9033751691,41,11,passive_limit,0.007586658485183584,954111.7905095576,-0.5375215229761217
2023-09-13 00:00:00+00:00,446540.51239915186,170495.839687682,170495.83968768202,276044.6727114699,32,21,passive_limit,0.011975684419976762,954111.7905095576,-0.5319830266842522
2023-09-14 00:00:00+00:00,450302.24309942126,200344.50322124202,200344.50322124196,249957.7398781792,28,24,passive_limit,0.008424164428124437,954111.7905095576,-0.5280403747458873
2023-09-15 00:00:00+00:00,456664.39514060767,387804.92245098716,387804.9224509873,68859.47268962051,7,45,passive_limit,0.014128626136516331,954111.7905095576,-0.5213722336491415
2023-09-16 00:00:00+00:00,462757.0769198407,409402.55861148244,409402.55861148244,53354.51830835825,5,46,passive_limit,0.013341705296199269,954111.7905095576,-0.5149865230439103
2023-09-17 00:00:00+00:00,449998.1038986963,166366.6922860496,166366.69228604957,283631.4116126467,32,19,passive_limit,-0.027571643217364605,954111.7905095576,-0.5283591415861572
2023-09-18 00:00:00+00:00,456458.60402417043,156930.45238331184,156930.45238331184,299528.1516408586,33,18,passive_limit,0.014356727438408212,954111.7905095576,-0.5215879223330927
2023-09-19 00:00:00+00:00,465400.26694014715,156930.45238331184,156930.45238331184,308469.81455683534,33,18,passive_limit,0.01958920882889803,954111.7905095576,-0.5122162082374087
2023-09-20 00:00:00+00:00,464865.41354048316,128863.40272316527,128863.40272316532,336002.0108173179,36,16,passive_limit,-0.0011492331175064763,954111.7905095576,-0.5127767855250852
2023-09-21 00:00:00+00:00,452256.824930801,92792.25253630243,92792.2525363024,359464.57239449857,41,11,passive_limit,-0.02712309464722984,954111.7905095576,-0.5259917868856159
2023-09-22 00:00:00+00:00,452409.06131749327,345429.5212183449,345429.52121834474,106979.54009914835,13,37,passive_limit,0.0003366149017554054,954111.7905095576,-0.5258322286575272
2023-09-23 00:00:00+00:00,453734.3249076957,314921.3291780555,314921.3291780556,138812.99572964018,16,35,passive_limit,0.0029293480248673287,954111.7905095576,-0.5244432262330894
2023-09-24 00:00:00+00:00,449861.18154389196,198176.0499964266,198176.04999642653,251685.13154746537,29,24,passive_limit,-0.008536148030219404,954111.7905095576,-0.5285026492507372
2023-09-25 00:00:00+00:00,454824.7600331906,202979.1733056567,202979.17330565664,251845.58672753387,28,25,passive_limit,0.011033578119063359,954111.7905095576,-0.5233003463983139
2023-09-26 00:00:00+00:00,454113.0146143331,213927.64201608856,213927.64201608862,240185.37259824455,26,27,passive_limit,-0.0015648783474443428,954111.7905095576,-0.5240463233644694
2023-09-27 00:00:00+00:00,455485.307715935,187890.59212000534,187890.5921200054,267594.71559592965,29,25,passive_limit,0.0030219197808443177,954111.7905095576,-0.5226080295342789
2023-09-28 00:00:00+00:00,462256.2660169165,216298.34954905458,216298.34954905452,245957.91646786194,26,26,passive_limit,0.014865371475833111,954111.7905095576,-0.5155114205537261
2023-09-29 00:00:00+00:00,462524.8714629415,312249.7798361023,312249.7798361023,150275.09162683928,16,34,passive_limit,0.0005810747539227723,954111.7905095576,-0.515229896471646
2023-09-30 00:00:00+00:00,462562.1152558475,343375.26305975416,343375.26305975404,119186.85219609336,13,37,passive_limit,8.052278959236325e-05,954111.7905095576,-0.5151908614305989
2023-10-01 00:00:00+00:00,467954.63782657945,371215.9937553418,371215.9937553415,96738.64407123765,10,40,passive_limit,0.011657942561399182,954111.7905095576,-0.5095389843399154
2023-10-02 00:00:00+00:00,463997.3258822375,238781.62576843498,238781.6257684351,225215.70011380254,24,26,passive_limit,-0.008456614433231646,954111.7905095576,-0.513686624043884
2023-10-03 00:00:00+00:00,457042.5637672531,192754.90803710636,192754.90803710627,264287.6557301467,29,22,passive_limit,-0.014988797837920176,954111.7905095576,-0.5209758769219667
2023-10-04 00:00:00+00:00,454380.0387607641,126264.15820772895,126264.1582077289,328115.8805530352,37,15,passive_limit,-0.005825551529692663,954111.7905095576,-0.5237664566349236
2023-10-05 00:00:00+00:00,449220.3025926262,107177.67805870382,107177.67805870384,342042.62453392235,39,13,passive_limit,-0.01135555202250993,954111.7905095576,-0.52917435141147
2023-10-06 00:00:00+00:00,458426.9488892806,124648.64070630423,124648.64070630426,333778.3081829764,37,16,passive_limit,0.020494724400298203,954111.7905095576,-0.5195249095030563
2023-10-07 00:00:00+00:00,455086.0955264063,276060.91709362506,276060.9170936252,179025.17843278128,20,32,passive_limit,-0.0072876460927282505,954111.7905095576,-0.5230264419189696
2023-10-08 00:00:00+00:00,453964.88076025085,304864.6316866857,304864.63168668567,149100.24907356512,17,35,passive_limit,-0.0024637420856783443,954111.7905095576,-0.5242015817477697
2023-10-09 00:00:00+00:00,448616.723276695,168410.81073961747,168410.81073961745,280205.91253707756,32,19,passive_limit,-0.011780993883490076,954111.7905095576,-0.5298069600029734
2023-10-10 00:00:00+00:00,445182.2097545429,116475.16608637411,116475.16608637408,328707.04366816883,38,12,passive_limit,-0.007655785760874889,954111.7905095576,-0.5334066571834453
2023-10-11 00:00:00+00:00,444765.7706367117,62898.410483853775,62898.41048385377,381867.3601528579,43,8,passive_limit,-0.0009354352188980508,954111.7905095576,-0.5338431250292192
2023-10-12 00:00:00+00:00,441187.6954500173,54196.362050060765,54196.36205006076,386991.3333999565,44,7,passive_limit,-0.008044852870696673,954111.7905095576,-0.5375932885030228
2023-10-13 00:00:00+00:00,442968.7853157471,81646.21238140453,81646.21238140452,361322.57293434255,41,11,passive_limit,0.004037034314642529,954111.7905095576,-0.5357265367413886
2023-10-14 00:00:00+00:00,444651.70778095245,297867.74540002964,297867.74540002964,146783.9623809228,16,36,passive_limit,0.003799189742017095,954111.7905095576,-0.5339626737622857
2023-10-15 00:00:00+00:00,447541.7129043372,349816.7040905062,349816.70409050625,97725.00881383102,10,42,passive_limit,0.0064994805435638625,954111.7905095576,-0.5309336732278291
2023-10-16 00:00:00+00:00,448302.2023773502,381414.34422232554,381414.34422232554,66887.85815502467,8,42,passive_limit,0.0016992594233904423,954111.7905095576,-0.5301366078518663
2023-10-17 00:00:00+00:00,442945.2857005623,262103.15723040077,262103.15723040077,180842.1284701615,20,30,passive_limit,-0.011949342761155557,954111.7905095576,-0.5357511665755637
2023-10-18 00:00:00+00:00,436148.75040332857,186158.7301345099,186158.73013450997,249990.02026881863,28,23,passive_limit,-0.015343961244523308,954111.7905095576,-0.5428745826834434
2023-10-19 00:00:00+00:00,432018.44157271483,125439.98623135992,125439.98623135992,306578.4553413549,35,17,passive_limit,-0.009469954520778145,954111.7905095576,-0.5472035395957229
2023-10-20 00:00:00+00:00,438491.0681797747,137912.4138544892,137912.4138544892,300578.65432528546,33,19,passive_limit,0.014982292384318141,954111.7905095576,-0.5404196106353617
2023-10-21 00:00:00+00:00,447450.82301677996,158075.893517652,158075.89351765203,289374.92949912796,30,21,passive_limit,0.02043315243386412,954111.7905095576,-0.5310289344838595
2023-10-22 00:00:00+00:00,453394.41572560923,275018.1991802854,275018.1991802852,178376.21654532384,19,32,passive_limit,0.013283231146512753,954111.7905095576,-0.5247994834195822
2023-10-23 00:00:00+00:00,461296.27648837306,330800.7864313674,330800.7864313674,130495.49005700568,13,37,passive_limit,0.017428226922728607,954111.7905095576,-0.5165175809828207
2023-10-24 00:00:00+00:00,462605.9819722962,341771.7346899222,341771.7346899223,120834.24728237402,13,39,passive_limit,0.0028391850328670643,954111.7905095576,-0.5151448849350928
2023-10-25 00:00:00+00:00,466935.67699516844,301167.7451643495,301167.7451643493,165767.93183081897,18,35,passive_limit,0.009359358053289357,954111.7905095576,-0.5106069523092315
2023-10-26 00:00:00+00:00,468194.82200478564,206267.55279980582,206267.5527998057,261927.26920497982,29,24,passive_limit,0.002696613413051052,954111.7905095576,-0.5092872484525747
2023-10-27 00:00:00+00:00,463424.64470271394,180677.18324313767,180677.18324313773,282747.46145957627,32,22,passive_limit,-0.010188445232363064,954111.7905095576,-0.5142868484465377
2023-10-28 00:00:00+00:00,467163.51960628043,211504.95839002376,211504.9583900238,255658.56121625667,29,24,passive_limit,0.008067924195021892,954111.7905095576,-0.5103681515592793
2023-10-29 00:00:00+00:00,471248.094436629,264645.0921731299,264645.09217313,206603.0022634991,23,29,passive_limit,0.008743351436753866,954111.7905095576,-0.5060871282337347
2023-10-30 00:00:00+00:00,476428.5763711832,296739.84761656873,296739.84761656856,179688.72875461448,19,32,passive_limit,0.010993109565243797,954111.7905095576,-0.5006574899187238
2023-10-31 00:00:00+00:00,478431.4903529802,252024.09685194754,252024.09685194743,226407.39350103267,24,26,passive_limit,0.004204017309483499,954111.7905095576,-0.4985582453629812
2023-11-01 00:00:00+00:00,482951.25976496737,236502.0211494349,236502.021149435,246449.2386155325,25,26,passive_limit,0.00944705669071344,954111.7905095576,-0.4938210966798344
2023-11-02 00:00:00+00:00,477342.8017373859,94507.76443797386,94507.76443797385,382835.03729941207,41,10,passive_limit,-0.011612886216118112,954111.7905095576,-0.499699294689091
2023-11-03 00:00:00+00:00,488649.71021657775,98371.32871994305,98371.32871994305,390278.3814966347,41,11,passive_limit,0.023687187568426804,954111.7905095576,-0.4878485780417753
2023-11-04 00:00:00+00:00,507483.90774634376,108951.4094685016,108951.40946850163,398532.4982778421,40,12,passive_limit,0.03854335147649701,954111.7905095576,-0.46810854577605165
2023-11-05 00:00:00+00:00,505735.937023495,267176.28435501165,267176.2843550117,238559.65266848335,24,27,passive_limit,-0.003444386504019903,954111.7905095576,-0.4699405855225841
2023-11-06 00:00:00+00:00,511612.3790194329,319466.68015117326,319466.68015117326,192145.6988682596,19,31,passive_limit,0.011619585569741409,954111.7905095576,-0.46378151479901675
2023-11-07 00:00:00+00:00,512274.83630193456,337310.5319299596,337310.53192995937,174964.30437197493,17,33,passive_limit,0.0012948421689313871,954111.7905095576,-0.463087196492618
2023-11-08 00:00:00+00:00,515845.7605424958,346183.7385397344,346183.7385397346,169662.02200276143,16,35,passive_limit,0.006970719597197972,954111.7905095576,-0.4593445278912226
2023-11-09 00:00:00+00:00,526863.6608201199,122235.60967171338,122235.60967171338,404628.0511484065,39,13,passive_limit,0.021358904386530098,954111.7905095576,-0.44779671935639687
2023-11-10 00:00:00+00:00,545222.386315479,122235.60967171338,122235.60967171335,422986.77664376557,39,15,passive_limit,0.03484530602619618,954111.7905095576,-0.4285550270537011
2023-11-11 00:00:00+00:00,543445.6585169432,79034.5212419531,79034.5212419531,464411.1372749901,44,10,passive_limit,-0.0032587212908525842,954111.7905095576,-0.43041720695359187
2023-11-12 00:00:00+00:00,546071.1545720303,220683.0185937964,220683.01859379633,325388.1359782338,32,20,passive_limit,0.004831202557127767,954111.7905095576,-0.42766543710733007
2023-11-13 00:00:00+00:00,529721.2294586619,93561.26164689398,93561.26164689397,436159.9678117679,43,10,passive_limit,-0.029941015884976108,954111.7905095576,-0.44480171534642043
2023-11-14 00:00:00+00:00,529559.074241193,273941.5750408476,273941.5750408475,255617.49920034542,26,24,passive_limit,-0.0003061142511402437,954111.7905095576,-0.4449716694535615
2023-11-15 00:00:00+00:00,548169.047820062,273941.5750408476,273941.5750408476,274227.47277921444,26,24,passive_limit,0.03514239389729146,954111.7905095576,-0.42546664523734246
2023-11-16 00:00:00+00:00,538971.9671350962,263153.8843773086,263153.8843773086,275818.0827577876,25,25,passive_limit,-0.016777818305393932,954111.7905095576,-0.4351060614739388
2023-11-17 00:00:00+00:00,539891.9260831744,185110.18630144338,185110.18630144332,354781.73978173104,32,18,passive_limit,0.0017068771739061628,954111.7905095576,-0.43414185690459073
2023-11-18 00:00:00+00:00,541416.4670220481,250773.2509377065,250773.2509377066,290643.21608434163,27,23,passive_limit,0.0028237891052269593,954111.7905095576,-0.4325439928450139
2023-11-19 00:00:00+00:00,550754.5309399635,300108.1363455203,300108.13634552027,250646.39459444318,22,28,passive_limit,0.017247469345137656,954111.7905095576,-0.42275681275689414
2023-11-20 00:00:00+00:00,543736.885417573,258762.7570045258,258762.7570045258,284974.12841304723,26,25,passive_limit,-0.01274187524233994,954111.7905095576,-0.4301119734332365
2023-11-21 00:00:00+00:00,517027.10554125445,128613.24301533517,128613.24301533513,388413.8625259193,39,13,passive_limit,-0.049122619032560766,954111.7905095576,-0.4581063658534935
2023-11-22 00:00:00+00:00,541874.7647670901,218123.9430599762,218123.94305997624,323750.8217071138,30,21,passive_limit,0.048058716766548715,954111.7905095576,-0.43206365317245077
2023-11-23 00:00:00+00:00,542314.0284122181,298694.3785307645,298694.3785307645,243619.64988145357,23,28,passive_limit,0.0008106368365701222,954111.7905095576,-0.4316032630488853
2023-11-24 00:00:00+00:00,547656.5057721864,306641.986622092,306641.98662209196,241014.51915009448,22,30,passive_limit,0.009851261593969873,954111.7905095576,-0.426003838104021
2023-11-25 00:00:00+00:00,551688.019011158,338772.85391139693,338772.8539113969,212915.16509976116,19,33,passive_limit,0.007361390208059815,954111.7905095576,-0.421778428378376
2023-11-26 00:00:00+00:00,551623.2444658141,472783.3719886956,472783.37198869535,78839.87247711852,8,42,passive_limit,-0.0001174115498466799,954111.7905095576,-0.4218463182692549
2023-11-27 00:00:00+00:00,549720.2531888736,246912.742486134,246912.74248613388,302807.5107027397,28,23,passive_limit,-0.0034498025527972542,954111.7905095576,-0.42384083431639874
2023-11-28 00:00:00+00:00,560761.231595539,178709.07636759419,178709.07636759419,382052.1552279449,34,18,passive_limit,0.020084721897397406,954111.7905095576,-0.4122688377050071
2023-11-29 00:00:00+00:00,553690.1659835777,178709.07636759419,178709.07636759424,374981.0896159835,34,19,passive_limit,-0.012609761897843685,954111.7905095576,-0.41967998772148984
2023-11-30 00:00:00+00:00,558172.5054210054,181310.78131145847,181310.7813114584,376861.7241095469,34,19,passive_limit,0.008095392898057385,954111.7905095576,-0.41498206921548986
2023-12-01 00:00:00+00:00,565971.6874702229,245683.40473372646,245683.40473372655,320288.2827364965,27,24,passive_limit,0.013972709106004677,954111.7905095576,-0.40680778384684113
2023-12-02 00:00:00+00:00,567477.8208936361,480061.94246106624,480061.942461066,87415.87843256987,7,44,passive_limit,0.0026611462317933654,954111.7905095576,-0.4052292126160959
2023-12-03 00:00:00+00:00,567070.1073548892,559074.0512611046,559074.0512611046,7996.056093784565,1,49,passive_limit,-0.0007184660329189185,954111.7905095576,-0.40565653522420375
2023-12-04 00:00:00+00:00,578419.2703099168,364175.6864747264,364175.6864747265,214243.5838351904,18,32,passive_limit,0.02001368579974372,954111.7905095576,-0.39376153186304996
2023-12-05 00:00:00+00:00,583233.6457384599,317553.6826730306,317553.68267303065,265679.96306542924,22,28,passive_limit,0.008323331665564204,954111.7905095576,-0.3887156080243225
2023-12-06 00:00:00+00:00,575176.9807851678,216777.76277330026,216777.7627733002,358399.21801186755,31,20,passive_limit,-0.013813786313872867,954111.7905095576,-0.3971597599920802
2023-12-07 00:00:00+00:00,589248.7693287046,205529.1003387607,205529.10033876065,383719.6689899439,32,19,passive_limit,0.024465145535427224,954111.7905095576,-0.38241118578567457
2023-12-08 00:00:00+00:00,606267.5396919283,183882.94545519637,183882.94545519637,422384.59423673194,34,18,passive_limit,0.02888214833713132,954111.7905095576,-0.3645738940421833
2023-12-09 00:00:00+00:00,601286.065700333,376035.1873237025,376035.1873237027,225250.87837663048,20,30,passive_limit,-0.00821662659710698,954111.7905095576,-0.3697949530848925
2023-12-10 00:00:00+00:00,607866.862609226,412751.59599971754,412751.59599971725,195115.26660950852,17,34,passive_limit,0.01094453586119326,954111.7905095576,-0.3628976513490252
2023-12-11 00:00:00+00:00,606768.7893110432,154355.64988731153,154355.64988731153,452413.13942373166,38,13,passive_limit,-0.001806437175189024,954111.7905095576,-0.36404853671602855
2023-12-12 00:00:00+00:00,623766.3922056302,153814.70470341784,153814.70470341784,469951.6875022123,38,13,passive_limit,0.02801331115578143,954111.7905095576,-0.34623343049508015
2023-12-13 00:00:00+00:00,638317.659225464,97574.5597413988,97574.55974139879,540743.0994840652,43,8,passive_limit,0.023328071537135342,954111.7905095576,-0.3309823171930818
2023-12-14 00:00:00+00:00,651870.5427293167,127104.9321865454,127104.93218654543,524765.6105427713,40,11,passive_limit,0.02123219263634013,954111.7905095576,-0.3167776048746074
2023-12-15 00:00:00+00:00,624308.160685782,108874.17532269546,108874.17532269543,515433.9853630865,42,9,passive_limit,-0.042281987353092854,954111.7905095576,-0.3456656055446491
2023-12-16 00:00:00+00:00,634030.3825264132,481526.88961509033,481526.8896150901,152503.49291132286,12,38,passive_limit,0.01557279313784976,954111.7905095576,-0.3354757913768157
2023-12-17 00:00:00+00:00,631820.3536163527,287585.2449536019,287585.24495360197,344235.1086627507,27,23,passive_limit,-0.003485682975087445,954111.7905095576,-0.33779211209734694
2023-12-18 00:00:00+00:00,651053.6216146229,147798.50685707608,147798.50685707602,503255.11475754686,39,12,passive_limit,0.030441038957014666,954111.7905095576,-0.31763381598405993
2023-12-19 00:00:00+00:00,645118.0386684778,135433.0338238785,135433.0338238785,509685.0048445993,40,12,passive_limit,-0.009116887993687484,954111.7905095576,-0.3238548720544131
2023-12-20 00:00:00+00:00,666024.9771022768,157531.1453906858,157531.14539068576,508493.831711591,38,13,passive_limit,0.03240792720189756,954111.7905095576,-0.30194240997003485
2023-12-21 00:00:00+00:00,690154.8530327949,145165.6723574882,145165.6723574882,544989.1806753067,39,13,passive_limit,0.03622968621312328,954111.7905095576,-0.2766520025245601
2023-12-22 00:00:00+00:00,703577.2419635253,344259.9981349946,344259.99813499453,359317.2438285308,26,26,passive_limit,0.01944837288580592,954111.7905095576,-0.26258406094345677
2023-12-23 00:00:00+00:00,706365.0197858778,574846.4169061867,574846.4169061864,131518.60287969108,10,41,passive_limit,0.003962291069239843,954111.7905095576,-0.2596622043538178
2023-12-24 00:00:00+00:00,704719.0880542623,495398.6598871369,495398.6598871369,209320.42816712538,16,35,passive_limit,-0.0023301433189802934,954111.7905095576,-0.2613872975221314
2023-12-25 00:00:00+00:00,711836.3696500119,519237.2235160197,519237.22351602017,192599.14613399212,14,37,passive_limit,0.010099459084328855,954111.7905095576,-0.2539277087542906
2023-12-26 00:00:00+00:00,722210.1485001419,208552.58764689032,208552.58764689037,513657.56085325155,36,15,passive_limit,0.014573263312227969,954111.7905095576,-0.24305500080400966
2023-12-27 00:00:00+00:00,735041.6891644953,206898.93428872214,206898.93428872206,528142.7548757732,36,15,passive_limit,0.017767045632080203,954111.7905095576,-0.22960632446231966
2023-12-28 00:00:00+00:00,714608.7834346177,113539.29995975507,113539.29995975502,601069.4834748626,43,8,passive_limit,-0.02779829502337927,954111.7905095576,-0.25102195513906156
2023-12-29 00:00:00+00:00,713735.2325687888,198167.22754177943,198167.22754177934,515568.0050270094,37,14,passive_limit,-0.0012224183162573565,954111.7905095576,-0.2519375196195742
2023-12-30 00:00:00+00:00,714969.0422725665,198167.22754177943,198167.22754177934,516801.81473078707,37,14,passive_limit,0.0017286658237916086,954111.7905095576,-0.2506443695756798
2023-12-31 00:00:00+00:00,711884.8655611282,445603.91853107046,445603.91853107075,266280.9470300578,20,32,passive_limit,-0.0043137206355606805,954111.7905095576,-0.25387688042201473
2024-01-01 00:00:00+00:00,723265.075127115,469759.6645679417,469759.6645679416,253505.4105591733,18,34,passive_limit,0.015986025432661144,954111.7905095576,-0.24194933725654455
2024-01-02 00:00:00+00:00,720314.2831118299,606416.2251790459,606416.225179046,113898.05793278395,8,43,passive_limit,-0.004079820962966441,954111.7905095576,-0.24504204824139597
2024-01-03 00:00:00+00:00,709117.797997247,56026.63285489581,56026.63285489578,653091.1651423512,47,4,passive_limit,-0.015543888795614302,954111.7905095576,-0.25677703068889646
2024-01-04 00:00:00+00:00,739695.6749078817,56026.63285489581,56026.63285489578,683669.0420529859,47,4,passive_limit,0.04312101176559868,954111.7905095576,-0.2247285042847692
2024-01-05 00:00:00+00:00,717774.7562227666,106653.99092157697,106653.99092157697,611120.7653011896,43,11,passive_limit,-0.029635050506203076,954111.7905095576,-0.24770371421630966
2024-01-06 00:00:00+00:00,693163.6470083172,30557.088585197722,30557.088585197693,662606.5584231195,51,3,passive_limit,-0.034288067393124066,954111.7905095576,-0.2734984999628578
2024-01-07 00:00:00+00:00,666834.1801152849,17475.70544314351,17475.70544314348,649358.4746721414,52,2,passive_limit,-0.03798448895389983,954111.7905095576,-0.30109428816601025
2024-01-08 00:00:00+00:00,677268.7963653129,524221.6065359958,524221.606535996,153047.18982931713,14,37,passive_limit,0.015647992501260255,954111.7905095576,-0.290157816828144
2024-01-09 00:00:00+00:00,672092.3721747273,141681.51528000162,141681.51528000185,530410.8568947256,41,10,passive_limit,-0.007643086789714593,954111.7905095576,-0.295583202241127
2024-01-10 00:00:00+00:00,722790.7588044426,112216.83167183152,112216.8316718315,610573.927132611,43,9,passive_limit,0.07543365871817254,954111.7905095576,-0.24244646592363617
2024-01-11 00:00:00+00:00,735544.159922945,202618.52269623688,202618.52269623676,532925.6372267081,35,17,passive_limit,0.01764466543484522,954111.7905095576,-0.22907968726587413
2024-01-12 00:00:00+00:00,714023.6446881096,110182.52109896406,110182.52109896403,603841.1235891456,43,10,passive_limit,-0.02925795133373066,954111.7905095576,-0.2516352362580335
2024-01-13 00:00:00+00:00,728232.0699214658,98194.74398647765,98194.74398647764,630037.3259349882,44,10,passive_limit,0.019899096254105908,954111.7905095576,-0.23674345379115092
2024-01-14 00:00:00+00:00,719351.2351091225,505599.670651566,505599.6706515657,213751.5644575565,18,32,passive_limit,-0.01219506140851645,954111.7905095576,-0.24605141424262011
2024-01-15 00:00:00+00:00,721882.9408996211,555193.4552868657,555193.4552868657,166689.4856127554,15,35,passive_limit,0.0035194292675602146,954111.7905095576,-0.2433979455236699
2024-01-16 00:00:00+00:00,725205.019063038,564369.7318607903,564369.7318607902,160835.28720224774,14,36,passive_limit,0.004601962416894034,954111.7905095576,-0.23991609130442515
2024-01-17 00:00:00+00:00,723239.9105274761,652954.3707393211,652954.3707393216,70285.53978815494,7,43,passive_limit,-0.002709728261534705,954111.7905095576,-0.24197571215295532
2024-01-18 00:00:00+00:00,718329.5426284341,163917.46836560706,163917.46836560703,554412.074262827,38,13,passive_limit,-0.006789403941301786,954111.7905095576,-0.24712224524046644
2024-01-19 00:00:00+00:00,719026.0045724949,52609.103225004976,52609.103225004976,666416.9013474899,46,5,passive_limit,0.000969557706776758,954111.7905095576,-0.2463922868110786
2024-01-20 00:00:00+00:00,717383.2076944989,58896.08919968868,58896.089199688635,658487.1184948103,45,6,passive_limit,-0.0022847530792334814,954111.7905095576,-0.24811409435432108
2024-01-21 00:00:00+00:00,707807.7723839623,49132.512077907624,49132.512077907566,658675.2603060547,46,5,passive_limit,-0.013347727139181087,954111.7905095576,-0.2581500622626757
2024-01-22 00:00:00+00:00,670094.6685536176,52304.19407089669,52304.19407089668,617790.4744827208,46,5,passive_limit,-0.05328156217234448,954111.7905095576,-0.2976769858427768
2024-01-23 00:00:00+00:00,669549.4361237185,498274.6466446934,498274.64664469304,171274.78947902514,15,35,passive_limit,-0.0008136647782557294,954111.7905095576,-0.29824844134235495
2024-01-24 00:00:00+00:00,672036.0186951287,607485.5107500735,607485.5107500736,64550.50794505523,6,44,passive_limit,0.0037138147495217044,954111.7905095576,-0.29564226605331234
2024-01-25 00:00:00+00:00,671656.998129516,484338.5438099061,484338.5438099061,187318.4543196099,15,35,passive_limit,-0.0005639884694701447,954111.7905095576,-0.2960395156936404
2024-01-26 00:00:00+00:00,685051.793737736,494040.29880877835,494040.29880877875,191011.49492895757,14,36,passive_limit,0.019942910809420233,954111.7905095576,-0.28200049454176235
2024-01-27 00:00:00+00:00,686105.8271422527,515460.3288588754,515460.32885887515,170645.49828337732,12,38,passive_limit,0.0015386185601613533,954111.7905095576,-0.2808957671764776
2024-01-28 00:00:00+00:00,684778.3227546473,524331.057040064,524331.0570400639,160447.26571458328,11,39,passive_limit,-0.0019348391094922146,954111.7905095576,-0.282287118169946
2024-01-29 00:00:00+00:00,695026.8890048959,512147.12671714346,512147.1267171434,182879.76228775253,12,39,passive_limit,0.01496625390976436,954111.7905095576,-0.27154564494616873
2024-01-30 00:00:00+00:00,693964.9744961797,599749.4779885948,599749.4779885953,94215.49650758496,7,44,passive_limit,-0.0015278754326132349,954111.7905095576,-0.27265863245903565
2024-01-31 00:00:00+00:00,688051.0611961354,269570.4687560331,269570.46875603317,418480.5924401022,31,21,passive_limit,-0.00852191899791177,954111.7905095576,-0.2788569766770501
2024-02-01 00:00:00+00:00,695004.4764004168,158449.74856823854,158449.74856823857,536554.7278321782,39,13,passive_limit,0.010105958113331592,954111.7905095576,-0.27156913548962713
2024-02-02 00:00:00+00:00,701905.2477815084,160082.09139713726,160082.09139713726,541823.1563843711,39,13,passive_limit,0.009929103502803516,954111.7905095576,-0.2643364700412669
2024-02-03 00:00:00+00:00,693354.7216630735,172316.5088470351,172316.50884703503,521038.21281603846,38,13,passive_limit,-0.012181880881301677,954111.7905095576,-0.2732982355319421
2024-02-04 00:00:00+00:00,682572.9085962819,185120.49435072127,185120.49435072124,497452.41424556065,37,14,passive_limit,-0.015550212221718929,954111.7905095576,-0.28459860219131794
2024-02-05 00:00:00+00:00,685892.5960190368,455091.25168402464,455091.2516840249,230801.34433501214,17,33,passive_limit,0.004863491329566427,954111.7905095576,-0.2811192536959157
2024-02-06 00:00:00+00:00,684510.0741532423,525235.5542768376,525235.5542768374,159274.5198764047,12,39,passive_limit,-0.0020156535787363428,954111.7905095576,-0.28256826824488823
2024-02-07 00:00:00+00:00,689988.5622023179,524438.7338417373,524438.7338417373,165549.82836058066,12,39,passive_limit,0.008003517049552045,954111.7905095576,-0.2768262911478966
2024-02-08 00:00:00+00:00,689922.2730006695,511535.7361571471,511535.7361571471,178386.53684352245,13,38,passive_limit,-9.607289929092211e-05,954111.7905095576,-0.27689576854279696
2024-02-09 00:00:00+00:00,694742.3703478097,552148.9848861973,552148.9848861973,142593.38546161243,10,41,passive_limit,0.006986435335934571,954111.7905095576,-0.2718438475885805
2024-02-10 00:00:00+00:00,695809.0893971111,595933.8433110953,595933.8433110951,99875.2460860158,7,44,passive_limit,0.00153541671680002,954111.7905095576,-0.27072582445972715
2024-02-11 00:00:00+00:00,697216.933190707,600711.6931978165,600711.6931978163,96505.23999289049,7,43,passive_limit,0.002023319061289941,954111.7905095576,-0.26925027011945013
2024-02-12 00:00:00+00:00,703728.946757911,518098.3933757794,518098.39337577956,185630.55338213156,13,38,passive_limit,0.00934001062969414,954111.7905095576,-0.26242505987471965
2024-02-13 00:00:00+00:00,702763.6611492159,420203.71582075825,420203.71582075837,282559.94532845763,21,31,passive_limit,-0.0013716724502270683,954111.7905095576,-0.26343677110006736
2024-02-14 00:00:00+00:00,714187.8770659273,420203.71582075825,420203.7158207583,293984.16124516906,21,31,passive_limit,0.016256127839663126,954111.7905095576,-0.251463105089075
2024-02-15 00:00:00+00:00,718644.813180774,375293.7989664277,375293.7989664276,343351.01421434624,24,28,passive_limit,0.006240565344173943,954111.7905095576,-0.24679181168385833
2024-02-16 00:00:00+00:00,716017.219738517,264618.2369946139,264618.2369946139,451398.98274390306,32,19,passive_limit,-0.003656317271152454,954111.7905095576,-0.2495457797915721
2024-02-17 00:00:00+00:00,718607.1669027709,220323.24079699663,220323.2407969966,498283.92610577424,36,14,passive_limit,0.0036171576504817615,954111.7905095576,-0.24683126856760884
2024-02-18 00:00:00+00:00,733460.1084214703,337515.15851099114,337515.1585109911,395944.9499104791,27,24,passive_limit,0.02066906955954284,954111.7905095576,-0.23126397166756008
2024-02-19 00:00:00+00:00,737165.1322601244,325707.6090441522,325707.6090441521,411457.5232159723,28,23,passive_limit,0.005051431967619813,954111.7905095576,-0.2273807539193804
2024-02-20 00:00:00+00:00,733804.8569998448,168319.0507011974,168319.0507011974,565485.8062986473,40,12,passive_limit,-0.004558375204178677,954111.7905095576,-0.23090264233298552
2024-02-21 00:00:00+00:00,728336.8406406902,182979.61970805266,182979.61970805266,545357.2209326375,39,12,passive_limit,-0.007451594667157835,954111.7905095576,-0.23663364410190224
2024-02-22 00:00:00+00:00,730827.5586060719,279664.9755727686,279664.97557276854,451162.58303330326,32,20,passive_limit,0.003419733599073105,954111.7905095576,-0.23402313452623558
2024-02-23 00:00:00+00:00,722174.686106996,57357.51524425849,57357.51524425843,664817.1708627376,48,4,passive_limit,-0.011839827873458608,954111.7905095576,-0.24309216876849626
2024-02-24 00:00:00+00:00,748200.2542755539,52411.32794653536,52411.32794653531,695788.9263290185,48,8,passive_limit,0.03603777405831421,954111.7905095576,-0.21581489536360687
2024-02-25 00:00:00+00:00,749054.2841442123,261016.61614941992,261016.61614942,488037.6679947923,34,20,passive_limit,0.00114144557393292,954111.7905095576,-0.21491979074677536
2024-02-26 00:00:00+00:00,765798.2683710426,312027.9349821152,312027.9349821151,453770.3333889273,31,22,passive_limit,0.02235349904708195,954111.7905095576,-0.19737050103735054
2024-02-27 00:00:00+00:00,764066.7929718397,265568.3811386612,265568.3811386611,498498.4118331784,35,21,passive_limit,-0.0022610072008728554,954111.7905095576,-0.19918525211413807
2024-02-28 00:00:00+00:00,799669.1699769935,359565.5434856775,359565.5434856775,440103.6264913159,31,22,passive_limit,0.046595896239225665,954111.7905095576,-0.16187057121480675
2024-02-29 00:00:00+00:00,795699.9153277564,228623.2135853173,228623.2135853173,567076.7017424391,39,14,passive_limit,-0.0049636209550897314,954111.7905095576,-0.16603072801060237
2024-03-01 00:00:00+00:00,830001.6060893214,237499.2248519947,237499.22485199466,592502.3812373268,37,15,passive_limit,0.043108827964919216,954111.7905095576,-0.13007929013638253
2024-03-02 00:00:00+00:00,849735.8216130938,351764.10147753096,351764.10147753084,497971.7201355629,30,24,passive_limit,0.02377611727374007,954111.7905095576,-0.10939595331980989
2024-03-03 00:00:00+00:00,864631.7944243944,252482.4711583464,252482.47115834645,612149.323266048,38,15,passive_limit,0.017530122224367117,954111.7905095576,-0.09378355552799011
2024-03-04 00:00:00+00:00,899784.162210674,317541.6680542053,317541.6680542053,582242.4941564688,31,20,passive_limit,0.04065588151275579,954111.7905095576,-0.05694052713662523
2024-03-05 00:00:00+00:00,872744.1420698613,191467.6536401146,191467.65364011453,681276.4884297467,41,11,passive_limit,-0.030051673808503487,954111.7905095576,-0.08528104279713455
2024-03-06 00:00:00+00:00,942472.7941714788,156146.62998892675,156146.6299889267,786326.1641825521,43,9,passive_limit,0.07989586952281824,954111.7905095576,-0.012198776342406181
2024-03-07 00:00:00+00:00,962694.2918097525,138486.11816333293,138486.11816333293,824208.1736464195,44,8,passive_limit,0.021455789242224466,962694.2918097525,0.0
2024-03-08 00:00:00+00:00,987571.2973960231,429289.4267096966,429289.42670969653,558281.8706863265,27,23,passive_limit,0.02584102325932025,987571.2973960231,0.0
2024-03-09 00:00:00+00:00,1025264.2503952954,545161.2754792741,545161.2754792741,480102.9749160213,22,28,passive_limit,0.03816732330988071,1025264.2503952954,0.0
2024-03-10 00:00:00+00:00,1029808.2431062522,769524.72050288,769524.7205028795,260283.52260337208,13,38,passive_limit,0.004432021022097166,1029808.2431062522,0.0
2024-03-11 00:00:00+00:00,1072152.6595596406,481557.2384722601,481557.23847226007,590595.4210873805,27,24,passive_limit,0.041118739082592004,1072152.6595596406,0.0
2024-03-12 00:00:00+00:00,1084423.0746008332,268261.9044719891,247595.91021081473,816161.1701288441,38,12,passive_limit,0.01144465289694141,1084423.0746008332,0.0
2024-03-13 00:00:00+00:00,1086988.466590032,268261.9044719891,268261.904471989,818726.562118043,38,12,passive_limit,0.002365674476396684,1086988.466590032,0.0
2024-03-14 00:00:00+00:00,1078192.2024677359,245608.15830809975,245608.15830809975,832584.044159636,39,11,passive_limit,-0.008092325165041214,1086988.466590032,-0.008092325165041214
2024-03-15 00:00:00+00:00,1054676.7028845195,299256.8898874848,299256.8898874847,755419.8129970348,36,14,passive_limit,-0.021810118390204192,1086988.466590032,-0.029725948985343975
2024-03-16 00:00:00+00:00,1007242.7355768413,338492.4112790264,338492.41127902636,668750.3242978149,34,17,passive_limit,-0.044974888681950875,1086988.466590032,-0.0733639164207136
2024-03-17 00:00:00+00:00,1053316.5353101345,427175.12279586203,427175.12279586226,626141.4125142725,28,23,passive_limit,0.045742498909070894,1086988.466590032,-0.030977266378482304
2024-03-18 00:00:00+00:00,1012099.0144882563,251742.86149543806,251742.8614954383,760356.1529928183,38,13,passive_limit,-0.03913118178643449,1086988.466590032,-0.06889627112301366
2024-03-19 00:00:00+00:00,962610.6131579916,59951.76648949127,59951.766489491216,902658.8466685003,48,3,passive_limit,-0.0488967982596914,1086988.466590032,-0.11442426231275804
2024-03-20 00:00:00+00:00,1046569.5335722807,201461.7254165559,201461.72541655588,845107.8081557248,41,11,passive_limit,0.08722002361770032,1086988.466590032,-0.037184325556414266
2024-03-21 00:00:00+00:00,1039077.5044680425,512943.4252145528,512943.42521455296,526134.0792534897,27,25,passive_limit,-0.007158653929725478,1086988.466590032,-0.044076789767871105
2024-03-22 00:00:00+00:00,1031566.4882407507,492232.7002306251,492232.7002306251,539333.7880101256,28,23,passive_limit,-0.0072285428132110585,1086988.466590032,-0.05098672161917628
2024-03-23 00:00:00+00:00,1034363.3779771784,642261.1201867909,642261.1201867908,392102.25779038743,19,32,passive_limit,0.002711303409242749,1086988.466590032,-0.04841365868208569
2024-03-24 00:00:00+00:00,1040773.332515886,863070.8403061731,863070.840306173,177702.49220971297,8,43,passive_limit,0.00619700452972638,1086988.466590032,-0.04251667381451285
2024-03-25 00:00:00+00:00,1046322.4481423141,863070.8403061731,863070.840306173,183251.60783614105,8,43,passive_limit,0.005331723491621476,1086988.466590032,-0.03741163747145393
2024-03-26 00:00:00+00:00,1049600.6724478204,863070.8403061731,863070.840306173,186529.83214164738,8,44,passive_limit,0.0031330918220540127,1086988.466590032,-0.03439575974481124
2024-03-27 00:00:00+00:00,1051777.5007629108,838983.9655612898,838983.9655612903,212793.53520162098,10,40,passive_limit,0.0020739585751348155,1086988.466590032,-0.03239313655054754
2024-03-28 00:00:00+00:00,1056845.4678311031,851815.6386285617,851815.6386285616,205029.8292025415,10,41,passive_limit,0.004818478304124518,1086988.466590032,-0.0277307438720944
2024-03-29 00:00:00+00:00,1052679.5439468753,759487.6388279424,759487.6388279423,293191.9051189327,15,37,passive_limit,-0.003941847707193524,1086988.466590032,-0.03156328121013696
2024-03-30 00:00:00+00:00,1050099.0444257047,716271.8020594604,716271.8020594609,333827.2423662443,17,35,passive_limit,-0.0024513628444752245,1086988.466590032,-0.033937270999803926
2024-03-31 00:00:00+00:00,1059908.9995283228,695969.4478965244,695969.4478965246,363939.5516317984,18,34,passive_limit,0.00934193317734433,1086988.466590032,-0.02491237754036113
2024-04-01 00:00:00+00:00,1053386.3041036439,493713.36079482967,493713.3607948296,559672.9433088142,28,23,passive_limit,-0.006154014568780619,1086988.466590032,-0.030913080974815377
2024-04-02 00:00:00+00:00,1002508.8112294986,39135.942011613384,39135.942011613384,963372.8692178852,49,3,passive_limit,-0.04829898839195401,1086988.466590032,-0.07771899882760736
2024-04-03 00:00:00+00:00,986890.4109219883,121357.74704280923,121357.7470428092,865532.663879179,44,9,passive_limit,-0.015579314747723338,1086988.466590032,-0.09208750483071737
2024-04-04 00:00:00+00:00,1005535.5614504827,160585.85000540552,160585.85000540555,844949.7114450772,42,13,passive_limit,0.01889282773664336,1086988.466590032,-0.07493447045953805
2024-04-05 00:00:00+00:00,982770.857979828,118484.58740532974,118484.58740532969,864286.2705744983,46,9,passive_limit,-0.02263938178160163,1086988.466590032,-0.0958773821558041
2024-04-06 00:00:00+00:00,996031.1223960875,460598.9266076219,460598.92660762207,535432.1957884657,28,26,passive_limit,0.013492732622858883,1086988.466590032,-0.08367829741495303
2024-04-07 00:00:00+00:00,998016.3701062363,919904.3071759127,919904.3071759121,78112.06293032366,6,45,passive_limit,0.0019931583115324614,1086988.466590032,-0.08185192319740808
2024-04-08 00:00:00+00:00,1000175.3718025256,919904.3071759127,919904.3071759127,80271.0646266129,6,45,passive_limit,0.0021632928686925457,1086988.466590032,-0.07986570001045723
2024-04-09 00:00:00+00:00,992089.3856141669,716351.5908095734,716351.5908095735,275737.79480459343,16,36,passive_limit,-0.008084568383028734,1086988.466590032,-0.087304588680293
2024-04-10 00:00:00+00:00,1008703.3066622369,313647.3707532254,313647.3707532253,695055.9359090115,34,17,passive_limit,0.0167463953238296,1086988.466590032,-0.07202023051208795
2024-04-11 00:00:00+00:00,993980.1474362791,271269.7916289035,271269.7916289035,722710.3558073756,36,16,passive_limit,-0.014596124676815259,1086988.466590032,-0.08556513892509576
2024-04-12 00:00:00+00:00,860483.3660796501,35958.09491239152,35958.094912391505,824525.2711672586,50,2,passive_limit,-0.13430527933676562,1086988.466590032,-0.20837856837703728
2024-04-13 00:00:00+00:00,754452.6378652748,5.1513779908418655e-09,5.136826075613499e-09,754452.6378652697,52,0,passive_limit,-0.12322228690770609,1086988.466590032,-0.305923971546771
2024-04-14 00:00:00+00:00,809225.5510802831,141246.9068505577,141246.90685055766,667978.6442297255,42,10,passive_limit,0.07259953834874033,1086988.466590032,-0.2555343723021394
2024-04-15 00:00:00+00:00,796311.8972328934,409976.09003473166,409976.09003473184,386335.8071981617,27,26,passive_limit,-0.015958040165872878,1086988.466590032,-0.2674145846910536
2024-04-16 00:00:00+00:00,794822.4280526692,310680.04269187845,310680.0426918784,484142.38536079065,33,19,passive_limit,-0.0018704595340092167,1086988.466590032,-0.2687848560655943
2024-04-17 00:00:00+00:00,788630.8418391703,361103.46017286764,361103.4601728675,427527.3816663027,28,23,passive_limit,-0.0077898987182185575,1086988.466590032,-0.274480947978071
2024-04-18 00:00:00+00:00,804721.8841782345,323682.69389562553,323682.6938956255,481039.190282609,30,21,passive_limit,0.020403770034580715,1086988.466590032,-0.2596776240849086
2024-04-19 00:00:00+00:00,830241.3696489776,90645.00482406355,90645.0048240635,739596.3648249141,45,6,passive_limit,0.03171218028549472,1086988.466590032,-0.23620038743050342
2024-04-20 00:00:00+00:00,895782.522774059,208128.8396594694,208128.83965946943,687653.6831145895,37,13,passive_limit,0.0789422877744479,1086988.466590032,-0.17590429861303036
2024-04-21 00:00:00+00:00,888467.6707676903,362701.51102419954,362701.51102419954,525766.1597434907,28,22,passive_limit,-0.008165879351738292,1086988.466590032,-0.1826337646848425
2024-04-22 00:00:00+00:00,900462.932703371,531262.7101495373,531262.7101495374,369200.22255383374,19,32,passive_limit,0.013501067433681735,1086988.466590032,-0.17159844802383795
2024-04-23 00:00:00+00:00,902215.0966779945,566296.5647915512,566296.5647915512,335918.53188644326,18,32,passive_limit,0.0019458479755107838,1086988.466590032,-0.16998650454101505
2024-04-24 00:00:00+00:00,897313.5046306537,591872.1401413275,591872.1401413273,305441.36448932614,18,33,passive_limit,-0.005432841974589819,1086988.466590032,-0.17449583669862068
2024-04-25 00:00:00+00:00,902683.067919722,464274.722837838,464274.722837838,438408.34508188395,25,26,passive_limit,0.00598404377216899,1086988.466590032,-0.1695559836513174
2024-04-26 00:00:00+00:00,886606.2282220969,428747.43917323055,428747.43917323044,457858.78904886637,27,24,passive_limit,-0.017810060107447123,1086988.466590032,-0.1843462414983572
2024-04-27 00:00:00+00:00,902979.3699977713,197895.72799362536,197895.72799362536,705083.642004146,40,11,passive_limit,0.018467208163546633,1086988.466590032,-0.1692833937507282
2024-04-28 00:00:00+00:00,901009.3973477315,242175.04753718284,242175.04753718284,658834.3498105487,37,14,passive_limit,-0.002181636386714647,1086988.466590032,-0.17109571532596968
2024-04-29 00:00:00+00:00,898111.7633257608,465573.8479575879,465573.8479575882,432537.91536817286,24,28,passive_limit,-0.0032159864597420817,1086988.466590032,-0.17376146028190365
2024-04-30 00:00:00+00:00,873254.9468026308,159332.0101848076,159332.0101848076,713922.9366178232,43,9,passive_limit,-0.027676751979156533,1086988.466590032,-0.19662905942130182
2024-05-01 00:00:00+00:00,894241.1330037273,66351.41227080947,66351.41227080945,827889.7207329178,48,5,passive_limit,0.024032141218250258,1086988.466590032,-0.17732233552667598
2024-05-02 00:00:00+00:00,904697.1014568044,290543.95652531745,290543.9565253175,614153.1449314869,35,18,passive_limit,0.011692560392470241,1086988.466590032,-0.16770312725128522
2024-05-03 00:00:00+00:00,939987.0402049918,280474.505518684,280474.50551868393,659512.5346863079,36,17,passive_limit,0.03900746304079128,1086988.466590032,-0.1352373377485735
2024-05-04 00:00:00+00:00,948076.6318220488,315775.50222603115,315775.50222603115,632301.1295960177,34,19,passive_limit,0.008606067180769728,1086988.466590032,-0.12779513218181648
2024-05-05 00:00:00+00:00,950309.1984567544,784948.0772483918,784948.0772483912,165361.12120836266,8,43,passive_limit,0.002354837741771032,1086988.466590032,-0.12574123124052194
2024-05-06 00:00:00+00:00,950344.9499397404,902285.6927029388,902285.6927029383,48059.25723680158,3,47,passive_limit,3.7620895434908874e-05,1086988.466590032,-0.12570834084279947
2024-05-07 00:00:00+00:00,941542.1434433816,453173.90516334993,453173.90516334993,488368.2382800317,27,23,passive_limit,-0.009262748749195637,1086988.466590032,-0.13380668481508995
2024-05-08 00:00:00+00:00,931189.8578152528,193784.96349191602,193784.963491916,737404.8943233368,40,12,passive_limit,-0.010995031608748485,1086988.466590032,-0.14333050769483469
2024-05-09 00:00:00+00:00,965325.6277087065,158328.06770822717,158328.0677082272,806997.5600004793,42,10,passive_limit,0.03665822775770211,1086988.466590032,-0.11192652233283695
2024-05-10 00:00:00+00:00,933863.9076533541,103477.94360808627,103477.9436080863,830385.9640452679,45,7,passive_limit,-0.03259182099001123,1086988.466590032,-0.14087045414294197
2024-05-11 00:00:00+00:00,930699.2055078819,137984.44585415773,137984.44585415773,792714.7596537241,43,9,passive_limit,-0.003388825844468646,1086988.466590032,-0.143781894551689
2024-05-12 00:00:00+00:00,931883.2760437315,568698.58348348,568698.5834834797,363184.69256025145,19,31,passive_limit,0.0012722376132290325,1086988.466590032,-0.14269258167280985
2024-05-13 00:00:00+00:00,944317.4762059997,412425.9440410605,412425.94404106034,531891.5321649392,28,23,passive_limit,0.01334308757536351,1086988.466590032,-0.13125345371106134
2024-05-14 00:00:00+00:00,919730.1802695759,284821.1841506833,284821.1841506832,634908.9961188926,35,16,passive_limit,-0.026037107811674343,1086988.466590032,-0.15387310119780606
2024-05-15 00:00:00+00:00,976052.0145292182,301375.5528460851,301375.5528460851,674676.461683133,34,17,passive_limit,0.06123734489514532,1086988.466590032,-0.10205853647079632
2024-05-16 00:00:00+00:00,967919.8217323847,226670.93061181437,226670.93061181434,741248.8911205704,38,13,passive_limit,-0.0083317207236705,1086988.466590032,-0.10953993397112571
2024-05-17 00:00:00+00:00,996141.1793391085,226670.93061181437,226670.9306118144,769470.2487272942,38,13,passive_limit,0.029156710063249935,1086988.466590032,-0.08357704800301935
2024-05-18 00:00:00+00:00,999365.1309262619,672094.7106834494,672094.7106834499,327270.42024281254,17,34,passive_limit,0.0032364404303537597,1086988.466590032,-0.08061109970987212
2024-05-19 00:00:00+00:00,993806.9242486504,485216.25729722215,485216.2572972224,508590.66695142834,26,24,passive_limit,-0.0055617376528435125,1086988.466590032,-0.08572449957422212
2024-05-20 00:00:00+00:00,1057506.0432672654,444294.4495788694,444294.44957886933,613211.593688396,28,23,passive_limit,0.06409607084069524,1086988.466590032,-0.027123032331019314
2024-05-21 00:00:00+00:00,1067999.9267926794,497506.5231090884,497506.52310908836,570493.4036835909,26,25,passive_limit,0.009923237405804475,1086988.466590032,-0.017468943214200894
2024-05-22 00:00:00+00:00,1059404.7725716578,462186.7581437135,462186.7581437135,597218.0144279443,28,23,passive_limit,-0.008047897762347045,1086988.466590032,-0.025376252707543845
2024-05-23 00:00:00+00:00,1055349.7389354222,166119.1059187014,166119.10591870127,889230.6330167209,43,8,passive_limit,-0.00382765279260755,1086988.466590032,-0.02910677401560935
2024-05-24 00:00:00+00:00,1053925.809657781,537150.9424528296,537150.9424528297,516774.86720495124,26,24,passive_limit,-0.001349248713585327,1086988.466590032,-0.03041675045179748
2024-05-25 00:00:00+00:00,1060813.1652371865,599920.049489524,599920.0494895239,460893.11574766244,23,27,passive_limit,0.006534952950475681,1086988.466590032,-0.024080569534430718
2024-05-26 00:00:00+00:00,1057126.1453355732,612210.4221665654,612210.4221665655,444915.7231690077,22,28,passive_limit,-0.003475654358785052,1086988.466590032,-0.027472528156751497
2024-05-27 00:00:00+00:00,1074062.9319003355,622741.369508926,622741.3695089255,451321.56239140953,21,29,passive_limit,0.016021537864230773,1086988.466590032,-0.011891142442610247
2024-05-28 00:00:00+00:00,1081823.7752787154,693529.4904926551,693529.4904926547,388294.2847860604,17,33,passive_limit,0.007225687758024346,1086988.466590032,-0.004751376366962434
2024-05-29 00:00:00+00:00,1073011.972939353,586996.1115287939,586996.1115287939,486015.8614105591,22,28,passive_limit,-0.008145321392194593,1086988.466590032,-0.012857996271592786
2024-05-30 00:00:00+00:00,1072404.002450422,358378.80152680783,358378.80152680783,714025.200923614,33,17,passive_limit,-0.000566601775435549,1086988.466590032,-0.013417312683512317
2024-05-31 00:00:00+00:00,1073997.108354837,338407.6703798166,338407.67037981655,735589.4379750203,34,17,passive_limit,0.0014855463992813345,1086988.466590032,-0.011951698324776161
2024-06-01 00:00:00+00:00,1074235.2641167175,360854.7301169722,360854.7301169722,713380.5339997454,33,19,passive_limit,0.00022174711647537926,1086988.466590032,-0.011732601462941306
2024-06-02 00:00:00+00:00,1068017.5729945004,549391.4158259529,549391.4158259527,518626.1571685474,25,27,passive_limit,-0.0057880162101451305,1086988.466590032,-0.017452709185631687
2024-06-03 00:00:00+00:00,1073539.5471350108,609156.6674085383,609156.6674085382,464382.87972647266,22,30,passive_limit,0.005170302699259777,1086988.466590032,-0.012372642275783718
2024-06-04 00:00:00+00:00,1081254.045971349,784855.7257915452,784855.7257915449,296398.32017980394,14,36,passive_limit,0.007186040660473347,1086988.466590032,-0.005275511925781684
2024-06-05 00:00:00+00:00,1087135.3416611343,828498.4211383251,828498.4211383249,258636.92052280906,12,38,passive_limit,0.005439328261196641,1087135.3416611343,0.0
2024-06-06 00:00:00+00:00,1083172.432872374,623552.9882895439,623552.9882895435,459619.4445828302,21,30,passive_limit,-0.003645276385463525,1087135.3416611343,-0.003645276385463525
2024-06-07 00:00:00+00:00,1037396.2912871512,121400.64161072846,121400.64161072846,915995.6496764227,45,6,passive_limit,-0.042261176702801606,1087135.3416611343,-0.04575239941880849
2024-06-08 00:00:00+00:00,1010995.8012516791,127098.05175291366,127098.05175291363,883897.7494987654,45,7,passive_limit,-0.025448799323077975,1087135.3416611343,-0.07003685511052793
2024-06-09 00:00:00+00:00,1020204.7267509832,185095.89019641554,185095.8901964155,835108.8365545676,42,10,passive_limit,0.009108767304377263,1087135.3416611343,-0.06156603722208287
2024-06-10 00:00:00+00:00,987678.3507535663,75634.49115063058,75634.49115063058,912043.8596029356,48,4,passive_limit,-0.031882204761982114,1087135.3416611343,-0.09148538097896675
2024-06-11 00:00:00+00:00,944334.5211631928,179640.19497241062,179640.19497241057,764694.3261907822,43,11,passive_limit,-0.0438845597428591,1087135.3416611343,-0.13135514505465617
2024-06-12 00:00:00+00:00,957810.3400457965,652994.7013602091,652994.7013602091,304815.63868558727,17,35,passive_limit,0.014270175007480068,1087135.3416611343,-0.11895943095523898
2024-06-13 00:00:00+00:00,931922.4460259026,192694.05680199526,192694.05680199523,739228.3892239074,41,11,passive_limit,-0.02702820478911938,1087135.3416611343,-0.14277237588290304
2024-06-14 00:00:00+00:00,916917.6232363754,80714.54229107493,80714.54229107493,836203.0809453004,47,6,passive_limit,-0.016100935065480937,1087135.3416611343,-0.15657454219514888
2024-06-15 00:00:00+00:00,926709.2168891341,178071.84972908598,178071.8497290859,748637.3671600482,41,11,passive_limit,0.010678814982526097,1087135.3416611343,-0.14756775777969855
2024-06-16 00:00:00+00:00,940125.5385340732,250296.62520472717,250296.62520472714,689828.913329346,37,15,passive_limit,0.0144773801753868,1087135.3416611343,-0.13522677213531786
2024-06-17 00:00:00+00:00,886301.714454941,60136.44576303824,60136.44576303824,826165.2686919027,48,4,passive_limit,-0.057251741254746746,1087135.3416611343,-0.18473654522105876
2024-06-18 00:00:00+00:00,867384.1122972105,469291.5092373217,469291.50923732156,398092.6030598888,25,25,passive_limit,-0.021344426902484837,1087135.3416611343,-0.20213787643785508
2024-06-19 00:00:00+00:00,872259.9027982578,584216.3427709491,584216.342770949,288043.5600273087,18,32,passive_limit,0.005621258715627242,1087135.3416611343,-0.19765288702191253
2024-06-20 00:00:00+00:00,872279.6817057206,549026.8490395097,549026.8490395095,323252.83266621095,20,30,passive_limit,2.267547482048826e-05,1087135.3416611343,-0.19763469342015494
2024-06-21 00:00:00+00:00,869057.7637259975,459876.2012071379,459876.2012071378,409181.56251885963,25,25,passive_limit,-0.0036936753741904083,1087135.3416611343,-0.2005983703941736
2024-06-22 00:00:00+00:00,867648.591393145,641689.2838275086,641689.2838275085,225959.30756563647,13,37,passive_limit,-0.001621494441072402,1087135.3416611343,-0.2018945956927637
2024-06-23 00:00:00+00:00,861119.1834677719,418038.8393535482,418038.8393535482,443080.3441142236,25,25,passive_limit,-0.007525406011308355,1087135.3416611343,-0.2079006628999951
2024-06-24 00:00:00+00:00,888005.2190859296,63371.398600225875,63371.39860022602,824633.8204857036,46,4,passive_limit,0.031222200288102187,1087135.3416611343,-0.18316957874898576
2024-06-25 00:00:00+00:00,909178.1316956165,99190.79025786262,99190.79025786261,809987.3414377539,44,6,passive_limit,0.023843229920969877,1087135.3416611343,-0.16369370320865528
2024-06-26 00:00:00+00:00,891259.873862495,192149.35883947677,192149.35883947674,699110.5150230181,39,11,passive_limit,-0.019708192716540673,1087135.3416611343,-0.1801757888758755
2024-06-27 00:00:00+00:00,910219.563451045,177522.28479301214,177522.28479301205,732697.2786580329,40,11,passive_limit,0.02127290832289308,1087135.3416611343,-0.16273574359174392
2024-06-28 00:00:00+00:00,889958.6483609058,450510.0738431872,450510.0738431871,439448.57451771863,26,25,passive_limit,-0.022259371149221496,1087135.3416611343,-0.18137271942511224
2024-06-29 00:00:00+00:00,888801.0277141803,743924.2556962961,743924.2556962961,144876.77201788418,9,41,passive_limit,-0.0013007577923509483,1087135.3416611343,-0.182437555239351
2024-06-30 00:00:00+00:00,901849.9568813241,688423.6176875968,688423.6176875968,213426.33919372727,12,38,passive_limit,0.014681496488255563,1087135.3416611343,-0.17043451507766783
2024-07-01 00:00:00+00:00,896988.8268427713,670367.0762016276,670367.0762016274,226621.75064114368,13,37,passive_limit,-0.005390176050307782,1087135.3416611343,-0.17490601908665815
2024-07-02 00:00:00+00:00,893554.0763007915,649090.6523310747,649090.6523310748,244463.42396971682,14,36,passive_limit,-0.003829201032603091,1087135.3416611343,-0.1780654698103662
2024-07-03 00:00:00+00:00,859909.7828072057,64110.427590247855,64110.42759024782,795799.3552169579,46,5,passive_limit,-0.03765221869153035,1087135.3416611343,-0.20901312849118647
2024-07-04 00:00:00+00:00,777683.2019112922,70819.99312291217,70819.99312291213,706863.20878838,46,5,passive_limit,-0.09562233450523372,1087135.3416611343,-0.28464913970785066
2024-07-05 00:00:00+00:00,748674.1083143213,47962.488011262685,47962.48801126268,700711.6203030585,48,3,passive_limit,-0.03730194187771574,1087135.3416611343,-0.3113331159206423
2024-07-06 00:00:00+00:00,817037.9624440139,63162.99510702635,63162.995107026305,753874.9673369876,47,5,passive_limit,0.09131323411680081,1087135.3416611343,-0.24844871550621628
2024-07-07 00:00:00+00:00,770057.6627300524,76477.5273074421,76477.5273074421,693580.1354226102,47,4,passive_limit,-0.05750075501195673,1087135.3416611343,-0.2916634817948147
2024-07-08 00:00:00+00:00,775951.5441474111,559966.8535369929,559966.8535369926,215984.6906104182,15,35,passive_limit,0.007653818282209457,1087135.3416611343,-0.2862420028018192
2024-07-09 00:00:00+00:00,783032.5860212334,613552.7865010741,613552.786501074,169479.79952015926,11,39,passive_limit,0.009125623793432291,1087135.3416611343,-0.27972851583983493
2024-07-10 00:00:00+00:00,788226.3678709111,689538.7785088033,689538.7785088031,98687.58936210783,6,45,passive_limit,0.006632906398019278,1087135.3416611343,-0.2749510225042381
2024-07-11 00:00:00+00:00,784185.6092376731,550931.5229986012,550931.522998601,233254.0862390719,15,36,passive_limit,-0.005126393632520321,1087135.3416611343,-0.2786679089657378
2024-07-12 00:00:00+00:00,796987.587735459,528498.1613180317,528498.1613180317,268489.42641742725,16,35,passive_limit,0.016325189275318452,1087135.3416611343,-0.2668920260492422
2024-07-13 00:00:00+00:00,798165.6332889746,581409.0031587075,581409.0031587076,216756.63013026706,14,37,passive_limit,0.0014781228360944976,1087135.3416611343,-0.2658084024116226
2024-07-14 00:00:00+00:00,803285.276855873,581409.0031587075,581409.0031587075,221876.27369716542,14,37,passive_limit,0.006414262094700751,1087135.3416611343,-0.26109910507696366
2024-07-15 00:00:00+00:00,827363.4264629211,581409.0031587075,581409.0031587074,245954.42330421353,14,37,passive_limit,0.029974593461107757,1087135.3416611343,-0.23895085114359704
2024-07-16 00:00:00+00:00,828261.9489934873,701539.2530037457,701539.2530037459,126722.6959897416,8,43,passive_limit,0.0010860070699614255,1087135.3416611343,-0.23812434638735092
2024-07-17 00:00:00+00:00,827160.0380502858,774167.9563955457,774167.9563955466,52992.08165473997,4,47,passive_limit,-0.0013303894311945674,1087135.3416611343,-0.23913793770480152
2024-07-18 00:00:00+00:00,828419.7331662743,572210.4088910662,572210.4088910662,256209.32427520803,16,36,passive_limit,0.001522915830118876,1087135.3416611343,-0.2379792088255953
2024-07-19 00:00:00+00:00,843235.144731235,505411.03652735124,505411.0365273514,337824.1082038837,20,32,passive_limit,0.01788394333429899,1087135.3416611343,-0.2243512721766746
2024-07-20 00:00:00+00:00,845018.8132398936,505411.03652735124,505411.0365273515,339607.7767125424,20,32,passive_limit,0.0021152682259550915,1087135.3416611343,-0.22271056706820747
2024-07-21 00:00:00+00:00,861227.6775099095,413270.45758878015,413270.45758878,447957.2199211294,25,26,passive_limit,0.01918166082938355,1087135.3416611343,-0.20780086479944593
2024-07-22 00:00:00+00:00,836915.7950062685,367830.7601178263,367830.76011782634,469085.03488844226,28,23,passive_limit,-0.02822933254297466,1087135.3416611343,-0.23016411762727929
2024-07-23 00:00:00+00:00,809120.8877447459,431301.421885533,431301.4218855328,377819.46585921285,24,27,passive_limit,-0.033211115655087387,1087135.3416611343,-0.2557312261521959
2024-07-24 00:00:00+00:00,798601.5569435027,337026.1914549154,337026.19145491545,461575.3654885873,30,21,passive_limit,-0.013000938377160987,1087135.3416611343,-0.26540741861703643
2024-07-25 00:00:00+00:00,786703.6377413897,112995.48260645822,112995.4826064582,673708.1551349314,44,8,passive_limit,-0.014898442281592983,1087135.3416611343,-0.27635170379125684
2024-07-26 00:00:00+00:00,811399.5226333456,233599.77576947963,233599.7757694797,577799.7468638659,36,15,passive_limit,0.03139159870018804,1087135.3416611343,-0.2536352268765971
2024-07-27 00:00:00+00:00,811782.563434344,293030.624561941,293030.62456194096,518751.93887240306,32,19,passive_limit,0.00047207422522910214,1087135.3416611343,-0.2532828873045866
2024-07-28 00:00:00+00:00,806661.7062332432,337136.5909578656,337136.5909578655,469525.11527537764,29,22,passive_limit,-0.006308163579464399,1087135.3416611343,-0.2579933009990546
2024-07-29 00:00:00+00:00,810475.2462643245,461243.32190804236,461243.32190804195,349231.9243562822,21,30,passive_limit,0.004727558035311885,1087135.3416611343,-0.2544854212669375
2024-07-30 00:00:00+00:00,806557.8590948344,379998.5593419835,379998.55934198364,426559.2997528509,28,22,passive_limit,-0.004833444559283362,1087135.3416611343,-0.25808882465138117
2024-07-31 00:00:00+00:00,791301.5145570043,133740.56241922092,133740.56241922092,657560.9521377834,42,8,passive_limit,-0.018915375215550756,1087135.3416611343,-0.27212235290971054
2024-08-01 00:00:00+00:00,780297.3494583402,2.9831426218152046e-09,2.990418579429388e-09,780297.3494583372,50,0,passive_limit,-0.013906412279299896,1087135.3416611343,-0.28224451955903485
2024-08-02 00:00:00+00:00,723608.0070985553,72250.54542082283,72250.5454208228,651357.4616777325,45,5,passive_limit,-0.07265094825599105,1087135.3416611343,-0.33439013582900545
2024-08-03 00:00:00+00:00,688855.1037781902,27052.612919661853,27052.612919661795,661802.4908585284,48,3,passive_limit,-0.04802725091408744,1087135.3416611343,-0.3663575477864375
2024-08-04 00:00:00+00:00,664484.0783019378,276886.43637426436,276886.43637426425,387597.6419276735,28,24,passive_limit,-0.0353790301365029,1087135.3416611343,-0.3887752031990688
2024-08-05 00:00:00+00:00,632468.1339637185,203714.72975560726,203714.72975560726,428753.4042081112,38,14,passive_limit,-0.04818165759521986,1087135.3416611343,-0.4182250270722391
2024-08-06 00:00:00+00:00,664205.064898632,298818.110390636,298818.11039063596,365386.95450799604,30,20,passive_limit,0.05017949400235566,1087135.3416611343,-0.3890318533074899
2024-08-07 00:00:00+00:00,645321.6648690633,190463.18894397825,190463.1889439782,454858.4759250851,37,13,passive_limit,-0.028430075329899163,1087135.3416611343,-0.4064017237421268
2024-08-08 00:00:00+00:00,708770.9719634664,252372.79278287955,252372.79278287946,456398.1791805868,32,19,passive_limit,0.09832198506349088,1087135.3416611343,-0.3480379628901863
2024-08-09 00:00:00+00:00,699563.0302185441,196857.9865010305,196857.9865010305,502705.04371751356,36,15,passive_limit,-0.01299142051404012,1087135.3416611343,-0.3565078758734701
2024-08-10 00:00:00+00:00,699138.7966197405,511238.5675215292,511238.56752152863,187900.2290982114,12,38,passive_limit,-0.0006064265555471016,1087135.3416611343,-0.3568981065858259
2024-08-11 00:00:00+00:00,677566.4323230345,108292.57318846777,108292.57318846777,569273.8591345667,42,10,passive_limit,-0.030855624664238412,1087135.3416611343,-0.37674141722987464
2024-08-12 00:00:00+00:00,709520.749915627,207458.88437453404,207458.884374534,502061.8655410929,36,16,passive_limit,0.04716042009790411,1087135.3416611343,-0.3473482806368112
2024-08-13 00:00:00+00:00,713330.7585826229,207458.88437453404,207458.884374534,505871.87420808885,36,16,passive_limit,0.005369834028742693,1087135.3416611343,-0.34384364922525745
2024-08-14 00:00:00+00:00,701144.4015561047,259772.21975128332,259772.21975128338,441372.18180482136,32,20,passive_limit,-0.01708373973769517,1087135.3416611343,-0.355053253549129
2024-08-15 00:00:00+00:00,686175.2346457078,135692.15999963152,135692.15999963152,550483.0746460762,41,11,passive_limit,-0.021349620530627722,1087135.3416611343,-0.36882262184831804
2024-08-16 00:00:00+00:00,684102.0621821932,502029.3115447068,502029.31154470716,182072.75063748634,14,36,passive_limit,-0.003021345508899098,1087135.3416611343,-0.37072962678511534
2024-08-17 00:00:00+00:00,687505.5099966913,516466.38748950436,516466.3874895044,171039.12250718696,13,37,passive_limit,0.004975058551411893,1087135.3416611343,-0.3675989698337023
2024-08-18 00:00:00+00:00,687320.2066834325,516466.38748950436,516466.3874895043,170853.8191939281,13,37,passive_limit,-0.000269529931854251,1087135.3416611343,-0.36776942084026765
2024-08-19 00:00:00+00:00,690200.308712215,502836.89755450643,502836.89755450655,187363.41115770864,14,36,passive_limit,0.004190335160783487,1087135.3416611343,-0.36512016281469206
2024-08-20 00:00:00+00:00,691364.2460205148,617500.4943011877,617500.494301188,73863.75171932702,6,44,passive_limit,0.001686376105034526,1087135.3416611343,-0.3640495166276946
2024-08-21 00:00:00+00:00,694381.4911343161,593273.1891740272,593273.1891740271,101108.30196028891,7,43,passive_limit,0.004364190267530654,1087135.3416611343,-0.36127410771752977
2024-08-22 00:00:00+00:00,698863.4976798058,593273.1891740272,593273.1891740271,105590.30850577867,7,43,passive_limit,0.006454674559611462,1087135.3416611343,-0.357151339950049
2024-08-23 00:00:00+00:00,705427.866911399,593273.1891740272,593273.1891740275,112154.67773737173,7,43,passive_limit,0.009392920439236674,1087135.3416611343,-0.3511131136317299
2024-08-24 00:00:00+00:00,705990.9828866299,615060.0362575852,615060.0362575849,90930.94662904467,6,44,passive_limit,0.0007982615964641226,1087135.3416611343,-0.3505951321498929
2024-08-25 00:00:00+00:00,704325.1376798747,612720.12686409,612720.1268640901,91605.01081578474,6,44,passive_limit,-0.0023595842540991008,1087135.3416611343,-0.3521274576506074
2024-08-26 00:00:00+00:00,695268.7501708791,424090.1121218527,424090.11212185293,271178.63804902637,20,30,passive_limit,-0.012858248306781062,1087135.3416611343,-0.36045796367128136
2024-08-27 00:00:00+00:00,668264.5325924327,42505.500512733626,42505.500512733925,625759.0320796991,47,3,passive_limit,-0.038839970258708556,1087135.3416611343,-0.38529775734148264
2024-08-28 00:00:00+00:00,658100.7527302261,14189.08424850874,14189.08424850904,643911.6684817174,49,1,passive_limit,-0.015209216360439926,1087135.3416611343,-0.39464689674732367
2024-08-29 00:00:00+00:00,652601.8036068451,27067.09160886715,27067.09160886715,625534.7119979779,48,3,passive_limit,-0.00835578610200316,1087135.3416611343,-0.39970509779428687
2024-08-30 00:00:00+00:00,657074.9116509495,30358.511324695275,30358.511324695275,626716.4003262542,48,3,passive_limit,0.006854268589792545,1087135.3416611343,-0.3955905153014857
2024-08-31 00:00:00+00:00,649578.5016642424,258151.01156457377,258151.0115645736,391427.4900996686,30,20,passive_limit,-0.011408760026877074,1087135.3416611343,-0.4024860780703794
2024-09-01 00:00:00+00:00,644637.4504501759,391079.16335285944,391079.1633528596,253558.28709731644,20,31,passive_limit,-0.007606549787912198,1087135.3416611343,-0.4070310974665078
2024-09-02 00:00:00+00:00,659142.1485185155,415762.92437153636,415762.9243715363,243379.22414697922,18,33,passive_limit,0.022500551369161625,1087135.3416611343,-0.3936889702147375
2024-09-03 00:00:00+00:00,643499.1556886144,364898.7232536907,364898.72325369064,278600.4324349237,22,29,passive_limit,-0.023732351003588947,1087135.3416611343,-0.4080781563909488
2024-09-04 00:00:00+00:00,663590.2206355329,110091.59739146706,110091.59739146706,553498.6232440658,42,9,passive_limit,0.03122158711369072,1087135.3416611343,-0.3895974169862124
2024-09-05 00:00:00+00:00,647559.4460740013,98005.09257223905,98005.09257223905,549554.3535017621,43,8,passive_limit,-0.024157641362132498,1087135.3416611343,-0.40434330367317883
2024-09-06 00:00:00+00:00,638047.4069428035,282742.3708744486,282742.37087444845,355305.0360683549,29,22,passive_limit,-0.014689059342531396,1087135.3416611343,-0.4130929402332997
2024-09-07 00:00:00+00:00,646642.3472831505,282742.3708744486,282742.3708744486,363899.9764087019,29,22,passive_limit,0.013470692376181814,1087135.3416611343,-0.4051868957777731
2024-09-08 00:00:00+00:00,653634.3764199745,329336.8129783794,329336.81297837954,324297.563441595,25,26,passive_limit,0.010812822831973046,1087135.3416611343,-0.39875528706368213
2024-09-09 00:00:00+00:00,658345.8633200602,591802.6290971653,591802.6290971657,66543.23422289493,5,45,passive_limit,0.007208138173348644,1087135.3416611343,-0.3944214320968419
2024-09-10 00:00:00+00:00,660059.8731806246,604912.4345150588,604912.4345150589,55147.438665565845,4,46,passive_limit,0.002603509729552478,1087135.3416611343,-0.39284480240329755
2024-09-11 00:00:00+00:00,663159.5587176369,316541.24732131336,316541.2473213133,346618.3113963235,26,24,passive_limit,0.004696067225047118,1087135.3416611343,-0.38999356077934666
2024-09-12 00:00:00+00:00,674200.1556746829,316541.24732131336,316541.2473213132,357658.9083533696,26,25,passive_limit,0.016648477446959298,1087135.3416611343,-0.3798378823334817
2024-09-13 00:00:00+00:00,684429.6816693039,304012.054591138,304012.054591138,380417.62707816594,27,24,passive_limit,0.015172832442294837,1087135.3416611343,-0.370428266435069
2024-09-14 00:00:00+00:00,681245.8142423437,304162.13907408697,304162.13907408685,377083.67516825674,27,25,passive_limit,-0.004651854693377588,1087135.3416611343,-0.3733569426586708
2024-09-15 00:00:00+00:00,669419.1802084397,171669.50889356976,171669.50889356981,497749.6713148699,38,14,passive_limit,-0.017360303412736644,1087135.3416611343,-0.3842356562656013
2024-09-16 00:00:00+00:00,666614.7905504759,425827.5635899913,425827.5635899911,240787.2269604847,20,30,passive_limit,-0.004189287879517556,1087135.3416611343,-0.3868152703674468
2024-09-17 00:00:00+00:00,676004.9383145794,425827.5635899913,425827.5635899913,250177.37472458815,20,31,passive_limit,0.014086317761340617,1087135.3416611343,-0.378177755419441
2024-09-18 00:00:00+00:00,692616.6522205758,336381.61005014466,336381.6100501446,356235.04217043123,27,24,passive_limit,0.024573361767759927,1087135.3416611343,-0.3628974924481224
2024-09-19 00:00:00+00:00,704675.2824245021,353782.3263395528,353782.3263395527,350892.95608494926,26,26,passive_limit,0.017410251638139806,1087135.3416611343,-0.3518053774723543
2024-09-20 00:00:00+00:00,707376.482860167,469137.57432866836,469137.5743286684,238238.9085314987,17,34,passive_limit,0.003833255547677661,1087135.3416611343,-0.34932068183957543
2024-09-21 00:00:00+00:00,710358.7471385933,549977.2239477037,549977.2239477038,160381.52319088968,11,40,passive_limit,0.004215950559125048,1087135.3416611343,-0.3465774500043658
2024-09-22 00:00:00+00:00,707187.4284832908,399784.27813814697,399784.2781381471,307403.1503451438,22,29,passive_limit,-0.00446439023673173,1087135.3416611343,-0.34949458325702665
2024-09-23 00:00:00+00:00,717645.982789868,472384.5084352802,472384.50843528006,245261.47435458787,17,33,passive_limit,0.014788942627285806,1087135.3416611343,-0.33987429597007623
2024-09-24 00:00:00+00:00,729936.7806911163,429319.7548024474,429319.7548024474,300617.0258886689,20,30,passive_limit,0.01712654734506769,1087135.3416611343,-0.3285686218463115
2024-09-25 00:00:00+00:00,733829.7377785756,430807.7659708444,430807.7659708442,303021.97180773114,20,30,passive_limit,0.005333279799619506,1087135.3416611343,-0.3249876904403738
2024-09-26 00:00:00+00:00,751051.2377115295,377252.8742453909,377252.874245391,373798.3634661386,24,26,passive_limit,0.02346797771522069,1087135.3416611343,-0.3091465166021288
2024-09-27 00:00:00+00:00,757654.0993869322,553559.3154691918,553559.3154691914,204094.78391774048,13,37,passive_limit,0.008791492968604597,1087135.3416611343,-0.3030728830605004
2024-09-28 00:00:00+00:00,755423.0294566113,430443.6639819412,430443.66398194124,324979.36547467014,21,29,passive_limit,-0.0029447077922843956,1087135.3416611343,-0.30512512977240647
2024-09-29 00:00:00+00:00,756486.8450770809,416961.18492219935,416961.1849221991,339525.66015488154,22,29,passive_limit,0.0014082382704625473,1087135.3416611343,-0.3041465803869692
2024-09-30 00:00:00+00:00,734259.9718788704,158707.4790524238,158707.4790524238,575552.4928264465,40,11,passive_limit,-0.029381704841074607,1087135.3416611343,-0.3245919401746916
2024-10-01 00:00:00+00:00,689766.9052097489,118553.28496202838,118553.2849620284,571213.6202477205,43,8,passive_limit,-0.06059579491344169,1087135.3416611343,-0.36551882845075157
2024-10-02 00:00:00+00:00,671509.3116450703,88914.96372152204,88914.96372152206,582594.3479235483,45,6,passive_limit,-0.02646922232246951,1087135.3416611343,-0.3823130516399096
2024-10-03 00:00:00+00:00,662000.4985455298,188303.71042060675,188303.7104206067,473696.78812492307,37,13,passive_limit,-0.014160359260314226,1087135.3416611343,-0.3910597207390957
2024-10-04 00:00:00+00:00,686687.0505283053,236526.3107641812,236526.31076418114,450160.7397641242,33,17,passive_limit,0.03729083593896676,1087135.3416611343,-0.36835182868854865
2024-10-05 00:00:00+00:00,682089.6208128231,487338.1145265667,487338.114526567,194751.5062862564,14,36,passive_limit,-0.0066950872481797985,1087135.3416611343,-0.372580768305632
2024-10-06 00:00:00+00:00,687119.2207466192,578036.8890038929,578036.889003893,109082.33174272632,7,43,passive_limit,0.00737381097780454,1087135.3416611343,-0.3679542974872785
2024-10-07 00:00:00+00:00,692039.7164718412,598440.4581150002,598440.4581149998,93599.25835684105,6,44,passive_limit,0.007161050916135725,1087135.3416611343,-0.36342818603026006
2024-10-08 00:00:00+00:00,692289.3246315222,513101.603778723,513101.6037787228,179187.7208527992,13,37,passive_limit,0.0003606847320172246,1087135.3416611343,-0.3631985842961286
2024-10-09 00:00:00+00:00,682588.8762508733,138341.7309002987,138341.7309002985,544247.1453505746,40,10,passive_limit,-0.014012130529113653,1087135.3416611343,-0.37212152885409566
2024-10-10 00:00:00+00:00,684065.7002563244,68951.80135467224,68951.80135467224,615113.8989016521,45,5,passive_limit,0.0021635629539737966,1087135.3416611343,-0.37076307425432664
2024-10-11 00:00:00+00:00,722183.3909604369,80226.98707545557,80226.98707545557,641956.4038849813,44,7,passive_limit,0.0557222656973293,1087135.3416611343,-0.33570056709135554
2024-10-12 00:00:00+00:00,739067.0690325606,93943.40610261483,93943.40610261483,645123.6629299457,43,8,passive_limit,0.02337865739292333,1087135.3416611343,-0.32017013824307106
2024-10-13 00:00:00+00:00,738687.1675734719,224899.15612035102,224899.15612035108,513788.0114531209,34,17,passive_limit,-0.0005140283947246971,1087135.3416611343,-0.32051959009559594
2024-10-14 00:00:00+00:00,747200.4146474991,619382.7918087522,619382.7918087521,127817.6228387469,8,43,passive_limit,0.011524834121584338,1087135.3416611343,-0.31268869108258157
2024-10-15 00:00:00+00:00,751057.8380432511,444844.4370559801,444844.43705598003,306213.4009872709,21,33,passive_limit,0.005162501679782716,1087135.3416611343,-0.3091404452957618
2024-10-16 00:00:00+00:00,745695.8496025072,368596.87111195136,368596.8711119514,377098.97849055583,27,25,passive_limit,-0.007139248362967088,1087135.3416611343,-0.31407266324072425
2024-10-17 00:00:00+00:00,737146.0230207932,205902.77765873744,205902.77765873732,531243.2453620558,38,14,passive_limit,-0.011465568148557481,1087135.3416611343,-0.32193720986529617
2024-10-18 00:00:00+00:00,760383.8424835453,221308.65850641672,221308.65850641666,539075.1839771286,37,15,passive_limit,0.03152403830047734,1087135.3416611343,-0.30056193249896124
2024-10-19 00:00:00+00:00,761095.7618860509,235496.3754812193,235496.37548121932,525599.3864048317,36,18,passive_limit,0.0009362631906806307,1087135.3416611343,-0.2999070743821992
2024-10-20 00:00:00+00:00,766697.5449060283,510923.838278664,510923.8382786636,255773.70662736433,17,33,passive_limit,0.007360155318820505,1087135.3416611343,-0.29475428171204476
2024-10-21 00:00:00+00:00,756959.5756203751,238732.05062537518,238732.05062537524,518227.5249949999,33,18,passive_limit,-0.01270118751566729,1087135.3416611343,-0.3037117398246415
2024-10-22 00:00:00+00:00,757894.0379339892,337162.3085653223,337162.30856532214,420731.72936866694,27,24,passive_limit,0.0012344943425126598,1087135.3416611343,-0.3028521759066971
2024-10-23 00:00:00+00:00,746788.8591656329,132116.0906736627,132116.09067366272,614672.7684919701,42,10,passive_limit,-0.014652679942738334,1087135.3416611343,-0.31306725984591266
2024-10-24 00:00:00+00:00,755216.6571661617,132116.0906736627,132116.0906736627,623100.566492499,42,10,passive_limit,0.011285382604589111,1087135.3416611343,-0.30531496104965494
2024-10-25 00:00:00+00:00,693022.0961152894,56253.67973160159,56253.67973160159,636768.4163836878,48,5,passive_limit,-0.0823532697017677,1087135.3416611343,-0.3625245454201157
2024-10-26 00:00:00+00:00,700444.040941761,352886.7518367441,352886.7518367441,347557.2891050169,28,22,passive_limit,0.010709535623864008,1087135.3416611343,-0.35569747932995355
2024-10-27 00:00:00+00:00,705664.5167788361,416284.0423256298,416284.04232562985,289380.47445320635,23,27,passive_limit,0.007453094796917803,1087135.3416611343,-0.3508954315655065
2024-10-28 00:00:00+00:00,710610.4158170905,512045.53826596605,512045.53826596565,198564.87755112455,14,36,passive_limit,0.00700885324492595,1087135.3416611343,-0.34634595290473824
2024-10-29 00:00:00+00:00,722042.597924543,512045.53826596605,512045.53826596634,209997.05965857688,14,36,passive_limit,0.016087833576583943,1087135.3416611343,-0.33583007537840914
2024-10-30 00:00:00+00:00,718605.6852574241,526099.461531066,526099.4615310661,192506.22372635818,12,38,passive_limit,-0.004759986013287865,1087135.3416611343,-0.3389915149300543
2024-10-31 00:00:00+00:00,707069.8137464137,200693.44621989742,200693.4462198975,506376.3675265162,34,16,passive_limit,-0.016053131428925393,1087135.3416611343,-0.34960277101651704
2024-11-01 00:00:00+00:00,699904.9015946002,150795.3976393554,150795.3976393554,549109.5039552448,38,12,passive_limit,-0.01013324570292451,1087135.3416611343,-0.356193405942308
2024-11-02 00:00:00+00:00,687992.885365386,150754.9677271273,150754.96772712728,537237.9176382588,40,10,passive_limit,-0.017019478220648088,1087135.3416611343,-0.3671506582481825
2024-11-03 00:00:00+00:00,669273.2245473241,15395.085395160795,15395.085395160771,653878.1391521633,49,1,passive_limit,-0.027209090698837812,1087135.3416611343,-0.38436991338660753
2024-11-04 00:00:00+00:00,649756.1428536365,59754.681847046646,59754.681847046595,590001.4610065899,46,6,passive_limit,-0.029161605421893833,1087135.3416611343,-0.40232267505827357
2024-11-05 00:00:00+00:00,666218.4288617943,363196.5373989432,363196.53739894327,303021.8914628511,22,29,passive_limit,0.025336099072273077,1087135.3416611343,-0.38717986314029884
2024-11-06 00:00:00+00:00,710115.3333448076,412390.9164312165,412390.9164312165,297724.4169135911,18,33,passive_limit,0.06588965807807101,1087135.3416611343,-0.34680135385925637
2024-11-07 00:00:00+00:00,715068.3715616424,498285.62129187025,498285.62129187025,216782.75026977216,12,38,passive_limit,0.006974977139987626,1087135.3416611343,-0.3422453082345538
2024-11-08 00:00:00+00:00,715944.8694525481,593694.8504812836,593694.8504812837,122250.01897126444,9,41,passive_limit,0.0012257539639062287,1087135.3416611343,-0.3414390628138444
2024-11-09 00:00:00+00:00,722708.9486648913,612218.283302167,612218.2833021668,110490.66536272434,8,42,passive_limit,0.009447765464840163,1087135.3416611343,-0.33521713353500426
2024-11-10 00:00:00+00:00,732121.2138320974,612218.283302167,612218.2833021671,119902.93052993035,8,42,passive_limit,0.013023590180520017,1087135.3416611343,-0.3265592739231328
2024-11-11 00:00:00+00:00,739481.0637671945,585252.3237576138,585252.3237576141,154228.7400095808,10,41,passive_limit,0.010052775136201841,1087135.3416611343,-0.3197893257363216
2024-11-12 00:00:00+00:00,742493.0236310787,142156.36914324493,142156.36914324493,600336.6544878337,41,10,passive_limit,0.004073072336078676,1087135.3416611343,-0.3170187784562728
2024-11-13 00:00:00+00:00,738789.1035380767,138997.01675730525,138997.01675730527,599792.0867807715,42,9,passive_limit,-0.004988491440482967,1087135.3416611343,-0.3204258244339543
2024-11-14 00:00:00+00:00,714937.7124244939,60775.13939515655,60775.139395156526,654162.5730293373,47,4,passive_limit,-0.0322844381425742,1087135.3416611343,-0.34236549486830714
2024-11-15 00:00:00+00:00,751699.7343819193,44830.370173632575,44830.37017363255,706869.3642082866,48,3,passive_limit,0.051419894794412446,1087135.3416611343,-0.30854999780126
2024-11-16 00:00:00+00:00,776235.6232315034,70526.70006679802,70526.70006679803,705708.9231647054,46,6,passive_limit,0.0326405447911442,1087135.3416611343,-0.28598069303365536
2024-11-17 00:00:00+00:00,773954.4378892103,558045.9092679757,558045.9092679761,215908.52862123458,14,36,passive_limit,-0.00293877950717647,1087135.3416611343,-0.28807903834069637
2024-11-18 00:00:00+00:00,775112.8058251115,630471.4623026473,630471.4623026472,144641.34352246416,9,41,passive_limit,0.0014966875040607341,1087135.3416611343,-0.28701351513350204
2024-11-19 00:00:00+00:00,777885.7956271665,630578.9795280946,630578.9795280946,147306.81609907193,10,40,passive_limit,0.003577530626788228,1087135.3416611343,-0.284462784147406
2024-11-20 00:00:00+00:00,777070.3531198895,297457.88002000505,297457.880020005,479612.4730998844,31,19,passive_limit,-0.0010482804954929925,1087135.3416611343,-0.28521286785458366
2024-11-21 00:00:00+00:00,822805.9642842044,268407.1892951821,268407.1892951821,554398.7749890223,33,17,passive_limit,0.05885646129811706,1087135.3416611343,-0.24314302667507492
2024-11-22 00:00:00+00:00,827995.0440263061,279049.0035159621,279049.00351596205,548946.0405103441,32,18,passive_limit,0.006306565541993825,1087135.3416611343,-0.2383698585668863
2024-11-23 00:00:00+00:00,849842.2066014651,312775.18917211046,312775.18917211035,537067.0174293547,30,21,passive_limit,0.026385619977774777,1087135.3416611343,-0.21827377509141332
2024-11-24 00:00:00+00:00,867093.1056610297,306508.9069103436,306508.90691034356,560584.1987506861,31,19,passive_limit,0.020298943645728373,1087135.3416611343,-0.20240555850560593
2024-11-25 00:00:00+00:00,858502.9792557717,650270.0541080757,650270.0541080754,208232.9251476961,13,38,passive_limit,-0.009906809717636134,1087135.3416611343,-0.21030717486933515
2024-11-26 00:00:00+00:00,874329.9315050121,286211.49209335644,286211.49209335644,588118.4394116557,34,17,passive_limit,0.018435523966335632,1087135.3416611343,-0.19574877386559542
2024-11-27 00:00:00+00:00,905726.7432937975,286211.49209335644,286211.49209335644,619515.251200441,34,17,passive_limit,0.03590956989741967,1087135.3416611343,-0.16686845824563656
2024-11-28 00:00:00+00:00,913221.1171126267,250505.80936959924,250505.8093695991,662715.3077430275,36,15,passive_limit,0.008274431415787653,1087135.3416611343,-0.1599747684430607
2024-11-29 00:00:00+00:00,931960.8367911831,360625.59858643863,360625.59858643863,571335.2382047445,29,21,passive_limit,0.020520462489749036,1087135.3416611343,-0.14273706218845372
2024-11-30 00:00:00+00:00,951066.744249424,433008.5977156174,433008.59771561716,518058.14653380663,25,26,passive_limit,0.020500762160805097,1087135.3416611343,-0.12516251859110616
2024-12-01 00:00:00+00:00,950108.0485641131,912158.5512056613,912158.5512056618,37949.497358451845,2,49,passive_limit,-0.001008021457071795,1087135.3416611343,-0.12604437354381703
2024-12-02 00:00:00+00:00,977702.4692452867,408092.045535407,408092.0455354072,569610.4237098796,28,24,passive_limit,0.029043455344764935,1087135.3416611343,-0.10066168233353079
2024-12-03 00:00:00+00:00,1003577.5272187,318141.78480579343,318141.78480579343,685435.7424129066,34,19,passive_limit,0.02646516582226388,1087135.3416611343,-0.07686054462617187
2024-12-04 00:00:00+00:00,1014138.614601214,318141.78480579343,318141.78480579343,695996.8297954205,34,19,passive_limit,0.010523439491299413,1087135.3416611343,-0.0671459424255143
2024-12-05 00:00:00+00:00,1027273.4199508966,215338.811000811,215338.811000811,811934.6089500856,40,13,passive_limit,0.012951686446578847,1087135.3416611343,-0.05506390917139081
2024-12-06 00:00:00+00:00,1057310.4615180187,215338.811000811,215338.811000811,841971.6505172077,40,13,passive_limit,0.029239578269783184,1087135.3416611343,-0.02743437638366475
2024-12-07 00:00:00+00:00,1057568.1100472207,793629.1240272466,793629.1240272472,263938.98601997405,14,36,passive_limit,0.00024368294704291138,1087135.3416611343,-0.02719737872630934
2024-12-08 00:00:00+00:00,1059321.8552050795,880232.2473608075,880232.2473608073,179089.60784427196,9,41,passive_limit,0.0016582810517806745,1087135.3416611343,-0.02558419857232852
2024-12-09 00:00:00+00:00,957396.7282846986,2.510205376893282e-09,2.2773747332394123e-09,957396.728284696,50,0,passive_limit,-0.0962173360433961,1087135.3416611343,-0.11933989118429
2024-12-10 00:00:00+00:00,935906.2255578942,98501.53346551227,98501.53346551224,837404.692092382,44,9,passive_limit,-0.022446810284496577,1087135.3416611343,-0.13910790157200037
2024-12-11 00:00:00+00:00,1004174.6692030714,87556.91863601116,87556.91863601113,916617.7505670602,45,8,passive_limit,0.07294367937822233,1087135.3416611343,-0.07631126436502345
2024-12-12 00:00:00+00:00,1008803.7333724804,87556.91863601116,87556.91863601113,921246.8147364692,45,8,passive_limit,0.004609819697087847,1087135.3416611343,-0.07205322583751517
2024-12-13 00:00:00+00:00,1018336.8299131677,144261.55718803755,144261.55718803755,874075.2727251302,42,11,passive_limit,0.009449902122009135,1087135.3416611343,-0.06328421964724551
2024-12-14 00:00:00+00:00,1017732.1733914091,938663.2688127548,938663.2688127556,79068.90457865436,6,44,passive_limit,-0.0005937686863493052,1087135.3416611343,-0.06384041214562819
2024-12-15 00:00:00+00:00,1019861.053221298,889802.9698651405,889802.9698651405,130058.08335615751,9,41,passive_limit,0.002091787884424212,1087135.3416611343,-0.06188216486186682
2024-12-16 00:00:00+00:00,1017121.022099358,876291.1580993063,876291.1580993062,140829.8640000517,10,40,passive_limit,-0.002686671006099761,1087135.3416611343,-0.06440257884983747
2024-12-17 00:00:00+00:00,1010187.4890478018,672612.8338784727,672612.8338784727,337574.6551693292,19,31,passive_limit,-0.006816822089907526,1087135.3416611343,-0.07078038001759446
2024-12-18 00:00:00+00:00,954321.6488680253,45261.84982685442,45261.849826854595,909059.7990411709,48,2,passive_limit,-0.05530244710557186,1087135.3416611343,-0.12216849890113102
2024-12-19 00:00:00+00:00,872782.2854417958,103550.80311706575,103550.80311706572,769231.48232473,43,8,passive_limit,-0.08544222330379692,1087135.3416611343,-0.19717237404112775
2024-12-20 00:00:00+00:00,916832.4842090739,33858.598607682616,33858.598607682616,882973.8856013913,48,4,passive_limit,0.050471004627437255,1087135.3416611343,-0.15665285721632316
2024-12-21 00:00:00+00:00,868981.4416280362,29165.721230123818,29165.721230123774,839815.7203979124,49,3,passive_limit,-0.052191696307878455,1087135.3416611343,-0.2006685751746058
2024-12-22 00:00:00+00:00,872597.6976440515,189572.5455521552,189572.54555215518,683025.1520918963,40,10,passive_limit,0.00416148820076101,1087135.3416611343,-0.19734216688169748
2024-12-23 00:00:00+00:00,880837.9482347271,739631.1372279786,739631.1372279789,141206.8110067486,11,39,passive_limit,0.00944335587055023,1087135.3416611343,-0.1897623833212766
2024-12-24 00:00:00+00:00,887340.9842850342,721013.6958503871,721013.6958503872,166327.2884346471,12,38,passive_limit,0.007382783704243945,1087135.3416611343,-0.18378057424829541
2024-12-25 00:00:00+00:00,884950.8141898471,839158.1495024876,839158.1495024877,45792.664687359495,4,46,passive_limit,-0.002693632028180293,1087135.3416611343,-0.18597916903552303
2024-12-26 00:00:00+00:00,877322.9600568147,287532.7973893224,287532.7973893224,589790.1626674923,33,18,passive_limit,-0.008619523266968798,1087135.3416611343,-0.1929956405278186
2024-12-27 00:00:00+00:00,872844.6481497814,250386.70747035695,250386.70747035695,622457.9406794244,35,16,passive_limit,-0.005104519214615411,1087135.3416611343,-0.1971150097870228
2024-12-28 00:00:00+00:00,890021.9027893457,250386.70747035695,250386.70747035695,639635.1953189888,35,16,passive_limit,0.019679624175935384,1087135.3416611343,-0.18131453492313176
2024-12-29 00:00:00+00:00,863719.3452027456,250483.2017414481,250483.20174144802,613236.1434612975,35,16,passive_limit,-0.02955270820208733,1087135.3416611343,-0.2055089075818387
2024-12-30 00:00:00+00:00,862123.6152399438,201433.42652161108,201433.426521611,660690.1887183328,38,13,passive_limit,-0.0018475098093666542,1087135.3416611343,-0.20697673766853564
2024-12-31 00:00:00+00:00,859842.4001502102,764399.8059894589,764399.8059894582,95442.59416075128,6,45,passive_limit,-0.0026460417617706344,1087135.3416611343,-0.20907511033872028
2025-01-01 00:00:00+00:00,864577.7423975064,780829.4830361673,780829.4830361679,83748.25936133908,5,46,passive_limit,0.005507221144792185,1087135.3416611343,-0.2047193120624352
2025-01-02 00:00:00+00:00,866028.8904091525,780829.4830361673,780829.4830361675,85199.40737298515,5,46,passive_limit,0.0016784471083213237,1087135.3416611343,-0.20338447549146255
2025-01-03 00:00:00+00:00,873119.148013729,778993.2250738028,778993.225073803,94125.92293992625,5,47,passive_limit,0.008187091311961714,1087135.3416611343,-0.19686251145178502
2025-01-04 00:00:00+00:00,872187.0844410772,817956.1303883623,817956.1303883622,54230.95405271491,3,47,passive_limit,-0.0010675101728924163,1087135.3416611343,-0.19771986889104154
2025-01-05 00:00:00+00:00,872229.0249001114,749825.1292169518,749825.1292169519,122403.89568315964,7,43,passive_limit,4.808653989751832e-05,1087135.3416611343,-0.19768129001550783
2025-01-06 00:00:00+00:00,873800.1540551363,714376.009077532,714376.0090775318,159424.14497760424,9,41,passive_limit,0.0018012805240055219,1087135.3416611343,-0.19623608894916755
2025-01-07 00:00:00+00:00,824728.316801997,88455.12123362029,88455.1212336203,736273.1955683767,45,5,passive_limit,-0.05615910803563762,1087135.3416611343,-0.2413747532650179
2025-01-08 00:00:00+00:00,796189.9967283693,33411.43666676007,33411.43666676007,762778.5600616091,48,3,passive_limit,-0.03460329843443377,1087135.3416611343,-0.26762568907768447
2025-01-09 00:00:00+00:00,764084.0087718896,38497.12265871751,38497.12265871751,725586.886113172,48,3,passive_limit,-0.04032453068790942,1087135.3416611343,-0.2971583394535079
2025-01-10 00:00:00+00:00,781820.1993558055,95975.09257094144,95975.09257094143,685845.1067848641,44,7,passive_limit,0.023212356730804018,1087135.3416611343,-0.2808437281036321
2025-01-11 00:00:00+00:00,786910.7312788212,140545.10485418967,140545.10485418967,646365.6264246316,41,12,passive_limit,0.00651112868049486,1087135.3416611343,-0.2761612090759299
2025-01-12 00:00:00+00:00,782890.4113340003,692755.0929530448,692755.0929530448,90135.31838095548,6,45,passive_limit,-0.005108991128240814,1087135.3416611343,-0.27985929503703755
2025-01-13 00:00:00+00:00,789439.4184552522,107371.8380321411,107371.83803214108,682067.5804231111,44,7,passive_limit,0.008365164557441407,1087135.3416611343,-0.2738351995355105
2025-01-14 00:00:00+00:00,818605.3605509768,114925.77604212741,114925.7760421274,703679.5845088494,43,7,passive_limit,0.03694513019478496,1087135.3416611343,-0.24700694643947985
2025-01-15 00:00:00+00:00,878615.2688555236,114925.77604212741,114925.7760421274,763689.4928133962,43,9,passive_limit,0.07330749491324617,1087135.3416611343,-0.1918069119958824
2025-01-16 00:00:00+00:00,869288.1747476136,87740.73520406583,87740.7352040658,781547.4395435478,46,6,passive_limit,-0.010615674958687316,1087135.3416611343,-0.20038642712199195
2025-01-17 00:00:00+00:00,916078.0362654796,102668.95160999181,102668.95160999181,813409.0846554878,45,7,passive_limit,0.05382548949483956,1087135.3416611343,-0.1573468351551155
2025-01-18 00:00:00+00:00,912387.5432648442,816929.3164023957,816929.3164023957,95458.2268624485,8,42,passive_limit,-0.004028579285319633,1087135.3416611343,-0.1607415302397186
2025-01-19 00:00:00+00:00,864531.0925129679,39200.70139267016,39200.70139267016,825330.3911202977,48,2,passive_limit,-0.05245188966590786,1087135.3416611343,-0.2047622228967636
2025-01-20 00:00:00+00:00,866423.4615078897,2.7976057026535273e-09,2.801243681460619e-09,866423.4615078869,50,0,passive_limit,0.002188896398649165,1087135.3416611343,-0.20302152979039256
2025-01-21 00:00:00+00:00,890649.0948995542,22006.604160929932,22006.604160929914,868642.4907386242,47,3,passive_limit,0.027960500226417162,1087135.3416611343,-0.18073761309364722
2025-01-22 00:00:00+00:00,868054.8632122775,22006.604160929932,22006.604160929914,846048.2590513476,47,3,passive_limit,-0.025368275583129374,1087135.3416611343,-0.20152088709957994
2025-01-23 00:00:00+00:00,861579.9590854966,71591.03753017724,71591.03753017724,789988.9215553193,44,6,passive_limit,-0.00745909550327295,1087135.3416611343,-0.20747681906007287
2025-01-24 00:00:00+00:00,857060.5058045432,792739.99653833,792739.9965383309,64320.509266213136,5,45,passive_limit,-0.005245541325903824,1087135.3416611343,-0.21163403215742993
2025-01-25 00:00:00+00:00,858629.0328730055,798516.0410610376,798516.0410610376,60112.99181196795,5,45,passive_limit,0.001830124078567641,1087135.3416611343,-0.21019122461695794
2025-01-26 00:00:00+00:00,851452.899876891,508941.45116499625,508941.45116499625,342511.4487118948,21,29,passive_limit,-0.008357664045091528,1087135.3416611343,-0.21679218102147457
2025-01-27 00:00:00+00:00,847406.9381526583,49013.81247858255,49013.81247858249,798393.1256740758,47,3,passive_limit,-0.004751832690707558,1087135.3416611343,-0.22051385353931452
2025-01-28 00:00:00+00:00,788221.0797021231,31217.32858397864,31217.328583978582,757003.7511181445,47,3,passive_limit,-0.06984349051892358,1087135.3416611343,-0.27495588681927363
2025-01-29 00:00:00+00:00,816328.9334788667,46853.24413251657,46853.24413251656,769475.6893463501,46,5,passive_limit,0.03565986053984482,1087135.3416611343,-0.24910091485801344
2025-01-30 00:00:00+00:00,858084.4456932028,74085.63279520252,74085.63279520252,783998.8128980002,44,8,passive_limit,0.05115035190090689,1087135.3416611343,-0.2106921624109318
2025-01-31 00:00:00+00:00,856357.2316622199,311425.65554494254,311425.65554494254,544931.5761172773,32,20,passive_limit,-0.002012871856204801,1087135.3416611343,-0.21228093794309666
2025-02-01 00:00:00+00:00,828678.8317490517,469576.9798286202,469576.9798286203,359101.8519204315,26,26,passive_limit,-0.032321090883349446,1087135.3416611343,-0.23774087733838467
2025-02-02 00:00:00+00:00,761122.5677160213,58981.084149846574,58981.084149846574,702141.4835661747,48,4,passive_limit,-0.08152285474752952,1087135.3416611343,-0.29988241707510677
2025-02-03 00:00:00+00:00,799108.2346214954,11429.889004593335,11429.889004593337,787678.345616902,51,1,passive_limit,0.04990742426605688,1087135.3416611343,-0.26494135182794787
2025-02-04 00:00:00+00:00,744314.4733792552,11429.889004593335,11429.889004593337,732884.5843746618,51,1,passive_limit,-0.06856863547175651,1087135.3416611343,-0.3153433203248195
2025-02-05 00:00:00+00:00,723354.8597527537,49196.93879051483,49196.93879051483,674157.9209622389,47,5,passive_limit,-0.028159621203310614,1087135.3416611343,-0.33462299307878884
2025-02-06 00:00:00+00:00,701778.7091517546,287793.89191677514,287793.89191677514,413984.81723497953,28,23,passive_limit,-0.02982789195385227,1087135.3416611343,-0.3544697865498124
2025-02-07 00:00:00+00:00,702963.4247473462,560630.4321777839,560630.4321777838,142332.99256956228,11,39,passive_limit,0.001688161211136796,1087135.3416611343,-0.353380027482849
2025-02-08 00:00:00+00:00,707080.6751895508,606234.2945382362,606234.2945382361,100846.38065131461,8,42,passive_limit,0.00585699098595982,1087135.3416611343,-0.3495927801324744
2025-02-09 00:00:00+00:00,708709.8742616693,486321.3586690029,486321.3586690028,222388.51559266646,16,34,passive_limit,0.002304120490468353,1087135.3416611343,-0.3480941635300291
2025-02-10 00:00:00+00:00,716673.8968885506,473245.7617803522,473245.76178035204,243428.13510819842,17,33,passive_limit,0.011237352428845604,1087135.3416611343,-0.34076846789519466
2025-02-11 00:00:00+00:00,717097.5071446877,468154.454723844,468154.45472384396,248943.05242084368,17,33,passive_limit,0.0005910781151319267,1087135.3416611343,-0.3403788105637626
2025-02-12 00:00:00+00:00,736916.5530935421,375569.4953685015,375569.49536850146,361347.05772504053,22,28,passive_limit,0.027637867586193687,1087135.3416611343,-0.32214828747307633
2025-02-13 00:00:00+00:00,730692.5217113162,284100.20427347656,284100.20427347656,446592.3174378396,29,22,passive_limit,-0.008446046375397254,1087135.3416611343,-0.3278734544727212
2025-02-14 00:00:00+00:00,744951.745250264,410912.7580663568,410912.75806635676,334038.9871839072,21,31,passive_limit,0.019514670145456048,1087135.3416611343,-0.3147571266407515
2025-02-15 00:00:00+00:00,739073.7349612776,397912.2061201339,397912.20612013404,341161.52884114365,22,30,passive_limit,-0.007890457773223503,1087135.3416611343,-0.3201640065973951
2025-02-16 00:00:00+00:00,731597.6711617066,346519.5640025982,346519.56400259817,385078.1071591083,26,26,passive_limit,-0.01011545052397611,1087135.3416611343,-0.32704085395307725
2025-02-17 00:00:00+00:00,727904.6488057775,473579.3869560289,473579.38695602916,254325.2618497487,19,32,passive_limit,-0.0050478869759998934,1087135.3416611343,-0.3304378756617875
2025-02-18 00:00:00+00:00,722851.398142193,244738.73900474596,244738.73900474602,478112.659137447,34,16,passive_limit,-0.006942187650367471,1087135.3416611343,-0.33508610157252205
2025-02-19 00:00:00+00:00,729799.157940709,244738.73900474596,244738.73900474602,485060.4189359631,34,16,passive_limit,0.009611601798616531,1087135.3416611343,-0.3286952139504713
2025-02-20 00:00:00+00:00,742971.332207923,266979.7564256906,266979.75642569066,475991.5757822324,32,19,passive_limit,0.01804904010081665,1087135.3416611343,-0.3165788069471933
2025-02-21 00:00:00+00:00,728906.6470430191,293060.28900037444,293060.28900037444,435846.3580426447,30,21,passive_limit,-0.018930320128378697,1087135.3416611343,-0.3295161889142014
2025-02-22 00:00:00+00:00,746896.5503348325,357062.12979122106,357062.12979122106,389834.42054361146,25,26,passive_limit,0.02468066845705641,1087135.3416611343,-0.31296820026696914
2025-02-23 00:00:00+00:00,747749.3994729116,677662.1700604331,677662.1700604324,70087.22941247845,5,45,passive_limit,0.0011418571122021604,1087135.3416611343,-0.31218370812013485
2025-02-24 00:00:00+00:00,686284.1328060352,75792.82089334843,75792.82089334843,610491.3119126868,45,5,passive_limit,-0.08220035577454587,1087135.3416611343,-0.3687224520201887
2025-02-25 00:00:00+00:00,708064.8825555241,15742.042543650865,15742.042543650867,692322.8400118733,49,1,passive_limit,0.031737218898582276,1087135.3416611343,-0.3486874582941931
2025-02-26 00:00:00+00:00,714313.071392091,53600.75839646659,53600.75839646659,660712.3129956244,46,4,passive_limit,0.008824316797093612,1087135.3416611343,-0.3429400700922608
2025-02-27 00:00:00+00:00,699814.0424998753,40200.56879735067,40200.56879735067,659613.4737025247,47,3,passive_limit,-0.02029786304198411,1087135.3416611343,-0.3562769825599038
2025-02-28 00:00:00+00:00,713580.5421578248,26666.40069258196,26666.400692581956,686914.1414652428,48,3,passive_limit,0.019671653927910482,1087135.3416611343,-0.3436138861353919
2025-03-01 00:00:00+00:00,712486.5506187844,580908.7209735462,580908.7209735465,131577.8296452382,10,40,passive_limit,-0.0015331016954754917,1087135.3416611343,-0.34462019279944434
2025-03-02 00:00:00+00:00,715293.4656339157,623762.0789011181,623762.0789011179,91531.38673279757,7,43,passive_limit,0.0039396042110459994,1087135.3416611343,-0.34203825575116253
2025-03-03 00:00:00+00:00,688130.6779366961,146671.77454940882,146671.77454940858,541458.9033872873,40,10,passive_limit,-0.03797432662571176,1087135.3416611343,-0.36702390993449097
2025-03-04 00:00:00+00:00,687923.1792027008,40935.36258421109,40935.36258421105,646987.8166184898,47,4,passive_limit,-0.0003015397229744199,1087135.3416611343,-0.3672147773693387
2025-03-05 00:00:00+00:00,706025.6835864016,79998.02116448252,79998.02116448252,626027.662421919,44,8,passive_limit,0.026314717879809546,1087135.3416611343,-0.3505632127573004
2025-03-06 00:00:00+00:00,689303.9014221758,96338.58419453299,96338.58419453294,592965.3172276429,42,9,passive_limit,-0.023684382244119062,1087135.3416611343,-0.36594472186974913
2025-03-07 00:00:00+00:00,677038.3512345457,57564.582240811695,57564.582240811666,619473.768993734,46,5,passive_limit,-0.017794111076875896,1087135.3416611343,-0.3772271719176783
2025-03-08 00:00:00+00:00,673375.2796345919,493928.1724265368,493928.1724265366,179447.10720805504,14,36,passive_limit,-0.0054104344211437505,1087135.3416611343,-0.3805966434632879
2025-03-09 00:00:00+00:00,652202.4877490348,174112.97858398332,174112.9785839833,478089.50916505145,37,14,passive_limit,-0.03144278164925596,1087135.3416611343,-0.400072407955688
2025-03-10 00:00:00+00:00,623964.4273479085,82311.9843912833,82311.98439128323,541652.4429566253,44,8,passive_limit,-0.04329646226678019,1087135.3416611343,-0.4260471503074348
2025-03-11 00:00:00+00:00,654625.0889475022,32952.00456256223,32952.004562562164,621673.08438494,48,4,passive_limit,0.04913847689989859,1087135.3416611343,-0.3978439814611857
2025-03-12 00:00:00+00:00,666425.3170882039,79331.9635778739,79331.96357787387,587093.35351033,43,10,passive_limit,0.01802593322488444,1087135.3416611343,-0.3869895572800428
2025-03-13 00:00:00+00:00,653964.0874506347,78400.07263478175,78400.07263478171,575564.014815853,44,8,passive_limit,-0.018698613810195108,1087135.3416611343,-0.39845200281008
2025-03-14 00:00:00+00:00,662504.9942359722,492130.2298497412,492130.2298497408,170374.76438623096,13,38,passive_limit,0.013060207661605316,1087135.3416611343,-0.39059566104835697
2025-03-15 00:00:00+00:00,664722.7918964862,587082.4035522165,587082.4035522161,77640.38834426976,6,44,passive_limit,0.003347593874475807,1087135.3416611343,-0.38855562281620337
2025-03-16 00:00:00+00:00,667095.5187472845,606980.5273206349,606980.5273206348,60114.99142664968,5,45,passive_limit,0.0035694982626199856,1087135.3416611343,-0.38637307317415714
2025-03-17 00:00:00+00:00,674655.623111727,594744.022085077,594744.0220850767,79911.60102664995,6,44,passive_limit,0.011332866361685845,1087135.3416611343,-0.3794189212165079
2025-03-18 00:00:00+00:00,672745.374217367,486925.98507263616,486925.98507263616,185819.38914473087,14,36,passive_limit,-0.002831442930171124,1087135.3416611343,-0.38117606112462743
2025-03-19 00:00:00+00:00,682346.0792360484,445472.9805962596,445472.9805962597,236873.09863978878,17,33,passive_limit,0.014270934274130509,1087135.3416611343,-0.37234486536567846
2025-03-20 00:00:00+00:00,679501.9110503343,417199.8899682524,417199.8899682525,262302.021082082,19,31,passive_limit,-0.004168219430378151,1087135.3416611343,-0.3749610696934379
2025-03-21 00:00:00+00:00,681730.9214589614,434716.68303166854,434716.68303166877,247014.23842729293,18,33,passive_limit,0.003280359293149848,1087135.3416611343,-0.3729107174298262
2025-03-22 00:00:00+00:00,681656.2876239077,431040.30608760705,431040.30608760705,250615.98153630056,18,33,passive_limit,-0.00010947696914498373,1087135.3416611343,-0.3729793692638653
2025-03-23 00:00:00+00:00,677483.4926315614,568977.9867665106,568977.9867665105,108505.50586505068,8,42,passive_limit,-0.006121552853112666,1087135.3416611343,-0.37681770919490865
2025-03-24 00:00:00+00:00,680667.5739388302,600228.3393028328,600228.3393028326,80439.23463599735,6,44,passive_limit,0.00469986551982382,1087135.3416611343,-0.373888836233789
2025-03-25 00:00:00+00:00,680645.9209545333,617684.116499252,617684.116499252,62961.80445528123,5,45,passive_limit,-3.181139388142018e-05,1087135.3416611343,-0.3739087537026331
2025-03-26 00:00:00+00:00,678963.4147762405,595826.9337802522,595826.9337802524,83136.48099598818,7,43,passive_limit,-0.002471925749489956,1087135.3416611343,-0.3754564047758858
2025-03-27 00:00:00+00:00,679381.2706010639,531591.7676094169,531591.767609417,147789.502991647,11,39,passive_limit,0.0006154320184705853,1087135.3416611343,-0.3750720406504543
2025-03-28 00:00:00+00:00,658472.267659028,83795.48345003778,83795.48345003778,574676.7842089902,44,7,passive_limit,-0.03077653719175577,1087135.3416611343,-0.3943051592335436
2025-03-29 00:00:00+00:00,629445.7879734106,53191.6727087239,53191.6727087239,576254.1152646866,47,5,passive_limit,-0.04408155227069932,1087135.3416611343,-0.42100512801688306
2025-03-30 00:00:00+00:00,627561.253819201,64928.97678682428,64928.97678682427,562632.2770323767,46,7,passive_limit,-0.002993957843894779,1087135.3416611343,-0.4227386142554318
2025-03-31 00:00:00+00:00,621726.0627436751,89279.7836004567,89279.78360045668,532446.2791432184,44,10,passive_limit,-0.009298201633727743,1087135.3416611343,-0.4281061070154498
2025-04-01 00:00:00+00:00,636622.523140766,144890.51028035325,144890.51028035325,491732.01286041265,40,15,passive_limit,0.023959845484605946,1087135.3416611343,-0.41440361770595024
2025-04-02 00:00:00+00:00,626537.1179791968,460721.1457009264,460721.1457009265,165815.97227827035,18,35,passive_limit,-0.015842048930051922,1087135.3416611343,-0.42368066424751394
2025-04-03 00:00:00+00:00,638956.7842545932,289750.61277297745,289750.61277297745,349206.17148161575,30,21,passive_limit,0.01982271427980864,1087135.3416611343,-0.4122564507209634
2025-04-04 00:00:00+00:00,641963.918149066,260163.51816162714,260163.51816162711,381800.39998743887,32,20,passive_limit,0.0047063181244424435,1087135.3416611343,-0.4094903426024673
2025-04-05 00:00:00+00:00,640299.1330586299,240108.41393364678,240108.41393364687,400190.7191249831,33,19,passive_limit,-0.0025932689414011056,1087135.3416611343,-0.41102169295659374
2025-04-06 00:00:00+00:00,579327.2761229109,20096.035048477857,20096.035048477817,559231.2410744331,50,2,passive_limit,-0.09522401919312928,1087135.3416611343,-0.4671065745708318
2025-04-07 00:00:00+00:00,592090.4014016179,114012.68102820622,114012.68102820616,478077.7203734117,39,11,passive_limit,0.022030941412120253,1087135.3416611343,-0.4553664307362978
2025-04-08 00:00:00+00:00,575931.0771642533,260673.00145412123,260673.00145412135,315258.0757101321,28,22,passive_limit,-0.02729198818138523,1087135.3416611343,-0.47023056367182836
2025-04-09 00:00:00+00:00,625947.5339250437,195988.80302264058,195988.80302264052,429958.7309024031,34,16,passive_limit,0.08684451793617276,1087135.3416611343,-0.42422299235659033
2025-04-10 00:00:00+00:00,610167.5665897503,226192.24579339294,226192.24579339294,383975.32079635747,32,19,passive_limit,-0.02520972841979907,1087135.3416611343,-0.43873817434964524
2025-04-11 00:00:00+00:00,614487.7702038466,442042.2253147102,442042.22531471035,172445.54488913642,14,38,passive_limit,0.007080356037673541,1087135.3416611343,-0.43476424079368614
2025-04-12 00:00:00+00:00,623513.2749008797,430205.56913546205,430205.56913546205,193307.70576541766,15,38,passive_limit,0.01468785081603663,1087135.3416611343,-0.42646214228657464
2025-04-13 00:00:00+00:00,608471.0351453535,448332.4089347086,448332.4089347086,160138.62621064496,15,37,passive_limit,-0.024124971128990702,1087135.3416611343,-0.44029872654529423
2025-04-14 00:00:00+00:00,613757.0806257033,535557.5204114369,535557.5204114373,78199.56021426644,8,43,passive_limit,0.00868742335300654,1087135.3416611343,-0.4354363646315763
2025-04-15 00:00:00+00:00,613777.962184935,448319.6307852873,448319.6307852873,165458.33139964766,15,36,passive_limit,3.402251459228012e-05,1087135.3416611343,-0.4354171567570537
2025-04-16 00:00:00+00:00,610924.6862072113,237351.49281780876,237351.49281780876,373573.19338940264,32,20,passive_limit,-0.004648710370060427,1087135.3416611343,-0.4380417388751954
2025-04-17 00:00:00+00:00,617762.1022169896,221633.61389904356,221633.61389904367,396128.48831794603,33,18,passive_limit,0.011191913118173025,1087135.3416611343,-0.431752350840647
2025-04-18 00:00:00+00:00,620739.6231505955,256932.5036280867,256932.5036280867,363807.1195225088,28,22,passive_limit,0.004819850429348627,1087135.3416611343,-0.4290134821648699
2025-04-19 00:00:00+00:00,632710.8302077416,264474.36188114726,264474.3618811473,368236.4683265943,28,22,passive_limit,0.019285392152647907,1087135.3416611343,-0.4180017832545445
2025-04-20 00:00:00+00:00,632540.8182917812,371002.6127866119,371002.61278661166,261538.2055051694,20,30,passive_limit,-0.0002687039763560328,1087135.3416611343,-0.4181581684896162
2025-04-21 00:00:00+00:00,632503.387552985,595961.8205558577,595961.8205558574,36541.566997127244,3,47,passive_limit,-5.917521480647281e-05,1087135.3416611343,-0.4181925991049792
2025-04-22 00:00:00+00:00,633998.6506544318,573203.5044860968,573203.5044860969,60795.146168335035,5,45,passive_limit,0.002364039672944074,1087135.3416611343,-0.4168171833272508
2025-04-23 00:00:00+00:00,637179.5101917303,548134.3298663758,548134.3298663759,89045.18032535461,7,43,passive_limit,0.005017139285730554,1087135.3416611343,-0.4138912739069589
2025-04-24 00:00:00+00:00,640234.53765121,532136.0641341662,532136.0641341656,108098.47351704379,8,42,passive_limit,0.00479461032662587,1087135.3416611343,-0.4110811109563077
2025-04-25 00:00:00+00:00,643500.9462770262,519114.04102199984,519114.041022,124386.90525502637,9,42,passive_limit,0.005101893811913838,1087135.3416611343,-0.4080765093205766
2025-04-26 00:00:00+00:00,644699.5184738133,519114.04102199984,519114.0410219998,125585.47745181351,9,42,passive_limit,0.0018625803174361355,1087135.3416611343,-0.40697400427740904
2025-04-27 00:00:00+00:00,640724.6007278756,498812.29132015153,498812.2913201518,141912.30940772407,11,40,passive_limit,-0.0061655354658050054,1087135.3416611343,-0.41063032708618097
2025-04-28 00:00:00+00:00,645535.7247828303,433667.5558134583,433667.5558134583,211868.16896937205,16,34,passive_limit,0.0075088798674021184,1087135.3416611343,-0.40620482101478106
2025-04-29 00:00:00+00:00,647941.2005930035,383975.67476842826,383975.674768428,263965.52582457534,20,30,passive_limit,0.003726324845898299,1087135.3416611343,-0.4039921472859539
2025-04-30 00:00:00+00:00,692449.8891890734,205159.6850858536,205159.68508585356,487290.2041032198,34,16,passive_limit,0.06869248097718583,1087135.3416611343,-0.3630508892011409
2025-05-01 00:00:00+00:00,671092.946577027,192481.9410515454,192481.94105154538,478611.0055254816,35,15,passive_limit,-0.03084258217884539,1087135.3416611343,-0.3826960444946972
2025-05-02 00:00:00+00:00,666664.6651724102,256969.20432781588,256969.20432781577,409695.4608445943,30,22,passive_limit,-0.0065986111569249495,1087135.3416611343,-0.3867693932627084
2025-05-03 00:00:00+00:00,651094.6134914045,216268.7823018783,216268.78230187832,434825.8311895261,35,17,passive_limit,-0.023355147639299356,1087135.3416611343,-0.401091484619995
2025-05-04 00:00:00+00:00,623472.5579343138,150800.33680814836,150800.3368081484,472672.22112616536,39,12,passive_limit,-0.04242402714556526,1087135.3416611343,-0.4264995957341865
2025-05-05 00:00:00+00:00,621620.6492072114,312242.69467472617,312242.6946747261,309377.9545324853,26,25,passive_limit,-0.002970313133328739,1087135.3416611343,-0.4282030715169466
2025-05-06 00:00:00+00:00,622898.5920702303,126609.0657227987,126609.06572279868,496289.5263474316,41,12,passive_limit,0.0020558243434298795,1087135.3416611343,-0.4270275574718727
2025-05-07 00:00:00+00:00,621617.7357507788,128279.47835471795,128279.47835471794,493338.2573960608,41,12,passive_limit,-0.0020562838570472586,1087135.3416611343,-0.4282057514559763
2025-05-08 00:00:00+00:00,676036.0781647258,244866.06517534086,244866.06517534071,431170.0129893849,30,22,passive_limit,0.0875430980878007,1087135.3416611343,-0.37814911146964647
2025-05-09 00:00:00+00:00,697286.7661719607,379879.48551734595,379879.4855173458,317407.2806546148,21,30,passive_limit,0.03143425135671074,1087135.3416611343,-0.35860169433318945
2025-05-10 00:00:00+00:00,720337.1992095679,383557.09728848323,383557.09728848306,336780.1019210847,21,30,passive_limit,0.03305732183066068,1087135.3416611343,-0.33739878412112123
2025-05-11 00:00:00+00:00,720947.652814828,606799.8322975186,606799.8322975184,114147.82051730933,9,42,passive_limit,0.0008474553388746475,1087135.3416611343,-0.33683725918317986
2025-05-12 00:00:00+00:00,726564.674709972,427922.307574898,427922.30757489824,298642.36713507393,21,31,passive_limit,0.007791164688883079,1087135.3416611343,-0.33167044905394494
2025-05-13 00:00:00+00:00,747298.568403916,308721.4386207172,308721.43862071715,438577.1297831988,30,22,passive_limit,0.02853688655069897,1087135.3416611343,-0.3125984044801178
2025-05-14 00:00:00+00:00,726957.4801240701,309202.65011577203,309202.65011577186,417754.8300082981,30,23,passive_limit,-0.027219493171638853,1087135.3416611343,-0.33130912751554487
2025-05-15 00:00:00+00:00,701847.1454180239,81552.87681881868,81552.87681881861,620294.2685992053,47,7,passive_limit,-0.03454168282546677,1087135.3416611343,-0.35440683554118757
2025-05-16 00:00:00+00:00,694407.3463254807,128954.74320992734,128954.74320992737,565452.6031155534,43,11,passive_limit,-0.010600312534023382,1087135.3416611343,-0.3612503248542801
2025-05-17 00:00:00+00:00,677783.0567408786,227913.18709882302,227913.18709882305,449869.86964205565,37,15,passive_limit,-0.023940255921212628,1087135.3416611343,-0.37654215554686
2025-05-18 00:00:00+00:00,711528.0092292198,305234.54681799444,305234.54681799444,406293.46241122525,30,21,passive_limit,0.049787247044214666,1087135.3416611343,-0.345501905823418
2025-05-19 00:00:00+00:00,707341.5434423977,166018.04321779462,166018.04321779462,541323.5002246031,40,11,passive_limit,-0.005883768077320162,1087135.3416611343,-0.349352820816601
2025-05-20 00:00:00+00:00,708459.7521279772,423109.5623299591,423109.56232995936,285350.1897980181,21,29,passive_limit,0.0015808610365757314,1087135.3416611343,-0.34832423804247203
2025-05-21 00:00:00+00:00,716918.3227582795,423109.5623299591,423109.56232995936,293808.7604283204,21,29,passive_limit,0.011939380613924078,1087135.3416611343,-0.34054363308359203
2025-05-22 00:00:00+00:00,728568.6537650228,498631.08102137496,498631.0810213749,229937.5727436478,15,36,passive_limit,0.016250569467829434,1087135.3416611343,-0.3298270915820145
2025-05-23 00:00:00+00:00,713121.0343083548,424749.6332129361,424749.6332129361,288371.4010954187,22,30,passive_limit,-0.02120269569221689,1087135.3416611343,-0.34403656382036896
2025-05-24 00:00:00+00:00,714234.2073082135,581105.2947281131,581105.2947281129,133128.91258010032,11,39,passive_limit,0.001560987470995423,1087135.3416611343,-0.3430126131150615
2025-05-25 00:00:00+00:00,723044.9206643286,404988.8747486934,404988.8747486933,318056.0459156353,23,27,passive_limit,0.012335888236606252,1087135.3416611343,-0.33490809013758893
2025-05-26 00:00:00+00:00,720717.5665933809,404988.8747486934,404988.87474869355,315728.69184468756,23,28,passive_limit,-0.0032188236227554956,1087135.3416611343,-0.3370489036883576
2025-05-27 00:00:00+00:00,729948.1100360835,419194.52938620886,419194.52938620874,310753.5806498746,22,29,passive_limit,0.01280743507658988,1087135.3416611343,-0.32855820056339213
2025-05-28 00:00:00+00:00,729706.4749697873,486631.5334774509,486631.5334774507,243074.9414923364,16,35,passive_limit,-0.0003310304704867706,1087135.3416611343,-0.3287804682581641
2025-05-29 00:00:00+00:00,722724.9792309639,415727.35546215414,415727.3554621543,306997.62376880966,21,31,passive_limit,-0.009567539796207059,1087135.3416611343,-0.3352023878400956
2025-05-30 00:00:00+00:00,683407.3640707501,175995.02267813717,175995.02267813717,507412.3413926129,40,12,passive_limit,-0.0544019043067403,1087135.3416611343,-0.3713686439201682
2025-05-31 00:00:00+00:00,686377.5118916093,131996.26700860364,131996.26700860364,554381.2448830056,43,9,passive_limit,0.004346086941714233,1087135.3416611343,-0.36863655739235757
2025-06-01 00:00:00+00:00,696701.3242525433,117330.01511875914,117330.01511875914,579371.3091337841,44,8,passive_limit,0.015041011953439876,1087135.3416611343,-0.35914021230513105
2025-06-02 00:00:00+00:00,702379.6310553101,175039.65175102453,175039.65175102453,527339.9793042856,40,11,passive_limit,0.008150274163550408,1087135.3416611343,-0.3539170293350232
2025-06-03 00:00:00+00:00,701027.179890572,242755.02706703506,242755.0270670351,458272.15282353695,35,15,passive_limit,-0.0019255273144896945,1087135.3416611343,-0.35516107974246525
2025-06-04 00:00:00+00:00,699852.2824700223,526727.4200033162,526727.4200033158,173124.86246670605,11,39,passive_limit,-0.0016759655748769253,1087135.3416611343,-0.3562418075741577
2025-06-05 00:00:00+00:00,678212.1203439671,115669.30668149737,115669.30668149739,562542.8136624697,42,8,passive_limit,-0.030921042437240587,1087135.3416611343,-0.3761474819614784
2025-06-06 00:00:00+00:00,694946.9949487521,113615.83337882767,113615.83337882767,581331.1615699244,42,9,passive_limit,0.024674986044628033,1087135.3416611343,-0.3607539297849718
2025-06-07 00:00:00+00:00,717965.3296331196,113615.83337882767,113615.83337882768,604349.496254292,42,10,passive_limit,0.03312243214472055,1087135.3416611343,-0.3395805452004952
2025-06-08 00:00:00+00:00,714243.7257942866,106641.81691804856,106641.81691804853,607601.908876238,43,9,passive_limit,-0.005183542554533682,1087135.3416611343,-0.3430038575482903
2025-06-09 00:00:00+00:00,748119.1711112373,216678.6160912458,216678.61609124579,531440.5550199915,36,16,passive_limit,0.04742841147015886,1087135.3416611343,-0.3118435741697837
2025-06-10 00:00:00+00:00,748238.7289935142,709236.8973141703,709236.8973141701,39001.83167934398,3,47,passive_limit,0.00015981127993192068,1087135.3416611343,-0.3117335990105783
2025-06-11 00:00:00+00:00,747472.0826894777,409346.6980020683,409346.6980020683,338125.3846874094,23,27,passive_limit,-0.001024601205911524,1087135.3416611343,-0.31243879759502047
2025-06-12 00:00:00+00:00,701813.0567394247,31309.154038724515,31309.15403872452,670503.9027007002,48,2,passive_limit,-0.06108459032445379,1087135.3416611343,-0.3544381919669175
2025-06-13 00:00:00+00:00,690626.4954031492,21180.228554410874,21180.22855441086,669446.2668487383,48,4,passive_limit,-0.015939517267244296,1087135.3416611343,-0.3647281355531342
2025-06-14 00:00:00+00:00,674292.9679253022,15885.171415808943,15885.171415808929,658407.7965094933,49,3,passive_limit,-0.023650305319248388,1087135.3416611343,-0.3797525091080308
2025-06-15 00:00:00+00:00,678763.7719345993,29381.750269136573,29381.750269136573,649382.0216654626,48,5,passive_limit,0.006630358348616694,1087135.3416611343,-0.3756400459785867
2025-06-16 00:00:00+00:00,677955.9559643392,304317.03336399316,304317.03336399305,373638.922600346,28,22,passive_limit,-0.0011901282944987157,1087135.3416611343,-0.3763831144258195
2025-06-17 00:00:00+00:00,675369.256894506,454203.60070317634,454203.6007031765,221165.6561913297,17,33,passive_limit,-0.0038154382258560604,1087135.3416611343,-0.3787624861293285
2025-06-18 00:00:00+00:00,684915.3790423445,281539.18948539847,281539.18948539847,403376.18955694605,30,20,passive_limit,0.014134670849149433,1087135.3416611343,-0.36998149835162275
2025-06-19 00:00:00+00:00,681605.3335815349,272709.78526410484,272709.7852641048,408895.5483174301,30,20,passive_limit,-0.0048327801683146765,1087135.3416611343,-0.37302623927206036
2025-06-20 00:00:00+00:00,666081.5938983683,123004.68536540486,123004.68536540479,543076.9085329635,41,10,passive_limit,-0.022775261457530283,1087135.3416611343,-0.38730573059965023
2025-06-21 00:00:00+00:00,638727.296996212,39033.644153945665,39033.644153945614,599693.6528422664,47,5,passive_limit,-0.041067486555303456,1087135.3416611343,-0.4124675442707605
2025-06-22 00:00:00+00:00,623024.8639556251,177319.059634864,177319.05963486398,445705.80432076106,38,14,passive_limit,-0.024583939209161465,1087135.3416611343,-0.4269114064458175
2025-06-23 00:00:00+00:00,649941.5944430144,348877.3373081602,348877.3373081604,301064.25713485415,24,28,passive_limit,0.043203300613868345,1087135.3416611343,-0.40215208766011723
2025-06-24 00:00:00+00:00,654530.722853005,350563.34597012855,350563.34597012855,303967.3768828765,24,29,passive_limit,0.007060832002794726,1087135.3416611343,-0.39793078398786375
2025-06-25 00:00:00+00:00,649117.701557551,450687.8242009902,450687.82420099044,198429.8773565608,18,33,passive_limit,-0.008270079778470052,1087135.3416611343,-0.402909944436445
2025-06-26 00:00:00+00:00,647045.7936246232,347151.3192570582,347151.3192570584,299894.474367565,26,25,passive_limit,-0.003191883271641327,1087135.3416611343,-0.40481578619646164
2025-06-27 00:00:00+00:00,654568.6593738045,328972.03488236415,328972.03488236404,325596.62449144037,25,25,passive_limit,0.011626481190828208,1087135.3416611343,-0.397895888129597
2025-06-28 00:00:00+00:00,670258.6060976969,318450.32090799685,318450.32090799673,351808.2851897001,26,24,passive_limit,0.0239699021625972,1087135.3416611343,-0.3834635114763659
2025-06-29 00:00:00+00:00,685041.5509671594,330478.23741902964,330478.23741902976,354563.31354812975,25,25,passive_limit,0.022055583822384817,1087135.3416611343,-0.36986543927417415
2025-06-30 00:00:00+00:00,677539.1233785272,299352.48126627173,299352.48126627173,378186.6421122555,27,24,passive_limit,-0.010951784717350477,1087135.3416611343,-0.3767665373262056
2025-07-01 00:00:00+00:00,668313.1731132632,364838.36409076425,364838.36409076443,303474.80902249896,23,29,passive_limit,-0.013616852439840121,1087135.3416611343,-0.3852530154230053
2025-07-02 00:00:00+00:00,682590.6633555917,423067.8117774721,423067.811777472,259522.85157811962,20,32,passive_limit,0.021363472720159704,1087135.3416611343,-0.37211988498819426
2025-07-03 00:00:00+00:00,683630.7247553131,418454.7608090927,418454.7608090926,265175.9639462204,20,33,passive_limit,0.0015236970787273485,1087135.3416611343,-0.3711631858911598
2025-07-04 00:00:00+00:00,672078.0923060257,334079.8870270514,334079.8870270514,337998.20527897426,27,26,passive_limit,-0.016898936854282565,1087135.3416611343,-0.38178985950443334
2025-07-05 00:00:00+00:00,672925.570345822,421611.2072313428,421611.2072313429,251314.36311447926,20,31,passive_limit,0.0012609814982786904,1087135.3416611343,-0.3810103079552202
2025-07-06 00:00:00+00:00,675780.733870105,562377.3283231553,562377.3283231553,113403.40554694974,9,41,passive_limit,0.004242911326457266,1087135.3416611343,-0.37838398957988306
2025-07-07 00:00:00+00:00,674509.5085903014,489055.94761332293,489055.94761332317,185453.56097697842,14,36,passive_limit,-0.0018811209259007589,1087135.3416611343,-0.37955332446495926
2025-07-08 00:00:00+00:00,679483.7002252333,492083.00617106294,492083.0061710629,187400.69405417034,14,37,passive_limit,0.0073745315248821,1087135.3416611343,-0.37497782089671783
2025-07-09 00:00:00+00:00,681301.6325624828,565694.4296852069,565694.429685207,115607.202877276,8,43,passive_limit,0.0026754612901631614,1087135.3416611343,-0.3733055982510335
2025-07-10 00:00:00+00:00,693935.7489653167,565694.4296852069,565694.429685207,128241.3192801098,8,43,passive_limit,0.018544086494134637,1087135.3416611343,-0.36168412305961073
2025-07-11 00:00:00+00:00,698342.7047326998,512963.1054061141,512963.1054061141,185379.59932658565,12,39,passive_limit,0.006350668306041252,1087135.3416611343,-0.35763039065068236
2025-07-12 00:00:00+00:00,700183.3469588537,562092.8937902241,562092.8937902238,138090.45316862955,10,40,passive_limit,0.002635729153723121,1087135.3416611343,-0.3559372783438546
2025-07-13 00:00:00+00:00,698633.9324526035,580034.4515478138,580034.4515478141,118599.48090478958,9,41,passive_limit,-0.002212869690460084,1087135.3416611343,-0.35736250521936275
2025-07-14 00:00:00+00:00,699358.1841179454,539876.1690205684,539876.1690205684,159482.01509737695,12,38,passive_limit,0.0010366683204168226,1087135.3416611343,-0.3566963032870115
2025-07-15 00:00:00+00:00,711722.0190476353,398552.15923727467,398552.1592372745,313169.8598103606,22,29,passive_limit,0.017678830691433944,1087135.3416611343,-0.34532344614964905
2025-07-16 00:00:00+00:00,720031.1279674188,419524.56141554116,419524.561415541,300506.5665518776,20,32,passive_limit,0.011674654847551258,1087135.3416611343,-0.33768032334666187
2025-07-17 00:00:00+00:00,726208.0267149487,416636.5355972255,416636.53559722553,309571.49111772317,21,32,passive_limit,0.008578655154766412,1087135.3416611343,-0.3319985112384365
2025-07-18 00:00:00+00:00,733262.1101647944,340825.65984110074,340825.65984110057,392436.45032369357,27,27,passive_limit,0.009713585075278308,1087135.3416611343,-0.32550982194693845
2025-07-19 00:00:00+00:00,738547.474179407,400664.6343985711,400664.63439857087,337882.8397808359,23,29,passive_limit,0.007208014625799786,1087135.3416611343,-0.3206480868785737
2025-07-20 00:00:00+00:00,743224.1527559035,545212.9591343974,545212.959134397,198011.19362150613,14,38,passive_limit,0.006332265345152965,1087135.3416611343,-0.3163462503019515
2025-07-21 00:00:00+00:00,760266.3904591041,532936.3577747153,532936.3577747156,227330.03268438877,15,37,passive_limit,0.02293014515204761,1087135.3416611343,-0.30066997058763356
2025-07-22 00:00:00+00:00,771610.9423366135,358609.62946007965,358609.62946007954,413001.3128765339,28,23,passive_limit,0.01492181164375661,1087135.3416611343,-0.2902346996119195
2025-07-23 00:00:00+00:00,732490.0772836199,164940.80739133427,164940.8073913342,567549.2698922857,40,12,passive_limit,-0.05070024659646055,1087135.3416611343,-0.32621997536720604
2025-07-24 00:00:00+00:00,725025.0837451271,47645.20840116654,47645.20840116654,677379.8753439605,49,3,passive_limit,-0.010191255513216202,1087135.3416611343,-0.33308663975793995
2025-07-25 00:00:00+00:00,746798.6977637161,45923.914396080945,45923.914396080945,700874.7833676351,49,3,passive_limit,0.03003153202109532,1087135.3416611343,-0.31305820982453436
2025-07-26 00:00:00+00:00,751474.9594263777,90315.92062388614,90315.92062388614,661159.0388024915,46,6,passive_limit,0.006261743193533453,1087135.3416611343,-0.3087567567455495
2025-07-27 00:00:00+00:00,761348.3806873274,337343.2922008038,337343.2922008038,424005.08848652354,28,22,passive_limit,0.013138722903669908,1087135.3416611343,-0.2996747033133952
2025-07-28 00:00:00+00:00,746540.4278997125,423305.8417047443,423305.8417047445,323234.5861949682,23,27,passive_limit,-0.019449641140953933,1087135.3416611343,-0.3132957790158817
2025-07-29 00:00:00+00:00,743687.9488577805,411646.6452041808,411646.6452041805,332041.3036535998,22,28,passive_limit,-0.003820930435016079,1087135.3416611343,-0.3159196280736939
2025-07-30 00:00:00+00:00,744794.0842885386,191516.95084066165,191516.95084066162,553277.1334478769,37,13,passive_limit,0.0014873650063267352,1087135.3416611343,-0.3149021508669757
2025-07-31 00:00:00+00:00,719294.7815182486,163657.09324339472,163657.0932433947,555637.6882748539,39,11,passive_limit,-0.034236714963503,1087135.3416611343,-0.3383576506498521
2025-08-01 00:00:00+00:00,699605.2769696595,106896.60235726325,106896.60235726321,592708.6746123963,43,7,passive_limit,-0.027373345469057342,1087135.3416611343,-0.3564690152555724
2025-08-02 00:00:00+00:00,686100.900156234,250785.8355390272,250785.83553902715,435315.06461720687,32,18,passive_limit,-0.019302851562126078,1087135.3416611343,-0.36889099832972294
2025-08-03 00:00:00+00:00,701509.0019119284,362338.10990796034,362338.1099079602,339170.89200396807,24,26,passive_limit,0.022457486576953567,1087135.3416611343,-0.35471787639611807
2025-08-04 00:00:00+00:00,704343.5354961458,569975.1246735565,569975.1246735568,134368.41082258933,9,41,passive_limit,0.004040623251436504,1087135.3416611343,-0.35211053444374785
2025-08-05 00:00:00+00:00,701056.6004214317,333073.9941073217,333073.9941073218,367982.60631411005,26,24,passive_limit,-0.004666664644545571,1087135.3416611343,-0.35513401730623284
2025-08-06 00:00:00+00:00,708204.4575498432,391878.39250912366,391878.39250912354,316326.0650407196,22,28,passive_limit,0.010195834578997864,1087135.3416611343,-0.34855907042106427
2025-08-07 00:00:00+00:00,724417.6878934703,423681.4747862916,423681.47478629154,300736.21310717874,20,30,passive_limit,0.022893431650683915,1087135.3416611343,-0.3336453520252909
2025-08-08 00:00:00+00:00,728754.8052531991,423681.4747862916,423681.4747862916,305073.33046690753,20,30,passive_limit,0.0059870395660004405,1087135.3416611343,-0.329655860382878
2025-08-09 00:00:00+00:00,740028.8573866114,436611.4677616576,436611.46776165726,303417.3896249538,19,31,passive_limit,0.015470295430155323,1087135.3416611343,-0.31928543850312774
2025-08-10 00:00:00+00:00,740861.2861660852,667014.2251030728,667014.225103073,73847.06106301234,5,45,passive_limit,0.0011248598904824991,1087135.3416611343,-0.3185197299960326
2025-08-11 00:00:00+00:00,732507.235549904,317293.7248138132,317293.72481381334,415213.51073609083,28,22,passive_limit,-0.011276133295360702,1087135.3416611343,-0.32620419235875564
2025-08-12 00:00:00+00:00,761326.3886896935,271293.9101982962,271293.9101982962,490032.4784913974,31,19,passive_limit,0.03934316514724179,1087135.3416611343,-0.299694932623207
2025-08-13 00:00:00+00:00,784670.8477589926,256651.6845531454,256651.6845531454,528019.1632058471,32,18,passive_limit,0.030662879175220592,1087135.3416611343,-0.27822156295643774
2025-08-14 00:00:00+00:00,738353.3638906903,80986.1644226375,80986.1644226375,657367.1994680527,44,6,passive_limit,-0.05902791469899038,1087135.3416611343,-0.3208266389698158
2025-08-15 00:00:00+00:00,732788.7939495663,141283.74455750582,141283.74455750582,591505.0493920605,40,11,passive_limit,-0.007536459117355343,1087135.3416611343,-0.32594520123881654
2025-08-16 00:00:00+00:00,733358.939701069,485842.6065980444,485842.6065980446,247516.33310302466,17,34,passive_limit,0.0007780492226550084,1087135.3416611343,-0.3254207534266136
2025-08-17 00:00:00+00:00,734767.6483557145,529963.7713018202,529963.7713018202,204803.8770538943,14,36,passive_limit,0.0019208992737167474,1087135.3416611343,-0.32412495464180635
2025-08-18 00:00:00+00:00,728968.3354263487,236170.21547796443,236170.21547796435,492798.11994838435,34,17,passive_limit,-0.007892716755213303,1087135.3416611343,-0.3294594449367354
2025-08-19 00:00:00+00:00,707961.3575361042,180677.57113896264,180677.57113896264,527283.7863971415,38,14,passive_limit,-0.02881740793028864,1087135.3416611343,-0.34878268564579573
2025-08-20 00:00:00+00:00,736585.5578348738,182456.13299665507,182456.13299665507,554129.4248382187,38,14,passive_limit,0.0404318682002498,1087135.3416611343,-0.32245275302210596
2025-08-21 00:00:00+00:00,718212.4349778071,182456.13299665507,182456.13299665507,535756.301981152,38,14,passive_limit,-0.024943637112670003,1087135.3416611343,-0.3393532456774111
2025-08-22 00:00:00+00:00,775999.479587824,169734.69097804287,169734.6909780429,606264.7886097811,39,12,passive_limit,0.08045954343828998,1087135.3416611343,-0.2861979094506275
2025-08-23 00:00:00+00:00,775050.4772739852,441875.18704365107,441875.18704365124,333175.2902303341,22,29,passive_limit,-0.0012229419462277402,1087135.3416611343,-0.2870708479684654
2025-08-24 00:00:00+00:00,776908.6724724328,480349.8878752007,480349.8878752004,296558.7845972321,20,32,passive_limit,0.0023975150689323765,1087135.3416611343,-0.28536158958338853
2025-08-25 00:00:00+00:00,730204.0599886025,11330.70669303971,1.4915713109076023e-09,718873.3532955628,51,0,passive_limit,-0.06011596232437155,1087135.3416611343,-0.3283227653395423
2025-08-26 00:00:00+00:00,751641.0125266546,11330.70669303971,1.4915713109076023e-09,740310.3058336149,51,0,passive_limit,0.029357481987140277,1087135.3416611343,-0.3086040130218257
2025-08-27 00:00:00+00:00,740109.1737376973,24180.261407965772,24180.261407965772,715928.9123297315,50,2,passive_limit,-0.015342216027027122,1087135.3416611343,-0.3192115596142645
2025-08-28 00:00:00+00:00,756275.1002159525,78266.99075149249,78266.99075149244,678008.10946446,46,7,passive_limit,0.021842624104514208,1087135.3416611343,-0.3043413536162204
2025-08-29 00:00:00+00:00,732536.555197746,235565.70084551265,235565.70084551268,496970.8543522334,36,16,passive_limit,-0.031388769789495896,1087135.3416611343,-0.3261772227196331
2025-08-30 00:00:00+00:00,732016.9941032324,673422.2759639049,673422.2759639055,58594.718139327466,5,45,passive_limit,-0.000709263026980822,1087135.3416611343,-0.3266551403022956
2025-08-31 00:00:00+00:00,731177.9670935768,657993.961073994,657993.961073994,73184.00601958272,6,44,passive_limit,-0.0011461851520038202,1087135.3416611343,-0.32742691818265923
2025-09-01 00:00:00+00:00,732976.8038494323,222753.52306223867,222753.52306223867,510223.2807871936,35,15,passive_limit,0.0024601900451211023,1087135.3416611343,-0.3257722605821558
2025-09-02 00:00:00+00:00,749923.5228047877,222753.52306223867,222753.52306223867,527169.999742549,35,15,passive_limit,0.023120402809959417,1087135.3416611343,-0.3101838436611669
2025-09-03 00:00:00+00:00,758168.699330565,265095.33882232686,265095.33882232686,493073.3605082382,31,20,passive_limit,0.010994689825089887,1087135.3416611343,-0.3025995289858857
2025-09-04 00:00:00+00:00,737640.0847238244,201798.28829547507,201798.2882954751,535841.7964283493,37,13,passive_limit,-0.027076578899744463,1087135.3416611343,-0.3214827478640183
2025-09-05 00:00:00+00:00,750668.3561896719,207049.02729421572,207049.02729421575,543619.3288954562,37,13,passive_limit,0.017662098000985615,1087135.3416611343,-0.3094987096614332
2025-09-06 00:00:00+00:00,750143.098800967,661003.6514396338,661003.6514396336,89139.44736133324,8,43,passive_limit,-0.0006997196356738344,1087135.3416611343,-0.3099818669727412
2025-09-07 00:00:00+00:00,752662.262724091,661003.6514396338,661003.6514396336,91658.6112844571,8,43,passive_limit,0.003358244483153472,1087135.3416611343,-0.30766461738422657
2025-09-08 00:00:00+00:00,753930.218298894,661003.6514396338,661003.6514396336,92926.56685926023,8,43,passive_limit,0.0016846275382718101,1087135.3416611343,-0.30649829013295204
2025-09-09 00:00:00+00:00,753113.7252275378,706597.5332695664,706597.5332695666,46516.19195797143,3,47,passive_limit,-0.001082982286077394,1087135.3416611343,-0.3072493402001024
2025-09-10 00:00:00+00:00,753781.336737467,701869.6266084202,701869.6266084199,51911.71012904683,3,47,passive_limit,0.0008864683879283852,1087135.3416611343,-0.3066352386394734
2025-09-11 00:00:00+00:00,755886.0716717024,687101.5839834588,687101.5839834592,68784.48768824358,4,46,passive_limit,0.0027922354025706753,1087135.3416611343,-0.3046992010059074
2025-09-12 00:00:00+00:00,756080.5805758336,687101.5839834588,687101.583983459,68978.9965923747,4,46,passive_limit,0.00025732568891090324,1087135.3416611343,-0.304520282248806
2025-09-13 00:00:00+00:00,757094.8907745106,672333.5413584975,672333.5413584977,84761.34941601306,5,45,passive_limit,0.0013415371651319674,1087135.3416611343,-0.3035872703598472
2025-09-14 00:00:00+00:00,755575.9888309794,382485.9841840756,382485.98418407555,373090.0046469038,25,25,passive_limit,-0.0020062240044669277,1087135.3416611343,-0.3049844302950677
2025-09-15 00:00:00+00:00,730248.2091707585,134681.79210614186,134681.79210614186,595566.4170646166,41,9,passive_limit,-0.03352115476751438,1087135.3416611343,-0.32828215477297895
2025-09-16 00:00:00+00:00,733718.4325446396,147615.54582255444,147615.54582255438,586102.8867220852,40,11,passive_limit,0.00475211487039684,1087135.3416611343,-0.3250900744119646
2025-09-17 00:00:00+00:00,753161.6392186019,147615.54582255444,147615.54582255444,605546.0933960474,40,11,passive_limit,0.026499547798643164,1087135.3416611343,-0.30720526657906566
2025-09-18 00:00:00+00:00,762670.7972410772,162151.29036957936,162151.29036957934,600519.5068714978,39,14,passive_limit,0.012625653680850002,1087135.3416611343,-0.29845828020297627
2025-09-19 00:00:00+00:00,743923.9817432917,394014.66219507426,394014.66219507396,349909.3195482175,25,28,passive_limit,-0.024580481599139614,1087135.3416611343,-0.3157025135374757
2025-09-20 00:00:00+00:00,732963.3424449776,628491.8996715636,628491.8996715634,104471.44277341399,9,42,passive_limit,-0.01473354746896216,1087135.3416611343,-0.3257846430371628
2025-09-21 00:00:00+00:00,730941.2258609938,497652.19040472363,497652.1904047236,233289.03545627015,18,33,passive_limit,-0.0027588236230730034,1087135.3416611343,-0.3276446842909905
2025-09-22 00:00:00+00:00,691658.1290775692,2.6029738364741206e-09,2.5502231437712908e-09,691658.1290775667,51,0,passive_limit,-0.05374316756747721,1087135.3416611343,-0.36377918868802384
2025-09-23 00:00:00+00:00,683607.232199492,2.6029738364741206e-09,2.5502231437712908e-09,683607.2321994895,51,0,passive_limit,-0.011639994586363445,1087135.3416611343,-0.371184795487427
2025-09-24 00:00:00+00:00,687440.121449457,82825.82096731607,82825.82096731606,604614.300482141,43,9,passive_limit,0.005606858835639716,1087135.3416611343,-0.36765911740202106
2025-09-25 00:00:00+00:00,648394.1337462547,29013.61251899776,29013.612518997747,619380.521227257,49,4,passive_limit,-0.056799110911470274,1087135.3416611343,-0.4035755173265607
2025-09-26 00:00:00+00:00,667362.9548202289,132568.55667959628,132568.55667959628,534794.3981406325,41,12,passive_limit,0.029255078179651672,1087135.3416611343,-0.38612707245769096
2025-09-27 00:00:00+00:00,667042.4867268102,588116.2807377528,588116.280737753,78926.20598905742,9,42,passive_limit,-0.0004802006031410233,1087135.3416611343,-0.3864218546077487
2025-09-28 00:00:00+00:00,675532.8225507336,490921.6487172793,490921.64871727955,184611.17383345432,17,34,passive_limit,0.01272832839417104,1087135.3416611343,-0.37861203047770964
2025-09-29 00:00:00+00:00,671985.6594586993,463769.2701981017,463769.27019810176,208216.38926059759,19,32,passive_limit,-0.005250911537711289,1087135.3416611343,-0.3818748837362692
2025-09-30 00:00:00+00:00,671454.4136680162,441982.6042797586,441982.6042797583,229471.80938825765,18,32,passive_limit,-0.0007905612020218111,1087135.3416611343,-0.38236354947118256
2025-10-01 00:00:00+00:00,673413.9369946645,436877.54636187555,436877.5463618756,236536.39063278894,18,32,passive_limit,0.002918326675289462,1087135.3416611343,-0.3805610845419731
2025-10-02 00:00:00+00:00,683043.2160105396,428929.5957548476,428929.5957548476,254113.6202556919,18,32,passive_limit,0.014299197695326837,1087135.3416611343,-0.37170360502965993
2025-10-03 00:00:00+00:00,685241.2143747106,528240.3696019074,528240.3696019079,157000.8447728032,11,39,passive_limit,0.0032179491906951796,1087135.3416611343,-0.3696817791539484
2025-10-04 00:00:00+00:00,686176.4556786227,259062.32449275293,259062.3244927529,427114.13118586974,31,19,passive_limit,0.0013648351621196042,1087135.3416611343,-0.3688214986828131
2025-10-05 00:00:00+00:00,685862.2993578066,312962.3849876711,312962.38498767116,372899.91437013546,28,23,passive_limit,-0.00045783605400073757,1087135.3416611343,-0.36911047495722626
2025-10-06 00:00:00+00:00,702022.2571162264,303191.45664902404,303191.45664902404,398830.8004672023,28,23,passive_limit,0.023561519234328587,1087135.3416611343,-0.35424575927819446
2025-10-07 00:00:00+00:00,683710.901493245,213309.04500449589,213309.04500449583,470401.8564887492,35,16,passive_limit,-0.026083725177319717,1087135.3416611343,-0.37108943542527084
2025-10-08 00:00:00+00:00,697457.8191541649,172709.87738454726,172709.87738454723,524747.9417696176,38,14,passive_limit,0.02010633095200931,1087135.3416611343,-0.3584443514747163
2025-10-09 00:00:00+00:00,693521.0613076471,344115.40362318297,344115.4036231829,349405.6576844642,27,25,passive_limit,-0.005644438614641922,1087135.3416611343,-0.3620655729506941
2025-10-10 00:00:00+00:00,558421.6898847248,43079.54458348034,43079.54458348034,515342.1453012444,49,4,passive_limit,-0.19480211771534373,1087135.3416611343,-0.48633655030342327
2025-10-11 00:00:00+00:00,562562.4946560131,27113.419577496003,27113.419577496003,535449.0750785171,50,3,passive_limit,0.0074151932962043254,1087135.3416611343,-0.4825276365347281
2025-10-12 00:00:00+00:00,613730.9109926646,117789.42681306603,117789.42681306605,495941.48417959857,43,11,passive_limit,0.09095596813281914,1087135.3416611343,-0.4354604367337662
2025-10-13 00:00:00+00:00,634162.5934286384,149157.04706985818,149157.04706985818,485005.54635878024,40,13,passive_limit,0.03329094570603752,1087135.3416611343,-0.41666638078415985
2025-10-14 00:00:00+00:00,623780.9697756987,177768.4313547576,177768.43135475763,446012.5384209411,36,16,passive_limit,-0.016370602366832743,1087135.3416611343,-0.4262159035115478
2025-10-15 00:00:00+00:00,616695.8648370325,477133.9342656966,477133.93426569644,139561.93057133595,12,38,passive_limit,-0.011358321721827935,1087135.3416611343,-0.43273312787833196
2025-10-16 00:00:00+00:00,612540.9981966417,370151.9091532459,370151.9091532459,242389.08904339574,21,29,passive_limit,-0.006737302578620041,1087135.3416611343,-0.43655497643864305
2025-10-17 00:00:00+00:00,608938.793537481,67655.19894174149,67655.19894174149,541283.5945957395,44,7,passive_limit,-0.0058807568305889735,1087135.3416611343,-0.43986845960961285
2025-10-18 00:00:00+00:00,615269.550335165,76917.1416010688,76917.14160106878,538352.4087340962,43,8,passive_limit,0.010396376228400506,1087135.3416611343,-0.43404512137832074
2025-10-19 00:00:00+00:00,626157.1393494233,151084.97781936705,151084.97781936702,475072.1615300563,37,14,passive_limit,0.017695640891585374,1087135.3416611343,-0.42403018708539075
2025-10-20 00:00:00+00:00,635069.520813063,162151.99361402006,162151.9936140201,472917.5271990429,36,15,passive_limit,0.014233458190542336,1087135.3416611343,-0.4158321448342561
2025-10-21 00:00:00+00:00,620129.1835107803,284554.2471225555,284554.2471225555,335574.93638822477,27,24,passive_limit,-0.0235255146289417,1087135.3416611343,-0.4295749942567153
2025-10-22 00:00:00+00:00,618607.0121603274,528998.1194994245,528998.1194994242,89608.89266090296,9,41,passive_limit,-0.00245460363893113,1087135.3416611343,-0.43097516155155
2025-10-23 00:00:00+00:00,621539.8228242595,503327.3447091206,503327.3447091206,118212.47811513892,11,40,passive_limit,0.004740991625183932,1087135.3416611343,-0.4282774195579443
2025-10-24 00:00:00+00:00,625377.1594082812,497952.3717111422,497952.3717111422,127424.78769713907,11,40,passive_limit,0.006173919100766367,1087135.3416611343,-0.4247476505982136
2025-10-25 00:00:00+00:00,624353.3842372532,497952.3717111422,497952.37171114236,126401.01252611107,11,41,passive_limit,-0.001637052386109894,1087135.3416611343,-0.4256893688294172
2025-10-26 00:00:00+00:00,630609.4101958373,514158.5611286941,514158.561128694,116450.8490671432,9,43,passive_limit,0.010020008086008447,1087135.3416611343,-0.4199347716612073
2025-10-27 00:00:00+00:00,628282.2105566403,573123.6235246714,573123.6235246713,55158.587031968884,5,46,passive_limit,-0.0036903978937996573,1087135.3416611343,-0.42207544315813517
2025-10-28 00:00:00+00:00,626640.513128425,511651.61320711876,511651.6132071193,114988.89992130629,10,41,passive_limit,-0.00261299365258294,1087135.3416611343,-0.4235855563568348
2025-10-29 00:00:00+00:00,626618.6183286549,476375.55726145435,476375.55726145447,150243.06106720056,13,39,passive_limit,-3.4939968468927773e-05,1087135.3416611343,-0.42360569625932076
2025-10-30 00:00:00+00:00,611401.8292549285,67012.67881612584,67012.67881612584,544389.1504388027,46,6,passive_limit,-0.024283972146109,1087135.3416611343,-0.43760283947653533
2025-10-31 00:00:00+00:00,629009.1396574836,67012.67881612584,67012.67881612584,561996.4608413577,46,7,passive_limit,0.028798262550198572,1087135.3416611343,-0.4214067783902945
2025-11-01 00:00:00+00:00,652516.1058107725,84690.61282096537,84690.61282096537,567825.4929898072,44,10,passive_limit,0.037371422243704266,1087135.3416611343,-0.3997839267981731
2025-11-02 00:00:00+00:00,649945.3529084403,140532.6923036603,140532.69230366027,509412.66060477996,41,12,passive_limit,-0.00393975394544166,1087135.3416611343,-0.4021486304406875
2025-11-03 00:00:00+00:00,596547.49247501,58496.79715577658,58496.79715577653,538050.6953192335,48,4,passive_limit,-0.08215746169194105,1087135.3416611343,-0.45126658143273113
2025-11-04 00:00:00+00:00,592013.315000443,396391.79150357505,396391.79150357505,195621.52349686797,17,34,passive_limit,-0.0076006982373778564,1087135.3416611343,-0.4554373385600258
2025-11-05 00:00:00+00:00,621709.37596512,160835.93542271497,160835.93542271512,460873.440542405,37,14,passive_limit,0.050161136941075046,1087135.3416611343,-0.42812145632653886
2025-11-06 00:00:00+00:00,616599.9251020678,137859.3732194705,137859.37321947064,478740.55188259727,39,12,passive_limit,-0.008218391197849506,1087135.3416611343,-0.43282137791610387
2025-11-07 00:00:00+00:00,672545.5013899737,174170.10721517066,174170.10721517063,498375.394174803,35,18,passive_limit,0.09073237606807205,1087135.3416611343,-0.3813599138794168
2025-11-08 00:00:00+00:00,665557.562883205,282533.84573793306,282533.845737933,383023.717145272,29,23,passive_limit,-0.010390283619957974,1087135.3416611343,-0.38778775983288494
2025-11-09 00:00:00+00:00,680399.8925747792,198757.28223523695,198757.28223523695,481642.6103395422,37,15,passive_limit,0.022300595048874605,1087135.3416611343,-0.37413506258095375
2025-11-10 00:00:00+00:00,680872.1785554643,469023.25731078885,469023.2573107892,211848.92124467538,17,34,passive_limit,0.0006941300047795806,1087135.3416611343,-0.3737006309489517
2025-11-11 00:00:00+00:00,658786.7123827764,198456.16277453737,198456.16277453728,460330.5496082391,37,15,passive_limit,-0.03243702249597602,1087135.3416611343,-0.3940159176720761
2025-11-12 00:00:00+00:00,654308.6761509685,159456.30186513928,159456.3018651392,494852.3742858292,40,12,passive_limit,-0.006797399139413796,1087135.3416611343,-0.39813503335179035
2025-11-13 00:00:00+00:00,634498.8444384049,127368.6511611672,127368.6511611672,507130.19327723765,41,13,passive_limit,-0.030275972846786625,1087135.3416611343,-0.41635708073946376
2025-11-14 00:00:00+00:00,624825.7976965614,190924.2915766751,190924.29157667508,433901.5061198863,36,16,passive_limit,-0.015245176294064078,1087135.3416611343,-0.4252548199363728
2025-11-15 00:00:00+00:00,636539.1870002267,190924.2915766751,190924.29157667508,445614.8954235516,36,16,passive_limit,0.01874664802069148,1087135.3416611343,-0.41448027434413104
2025-11-16 00:00:00+00:00,631269.1039098634,404771.868509739,404771.86850973935,226497.23540012434,19,32,passive_limit,-0.008279275177384249,1087135.3416611343,-0.41932795327462247
2025-11-17 00:00:00+00:00,627031.0917704944,204378.75737018668,204378.75737018662,422652.3344003077,35,16,passive_limit,-0.0067134794228329575,1087135.3416611343,-0.4232262831117276
2025-11-18 00:00:00+00:00,641003.0643250742,283268.2270437094,283268.22704370937,357734.8372813648,29,22,passive_limit,0.022282742814440537,1087135.3416611343,-0.4103741827161772
2025-11-19 00:00:00+00:00,639025.582668736,206329.1074072945,206329.10740729445,432696.4752614415,34,17,passive_limit,-0.0030849800358135893,1087135.3416611343,-0.41219316659109806
2025-11-20 00:00:00+00:00,615570.0519509843,124478.55347393929,124478.5534739393,491091.498477045,41,11,passive_limit,-0.036705151333371266,1087135.3416611343,-0.43376870536616163
2025-11-21 00:00:00+00:00,598332.0527310628,77546.47144782935,77546.47144782936,520785.58128323336,45,6,passive_limit,-0.028003310371073953,1087135.3416611343,-0.44962505605160796
2025-11-22 00:00:00+00:00,592650.9701166867,284857.4192189107,284857.41921891057,307793.550897776,27,23,passive_limit,-0.009494865916751416,1087135.3416611343,-0.4548507923483376
2025-11-23 00:00:00+00:00,601439.798731311,260357.95524666624,260357.9552466662,341081.8434846448,29,21,passive_limit,0.014829687383948631,1087135.3416611343,-0.4467664000212561
2025-11-24 00:00:00+00:00,608900.5338159022,364554.77318672184,364554.77318672196,244345.76062918038,20,30,passive_limit,0.012404791136750637,1087135.3416611343,-0.43990365276368726
2025-11-25 00:00:00+00:00,612618.0970419692,396636.4101722281,396636.4101722283,215981.68686974107,17,33,passive_limit,0.00610537028563507,1087135.3416611343,-0.43648405716817784
2025-11-26 00:00:00+00:00,615047.2166615787,464784.2722882042,464784.2722882044,150262.94437337454,11,39,passive_limit,0.003965145057481356,1087135.3416611343,-0.4342496347126463
2025-11-27 00:00:00+00:00,614349.4696574381,472932.9292362533,472932.92923625314,141416.54042118476,11,39,passive_limit,-0.0011344608759111807,1087135.3416611343,-0.4348914563675973
2025-11-28 00:00:00+00:00,613635.6203178728,451668.5822102419,451668.5822102416,161967.03810763097,13,38,passive_limit,-0.0011619597229624024,1087135.3416611343,-0.43554808973440007
2025-11-29 00:00:00+00:00,610457.743207992,417649.44775559584,417649.4477555956,192808.2954523962,16,35,passive_limit,-0.005178768970801606,1087135.3416611343,-0.43847125577279333
2025-11-30 00:00:00+00:00,607780.1960369557,394631.13455823844,394631.1345582382,213149.06147871722,18,33,passive_limit,-0.00438613024542156,1087135.3416611343,-0.4409341939815218
2025-12-01 00:00:00+00:00,580580.5089872594,59454.45177813977,59454.451778139766,521126.05720911955,46,5,passive_limit,-0.04475250629594796,1087135.3416611343,-0.465953789985213
2025-12-02 00:00:00+00:00,617339.4536128425,56771.81516940505,56771.81516940505,560567.6384434374,46,6,passive_limit,0.06331412105050505,1087135.3416611343,-0.43214112359777335
2025-12-03 00:00:00+00:00,633874.1592719682,98490.86147532,98490.86147531998,535383.2977966482,42,9,passive_limit,0.026783814905008807,1087135.3416611343,-0.4169316965600498
2025-12-04 00:00:00+00:00,619578.6957969016,137847.86811170075,137847.86811170075,481730.82768520084,39,13,passive_limit,-0.022552526027383002,1087135.3416611343,-0.4300813596491213
2025-12-05 00:00:00+00:00,599480.923773764,125403.38048914663,125403.38048914664,474077.5432846174,41,10,passive_limit,-0.03243780355825143,1087135.3416611343,-0.4485682685490089
2025-12-06 00:00:00+00:00,599817.964366269,491916.79355737416,491916.79355737387,107901.17080889475,10,40,passive_limit,0.0005622207131850132,1087135.3416611343,-0.4482582422076796
2025-12-07 00:00:00+00:00,600251.4410704402,344730.6306299303,344730.63062993024,255520.81044050987,22,29,passive_limit,0.0007226804296021072,1087135.3416611343,-0.4478595092371289
2025-12-08 00:00:00+00:00,607794.865485867,332442.87323737674,332442.8732373767,275351.9922484902,23,28,passive_limit,0.012567107547421186,1087135.3416611343,-0.440920700308426
2025-12-09 00:00:00+00:00,620539.3234251733,336605.6202032818,336605.62020328175,283933.7032218915,23,28,passive_limit,0.020968354066496442,1087135.3416611343,-0.4291977276012441
2025-12-10 00:00:00+00:00,613712.3536736907,317543.08709460445,317543.08709460456,296169.2665790862,24,28,passive_limit,-0.011001671439289207,1087135.3416611343,-0.4354775066589749
2025-12-11 00:00:00+00:00,613136.4789151951,86473.11406315921,86473.11406315921,526663.3648520359,44,8,passive_limit,-0.0009383463686992721,1087135.3416611343,-0.43600722429065053
2025-12-12 00:00:00+00:00,600699.921358191,248928.56896171265,248928.5689617126,351771.3523964783,31,20,passive_limit,-0.02028350617632113,1087135.3416611343,-0.44744697524015165
2025-12-13 00:00:00+00:00,605178.9570607424,250937.17293160927,250937.17293160924,354241.7841291332,31,20,passive_limit,0.007456361393263222,1087135.3416611343,-0.4433269401986014
2025-12-14 00:00:00+00:00,588329.9685848881,128851.90977219236,128851.90977219236,459478.05881269573,40,11,passive_limit,-0.027841332351817294,1087135.3416611343,-0.4588254598678353
2025-12-15 00:00:00+00:00,575015.9195431191,156604.80932585534,156604.8093258554,418411.1102172638,37,13,passive_limit,-0.022630241110772165,1087135.3416611343,-0.47107237019403736
2025-12-16 00:00:00+00:00,575523.3987969654,346670.97748453653,346670.9774845367,228852.4213124288,19,31,passive_limit,0.0008825481810128544,1087135.3416611343,-0.47060556607646464
2025-12-17 00:00:00+00:00,559130.9560689842,80949.80503576639,80949.80503576658,478181.15103321784,43,7,passive_limit,-0.028482669448795295,1087135.3416611343,-0.4856841327459408
2025-12-18 00:00:00+00:00,540897.2245635883,53015.08240439131,53015.08240439125,487882.142159197,45,7,passive_limit,-0.03261084242873924,1087135.3416611343,-0.5024564064515633
2025-12-19 00:00:00+00:00,565792.1333608492,164285.75074277987,164285.75074277993,401506.38261806936,35,17,passive_limit,0.04602521082881661,1087135.3416611343,-0.4795568576619694
2025-12-20 00:00:00+00:00,566279.9464196095,235416.58249659615,235416.58249659615,330863.36392301327,29,22,passive_limit,0.0008621771671915024,1087135.3416611343,-0.47910814346782415
2025-12-21 00:00:00+00:00,560714.2083631546,220028.28156198908,220028.28156198908,340685.92680116545,30,21,passive_limit,-0.009828598190073867,1087135.3416611343,-0.48422778022616053
2025-12-22 00:00:00+00:00,560154.5496852954,473188.7966884973,473188.79668849753,86965.7529967982,7,43,passive_limit,-0.0009981175249560437,1087135.3416611343,-0.4847425815176023
2025-12-23 00:00:00+00:00,561362.1327502129,333001.15855556115,333001.1585555611,228360.9741946518,20,30,passive_limit,0.002155803368188103,1087135.3416611343,-0.483631787839354
2025-12-24 00:00:00+00:00,564663.8179996184,195802.44976528012,195802.44976528012,368861.3682343382,33,17,passive_limit,0.005881560327608781,1087135.3416611343,-0.4805947370482717
2025-12-25 00:00:00+00:00,558521.7097675356,171766.73415087326,171766.73415087326,386754.9756166623,35,15,passive_limit,-0.010877460245003578,1087135.3416611343,-0.4862445471470749
2025-12-26 00:00:00+00:00,566918.9354530787,207993.2863972837,207993.2863972837,358925.64905579505,32,19,passive_limit,0.015034734619426393,1087135.3416611343,-0.47852037025414795
2025-12-27 00:00:00+00:00,580273.8534260885,220495.58224741204,220495.582247412,359778.2711786764,31,20,passive_limit,0.02355701518831177,1087135.3416611343,-0.4662358666958296
2025-12-28 00:00:00+00:00,578393.8297544405,405878.4380544971,405878.4380544973,172515.3916999433,15,37,passive_limit,-0.0032398903733950046,1087135.3416611343,-0.46796520397298536
2025-12-29 00:00:00+00:00,578808.0313590039,476216.22166427586,476216.22166427574,102591.80969472804,9,41,passive_limit,0.0007161238299158157,1087135.3416611343,-0.467584201177206
2025-12-30 00:00:00+00:00,580867.0846349804,377176.6933752151,377176.6933752151,203690.3912597653,18,32,passive_limit,0.0035574027387665907,1087135.3416611343,-0.4656901837563112
2025-12-31 00:00:00+00:00,579187.6624277662,177718.03562634438,177718.0356263444,401469.6268014218,35,15,passive_limit,-0.002891233212619637,1087135.3416611343,-0.4672349980428637
2026-01-01 00:00:00+00:00,602159.3470064823,177718.03562634438,177718.03562634438,424441.31138013786,35,15,passive_limit,0.03966190246944534,1087135.3416611343,-0.44610452449610594
2026-01-02 00:00:00+00:00,630446.5148256293,154380.8490584167,154380.8490584167,476065.6657672126,37,14,passive_limit,0.04697621644465233,1087135.3416611343,-0.42008461075112136
2026-01-03 00:00:00+00:00,636388.2846688306,239765.42477950812,239765.4247795082,396622.8598893224,30,21,passive_limit,0.009424700911931705,1087135.3416611343,-0.41461908165322425
2026-01-04 00:00:00+00:00,645906.6475175341,380925.68163245637,380925.6816324562,264980.9658850777,19,32,passive_limit,0.014956848009319845,1087135.3416611343,-0.4058636282299555
2026-01-05 00:00:00+00:00,647442.2863936947,571425.8640792364,571425.8640792364,76016.4223144583,6,44,passive_limit,0.002377493531089403,1087135.3416611343,-0.4044510728494872
2026-01-06 00:00:00+00:00,651767.8922755562,446748.125324716,446748.125324716,205019.76695084025,15,35,passive_limit,0.006681067907929661,1087135.3416611343,-0.4004721700246999
2026-01-07 00:00:00+00:00,640532.3485495165,233490.56506379327,233490.5650637934,407041.78348572325,32,18,passive_limit,-0.017238565844065135,1087135.3416611343,-0.41080716999707867
2026-01-08 00:00:00+00:00,636863.390403662,76873.15983405676,76873.15983405674,559990.2305696052,44,6,passive_limit,-0.005727982597854564,1087135.3416611343,-0.4141820562741161
2026-01-09 00:00:00+00:00,634878.3915507123,64300.22365851686,64300.22365851684,570578.1678921954,45,5,passive_limit,-0.003116836173753912,1087135.3416611343,-0.416007954832355
2026-01-10 00:00:00+00:00,628975.4562790352,97278.62686765,97278.62686764997,531696.8294113852,42,10,passive_limit,-0.009297741662397718,1087135.3416611343,-0.4214377620012191
2026-01-11 00:00:00+00:00,630414.4510375558,197313.22298289833,197313.2229828983,433101.22805465746,35,18,passive_limit,0.002287839285547877,1087135.3416611343,-0.4201141045839909
2026-01-12 00:00:00+00:00,627117.6380492615,342919.1407544966,342919.1407544967,284198.4972947649,24,28,passive_limit,-0.005229596153559446,1087135.3416611343,-0.42314667363216185
2026-01-13 00:00:00+00:00,635440.8661824942,496522.1551326613,496522.15513266093,138918.7110498329,12,39,passive_limit,0.013272195881977256,1087135.3416611343,-0.4154905632894378
2026-01-14 00:00:00+00:00,636722.0980760138,497691.75657940557,497691.75657940534,139030.34149660834,12,39,passive_limit,0.0020162881578844605,1087135.3416611343,-0.41431202383402654
2026-01-15 00:00:00+00:00,630403.4446347114,256285.4197759064,256285.41977590628,374118.024858805,31,20,passive_limit,-0.009923722547710456,1087135.3416611343,-0.42012422880902767
2026-01-16 00:00:00+00:00,631964.9494965398,248597.50619560824,248597.50619560824,383367.4433009315,31,19,passive_limit,0.0024769929084591524,1087135.3416611343,-0.4186878806360004
2026-01-17 00:00:00+00:00,630843.5501767776,312226.52635063924,312226.52635063935,318617.0238261384,25,25,passive_limit,-0.001774464423470845,1087135.3416611343,-0.41971939831074423
2026-01-18 00:00:00+00:00,614591.0967312807,127246.09999209923,127246.0999920992,487344.99673918146,40,10,passive_limit,-0.02576304923929651,1087135.3416611343,-0.43466919602467313
2026-01-19 00:00:00+00:00,606676.6559115305,13325.220528140217,13325.220528140198,593351.4353833903,49,1,passive_limit,-0.012877571546095257,1087135.3416611343,-0.44194928390007693
2026-01-20 00:00:00+00:00,587255.0832422744,233461.1547010512,233461.1547010512,353793.9285412232,30,20,passive_limit,-0.032013054202778335,1087135.3416611343,-0.45981419172248306
2026-01-21 00:00:00+00:00,597647.8137157676,256301.12829835498,256301.12829835498,341346.68541741255,28,22,passive_limit,0.017697131570346247,1087135.3416611343,-0.45025445240096196
2026-01-22 00:00:00+00:00,597185.1828996192,279856.8435627424,279856.8435627424,317328.3393368768,26,24,passive_limit,-0.0007740860177702924,1087135.3416611343,-0.4506800027426898
2026-01-23 00:00:00+00:00,598329.7706571637,425655.5608681779,425655.5608681778,172674.20978898575,13,37,passive_limit,0.001916637904488816,1087135.3416611343,-0.4496271552142528
2026-01-24 00:00:00+00:00,597908.7488222795,561897.8177034841,561897.8177034844,36010.931118795386,3,48,passive_limit,-0.0007036618525964045,1087135.3416611343,-0.45001443158983345
2026-01-25 00:00:00+00:00,587999.4355093474,72139.76748383202,72139.76748383202,515859.6680255153,45,6,passive_limit,-0.016573287031592776,1087135.3416611343,-0.4591295002783289
2026-01-26 00:00:00+00:00,606733.6362268145,72139.76748383202,72139.76748383202,534593.8687429824,45,6,passive_limit,0.03186091616098041,1087135.3416611343,-0.4418968706327492
2026-01-27 00:00:00+00:00,619940.6030277417,72139.76748383202,72139.76748383197,547800.8355439097,45,6,passive_limit,0.021767322614680396,1087135.3416611343,-0.4297484597635495
2026-01-28 00:00:00+00:00,618527.1930708804,95108.8252886764,95108.82528867637,523418.367782204,43,8,passive_limit,-0.0022799118979436317,1087135.3416611343,-0.4310485830349553
2026-01-29 00:00:00+00:00,581150.7197270715,47554.41264433984,47554.41264433984,533596.3070827316,47,4,passive_limit,-0.06042818127080429,1087135.3416611343,-0.46542928239359993
2026-01-30 00:00:00+00:00,578780.1699158434,486927.4017679557,486927.4017679557,91852.76814788773,8,42,passive_limit,-0.004079061989876509,1087135.3416611343,-0.46760982948868923
2026-01-31 00:00:00+00:00,546789.1660294771,3.205059329047799e-09,3.205059329047799e-09,546789.1660294739,50,0,passive_limit,-0.05527315127437393,1087135.3416611343,-0.4970367119203506
2026-02-01 00:00:00+00:00,529756.0219731601,3.205059329047799e-09,3.205059329047799e-09,529756.0219731568,50,0,passive_limit,-0.03115120985297426,1087135.3416611343,-0.5127046268556616
2026-02-02 00:00:00+00:00,543539.8379233844,3.205059329047799e-09,3.205059329047799e-09,543539.8379233811,50,0,passive_limit,0.026019177467552446,1087135.3416611343,-0.500025602062702
2026-02-03 00:00:00+00:00,531471.4444761693,41739.334594356886,41739.33459435683,489732.1098818125,46,4,passive_limit,-0.022203328266282907,1087135.3416611343,-0.511126697744841
2026-02-04 00:00:00+00:00,523046.66634729836,62618.95991749066,62618.959917490676,460427.7064298077,44,7,passive_limit,-0.01585179827897354,1087135.3416611343,-0.5188762187161654
2026-02-05 00:00:00+00:00,514751.2895339084,438753.01764278923,438753.01764278946,75998.27189111918,9,42,passive_limit,-0.01585972599982477,1087135.3416611343,-0.5265067100593266
2026-02-06 00:00:00+00:00,592479.0971854895,41786.00168026833,41786.001680268564,550693.0955052212,47,4,passive_limit,0.1510007050627522,1087135.3416611343,-0.45500888943580287
2026-02-07 00:00:00+00:00,588304.2106136775,41786.00168026833,41786.001680268564,546518.2089334092,47,4,passive_limit,-0.007046470654651471,1087135.3416611343,-0.45884915330343934
2026-02-08 00:00:00+00:00,584519.543718562,41786.00168026833,41786.001680268324,542733.5420382937,47,6,passive_limit,-0.006433180022913043,1087135.3416611343,-0.4623304741197901
2026-02-09 00:00:00+00:00,579744.5338326672,61136.43829247802,61136.43829247798,518608.0955401892,45,7,passive_limit,-0.008169119300130645,1087135.3416611343,-0.46672276062075024
2026-02-10 00:00:00+00:00,568331.4908019422,125190.64302035244,125190.64302035235,443140.8477815898,38,15,passive_limit,-0.019686331417864023,1087135.3416611343,-0.47722103309277375
2026-02-11 00:00:00+00:00,567890.3080886226,526408.478272356,526408.4782723562,41481.82981626665,4,46,passive_limit,-0.0007762770855738177,1087135.3416611343,-0.4776268544256038
2026-02-12 00:00:00+00:00,569128.1294438873,490226.8591080896,490226.8591080898,78901.27033579773,7,43,passive_limit,0.0021796838890080217,1087135.3416611343,-0.4764882460961448
2026-02-13 00:00:00+00:00,571131.1715497815,490226.8591080896,490226.85910808976,80904.31244169181,7,43,passive_limit,0.0035194923643142584,1087135.3416611343,-0.4746457504756514
2026-02-14 00:00:00+00:00,575195.6187944084,490226.8591080896,490226.8591080898,84968.75968631875,7,43,passive_limit,0.007116486451961501,1087135.3416611343,-0.47090707407643095
2026-02-15 00:00:00+00:00,570736.0029044978,264623.6480152022,264623.64801520243,306112.3548892956,26,24,passive_limit,-0.00775321602632828,1087135.3416611343,-0.4750092458291185
2026-02-16 00:00:00+00:00,573821.675402307,252453.29104282503,252453.29104282518,321368.3843594819,27,25,passive_limit,0.005406479496835814,1087135.3416611343,-0.47217089408066526
2026-02-17 00:00:00+00:00,573087.4345904682,260550.42317300834,260550.42317300846,312537.0114174598,27,25,passive_limit,-0.0012795626992027076,1087135.3416611343,-0.4728462845161532
2026-02-18 00:00:00+00:00,564009.6881523047,216606.42977693732,216606.42977693744,347403.2583753674,32,20,passive_limit,-0.015840072369847857,1087135.3416611343,-0.4811964375194515
2026-02-19 00:00:00+00:00,566102.5752984004,128330.63961845756,128330.63961845754,437771.9356799428,40,14,passive_limit,0.00371072907089931,1087135.3416611343,-0.4792712980580688
2026-02-20 00:00:00+00:00,575284.4694975126,330978.76705491845,330978.7670549185,244305.70244259413,22,30,passive_limit,0.01621948848099186,1087135.3416611343,-0.4708253448751998
2026-02-21 00:00:00+00:00,576261.7197620227,392927.814776199,392927.814776199,183333.90498582373,18,33,passive_limit,0.001698725267803125,1087135.3416611343,-0.4699264225174583
2026-02-22 00:00:00+00:00,569380.8802066993,336401.54349445837,336401.54349445825,232979.33671224085,22,29,passive_limit,-0.011940476556667745,1087135.3416611343,-0.47625575364269757
2026-02-23 00:00:00+00:00,558968.9331225085,86661.94816803983,86661.94816803985,472306.9849544686,41,10,passive_limit,-0.01828643610303704,1087135.3416611343,-0.48583316933804366
2026-02-24 00:00:00+00:00,557404.8126536174,173360.96217638606,173360.96217638603,384043.85047723126,33,18,passive_limit,-0.002798224330918808,1087135.3416611343,-0.48727192347375337
2026-02-25 00:00:00+00:00,587972.4150924433,173479.15610426315,173479.15610426315,414493.25898818014,33,18,passive_limit,0.0548391433746398,1087135.3416611343,-0.4591543549729272
2026-02-26 00:00:00+00:00,579011.7776178905,164254.22051877066,164254.22051877063,414757.5570991198,34,18,passive_limit,-0.015239894329301173,1087135.3416611343,-0.46739678545160246
2026-02-27 00:00:00+00:00,571328.214714386,221330.14168363897,221330.14168363894,349998.073030747,31,21,passive_limit,-0.013270132319441519,1087135.3416611343,-0.4744645005824196
2026-02-28 00:00:00+00:00,583403.0873909635,332032.8355785779,332032.83557857794,251370.2518123856,24,27,passive_limit,0.02113473895668494,1087135.3416611343,-0.46335744498975806
2026-03-01 00:00:00+00:00,577247.6432139568,181646.0766603132,181646.07666031318,395601.5665536437,36,15,passive_limit,-0.010550928354757905,1087135.3416611343,-0.46901952213978526
2026-03-02 00:00:00+00:00,588141.4980903885,168604.78796625294,168604.7879662529,419536.7101241356,37,14,passive_limit,0.01887206471000491,1087135.3416611343,-0.458998824201858
2026-03-03 00:00:00+00:00,587876.2072734635,172955.87193037174,172955.8719303717,414920.33534309175,36,16,passive_limit,-0.0004510663127603731,1087135.3416611343,-0.4592428516074243
2026-03-04 00:00:00+00:00,599369.1190786856,189437.12483703892,189437.12483703892,409931.9942416467,33,17,passive_limit,0.01954988424948456,1087135.3416611343,-0.4486711119492681
2026-03-05 00:00:00+00:00,598084.0389708262,372693.6339902796,372693.63399027934,225390.4049805466,18,32,passive_limit,-0.0021440545849856774,1087135.3416611343,-0.44985319117952827
2026-03-06 00:00:00+00:00,594409.5616699883,338545.721764166,338545.7217641658,255863.83990582224,22,28,passive_limit,-0.0061437474692701555,1087135.3416611343,-0.45323315424394617
2026-03-07 00:00:00+00:00,588571.5705659797,286768.8388765681,286768.83887656813,301802.73168941156,26,24,passive_limit,-0.00982149595239834,1087135.3416611343,-0.4586032226064448
2026-03-08 00:00:00+00:00,584842.0447788518,153797.09648873252,153797.0964887325,431044.9482901193,37,13,passive_limit,-0.006336571410578862,1087135.3416611343,-0.46203382194785636
2026-03-09 00:00:00+00:00,594658.1074367599,164822.82383977989,164822.82383977983,429835.28359698004,36,14,passive_limit,0.016784126150882095,1087135.3416611343,-0.4530045297505213
2026-03-10 00:00:00+00:00,599607.6079797558,174782.931657663,174782.931657663,424824.6763220928,35,15,passive_limit,0.008323270936859029,1087135.3416611343,-0.4484517382504002
2026-03-11 00:00:00+00:00,601563.0974212274,363670.4205237767,363670.4205237766,237892.67689745073,19,31,passive_limit,0.00326128190411068,1087135.3416611343,-0.44665298388511254
2026-03-12 00:00:00+00:00,605660.4738049945,392397.145364542,392397.1453645421,213263.3284404524,17,33,passive_limit,0.0068112163151823335,1087135.3416611343,-0.4428840176609933
2026-03-13 00:00:00+00:00,607865.3289230049,533514.5222492779,533514.5222492776,74350.80667372697,6,44,passive_limit,0.003640414412647175,1087135.3416611343,-0.4408558846093703
2026-03-14 00:00:00+00:00,609225.7692533593,497560.2196579481,497560.2196579481,111665.54959541121,9,41,passive_limit,0.002238062060168522,1087135.3416611343,-0.4396044853785481
2026-03-15 00:00:00+00:00,611470.8936703075,509561.0147820444,509561.01478204434,101909.87888826309,8,42,passive_limit,0.0036852092118488944,1087135.3416611343,-0.43753931066578633
2026-03-16 00:00:00+00:00,615536.1389771699,472811.6458777976,472811.64587779756,142724.49309937222,11,39,passive_limit,0.006648305502263696,1087135.3416611343,-0.43379990017007863
2026-03-17 00:00:00+00:00,613848.6846059078,488428.99728330126,488428.99728330097,125419.68732260648,10,40,passive_limit,-0.0027414383403485676,1087135.3416611343,-0.4353521028320616
2026-03-18 00:00:00+00:00,602808.5872655944,86080.777280851,86080.77728085098,516727.8099847434,43,8,passive_limit,-0.01798504683186075,1087135.3416611343,-0.4455073217061386
2026-03-19 00:00:00+00:00,589174.2284404697,60696.92778886014,60696.92778886014,528477.3006516095,46,4,passive_limit,-0.022618056731692593,1087135.3416611343,-0.4580488685610974
2026-03-20 00:00:00+00:00,592620.9031989737,60696.92778886014,60696.92778886014,531923.9754101136,46,4,passive_limit,0.0058500093726558955,1087135.3416611343,-0.4548784493626583
2026-03-21 00:00:00+00:00,578686.9770127079,78213.81860846581,78213.81860846581,500473.158404242,44,7,passive_limit,-0.02351237715553134,1087135.3416611343,-0.4676955528568516
2026-03-22 00:00:00+00:00,569070.5119594451,83199.57037579382,83199.57037579383,485870.94158365123,43,9,passive_limit,-0.016617731926342638,1087135.3416611343,-0.4765412454626764
2026-03-23 00:00:00+00:00,573770.4221920336,440597.0138356466,440597.0138356469,133173.40835638705,11,39,passive_limit,0.00825892421732699,1087135.3416611343,-0.4722180392780563
2026-03-24 00:00:00+00:00,574592.253863941,448873.99095857784,448873.990958578,125718.2629053631,10,40,passive_limit,0.0014323353733842747,1087135.3416611343,-0.4714620785062801
2026-03-25 00:00:00+00:00,573593.7507322633,427501.5326291552,427501.5326291552,146092.21810310808,12,38,passive_limit,-0.0017377594719786282,1087135.3416611343,-0.47238055028565573
2026-03-26 00:00:00+00:00,564666.8885585548,163889.58968145287,163889.5896814528,400777.298877102,36,15,passive_limit,-0.015563039454862038,1087135.3416611343,-0.4805919125987127
2026-03-27 00:00:00+00:00,549548.4039159655,91929.54805142025,91929.54805142025,457618.85586454516,43,8,passive_limit,-0.026774165351155732,1087135.3416611343,-0.49449863061552224
2026-03-28 00:00:00+00:00,547951.0988804034,96257.07111643057,96257.07111643051,451694.02776397293,42,8,passive_limit,-0.0029065775174306197,1087135.3416611343,-0.4959679095308056
2026-03-29 00:00:00+00:00,543009.5367570939,118703.60323290896,118703.6032329089,424305.9335241849,40,11,passive_limit,-0.009018253879600535,1087135.3416611343,-0.5005133988861226
2026-03-30 00:00:00+00:00,547103.3326148116,133626.41009916278,133626.41009916275,413476.9225156489,38,13,passive_limit,0.007539086481181068,1087135.3416611343,-0.4967477262041339
2026-03-31 00:00:00+00:00,549730.1974434329,366404.0771706094,366404.0771706091,183326.12027282343,16,34,passive_limit,0.004801405277621962,1087135.3416611343,-0.49433140808075515
2026-04-01 00:00:00+00:00,549365.104074,455746.89418632514,455746.8941863253,93618.20988767485,8,42,passive_limit,-0.0006641319162213888,1087135.3416611343,-0.4946672387316795
2026-04-02 00:00:00+00:00,539275.0318621364,163003.95294344972,163003.95294344967,376271.0789186868,35,16,passive_limit,-0.01836678765549049,1087135.3416611343,-0.5039485782532573
2026-04-03 00:00:00+00:00,538512.7997162183,180089.13915886922,180089.13915886922,358423.66055734904,34,17,passive_limit,-0.00141343859975529,1087135.3416611343,-0.5046497164802177
2026-04-04 00:00:00+00:00,544293.7613094272,160273.76311331877,160273.76311331877,384019.99819610844,36,16,passive_limit,0.010735049559184695,1087135.3416611343,-0.4993321066374766
2026-04-05 00:00:00+00:00,542983.8366458571,173873.72411911355,173873.7241191135,369110.1125267435,35,17,passive_limit,-0.002406650152334655,1087135.3416611343,-0.5005370390993066
2026-04-06 00:00:00+00:00,535449.2595496485,153173.20613793662,153173.20613793665,382276.0534117119,37,15,passive_limit,-0.01387624564066492,1087135.3416611343,-0.5074677098331783
2026-04-07 00:00:00+00:00,544565.7986428685,420412.26286461146,420412.2628646117,124153.53577825708,12,38,passive_limit,0.017025962648426596,1087135.3416611343,-0.4990818734576541
2026-04-08 00:00:00+00:00,538350.1546745966,229500.98711255452,229500.98711255452,308849.16756204213,29,22,passive_limit,-0.011413944804763987,1087135.3416611343,-0.5047993253057141
2026-04-09 00:00:00+00:00,545067.4334700066,175121.25013859817,175121.2501385982,369946.18333140836,34,18,passive_limit,0.012477527380799547,1087135.3416611343,-0.4986204453282258
2026-04-10 00:00:00+00:00,547656.1196732183,169572.4871221637,169572.48712216373,378083.6325510546,35,17,passive_limit,0.004749295305961798,1087135.3416611343,-0.49623924576271794
2026-04-11 00:00:00+00:00,553440.2791120907,203648.7288335416,203648.72883354157,349791.5502785491,32,20,passive_limit,0.010561663115028708,1087135.3416611343,-0.490918694385891
2026-04-12 00:00:00+00:00,541313.7168731882,131057.02464795888,131057.02464795888,410256.6922252292,39,12,passive_limit,-0.0219112390199675,1087135.3416611343,-0.5020732965537988
2026-04-13 00:00:00+00:00,553292.3602374315,325764.33811868314,325764.33811868326,227528.02211874828,21,29,passive_limit,0.022128837660785772,1087135.3416611343,-0.4910547573662677
2026-04-14 00:00:00+00:00,548448.6301103684,279387.09861328424,279387.0986132842,269061.5314970841,26,25,passive_limit,-0.008754377387362733,1087135.3416611343,-0.49551025608978627
2026-04-15 00:00:00+00:00,553649.681867528,282851.9696172088,282851.9696172089,270797.7122503192,25,27,passive_limit,0.009483206761065288,1087135.3416611343,-0.4907260755394488
2026-04-16 00:00:00+00:00,565437.4261371,273669.0910718735,273669.0910718736,291768.3350652264,26,26,passive_limit,0.021290979938452192,1087135.3416611343,-0.4798831346305824
2026-04-17 00:00:00+00:00,565593.8186903817,302692.92447707517,302692.9244770751,262900.8942133065,23,29,passive_limit,0.0002765868441891861,1087135.3416611343,-0.4797392771481803
2026-04-18 00:00:00+00:00,551797.144444051,185652.45236073976,185652.45236073982,366144.6920833112,34,18,passive_limit,-0.02439325500104761,1087135.3416611343,-0.492430129627734
2026-04-19 00:00:00+00:00,542969.5309902215,239328.4917763078,239328.4917763077,303641.03921391367,30,20,passive_limit,-0.01599793246977288,1087135.3416611343,-0.500550198137641
2026-04-20 00:00:00+00:00,550025.5370942384,263586.8984191008,263586.89841910073,286438.6386751376,28,23,passive_limit,0.012995215571578678,1087135.3416611343,-0.49405974029525734
2026-04-21 00:00:00+00:00,551350.7041816354,250025.81420353297,250025.81420353294,301324.8899781024,29,23,passive_limit,0.0024092828387527465,1087135.3416611343,-0.4928407871101165
2026-04-22 00:00:00+00:00,549494.2414775705,309533.6616778616,309533.6616778615,239960.57979970888,23,29,passive_limit,-0.003367117680243892,1087135.3416611343,-0.4945484518625366
2026-04-23 00:00:00+00:00,551010.2908907111,375613.6450557465,375613.64505574654,175396.6458349647,17,33,passive_limit,0.0027589905383977875,1087135.3416611343,-0.4931539158236069
2026-04-24 00:00:00+00:00,548233.4276688164,448110.6672071468,448110.66720714705,100122.76046166956,10,40,passive_limit,-0.005039585045509609,1087135.3416611343,-0.49570820976979735
2026-04-25 00:00:00+00:00,546462.8753589013,407813.23551536707,407813.235515367,138649.63984353427,14,36,passive_limit,-0.0032295591997075768,1087135.3416611343,-0.4973368499602724
2026-04-26 00:00:00+00:00,545687.7860011293,406023.64205633977,406023.64205633965,139664.14394478954,14,37,passive_limit,-0.0014183751407869094,1087135.3416611343,-0.49804981487647837
2026-04-27 00:00:00+00:00,542875.1980875293,296627.2266780073,296627.22667800734,246247.97140952197,24,27,passive_limit,-0.00515420719640991,1087135.3416611343,-0.5006369701328813
2026-04-28 00:00:00+00:00,541380.986709984,279415.3382066103,279415.3382066101,261965.64850337378,25,28,passive_limit,-0.0027524030989243276,1087135.3416611343,-0.5020114184837758
2026-04-29 00:00:00+00:00,537374.2874245739,181965.86795028386,181965.86795028386,355408.41947429,35,19,passive_limit,-0.007400886591454103,1087135.3416611343,-0.5056969754994165
2026-04-30 00:00:00+00:00,536780.7030843896,209141.06813648212,209141.06813648203,327639.6349479074,32,21,passive_limit,-0.001104601306901265,1087135.3416611343,-0.5062429832662851
2026-05-01 00:00:00+00:00,539558.4800693127,200304.20961107188,200304.20961107183,339254.2704582408,33,21,passive_limit,0.005174882347598997,1087135.3416611343,-0.5036878487963867
2026-05-02 00:00:00+00:00,541446.6944972237,316650.5166770656,316650.5166770656,224796.1778201581,22,30,passive_limit,0.003499554724204268,1087135.3416611343,-0.5019509772629621
2026-05-03 00:00:00+00:00,539715.2596514609,372647.46927518386,372647.46927518374,167067.79037627706,17,35,passive_limit,-0.0031977937317921867,1087135.3416611343,-0.5035436353059959
2026-05-04 00:00:00+00:00,538926.4326507798,450215.0817056911,450215.08170569147,88711.35094508874,9,43,passive_limit,-0.001461561418868329,1087135.3416611343,-0.5042692367747842
2026-05-05 00:00:00+00:00,540263.3573301563,448993.93016820285,448993.9301682028,91269.42716195344,9,42,passive_limit,0.002480718328845999,1087135.3416611343,-0.5030394683842785
2026-05-06 00:00:00+00:00,541474.7492582494,478963.61995551473,478963.61995551427,62511.12930273472,6,45,passive_limit,0.0022422248550773016,1087135.3416611343,-0.5019251711282974
2026-05-07 00:00:00+00:00,542476.8855522347,358253.12511096406,358253.12511096394,184223.76044127063,17,34,passive_limit,0.0018507535122516128,1087135.3416611343,-0.5010033573893989
2026-05-08 00:00:00+00:00,551069.1407886383,370672.7927130535,370672.7927130537,180396.34807558474,16,34,passive_limit,0.01583893335410358,1087135.3416611343,-0.49309978282316813
2026-05-09 00:00:00+00:00,550628.8684537475,364726.3018903161,364726.30189031624,185902.56656343132,16,34,passive_limit,-0.0007989420969222172,1087135.3416611343,-0.4935047667456097
2026-05-10 00:00:00+00:00,554252.0484902473,314762.4237253456,314762.4237253456,239489.62476490173,20,30,passive_limit,0.006580076425477532,1087135.3416611343,-0.49017198940165574
2026-05-11 00:00:00+00:00,549738.3969463375,163719.7018083065,163719.7018083065,386018.695138031,35,15,passive_limit,-0.008143680399927744,1087135.3416611343,-0.49432386577889964
2026-05-12 00:00:00+00:00,543330.13870279,220944.10949811945,220944.10949811948,322386.0292046705,30,20,passive_limit,-0.011656923145888731,1087135.3416611343,-0.5002184936122251
2026-05-13 00:00:00+00:00,534772.7614030375,129442.19743073039,129442.19743073042,405330.5639723071,38,12,passive_limit,-0.015749866775628285,1087135.3416611343,-0.5080899857547554
2026-05-14 00:00:00+00:00,538098.6307627506,141769.34036035964,141769.34036035967,396329.290402391,37,14,passive_limit,0.006219219825234434,1087135.3416611343,-0.50503068924193
2026-05-15 00:00:00+00:00,526586.0158662751,123367.08112504374,123367.08112504377,403218.9347412313,40,11,passive_limit,-0.021394990134348646,1087135.3416611343,-0.5156205527624043
2026-05-16 00:00:00+00:00,520609.9096255109,205108.3503217415,205108.3503217415,315501.5593037694,30,21,passive_limit,-0.011348775054219717,1087135.3416611343,-0.521117666149991
2026-05-17 00:00:00+00:00,515707.59684832033,167839.20460557562,167839.20460557562,347868.39224274474,35,17,passive_limit,-0.00941647995274808,1087135.3416611343,-0.5256270520464148
2026-05-18 00:00:00+00:00,521709.72246959957,195147.07734685022,195147.07734685027,326562.6451227494,33,20,passive_limit,0.011638621687872108,1087135.3416611343,-0.5201060047662224
2026-05-19 00:00:00+00:00,515286.78985963017,157137.14686889213,157137.14686889213,358149.64299073804,37,16,passive_limit,-0.012311314766313641,1087135.3416611343,-0.5260141307960093
2026-05-20 00:00:00+00:00,523614.8466203257,209052.88164468802,209052.8816446881,314561.9649756377,31,21,passive_limit,0.01616198382062972,1087135.3416611343,-0.5183535788467273
2026-05-21 00:00:00+00:00,528137.9145928116,268403.4597709159,268403.45977091586,259734.45482189566,26,25,passive_limit,0.008638158374767446,1087135.3416611343,-0.5141930407801654
2026-05-22 00:00:00+00:00,522143.6858114557,268318.33492520073,268318.33492520056,253825.350886255,25,25,passive_limit,-0.011349741451486928,1087135.3416611343,-0.5197068241626436
2026-05-23 00:00:00+00:00,535443.441060171,173855.68613350135,173855.68613350135,361587.7549266697,33,18,passive_limit,0.025471447055892993,1087135.3416611343,-0.5074730619629957
2026-05-24 00:00:00+00:00,532055.7454123639,198227.51414223932,198227.51414223935,333828.23127012455,31,20,passive_limit,-0.006326897274340548,1087135.3416611343,-0.5105892293048013
2026-05-25 00:00:00+00:00,535691.1114063677,207808.3573143488,207808.35731434874,327882.754092019,30,22,passive_limit,0.006832678765993361,1087135.3416611343,-0.5072452427240237
2026-05-26 00:00:00+00:00,527919.5886590923,150230.54263475584,150230.54263475575,377689.04602433654,36,17,passive_limit,-0.014507470035992509,1087135.3416611343,-0.5143938676002977
2026-05-27 00:00:00+00:00,520877.3784115141,199241.93466920286,199241.9346692029,321635.44374231127,33,21,passive_limit,-0.013339550944615142,1087135.3416611343,-0.5208716353424611
2026-05-28 00:00:00+00:00,517977.2652824646,227526.4777361008,227526.47773610082,290450.78754636383,32,22,passive_limit,-0.005567746362673209,1087135.3416611343,-0.5235393005520367
2026-05-29 00:00:00+00:00,518309.7798640949,174573.59910235615,174573.59910235612,343736.18076173874,36,19,passive_limit,0.0006419482164896628,1087135.3416611343,-0.5232334374557985
2026-05-30 00:00:00+00:00,526261.1606666988,171853.16581883724,171853.16581883724,354407.9948478616,36,19,passive_limit,0.015340981612750548,1087135.3416611343,-0.5159193703862337
2026-05-31 00:00:00+00:00,528242.1612317115,205623.7166024651,205623.71660246505,322618.44462924637,32,20,passive_limit,0.0037642917871860693,1087135.3416611343,-0.5140971496478427
2026-06-01 00:00:00+00:00,527729.2981281385,137254.8805831242,137254.8805831242,390474.41754501435,37,14,passive_limit,-0.0009708863495051512,1087135.3416611343,-0.5145689060924352
2026-06-02 00:00:00+00:00,513704.37832084286,208827.63756623096,208827.63756623102,304876.7407546119,30,20,passive_limit,-0.026575973433808242,1087135.3416611343,-0.5274697099480672
2026-06-03 00:00:00+00:00,513503.05602173385,222641.4644843511,222641.46448435108,290861.59153738274,29,21,passive_limit,-0.0003919030236165799,1087135.3416611343,-0.5276548959974889
2026-06-04 00:00:00+00:00,495170.04231459566,21107.147813907446,21107.147813907417,474062.89450068824,48,3,passive_limit,-0.035701859009700354,1087135.3416611343,-0.5445184943045088
2026-06-05 00:00:00+00:00,460940.7529050955,26419.445149467654,26419.445149467658,434521.30775562784,48,5,passive_limit,-0.06912633334904639,1087135.3416611343,-0.576004260701541
2026-06-06 00:00:00+00:00,458072.23227454774,116240.28880202334,116240.28880202331,341831.9434725244,40,14,passive_limit,-0.0062231872805101895,1087135.3416611343,-0.5786428655933336
2026-06-07 00:00:00+00:00,473034.657816702,159629.80374540843,159629.80374540843,313404.85407129355,35,19,passive_limit,0.032663899900368554,1087135.3416611343,-0.5648796983327681
2026-06-08 00:00:00+00:00,476551.11012571055,198845.48252776364,198845.48252776355,277705.6275979469,31,23,passive_limit,0.007433815368283581,1087135.3416611343,-0.561645094347182
2026-06-09 00:00:00+00:00,473902.6341827668,316614.62517005455,316614.6251700547,157288.00901271222,20,34,passive_limit,-0.005557590543111113,1087135.3416611343,-0.5640812914253646
2026-06-10 00:00:00+00:00,467800.5170022307,125713.73035314138,125713.73035314138,342086.7866490893,40,15,passive_limit,-0.01287630990078592,1087135.3416611343,-0.5696943158085219
2026-06-11 00:00:00+00:00,483317.24586677365,145352.56159024796,145352.56159024796,337964.6842765257,36,17,passive_limit,0.0331695419320559,1087135.3416611343,-0.5554212733731306
2026-06-12 00:00:00+00:00,480555.9615478019,164416.54106638604,164416.5410663861,316139.4204814159,34,19,passive_limit,-0.005713192199503836,1087135.3416611343,-0.5579612370861606
2026-06-13 00:00:00+00:00,490484.6133407506,178222.81989085785,178222.81989085785,312261.7934498928,32,21,passive_limit,0.020660760842441617,1087135.3416611343,-0.548828379922509
2026-06-14 00:00:00+00:00,497670.23808088026,241015.6346221262,241015.6346221263,256654.60345875408,26,26,passive_limit,0.014650051285375554,1087135.3416611343,-0.5422186925498678
2026-06-15 00:00:00+00:00,497018.33011104167,459892.7933884746,459892.7933884742,37125.536722567034,5,46,passive_limit,-0.0013099195410046782,1087135.3416611343,-0.5428183492300034
2026-06-16 00:00:00+00:00,496435.8648498978,422758.0229065008,422758.02290650073,73677.84194339701,9,42,passive_limit,-0.001171919073917671,1087135.3416611343,-0.5433541291267859
2026-06-17 00:00:00+00:00,495582.4036105665,256719.2643136656,256719.26431366557,238863.13929690092,25,26,passive_limit,-0.0017191772387140647,1087135.3416611343,-0.5441391843141439
2026-06-18 00:00:00+00:00,491204.82823380077,162295.76420439477,162295.7642043947,328909.064029406,34,19,passive_limit,-0.008833193722926569,1087135.3416611343,-0.5481658912097884
2026-06-19 00:00:00+00:00,488262.3476943762,148358.74103389104,148358.741033891,339903.60666048515,35,17,passive_limit,-0.005990333095879152,1087135.3416611343,-0.5508725280255216
2026-06-20 00:00:00+00:00,487707.43814357504,130151.4653069133,130151.46530691328,357555.97283666173,37,17,passive_limit,-0.001136498756091897,1087135.3416611343,-0.5513829608387472
2026-06-21 00:00:00+00:00,480274.16698958864,164032.63910511322,164032.63910511328,316241.5278844754,33,20,passive_limit,-0.015241250332946765,1087135.3416611343,-0.5582204454362292
2026-06-22 00:00:00+00:00,480196.25857957907,319481.37279737723,319481.37279737723,160714.88578220183,18,35,passive_limit,-0.0001622165324817182,1087135.3416611343,-0.5582921093836919
2026-06-23 00:00:00+00:00,480487.33159940224,239096.9350005039,239096.93500050402,241390.3965988983,27,25,passive_limit,0.000606154285092142,1087135.3416611343,-0.5580243662530358
2026-06-24 00:00:00+00:00,477911.99718530936,127041.29026897375,127041.29026897375,350870.7069163356,38,15,passive_limit,-0.005359838323979016,1087135.3416611343,-0.5603932841930577
2026-06-25 00:00:00+00:00,472394.337676812,94412.58398745663,94412.58398745662,377981.7536893554,42,10,passive_limit,-0.011545346300142922,1087135.3416611343,-0.5654686959629174
2026-06-26 00:00:00+00:00,478196.84846579033,86550.86556212901,86550.86556212901,391645.9829036613,43,9,passive_limit,0.0122831929305387,1087135.3416611343,-0.5601312641210714
2026-06-27 00:00:00+00:00,474675.13985308795,72277.98424923442,72277.98424923442,402397.1556038535,44,8,passive_limit,-0.007364558390548059,1087135.3416611343,-0.5633707031106283
2026-06-28 00:00:00+00:00,477849.2114761267,214909.39584232104,214909.39584232098,262939.81563380564,28,23,passive_limit,0.006686829278695905,1087135.3416611343,-0.560451037544252
2026-06-29 00:00:00+00:00,483813.65832571435,351127.4084828271,351127.4084828269,132686.24984288728,14,36,passive_limit,0.01248185977154348,1087135.3416611343,-0.5549646490321518
2026-06-30 00:00:00+00:00,483390.49093543494,483390.49093543494,233996.68304189932,0.0,0,25,passive_limit,-0.0008746495329293724,1087135.3416611343,-0.555353898994013
