date,equity,cash,reserved,invested,open_positions,open_orders,mode,daily_return,peak,drawdown
2020-01-01 00:00:00+00:00,100000.0,100000.0,100000.00000000003,0.0,0,11,full,0.0,100000.0,0.0
2020-01-02 00:00:00+00:00,98414.98970163935,9999.999999999976,10000.000000000007,88414.98970163938,10,1,full,-0.01585010298360645,100000.0,-0.01585010298360645
2020-01-03 00:00:00+00:00,101659.8385044868,9999.999999999976,9999.999999999973,91659.83850448683,10,5,full,0.032971083090947095,101659.8385044868,0.0
2020-01-04 00:00:00+00:00,103157.88847600647,9999.999999999976,8533.873227503167,93157.8884760065,10,4,full,0.014735907449366481,103157.88847600647,0.0
2020-01-05 00:00:00+00:00,102188.08199220106,9999.999999999976,9999.999999999969,92188.08199220109,10,6,full,-0.009401185872769946,103157.88847600647,-0.009401185872769946
2020-01-06 00:00:00+00:00,104735.51670589854,9999.999999999976,9999.99999999997,94735.51670589857,10,8,full,0.024928882742822234,104735.51670589854,0.0
2020-01-07 00:00:00+00:00,104784.2747657812,100319.12696252615,47572.510796450195,4465.147803255047,3,9,full,0.0004655351061051416,104784.2747657812,0.0
2020-01-08 00:00:00+00:00,104868.0895853304,67539.8195078669,67539.8195078669,37328.27007746351,7,8,full,0.0007998797504353838,104868.0895853304,0.0
2020-01-09 00:00:00+00:00,104958.00395484714,27131.44328367924,27131.44328367924,77826.5606711679,12,3,full,0.0008574044771130218,104958.00395484714,0.0
2020-01-10 00:00:00+00:00,110712.92122984162,10478.427476578123,10478.427476578123,100234.4937532635,14,1,full,0.05483066615358134,110712.92122984162,0.0
2020-01-11 00:00:00+00:00,111591.34396366862,10478.427476578123,10478.427476578123,101112.9164870905,14,1,full,0.007934238606200017,111591.34396366862,0.0
2020-01-12 00:00:00+00:00,114427.00875977316,15177.374647826578,15177.374647826578,99249.63411194658,11,4,full,0.02541115372736935,114427.00875977316,0.0
2020-01-13 00:00:00+00:00,113758.39668896791,48461.81748672752,37367.68905329736,65296.5792022404,8,5,full,-0.005843131600240636,114427.00875977316,-0.005843131600240636
2020-01-14 00:00:00+00:00,118310.90375436048,91079.03079096001,91079.03079096001,27231.872963400478,3,10,full,0.04001908604460902,118310.90375436048,0.0
2020-01-15 00:00:00+00:00,118853.17747276276,106007.8483859049,102394.2562854775,12845.329086857859,2,9,full,0.004583463579385327,118853.17747276276,0.0
2020-01-16 00:00:00+00:00,119707.05150132685,58466.577396799796,58466.577396799796,61240.47410452705,6,8,full,0.007184275984205568,119707.05150132685,0.0
2020-01-17 00:00:00+00:00,124021.43996057441,52990.237214186345,52990.23721418635,71031.20274638807,7,6,full,0.03604122234352869,124021.43996057441,0.0
2020-01-18 00:00:00+00:00,118882.59594995785,45232.337925418986,45232.33792541898,73650.25802453887,7,8,full,-0.041435126154398594,124021.43996057441,-0.041435126154398594
2020-01-19 00:00:00+00:00,118859.34625455634,5178.507349783679,5178.507349783679,113680.83890477265,14,3,full,-0.00019556853730962054,124021.43996057441,-0.04162259128469292
2020-01-20 00:00:00+00:00,120812.32007344314,16296.469869670756,14319.0225916382,104515.85020377238,13,2,full,0.016430965510311646,124021.43996057441,-0.025875525136229816
2020-01-21 00:00:00+00:00,121749.44562104114,64290.88466066731,50843.85627795055,57458.560960373834,9,5,full,0.007756870715075248,124021.43996057441,-0.01831936752432095
2020-01-22 00:00:00+00:00,121676.89134786284,69579.43602789246,60766.49940112511,52097.45531997038,8,5,full,-0.0005959310353177427,124021.43996057441,-0.018904381479983523
2020-01-23 00:00:00+00:00,118233.04998027746,30828.287007783627,30828.287007783627,87404.76297249383,11,4,full,-0.028303166931999968,124021.43996057441,-0.04667249454720934
2020-01-24 00:00:00+00:00,118692.98802787867,52581.95458312481,52581.95458312481,66111.03344475386,6,6,full,0.003890097123248948,124021.43996057441,-0.04296395796073338
2020-01-25 00:00:00+00:00,117644.87219800556,52581.95458312481,52581.9545831248,65062.91761488075,6,7,full,-0.008830478087104354,124021.43996057441,-0.05141504375853012
2020-01-26 00:00:00+00:00,120818.30352020108,52581.95458312481,52581.95458312481,68236.34893707627,6,6,full,0.02697466759838374,124021.43996057441,-0.02582727987508926
2020-01-27 00:00:00+00:00,122628.70530627925,52581.95458312481,52581.95458312481,70046.75072315444,6,8,full,0.014984499312850064,124021.43996057441,-0.011229789419780145
2020-01-28 00:00:00+00:00,123074.79651116033,96296.92059668616,78117.78663895237,26777.87591447416,3,9,full,0.0036377388456227955,124021.43996057441,-0.007632901615357901
2020-01-29 00:00:00+00:00,123119.04148628692,117889.82729043471,109375.46371221215,5229.214195852218,1,10,full,0.00035949663441114943,124021.43996057441,-0.007276148983388353
2020-01-30 00:00:00+00:00,123749.24974646872,117889.82729043471,117889.82729043471,5859.422456034007,1,10,full,0.005118690436296092,124021.43996057441,-0.0021947029013066333
2020-01-31 00:00:00+00:00,123568.21628162707,86304.94619492452,86304.94619492452,37263.27008670255,4,9,full,-0.001462905554680427,124021.43996057441,-0.0036543978129218724
2020-02-01 00:00:00+00:00,124621.89206318931,86304.94619492452,86304.94619492452,38316.9458682648,4,8,full,0.008527077700634544,124621.89206318931,0.0
2020-02-02 00:00:00+00:00,124586.2071939708,92400.42517681848,92400.42517681849,32185.782017152327,3,10,full,-0.00028634510861402784,124621.89206318931,-0.00028634510861402784
2020-02-03 00:00:00+00:00,124971.87834269746,92400.42517681848,92400.42517681848,32571.45316587897,3,10,full,0.003095616741315421,124971.87834269746,0.0
2020-02-04 00:00:00+00:00,124868.87492067888,79611.65261072108,79611.65261072108,45257.22230995779,5,11,full,-0.0008242128019882999,124971.87834269746,-0.0008242128019882999
2020-02-05 00:00:00+00:00,124909.76564432765,105384.47104040453,104262.26854468146,19525.29460392312,3,11,full,0.00032746930469862434,124971.87834269746,-0.0004970134016828442
2020-02-06 00:00:00+00:00,125902.51520376201,105384.47104040453,105384.47104040453,20518.04416335749,3,11,full,0.007947733744542829,125902.51520376201,0.0
2020-02-07 00:00:00+00:00,126374.72486655759,92893.49447597176,92893.49447597176,33481.23039058583,4,9,full,0.0037505975319980234,126374.72486655759,0.0
2020-02-08 00:00:00+00:00,126063.19445601503,42426.168747950054,42426.168747950054,83637.02570806498,9,8,full,-0.002465132255453084,126374.72486655759,-0.002465132255453084
2020-02-09 00:00:00+00:00,131150.95935986403,55977.52858070726,55977.52858070725,75173.43077915678,7,8,full,0.04035884483019503,131150.95935986403,0.0
2020-02-10 00:00:00+00:00,132178.86388812336,30001.010177665557,30001.010177665554,102177.8537104578,10,4,full,0.007837567740841767,132178.86388812336,0.0
2020-02-11 00:00:00+00:00,137459.2843531944,19340.596754033715,19340.5967540337,118118.68759916071,11,4,full,0.039949053197645856,137459.2843531944,0.0
2020-02-12 00:00:00+00:00,143005.68649809642,32403.27325290601,32403.27325290601,110602.4132451904,10,5,full,0.04034941816407844,143005.68649809642,0.0
2020-02-13 00:00:00+00:00,142391.24248135285,71022.37964094109,71022.3796409411,71368.86284041176,8,7,full,-0.00429664044689404,143005.68649809642,-0.00429664044689404
2020-02-14 00:00:00+00:00,148897.50896527848,21978.304175553065,21978.30417555307,126919.20478972541,12,4,full,0.04569288370931712,148897.50896527848,0.0
2020-02-15 00:00:00+00:00,140178.08651070308,51036.49280176647,51036.492801766464,89141.5937089366,11,7,full,-0.05855989475692769,148897.50896527848,-0.05855989475692769
2020-02-16 00:00:00+00:00,138456.65081052072,10373.655325339716,10373.655325339718,128082.99548518099,17,3,full,-0.012280348113119177,148897.50896527848,-0.07012110697696405
2020-02-17 00:00:00+00:00,136448.9057828671,3579.631095085782,3579.631095085784,132869.27468778132,19,1,full,-0.014500892632461793,148897.50896527848,-0.08360518096588354
2020-02-18 00:00:00+00:00,141397.0126366823,25107.98811010142,25107.988110101418,116289.02452658089,16,4,full,0.0362634410692102,148897.50896527848,-0.05037355144971045
2020-02-19 00:00:00+00:00,136797.95269174402,56490.955326507064,56490.95532650707,80306.99736523695,14,6,full,-0.03252586358917997,148897.50896527848,-0.08126097177593461
2020-02-20 00:00:00+00:00,137149.2512368747,55725.73504801953,55725.73504801953,81423.51618885517,12,6,full,0.0025680102532110727,148897.50896527848,-0.07890164053143
2020-02-21 00:00:00+00:00,137488.88746674673,108508.31956025539,108508.31956025539,28980.567906491342,5,10,full,0.0024763987175215885,148897.50896527848,-0.0766206337353309
2020-02-22 00:00:00+00:00,137178.31106744206,101570.7201940098,101570.7201940098,35607.590873432266,4,10,full,-0.002258920011843024,148897.50896527848,-0.07870647386430907
2020-02-23 00:00:00+00:00,138690.02514521053,101570.7201940098,101570.7201940098,37119.30495120073,4,10,full,0.011020066262699801,148897.50896527848,-0.0685537581588973
2020-02-24 00:00:00+00:00,137159.1158099727,74622.46576601606,68322.45479762147,62536.650043956644,6,6,full,-0.011038352135526397,148897.50896527848,-0.07883538977165205
2020-02-25 00:00:00+00:00,129292.3511847366,22838.73973990257,22838.739739902565,106453.61144483404,10,3,full,-0.057355025794531334,148897.50896527848,-0.13166880975230832
2020-02-26 00:00:00+00:00,121320.97227217245,10966.625591977401,10966.625591977401,110354.34668019506,12,1,full,-0.061653909450331,148897.50896527848,-0.1852048223287377
2020-02-27 00:00:00+00:00,126229.84214879476,22547.774645848294,22547.774645848294,103682.06750294646,11,2,full,0.040461840889386425,148897.50896527848,-0.15223670949236368
2020-02-28 00:00:00+00:00,125487.73931152702,22547.774645848294,22547.774645848287,102939.96466567874,11,2,full,-0.005878980949631352,148897.50896527848,-0.15722069372705483
2020-02-29 00:00:00+00:00,123555.50083678169,60019.14664249518,59614.424896882796,63536.35419428651,7,5,full,-0.015397826794444791,148897.50896527848,-0.17019766351098797
2020-03-01 00:00:00+00:00,123452.96007898303,77266.886294985,37046.14209947475,46186.07378399803,5,3,full,-0.0008299165727483349,148897.50896527848,-0.1708863302221455
2020-03-02 00:00:00+00:00,127544.44543214227,75864.33653361318,50209.73517800491,51680.10889852908,4,4,full,0.0331420595386418,148897.50896527848,-0.14340779561406602
2020-03-03 00:00:00+00:00,128155.56855525383,75864.33653361318,25160.852863423665,52291.23202164065,4,2,full,0.004791452274075736,148897.50896527848,-0.13930347494840545
2020-03-04 00:00:00+00:00,131511.9365608409,75864.33653361318,52269.13782377764,55647.60002722772,4,4,full,0.026189794508538977,148897.50896527848,-0.1167620098230907
2020-03-05 00:00:00+00:00,131811.84269157538,62713.14287752909,52299.12843685108,69098.6998140463,5,4,full,0.002280447985006484,148897.50896527848,-0.11474783152811052
2020-03-06 00:00:00+00:00,133463.4680566102,104022.75444533862,92868.95880396978,29440.713611271574,2,7,full,0.012530174309901998,148897.50896527848,-0.10365546754893895
2020-03-07 00:00:00+00:00,133826.21945633015,65491.79529889361,53292.774966084566,68334.42415743653,5,4,full,0.002717982718432488,148897.50896527848,-0.10121921859997551
2020-03-08 00:00:00+00:00,126232.59611150481,25380.204601966558,12623.259611150459,100852.39150953825,8,1,full,-0.056742418456371846,148897.50896527848,-0.15221821379872058
2020-03-09 00:00:00+00:00,124266.05221708391,25380.204601966558,12623.259611150459,98885.84761511735,8,1,full,-0.015578732870896506,148897.50896527848,-0.1654255797787617
2020-03-10 00:00:00+00:00,126576.6802050715,42535.009766760675,37938.59565216476,84041.67043831083,7,3,full,0.01859420128637468,148897.50896527848,-0.14990733502070863
2020-03-11 00:00:00+00:00,122034.45710313777,17219.67372574637,17219.67372574637,104814.7833773914,9,2,full,-0.03588514957553568,148897.50896527848,-0.18041303745655624
2020-03-12 00:00:00+00:00,82283.873770696,44765.48121934092,-2.7284841053187847e-11,37518.392551355064,7,0,full,-0.3257324552101416,148897.50896527848,-0.4473791110240546
2020-03-13 00:00:00+00:00,87464.55822098273,60846.59213023989,-2.7284841053187847e-11,26617.966090742826,4,0,full,0.06296111513568214,148897.50896527848,-0.4125854836068571
2020-03-14 00:00:00+00:00,84755.06745337349,60846.59213023989,-2.7284841053187847e-11,23908.4753231336,4,0,full,-0.030978156440962135,148897.50896527848,-0.43078250239137594
2020-03-15 00:00:00+00:00,84604.50397361636,60846.59213023989,8460.450397361608,23757.911843376467,4,1,full,-0.0017764540136783191,148897.50896527848,-0.4317936910996587
2020-03-16 00:00:00+00:00,83205.60298114244,65405.56361663513,-2.7284841053187847e-11,17800.039364507313,3,0,full,-0.016534592448058882,148897.50896527848,-0.44118875084374165
2020-03-17 00:00:00+00:00,83458.52132468944,74056.63614234334,8345.852132468917,9401.885182346108,1,1,full,0.0030396792341536027,148897.50896527848,-0.43949014389387
2020-03-18 00:00:00+00:00,83422.78241821297,74056.63614234334,8345.852132468917,9366.146275869636,1,1,full,-0.00042822357632521513,148897.50896527848,-0.43973016742901727
2020-03-19 00:00:00+00:00,84466.86904313276,74056.63614234334,16792.539036782193,10410.232900789417,1,2,full,0.012515605385655881,148897.50896527848,-0.43271805129507135
2020-03-20 00:00:00+00:00,83785.27704104576,74056.63614234334,8378.527704104548,9728.64089870242,1,1,full,-0.0080693413856614,148897.50896527848,-0.4372956430010947
2020-03-21 00:00:00+00:00,83770.68894401815,83770.68894401815,16755.596598506367,0.0,0,2,full,-0.00017411289361091153,148897.50896527848,-0.4373936170849393
2020-03-22 00:00:00+00:00,83770.68894401815,83770.68894401815,8378.52770410455,0.0,0,1,full,0.0,148897.50896527848,-0.4373936170849393
2020-03-23 00:00:00+00:00,83770.68894401815,83770.68894401815,8377.068894401791,0.0,0,1,full,0.0,148897.50896527848,-0.4373936170849393
2020-03-24 00:00:00+00:00,83770.68894401815,83770.68894401815,-2.546585164964199e-11,0.0,0,0,full,0.0,148897.50896527848,-0.4373936170849393
2020-03-25 00:00:00+00:00,83770.68894401815,83770.68894401815,-2.546585164964199e-11,0.0,0,0,full,0.0,148897.50896527848,-0.4373936170849393
2020-03-26 00:00:00+00:00,83770.68894401815,83770.68894401815,-2.546585164964199e-11,0.0,0,0,full,0.0,148897.50896527848,-0.4373936170849393
2020-03-27 00:00:00+00:00,83770.68894401815,83770.68894401815,8377.068894401791,0.0,0,1,full,0.0,148897.50896527848,-0.4373936170849393
2020-03-28 00:00:00+00:00,83770.68894401815,83770.68894401815,8377.068894401791,0.0,0,1,full,0.0,148897.50896527848,-0.4373936170849393
2020-03-29 00:00:00+00:00,83770.68894401815,83770.68894401815,8377.068894401791,0.0,0,1,full,0.0,148897.50896527848,-0.4373936170849393
2020-03-30 00:00:00+00:00,83770.68894401815,83770.68894401815,16754.137788803608,0.0,0,2,full,0.0,148897.50896527848,-0.4373936170849393
2020-03-31 00:00:00+00:00,83770.68894401815,83770.68894401815,25131.206683205426,0.0,0,3,full,0.0,148897.50896527848,-0.4373936170849393
2020-04-01 00:00:00+00:00,83770.68894401815,83770.68894401815,83770.68894401814,0.0,0,11,full,0.0,148897.50896527848,-0.4373936170849393
2020-04-02 00:00:00+00:00,83770.68894401815,83770.68894401815,83770.68894401815,0.0,0,11,full,0.0,148897.50896527848,-0.4373936170849393
2020-04-03 00:00:00+00:00,83770.68894401815,83770.68894401815,83770.68894401815,0.0,0,11,full,0.0,148897.50896527848,-0.4373936170849393
2020-04-04 00:00:00+00:00,83770.68894401815,83770.68894401815,83770.68894401815,0.0,0,11,full,0.0,148897.50896527848,-0.4373936170849393
2020-04-05 00:00:00+00:00,83996.09969289212,75393.62004961634,75393.62004961632,8602.479643275781,1,11,full,0.0026908069124822465,148897.50896527848,-0.43587975194078477
2020-04-06 00:00:00+00:00,85005.3520342609,75393.62004961634,75393.62004961634,9611.731984644557,1,11,full,0.012015466730703084,148897.50896527848,-0.42910158386811326
2020-04-07 00:00:00+00:00,85033.82037772847,62605.739984760476,62605.739984760476,22428.08039296799,3,10,full,0.00033490060080088035,148897.50896527848,-0.4289103896455544
2020-04-08 00:00:00+00:00,86025.28464115332,62605.739984760476,62605.739984760476,23419.54465639284,3,11,full,0.01165964623276583,148897.50896527848,-0.4222516868216135
2020-04-09 00:00:00+00:00,85789.83027789227,58244.263293975295,58244.2632939753,27545.56698391697,4,9,full,-0.002737036724065889,148897.50896527848,-0.4238330051720499
2020-04-10 00:00:00+00:00,83241.54098575882,9515.13826566496,9515.138265664958,73726.40272009386,12,4,full,-0.0297038621463519,148897.50896527848,-0.4409473901596972
2020-04-11 00:00:00+00:00,83978.51454452041,9515.13826566496,9515.13826566496,74463.37627885544,12,5,full,0.008853434835951246,148897.50896527848,-0.4359978543086075
2020-04-12 00:00:00+00:00,83955.97144308529,21801.307826814078,15572.21243043475,62154.66361627121,10,5,full,-0.00026843891627981176,148897.50896527848,-0.4361492544333764
2020-04-13 00:00:00+00:00,83331.82299877149,18563.52152987457,18563.52152987457,64768.30146889691,12,5,full,-0.007434235273388712,148897.50896527848,-0.4403410535349943
2020-04-14 00:00:00+00:00,83955.73472758594,22861.32427942108,22861.324279421075,61094.410448164854,11,6,full,0.007487076441657248,148897.50896527848,-0.4361508442215535
2020-04-15 00:00:00+00:00,83581.59808014538,76063.17426331693,66092.08374009239,7518.423816828452,3,10,full,-0.004456356062567113,148897.50896527848,-0.43866355682528013
2020-04-16 00:00:00+00:00,84614.64693870046,71998.69174321688,58713.728427812704,12615.95519548357,5,7,full,0.012359764377375182,148897.50896527848,-0.43172557065120676
2020-04-17 00:00:00+00:00,84490.15552817317,71998.69174321688,58701.27928675998,12491.463784956288,5,7,full,-0.0014712749509843137,148897.50896527848,-0.43256165858439244
2020-04-18 00:00:00+00:00,84887.39775860713,75719.08680322031,75719.08680322031,9168.31095538681,3,9,full,0.004701639237739252,148897.50896527848,-0.4298937682133952
2020-04-19 00:00:00+00:00,84536.70879801348,41807.07829637785,41807.07829637784,42729.63050163564,7,6,full,-0.0041312252448931774,148897.50896527848,-0.4322490054704229
2020-04-20 00:00:00+00:00,81494.7182917697,12707.163344126377,12707.163344126377,68787.55494764332,11,2,full,-0.03598425523652815,148897.50896527848,-0.45267910216836793
2020-04-21 00:00:00+00:00,82383.94397515416,17185.701533828666,17185.701533828666,65198.24244132549,9,5,full,0.010911451711518527,148897.50896527848,-0.446707036620973
2020-04-22 00:00:00+00:00,85712.03318367747,17185.701533828666,17185.701533828666,68526.3316498488,9,5,full,0.040397303745581814,148897.50896527848,-0.42435549271905737
2020-04-23 00:00:00+00:00,87601.41874575344,17185.701533828666,17185.701533828666,70415.71721192477,9,7,full,0.022043410847892186,148897.50896527848,-0.4116663243427311
2020-04-24 00:00:00+00:00,89042.98030871892,51874.074999690376,51874.074999690376,37168.905309028545,5,9,full,0.016455915710102076,148897.50896527848,-0.4019847549667005
2020-04-25 00:00:00+00:00,88983.72024885085,88983.72024885085,75672.10107799088,0.0,0,11,full,-0.0006655219722274675,148897.50896527848,-0.4023827472519972
2020-04-26 00:00:00+00:00,88821.31226700304,80085.34822396576,80085.34822396576,8735.964043037284,1,11,full,-0.001825142637255639,148897.50896527848,-0.4034734839807471
2020-04-27 00:00:00+00:00,89935.917725437,55993.44013371777,50824.132042963596,33942.47759171923,4,7,full,0.012548851508558778,148897.50896527848,-0.39598776131030355
2020-04-28 00:00:00+00:00,90046.70264970679,55993.44013371777,50835.21053539057,34053.262515989016,4,7,full,0.0012318206904609053,148897.50896527848,-0.3952437265373939
2020-04-29 00:00:00+00:00,91924.70026807423,55993.44013371777,55993.44013371776,35931.26013435647,4,9,full,0.02085581773796985,148897.50896527848,-0.3826310399221641
2020-04-30 00:00:00+00:00,90512.50703764567,29877.685946848003,29877.685946848003,60634.82109079767,9,5,full,-0.015362500245421185,148897.50896527848,-0.3921153707228753
2020-05-01 00:00:00+00:00,91894.29010506344,39205.65840563633,39067.11495735435,52688.63169942712,8,6,full,0.015266211407038544,148897.50896527848,-0.3828352754612414
2020-05-02 00:00:00+00:00,92228.19553318784,64517.10257790731,64517.1025779073,27711.09295528053,5,9,full,0.0036335818878696635,148897.50896527848,-0.3805927568963252
2020-05-03 00:00:00+00:00,91256.04963284542,57258.3074124365,57258.307412436494,33997.74222040892,6,7,full,-0.010540658360735256,148897.50896527848,-0.387121717032046
2020-05-04 00:00:00+00:00,92921.66576880575,25086.46355764052,25086.463557640516,67835.20221116522,10,3,full,0.0182521174504231,148897.50896527848,-0.37593539062850123
2020-05-05 00:00:00+00:00,92283.30154040823,51802.24723102335,51802.24723102335,40481.05430938487,5,8,full,-0.006869918044579704,148897.50896527848,-0.38022266334940613
2020-05-06 00:00:00+00:00,91751.68487651504,51802.24723102335,48134.99941331033,39949.43764549168,5,7,full,-0.005760702695063569,148897.50896527848,-0.38379301632298846
2020-05-07 00:00:00+00:00,92351.23292154264,46400.50680618133,46400.50680618133,45950.726115361314,6,7,full,0.006534463599600526,148897.50896527848,-0.37976643421833134
2020-05-08 00:00:00+00:00,93085.79248117298,53610.74894262215,53610.748942622144,39475.04353855083,5,7,full,0.007953976751500225,148897.50896527848,-0.3748331108556039
2020-05-09 00:00:00+00:00,92957.33858415483,80016.04475331082,80016.04475331082,12941.29383084401,2,10,full,-0.0013799516939615453,148897.50896527848,-0.3756958109632874
2020-05-10 00:00:00+00:00,89846.2632575299,-1.4006218407303095e-10,-1.3642420526593924e-10,89846.26325753005,12,0,full,-0.033467775368896224,148897.50896527848,-0.39658988332382894
2020-05-11 00:00:00+00:00,87698.0758789966,-1.4006218407303095e-10,-1.3642420526593924e-10,87698.07587899675,12,0,full,-0.02390959067908993,148897.50896527848,-0.4110171722251782
2020-05-12 00:00:00+00:00,94397.47647537198,5803.085863297016,5803.085863297016,88594.39061207496,11,4,full,0.07639164861061509,148897.50896527848,-0.36602380300811754
2020-05-13 00:00:00+00:00,100107.99465115042,3642.2032714877846,3642.203271487785,96465.79137966264,12,3,full,0.0604943944372105,148897.50896527848,-0.3276717968834879
2020-05-14 00:00:00+00:00,101311.15603166168,11524.712309060877,11524.712309060877,89786.4437226008,11,5,full,0.01201863432290251,148897.50896527848,-0.3195913300652564
2020-05-15 00:00:00+00:00,101560.92880825646,91915.91334836952,84461.5140664178,9645.015459886945,4,9,full,0.0024654024924630757,148897.50896527848,-0.3179138488345058
2020-05-16 00:00:00+00:00,101593.6470451964,91915.91334836952,74308.69300928616,9677.733696826881,4,8,full,0.0003221537782676087,148897.50896527848,-0.31769411220380395
2020-05-17 00:00:00+00:00,101664.35062248545,81756.54864384988,81269.42740945083,19907.80197863558,5,8,full,0.0006959448680643465,148897.50896527848,-0.317219264922742
2020-05-18 00:00:00+00:00,101505.72113946301,84209.4446097057,84209.44460970568,17296.276529757328,4,9,full,-0.0015603255423475293,148897.50896527848,-0.31828462514350586
2020-05-19 00:00:00+00:00,101672.89344894452,84209.4446097057,84209.4446097057,17463.44883923883,4,9,full,0.001646924996984378,148897.50896527848,-0.31716189105182613
2020-05-20 00:00:00+00:00,101752.39599206136,71662.24038852345,71662.24038852344,30090.15560353791,3,9,full,0.0007819443356036349,148897.50896527848,-0.31662794966039987
2020-05-21 00:00:00+00:00,101542.16550022771,17125.595285611045,17125.595285611045,84416.57021461666,10,5,full,-0.0020660986877404364,148897.50896527848,-0.318039863756845
2020-05-22 00:00:00+00:00,105785.30417190946,22670.369270508578,13265.204095164481,83114.93490140088,11,3,full,0.041786962596067845,148897.50896527848,-0.28954282105164286
2020-05-23 00:00:00+00:00,105800.89139523657,22670.369270508578,16870.27006302327,83130.522124728,11,3,full,0.00014734771950730696,148897.50896527848,-0.2894381368065173
2020-05-24 00:00:00+00:00,105427.61195977576,12090.280130984918,12090.280130984916,93337.33182879085,12,3,full,-0.003528131290183145,148897.50896527848,-0.29194509234966104
2020-05-25 00:00:00+00:00,112799.52158143112,31733.590687924778,12090.280130984916,81065.93089350635,10,3,full,0.06992389834712376,148897.50896527848,-0.24243513296293673
2020-05-26 00:00:00+00:00,111277.95410209385,93777.04084795379,67729.25718203184,17500.91325414007,3,8,full,-0.013489130609821265,148897.50896527848,-0.25265402439981155
2020-05-27 00:00:00+00:00,113923.89129377405,58244.567524118094,58244.56752411809,55679.32376965596,6,6,full,0.023777730396199015,148897.50896527848,-0.23488383327930595
2020-05-28 00:00:00+00:00,112563.67324751482,51497.14862930502,51497.14862930501,61066.524618209805,7,5,full,-0.01193970843878267,148897.50896527848,-0.24401909723175008
2020-05-29 00:00:00+00:00,115942.4695035996,39609.30719399261,39609.3071939926,76333.162309607,8,5,full,0.030016755482518587,148897.50896527848,-0.22132700332390176
2020-05-30 00:00:00+00:00,115334.5825988049,39609.30719399261,39609.30719399261,75725.27540481229,8,10,full,-0.005243004633223025,148897.50896527848,-0.2254095894532402
2020-05-31 00:00:00+00:00,109275.30632899405,26754.30508022871,26754.30508022871,82521.00124876533,13,5,full,-0.05253650841992674,148897.50896527848,-0.2661038650789246
2020-06-01 00:00:00+00:00,110877.59365145434,68409.55527088615,68409.55527088615,42468.03838056819,8,8,full,0.014662849057922589,148897.50896527848,-0.2553428568283841
2020-06-02 00:00:00+00:00,111270.44232459791,43690.463714399775,43690.463714399775,67579.97861019813,11,6,full,0.0035430844069226364,148897.50896527848,-0.2527044737159092
2020-06-03 00:00:00+00:00,112809.41400971092,60216.40421635141,60216.40421635141,52593.00979335951,10,7,full,0.013830911902223963,148897.50896527848,-0.2423686951269478
2020-06-04 00:00:00+00:00,113921.61470582274,52338.15766288104,52338.15766288105,61583.45704294169,11,6,full,0.009859112432018202,148897.50896527848,-0.23489912291018789
2020-06-05 00:00:00+00:00,113291.57305475336,65758.43762809466,65758.43762809466,47533.13542665869,6,7,full,-0.005530483856784452,148897.50896527848,-0.23913050095974475
2020-06-06 00:00:00+00:00,115193.33162334753,54366.27615751239,54366.27615751238,60827.055465835154,7,7,full,0.016786408002959385,148897.50896527848,-0.2263582351118476
2020-06-07 00:00:00+00:00,115176.70679807666,76940.12298367219,66732.61281551444,38236.58381440447,5,7,full,-0.0001443210734214384,148897.50896527848,-0.2264698879218
2020-06-08 00:00:00+00:00,115066.53842448804,81912.69580967548,81912.69580967547,33153.842614812565,4,8,full,-0.0009565160929784211,148897.50896527848,-0.22720978192240615
2020-06-09 00:00:00+00:00,115141.59996900227,90151.69730250369,90151.69730250369,24989.90266649858,3,9,full,0.0006523316469060347,148897.50896527848,-0.22670566640673462
2020-06-10 00:00:00+00:00,116524.28663497398,72487.93567463766,72487.93567463764,44036.35096033633,5,7,full,0.012008576104066249,148897.50896527848,-0.21741950255093678
2020-06-11 00:00:00+00:00,110649.7674720638,23941.212748743834,23941.212748743834,86708.55472331996,10,4,full,-0.05041454732362183,148897.50896527848,-0.2568729440741262
2020-06-12 00:00:00+00:00,115367.67047580864,35489.34237818463,35489.34237818463,79878.328097624,8,6,full,0.04263816464807291,148897.50896527848,-0.22518737030912106
2020-06-13 00:00:00+00:00,115647.70402287433,31406.408570710133,31406.408570710133,84241.2954521642,9,5,full,0.002427313873208492,148897.50896527848,-0.22330665686393514
2020-06-14 00:00:00+00:00,113028.4326027581,21986.147603128917,21986.147603128917,91042.28499962918,11,3,full,-0.02264871094715515,148897.50896527848,-0.24089775988720352
2020-06-15 00:00:00+00:00,115193.80942653207,23564.512199402066,23564.51219940206,91629.29722713001,11,4,full,0.01915780634934805,148897.50896527848,-0.22635502617176628
2020-06-16 00:00:00+00:00,115324.77169419364,84198.94460091849,77044.05860691801,31125.827093275147,5,8,full,0.0011368863336800317,148897.50896527848,-0.2254754797739007
2020-06-17 00:00:00+00:00,116532.63666229924,61133.990262079766,53979.10426807929,55398.64640021947,7,6,full,0.010473595137985514,148897.50896527848,-0.21736342352461002
2020-06-18 00:00:00+00:00,115274.24088107544,41928.04514673039,41928.045146730394,73346.19573434505,8,5,full,-0.010798655357558862,148897.50896527848,-0.22581484618418746
2020-06-19 00:00:00+00:00,114592.61059051465,25650.55378886487,25650.55378886487,88942.05680164979,9,4,full,-0.005913118883723589,148897.50896527848,-0.23039269503671422
2020-06-20 00:00:00+00:00,114668.90190027104,41446.82300922623,41446.82300922623,73222.0788910448,7,6,full,0.0006657611635099148,148897.50896527848,-0.22988032038191608
2020-06-21 00:00:00+00:00,114544.87225538454,36988.083311798655,36988.083311798655,77556.78894358588,8,5,full,-0.0010816327952138938,148897.50896527848,-0.23071330708363058
2020-06-22 00:00:00+00:00,115918.14419530376,47635.79229065042,47635.79229065042,68282.35190465333,7,6,full,0.011988942960776239,148897.50896527848,-0.22149037280177197
2020-06-23 00:00:00+00:00,116348.40705557188,72709.72789858605,72709.72789858606,43638.679156985825,5,9,full,0.003711781820309401,148897.50896527848,-0.21860071492060185
2020-06-24 00:00:00+00:00,115695.62706370087,66592.97582948802,66592.97582948802,49102.651234212855,7,7,full,-0.005610562347959092,148897.50896527848,-0.22298480432819046
2020-06-25 00:00:00+00:00,114242.6013911301,36682.37567906516,36682.37567906515,77560.22571206494,10,5,full,-0.0125590370997406,148897.50896527848,-0.23274336699769493
2020-06-26 00:00:00+00:00,111169.33798546015,17646.81823286724,17646.81823286724,93522.51975259291,12,3,full,-0.026901202950973424,148897.50896527848,-0.2533834933975705
2020-06-27 00:00:00+00:00,106909.27964577936,10672.557181210714,10672.557181210708,96236.72246456865,14,2,full,-0.03832044354026798,148897.50896527848,-0.2819941690850609
2020-06-28 00:00:00+00:00,110122.41650910642,10672.557181210714,10672.557181210708,99449.85932789571,14,3,full,0.030054798554186135,148897.50896527848,-0.26041464847618134
2020-06-29 00:00:00+00:00,113410.02297430052,40294.07338885655,22013.55947864076,73115.94958544396,9,4,full,0.02985410754151263,148897.50896527848,-0.23833498785566198
2020-06-30 00:00:00+00:00,111115.19594239633,69383.66233086606,56310.96503518898,41731.533611530256,6,7,full,-0.02023478147451052,148897.50896527848,-0.2537471129331831
2020-07-01 00:00:00+00:00,111342.40246373291,93419.9081047032,93419.90810470321,17922.49435902972,3,10,full,0.002044783518668103,148897.50896527848,-0.2522211873289504
2020-07-02 00:00:00+00:00,110761.686047537,74463.62654560864,74463.62654560865,36298.059501928365,4,8,full,-0.005215590856188501,148897.50896527848,-0.256121295666769
2020-07-03 00:00:00+00:00,113479.95894422737,67545.23386050179,67545.23386050179,45934.72508372559,5,8,full,0.024541635232274484,148897.50896527848,-0.23786529584796579
2020-07-04 00:00:00+00:00,114430.37308333704,60732.083561398154,60732.08356139816,53698.289521938874,6,8,full,0.008375171686277882,148897.50896527848,-0.23148228685262195
2020-07-05 00:00:00+00:00,113511.42776921128,32210.310162248585,32210.310162248585,81301.1176069627,10,5,full,-0.008030606641966531,148897.50896527848,-0.23765395030429226
2020-07-06 00:00:00+00:00,120942.4367483161,26965.378760693766,26965.378760693766,93977.05798762233,11,6,full,0.06546485340853403,148897.50896527848,-0.18774707791438772
2020-07-07 00:00:00+00:00,121466.80296371384,66477.04499084919,66477.04499084919,54989.75797286465,8,9,full,0.004335667690315681,148897.50896527848,-0.18422541916373647
2020-07-08 00:00:00+00:00,123449.53042251119,46600.43646465522,46600.43646465522,76849.09395785596,10,7,full,0.016323204451093254,148897.50896527848,-0.17090936389474132
2020-07-09 00:00:00+00:00,123034.5633836695,42606.77056959792,42606.77056959791,80427.79281407158,11,7,full,-0.0033614306787675963,148897.50896527848,-0.17369629459442448
2020-07-10 00:00:00+00:00,129188.06648551,42453.627131177374,42453.627131177374,86734.43935433263,12,4,full,0.050014426292971814,148897.50896527848,-0.13236918882480797
2020-07-11 00:00:00+00:00,132083.69628596038,21999.335015217668,21999.335015217657,110084.36127074272,13,3,full,0.022414065627146318,148897.50896527848,-0.1129220548829929
2020-07-12 00:00:00+00:00,134388.5875822448,24864.98522871617,24864.98522871617,109523.60235352862,12,4,full,0.0174502331559101,148897.50896527848,-0.09744233791323553
2020-07-13 00:00:00+00:00,133053.72220107,52053.6369512918,52053.6369512918,81000.08524977817,11,6,full,-0.00993287752472194,148897.50896527848,-0.10640733262974278
2020-07-14 00:00:00+00:00,136620.7352457198,39648.6941998799,30102.462646146952,96972.04104583991,11,4,full,0.026808818164886672,148897.50896527848,-0.08245116929673746
2020-07-15 00:00:00+00:00,139216.5193384731,77194.96758124905,77194.96758124905,62021.55175722406,6,8,full,0.018999927705590336,148897.50896527848,-0.06501780784702649
2020-07-16 00:00:00+00:00,140186.22871038894,51699.93865348763,51699.938653487625,88486.29005690131,9,4,full,0.006965476342345678,148897.50896527848,-0.05850521150707044
2020-07-17 00:00:00+00:00,140098.8888842367,38468.50819826446,38468.508198264455,101630.38068597222,10,3,full,-0.0006230271472149607,148897.50896527848,-0.05909178831926298
2020-07-18 00:00:00+00:00,143399.0339585599,53193.76291944424,53193.76291944424,90205.27103911567,8,5,full,0.02355582617825136,148897.50896527848,-0.03692791803522222
2020-07-19 00:00:00+00:00,149210.02089846498,76490.42626726198,70276.84941288378,72719.594631203,6,6,full,0.04052319446994557,149210.02089846498,0.0
2020-07-20 00:00:00+00:00,142673.93945045138,31727.419997722485,31727.419997722478,110946.5194527289,9,4,full,-0.04380457430845952,149210.02089846498,-0.04380457430845952
2020-07-21 00:00:00+00:00,144817.40641076566,75363.31229359355,75363.31229359354,69454.09411717212,5,6,full,0.015023535262083998,149210.02089846498,-0.029439138613139293
2020-07-22 00:00:00+00:00,144696.56798578246,89087.06954372636,89087.06954372635,55609.49844205611,4,8,full,-0.0008344192040040666,149210.02089846498,-0.030248993234535226
2020-07-23 00:00:00+00:00,145730.55871809466,30262.57170072784,30262.57170072784,115467.98701736682,9,4,full,0.007145924376131818,149210.02089846498,-0.023319225876511585
2020-07-24 00:00:00+00:00,142031.55413262872,26806.169623501264,26806.169623501264,115225.38450912746,10,5,full,-0.025382490933980373,149210.02089846498,-0.04810981677109405
2020-07-25 00:00:00+00:00,140409.65216094788,70421.13726105209,40847.13483959605,69988.51489989579,7,6,full,-0.011419307361562159,149210.02089846498,-0.05897974334783862
2020-07-26 00:00:00+00:00,138589.42026376585,79539.31399400915,64921.52851081822,59050.106269756696,6,7,full,-0.012963723427614204,149210.02089846498,-0.07117886969485976
2020-07-27 00:00:00+00:00,133172.55029877956,39300.69790254379,39300.69790254379,93871.85239623577,10,7,full,-0.03908573940692439,149210.02089846498,-0.10748253034961142
2020-07-28 00:00:00+00:00,135534.93875224376,76114.35022267998,64069.415759863376,59420.58852956378,8,6,full,0.017739304745340245,149210.02089846498,-0.09164989096494325
2020-07-29 00:00:00+00:00,134228.1280238225,80022.62745107921,63371.92439018479,54205.5005727433,7,6,full,-0.009641873456777805,149210.02089846498,-0.10040808777070953
2020-07-30 00:00:00+00:00,136214.78266788347,61119.364191941335,61119.364191941335,75095.41847594213,9,6,full,0.01480058370260795,149210.02089846498,-0.08709360237557073
2020-07-31 00:00:00+00:00,135727.72914716095,61119.364191941335,61119.364191941335,74608.3649552196,9,7,full,-0.003575628952916521,149210.02089846498,-0.09035781692221945
2020-08-01 00:00:00+00:00,138771.02008556752,102486.64359772466,68791.05496520051,36284.37648784287,5,7,full,0.022422027963843183,149210.02089846498,-0.06996179445615813
2020-08-02 00:00:00+00:00,136282.18965758258,56374.49862147879,56374.49862147878,79907.69103610379,8,8,full,-0.017934799545685443,149210.02089846498,-0.08664184324241586
2020-08-03 00:00:00+00:00,138666.8408693862,56374.49862147879,50877.68452011354,82292.34224790739,8,7,full,0.017497893288882294,149210.02089846498,-0.07065999968094139
2020-08-04 00:00:00+00:00,139382.22822497276,76009.70857731196,58007.08750126061,63372.5196476608,6,7,full,0.005159036948569451,149210.02089846498,-0.06586550028151172
2020-08-05 00:00:00+00:00,142184.12193475285,76009.70857731196,76009.70857731196,66174.41335744088,6,8,full,0.020102230718091585,149210.02089846498,-0.04708731304644165
2020-08-06 00:00:00+00:00,145803.56666732137,65618.19757198817,65618.19757198817,80185.36909533321,7,7,full,0.025456040261861768,149210.02089846498,-0.022829929321313114
2020-08-07 00:00:00+00:00,145655.52502911288,98032.74315259708,72676.2301362411,47622.781876515786,5,6,full,-0.0010153499094180951,149210.02089846498,-0.023822098864062724
2020-08-08 00:00:00+00:00,146854.7259187785,98032.74315259708,87633.15519540077,48821.982766181434,5,6,full,0.008233130115908427,149210.02089846498,-0.015785099187736296
2020-08-09 00:00:00+00:00,146390.18133652033,83467.19064968578,83467.19064968577,62922.99068683455,6,6,full,-0.003163293379575105,149210.02089846498,-0.01889845966755488
2020-08-10 00:00:00+00:00,151062.44180873796,29131.10500582251,29131.10500582251,121931.33680291545,10,3,full,0.03191648804284952,151062.44180873796,0.0
2020-08-11 00:00:00+00:00,142957.60820528667,10336.309337330413,10336.3093373304,132621.29886795627,12,3,full,-0.053652208361049225,151062.44180873796,-0.053652208361049225
2020-08-12 00:00:00+00:00,151593.6426136423,39081.2013081146,39081.2013081146,112512.4413055277,10,6,full,0.06040975724743736,151593.6426136423,0.0
2020-08-13 00:00:00+00:00,154430.70748325926,19526.258262023042,19526.25826202304,134904.44922123622,13,5,full,0.018714933032169645,154430.70748325926,0.0
2020-08-14 00:00:00+00:00,157808.0499274532,34954.48979291713,34954.48979291713,122853.56013453606,12,7,full,0.021869630070561197,157808.0499274532,0.0
2020-08-15 00:00:00+00:00,159070.71907847817,83235.63541872629,71658.0100183996,75835.0836597519,11,6,full,0.00800129747250189,159070.71907847817,0.0
2020-08-16 00:00:00+00:00,162657.9079669844,98470.86113847507,98470.86113847507,64187.04682850934,9,7,full,0.0225509063471101,162657.9079669844,0.0
2020-08-17 00:00:00+00:00,162710.17670345434,61604.871659020624,61604.871659020624,101105.30504443373,10,6,full,0.000321341502071526,162710.17670345434,0.0
2020-08-18 00:00:00+00:00,159929.06761022564,58991.51820494794,58991.51820494793,100937.5494052777,10,6,full,-0.01709241025714936,162710.17670345434,-0.01709241025714936
2020-08-19 00:00:00+00:00,154715.17063141163,23487.084596330493,23487.08459633049,131228.08603508113,14,5,full,-0.03260130917239612,162710.17670345434,-0.0491364844782507
2020-08-20 00:00:00+00:00,158165.21088978022,34112.784510418925,34112.78451041893,124052.42637936129,11,8,full,0.022299301641129032,162710.17670345434,-0.02793289212608685
2020-08-21 00:00:00+00:00,144948.61033685657,36872.03740665799,36872.03740665799,108076.57293019857,13,8,full,-0.08356199494548677,162710.17670345434,-0.1091607588809207
2020-08-22 00:00:00+00:00,156495.41503328836,46632.4013113294,46632.40131132939,109863.01372195895,16,5,full,0.07966136874025453,162710.17670345434,-0.038195285605845286
2020-08-23 00:00:00+00:00,158899.93259171772,46566.731270091404,28274.89462934932,112333.20132162631,16,2,full,0.015364779587426769,162710.17670345434,-0.023417368163031083
2020-08-24 00:00:00+00:00,160355.16280141886,81880.23649753485,60491.4502106032,78474.926303884,12,4,full,0.009158154984497457,162710.17670345434,-0.014473673065499737
2020-08-25 00:00:00+00:00,154689.98836875148,21388.786286931565,15468.99883687508,133301.2020818199,16,1,full,-0.03532891821938433,162710.17670345434,-0.049291252072818814
2020-08-26 00:00:00+00:00,157914.82393899205,20423.702693283733,20423.702693283733,137491.12124570832,14,2,full,0.02084708651314382,162710.17670345434,-0.02947174455597834
2020-08-27 00:00:00+00:00,151538.9447018965,32601.27001805479,32601.270018054794,118937.67468384169,10,6,full,-0.040375432008579404,162710.17670345434,-0.06865724214606361
2020-08-28 00:00:00+00:00,158566.2802862999,54387.1414380686,42937.24892225585,104179.13884823132,8,6,full,0.04637313265066889,162710.17670345434,-0.025467960892863184
2020-08-29 00:00:00+00:00,157756.3843127149,54387.1414380686,42937.24892225585,103369.2428746463,8,6,full,-0.005107617912980644,162710.17670345434,-0.030445498192580356
2020-08-30 00:00:00+00:00,157820.77117589308,115918.30787784909,115918.30787784909,41902.46329804398,4,9,full,0.0004081410933618468,162710.17670345434,-0.030049783158138887
2020-08-31 00:00:00+00:00,156498.10018580253,130716.3705029542,130716.3705029542,25781.729682848323,3,10,full,-0.008380842269592126,162710.17670345434,-0.03817878293484722
2020-09-01 00:00:00+00:00,158333.60124609448,125102.8122173823,125102.8122173823,33230.78902871217,3,9,full,0.011728583657646618,162710.17670345434,-0.026897982326799075
2020-09-02 00:00:00+00:00,163874.41168215062,42475.66177677254,42475.66177677254,121398.74990537808,8,7,full,0.034994533014152784,163874.41168215062,0.0
2020-09-03 00:00:00+00:00,134466.84036982918,7016.2519114404895,7016.2519114404895,127450.58845838868,14,1,full,-0.1794518803177162,163874.41168215062,-0.1794518803177162
2020-09-04 00:00:00+00:00,146200.34180538374,-4.4565240386873484e-11,-4.4565240386873484e-11,146200.3418053838,15,0,full,0.08725944183178158,163874.41168215062,-0.10785130939812226
2020-09-05 00:00:00+00:00,123952.83906200621,-4.4565240386873484e-11,-4.4565240386873484e-11,123952.83906200626,15,0,full,-0.15217134562511858,163874.41168215062,-0.2436107761446975
2020-09-06 00:00:00+00:00,131868.1101876226,21408.3250921514,13186.811018762215,110459.7850954712,13,1,full,0.06385711844532138,163874.41168215062,-0.19530993988620482
2020-09-07 00:00:00+00:00,134269.54008995328,81380.18044676843,13426.954008995284,52889.35964318486,8,1,full,0.018210846420062543,163874.41168215062,-0.1806558527857216
2020-09-08 00:00:00+00:00,133678.485214854,112070.93503120636,93634.0451379077,21607.55018364765,2,7,full,-0.004402002678368433,163874.41168215062,-0.18426260791626436
2020-09-09 00:00:00+00:00,134026.9141297241,119754.43172408738,107082.15973783119,14272.482405636705,1,8,full,0.0026064696522412056,163874.41168215062,-0.18213641315959983
2020-09-10 00:00:00+00:00,136373.974260881,106351.74031111498,106351.74031111496,30022.23394976602,2,9,full,0.01751185682664591,163874.41168215062,-0.1678141031231235
2020-09-11 00:00:00+00:00,137315.77993721148,92949.04889814256,92949.04889814254,44366.73103906894,3,9,full,0.006906051403391844,163874.41168215062,-0.162066984542114
2020-09-12 00:00:00+00:00,138506.16384424712,107410.18495284245,107410.18495284245,31095.97889140467,2,10,full,0.008668952013963338,163874.41168215062,-0.15480298344019405
2020-09-13 00:00:00+00:00,140219.3541179788,62378.520360121904,55335.70778366484,77840.8337578569,6,4,full,0.01236905438849778,163874.41168215062,-0.1443486955733697
2020-09-14 00:00:00+00:00,141715.76320096912,62378.520360121904,62378.52036012189,79337.24284084722,6,7,full,0.010671915388593689,163874.41168215062,-0.1352172572503889
2020-09-15 00:00:00+00:00,134055.27181479483,50512.14234999684,35130.60206083425,83543.129464798,7,3,full,-0.05405532322689344,163874.41168215062,-0.18196336793075862
2020-09-16 00:00:00+00:00,132940.1418776927,63089.76554896976,53287.56974478724,69850.37632872292,6,4,full,-0.00831843404594157,163874.41168215062,-0.18876815170179084
2020-09-17 00:00:00+00:00,133131.25989710315,63089.76554896976,39993.55555701797,70041.49434813339,6,3,full,0.0014376246084217836,163874.41168215062,-0.18760190483354178
2020-09-18 00:00:00+00:00,134417.7390393315,106997.14732358187,67061.10980350182,27420.59171574964,2,5,full,0.00966323869557506,163874.41168215062,-0.17975150812411778
2020-09-19 00:00:00+00:00,134239.38650603849,93555.37341964872,53749.260362403256,40684.01308638975,3,4,full,-0.001326852650309962,163874.41168215062,-0.18083985700947602
2020-09-20 00:00:00+00:00,134331.72698307526,79754.86623800136,26857.111348911334,54576.860745073915,4,2,full,0.0006878791645299476,163874.41168215062,-0.18027637381469952
2020-09-21 00:00:00+00:00,130711.79651377341,52897.75488908997,13071.179651377299,77814.04162468345,6,1,full,-0.02694769545959852,163874.41168215062,-0.20236603645417883
2020-09-22 00:00:00+00:00,134883.26234956688,52897.75488908997,26559.505886333987,81985.50746047692,6,2,full,0.03191346111866733,163874.41168215062,-0.17691077597163074
2020-09-23 00:00:00+00:00,126848.73252362784,26338.24900275594,25369.746504725525,100510.4835208719,8,2,full,-0.059566544328654714,163874.41168215062,-0.22593935672115462
2020-09-24 00:00:00+00:00,135293.17615625827,36002.01974633746,36002.01974633745,99291.15640992082,7,3,full,0.06657097366784881,163874.41168215062,-0.17440938602012046
2020-09-25 00:00:00+00:00,135144.7573528708,81532.37445955082,81532.37445955082,53612.382893319984,4,7,full,-0.0010970161807425383,163874.41168215062,-0.17531507228232557
2020-09-26 00:00:00+00:00,135342.6615005724,107731.4031379345,107731.40313793448,27611.258362637913,2,9,full,0.0014643864222187997,163874.41168215062,-0.17410741487156733
2020-09-27 00:00:00+00:00,135634.6760828736,83584.65416103549,83584.65416103548,52050.021921838124,4,8,full,0.0021575945017155984,163874.41168215062,-0.17232547357088646
2020-09-28 00:00:00+00:00,136225.27840635832,97641.10611281854,97403.49579759865,38584.1722935398,3,9,full,0.0043543608503466835,163874.41168215062,-0.16872148001617426
2020-09-29 00:00:00+00:00,139258.64382861747,84106.8399627613,84106.8399627613,55151.80386585616,4,9,full,0.022267272695238427,163874.41168215062,-0.1502111745260003
2020-09-30 00:00:00+00:00,140457.36146010598,74395.40368763688,74395.40368763688,66061.95777246909,5,9,full,0.008607850820116836,163874.41168215062,-0.14289631908771783
2020-10-01 00:00:00+00:00,135704.83954520244,48862.28116932676,48862.28116932676,86842.55837587568,8,7,full,-0.03383604722101663,163874.41168215062,-0.17189731970837296
2020-10-02 00:00:00+00:00,134357.68860721,27160.654657166066,13435.768860720942,107197.03395004393,13,1,full,-0.009927066289656561,163874.41168215062,-0.1801179499102703
2020-10-03 00:00:00+00:00,134852.26172428118,37321.988794458375,13435.768860720942,97530.27292982282,12,1,full,0.0036810183488422688,163874.41168215062,-0.1770999490400036
2020-10-04 00:00:00+00:00,136951.94757620717,49634.804444089554,27130.96361834166,87317.1431321176,11,2,full,0.015570267973843865,163874.41168215062,-0.16428717473086663
2020-10-05 00:00:00+00:00,136874.96288554676,45667.64398984806,27382.691046175336,91207.3188956987,11,2,full,-0.0005621292140994827,163874.41168215062,-0.16475695332454798
2020-10-06 00:00:00+00:00,129839.0909734471,44550.702920938966,25967.818194689364,85288.38805250813,10,2,full,-0.05140364434643152,163874.41168215062,-0.2076914898386828
2020-10-07 00:00:00+00:00,130567.99434964043,91640.9398411765,91397.59604474824,38927.05450846393,3,7,full,0.005613897715460725,163874.41168215062,-0.20324355090354818
2020-10-08 00:00:00+00:00,131740.0162434475,78584.14040621245,78584.14040621243,53155.87583723506,4,7,full,0.00897633374583795,163874.41168215062,-0.19609159910230967
2020-10-09 00:00:00+00:00,132356.16023447743,78584.14040621245,78584.14040621243,53772.019828264965,4,7,full,0.0046769691442221095,163874.41168215062,-0.1923317443165301
2020-10-10 00:00:00+00:00,134345.4660304168,90548.008682641,90548.00868264098,43797.45734777581,3,9,full,0.015029944903321324,163874.41168215062,-0.1801925349334459
2020-10-11 00:00:00+00:00,133865.48285148537,109350.41611776045,109350.41611776044,24515.066733724932,2,11,full,-0.0035727530903257865,163874.41168215062,-0.18312150458773457
2020-10-12 00:00:00+00:00,134180.71978594546,91309.55300259528,91309.55300259526,42871.16678335018,4,9,full,0.0023548784028950553,163874.41168215062,-0.18119785506109876
2020-10-13 00:00:00+00:00,134241.8713332536,97452.28995343258,97452.28995343257,36789.58137982102,4,9,full,0.00045574019431171564,163874.41168215062,-0.18082469401246137
2020-10-14 00:00:00+00:00,133943.20509271172,56359.3517584247,56359.35175842469,77583.85333428704,8,7,full,-0.0022248366889973115,163874.41168215062,-0.18264722528794308
2020-10-15 00:00:00+00:00,134183.01794873129,46067.6479242215,46067.6479242215,88115.37002450979,9,6,full,0.0017904070300063246,163874.41168215062,-0.18118383113410352
2020-10-16 00:00:00+00:00,130787.39333681243,10469.662744823,10469.662744823,120317.73059198943,14,2,full,-0.02530591921264036,163874.41168215062,-0.20190472695342754
2020-10-17 00:00:00+00:00,131664.34367226236,28552.477751020684,28552.477751020684,103111.86592124167,12,4,full,0.006705159519400761,163874.41168215062,-0.19655337083597058
2020-10-18 00:00:00+00:00,133587.3453952494,35882.911128649925,20123.689535802223,97704.43426659948,11,3,full,0.014605334058959585,163874.41168215062,-0.184818764418485
2020-10-19 00:00:00+00:00,133363.20958196212,75692.50556499907,62999.31062376401,57670.70401696305,7,5,full,-0.0016778221965869644,163874.41168215062,-0.1861864935897849
2020-10-20 00:00:00+00:00,131022.74730444021,23179.025179154763,23179.025179154763,107843.72212528545,11,2,full,-0.01754953472444365,163874.41168215062,-0.20046854197975217
2020-10-21 00:00:00+00:00,134776.73528370674,68510.89795447017,68510.89795447016,66265.83732923659,5,7,full,0.02865142165385892,163874.41168215062,-0.17756082905048942
2020-10-22 00:00:00+00:00,135965.80535319555,68510.89795447017,68510.89795447016,67454.90739872538,5,7,full,0.008822517231819038,163874.41168215062,-0.17030484529266443
2020-10-23 00:00:00+00:00,135377.17582258568,68510.89795447017,68510.89795447017,66866.2778681155,5,8,full,-0.004329246821145993,163874.41168215062,-0.17389680040370137
2020-10-24 00:00:00+00:00,137174.31678321835,68510.89795447017,68510.89795447016,68663.4188287482,5,8,full,0.013275066123316526,163874.41168215062,-0.16293022580437722
2020-10-25 00:00:00+00:00,136993.32047902653,124124.08459108739,104605.7279780642,12869.235887939134,1,10,full,-0.001319462042430719,163874.41168215062,-0.1640347075982943
2020-10-26 00:00:00+00:00,136584.91628004087,32975.7884233535,32975.78842335348,103609.12785668738,9,4,full,-0.0029811978975149422,163874.41168215062,-0.16652688557039774
2020-10-27 00:00:00+00:00,138651.01007131077,24296.043180585177,24296.04318058518,114354.96689072558,10,4,full,0.015126807904862538,163874.41168215062,-0.1539190978745537
2020-10-28 00:00:00+00:00,133867.52370266095,-5.4569682106375694e-11,-4.547473508864641e-11,133867.523702661,14,0,full,-0.034500191280175896,163874.41168215062,-0.1831090508363854
2020-10-29 00:00:00+00:00,131033.5450627173,-5.4569682106375694e-11,-4.547473508864641e-11,131033.54506271736,14,0,full,-0.02117002362901943,163874.41168215062,-0.20040265153251124
2020-10-30 00:00:00+00:00,129405.83774036476,11849.662633799951,11849.66263379995,117556.17510656481,13,2,full,-0.012422065827292217,163874.41168215062,-0.2103353024305027
2020-10-31 00:00:00+00:00,129773.39062898088,99918.40346829736,88624.84976541476,29854.987160683522,5,7,full,0.0028403114962523013,163874.41168215062,-0.20809240871181145
2020-11-01 00:00:00+00:00,130008.28527644604,107184.34815232983,101625.67829305938,22823.93712411622,4,8,full,0.0018100370678972855,163874.41168215062,-0.20665902661723068
2020-11-02 00:00:00+00:00,130252.33924572845,78067.11205283193,52053.04083661659,52185.22719289651,4,4,full,0.001877218584672935,163874.41168215062,-0.20516975219801392
2020-11-03 00:00:00+00:00,130849.14190474465,52064.539065360994,26110.148115047272,78784.60283938366,6,2,full,0.00458189589893121,163874.41168215062,-0.20152792274526354
2020-11-04 00:00:00+00:00,132407.82303034788,38979.624874886526,13025.233924572805,93428.19815546134,7,1,full,0.011912046979550839,163874.41168215062,-0.19201648584914566
2020-11-05 00:00:00+00:00,137510.13510892517,38979.624874886526,38979.62487488652,98530.51023403864,7,6,full,0.03853482341000225,163874.41168215062,-0.16088098381314941
2020-11-06 00:00:00+00:00,143396.4977463446,38979.624874886526,33737.528455474814,104416.87287145806,7,5,full,0.042806754809430636,163874.41168215062,-0.1249610218313083
2020-11-07 00:00:00+00:00,141243.20811357928,92901.51039082298,92901.51039082298,48341.69772275631,4,9,full,-0.015016333499122791,163874.41168215062,-0.13810089895222089
2020-11-08 00:00:00+00:00,141667.68963233006,122694.76977750029,122694.76977750025,18972.919854829783,2,11,full,0.0030053234022371367,163874.41168215062,-0.13551061341347492
2020-11-09 00:00:00+00:00,142097.86543714497,117215.67492861241,116830.89167180048,24882.19050853256,3,10,full,0.0030365131663496747,163874.41168215062,-0.13288558000893547
2020-11-10 00:00:00+00:00,144086.11855422286,103005.88838489792,103005.88838489793,41080.23016932495,4,8,full,0.01399213922715381,163874.41168215062,-0.1207527943185478
2020-11-11 00:00:00+00:00,141455.50691674254,88597.27652947562,88597.27652947564,52858.23038726691,5,8,full,-0.018257217724206853,163874.41168215062,-0.1368054019860745
2020-11-12 00:00:00+00:00,140982.57290318154,64599.98801165268,64599.98801165268,76382.58489152885,6,8,full,-0.0033433411244947475,163874.41168215062,-0.13969135598405613
2020-11-13 00:00:00+00:00,146060.07621910394,64599.98801165268,64599.98801165268,81460.08820745125,6,8,full,0.03601511315451256,163874.41168215062,-0.10870724282201671
2020-11-14 00:00:00+00:00,147362.54365240375,57453.396559627145,57453.396559627145,89909.1470927766,7,7,full,0.008917340501356286,163874.41168215062,-0.10075928181986793
2020-11-15 00:00:00+00:00,148785.9500218968,57675.02234195057,57675.022341950564,91110.92767994624,8,7,full,0.009659214168089791,163874.41168215062,-0.09207332313429917
2020-11-16 00:00:00+00:00,152732.01215516042,67209.77386658416,67209.77386658416,85522.23828857625,8,7,full,0.02652173899943433,163874.41168215062,-0.06799352877984333
2020-11-17 00:00:00+00:00,155535.60933917435,90493.96414781184,86208.85542815865,65041.64519136252,7,6,full,0.01835631669126281,163874.41168215062,-0.05088532283581981
2020-11-18 00:00:00+00:00,158191.4467947297,28279.72041214208,28279.72041214208,129911.72638258763,11,4,full,0.017075430294318128,163874.41168215062,-0.03467878132458857
2020-11-19 00:00:00+00:00,161175.97067775644,56989.58503748336,56989.58503748335,104186.38564027309,9,6,full,0.018866531304309264,163874.41168215062,-0.016466518333735025
2020-11-20 00:00:00+00:00,167453.90684498634,71991.01637949525,71794.93013829483,95462.89046549109,7,6,full,0.038950819658977176,167453.90684498634,0.0
2020-11-21 00:00:00+00:00,175500.35311545467,50657.496466028504,50657.496466028504,124842.85664942615,8,5,full,0.04805170821076743,175500.35311545467,0.0
2020-11-22 00:00:00+00:00,179436.3784375158,45811.75909692918,45811.759096929185,133624.61934058662,9,4,full,0.022427449587362425,179436.3784375158,0.0
2020-11-23 00:00:00+00:00,182010.88409607115,126036.96539379211,100668.1655317313,55973.91870227904,6,6,full,0.014347735286308394,182010.88409607115,0.0
2020-11-24 00:00:00+00:00,179756.97893073334,113633.79528148036,113633.79528148034,66123.18364925298,6,10,full,-0.012383353756735382,182010.88409607115,-0.012383353756735382
2020-11-25 00:00:00+00:00,172337.6189458238,53941.140755736065,53941.140755736065,118396.47819008774,12,8,full,-0.0412743918430476,182010.88409607115,-0.05314663020449639
2020-11-26 00:00:00+00:00,164061.04768641776,42323.69431173173,32812.209537283474,121737.35337468603,17,2,full,-0.0480253313816984,182010.88409607115,-0.0986195770588032
2020-11-27 00:00:00+00:00,168612.56120551185,35835.90640979189,16406.1047686417,132776.65479571998,16,1,full,0.02774280417734354,182010.88409607115,-0.07361275649585464
2020-11-28 00:00:00+00:00,174960.63521081867,44998.885680409054,33902.16828972357,129961.74953040961,15,2,full,0.03764887953732887,182010.88409607115,-0.03873531476024883
2020-11-29 00:00:00+00:00,177675.42029366628,61036.685058289404,53031.14757981505,116638.73523537688,14,3,full,0.015516547934204983,182010.88409607115,-0.02381980519426785
2020-11-30 00:00:00+00:00,182268.23177507176,119702.47826842852,119702.4782684285,62565.75350664326,8,7,full,0.025849447682827265,182268.23177507176,0.0
2020-12-01 00:00:00+00:00,181950.28387522697,76147.0743897715,76147.0743897715,105803.20948545547,6,8,full,-0.001744395590764003,182268.23177507176,-0.001744395590764003
2020-12-02 00:00:00+00:00,183905.6187079758,97254.22712906261,97254.22712906261,86651.3915789132,5,10,full,0.01074653356457378,183905.6187079758,0.0
2020-12-03 00:00:00+00:00,186440.17863700772,97254.22712906261,97254.22712906261,89185.95150794511,5,10,full,0.013781851510782595,186440.17863700772,0.0
2020-12-04 00:00:00+00:00,180978.2391128116,77673.29518430788,77673.29518430788,103304.94392850372,7,7,full,-0.029295935908913218,186440.17863700772,-0.029295935908913218
2020-12-05 00:00:00+00:00,188264.48415279097,77673.29518430788,77673.29518430788,110591.18896848308,7,7,full,0.0402603377936368,188264.48415279097,0.0
2020-12-06 00:00:00+00:00,187745.5508635214,166361.61068812187,133996.96044336428,21383.940175399526,2,10,full,-0.0027564056577363827,188264.48415279097,-0.0027564056577363827
2020-12-07 00:00:00+00:00,187678.61900221105,166361.61068812187,166361.61068812187,21317.00831408918,2,10,full,-0.00035650304895373797,188264.48415279097,-0.003111926039669033
2020-12-08 00:00:00+00:00,182265.73905306982,18767.861900221,18767.861900221047,163497.8771528488,11,1,full,-0.0288412179177292,188264.48415279097,-0.03186339222034418
2020-12-09 00:00:00+00:00,192028.377212046,19025.905675295144,19025.905675295144,173002.47153675085,10,2,full,0.053562661911647824,192028.377212046,0.0
2020-12-10 00:00:00+00:00,185056.52074783502,9594.120122489552,9594.120122489554,175462.40062534547,11,1,full,-0.03630638640721506,192028.377212046,-0.03630638640721506
2020-12-11 00:00:00+00:00,180546.14941057982,-6.184563972055912e-11,-5.820766091346741e-11,180546.14941057988,12,0,full,-0.02437293924595718,192028.377212046,-0.059794432303028944
2020-12-12 00:00:00+00:00,191943.72621210213,-6.184563972055912e-11,-5.820766091346741e-11,191943.7262121022,12,0,full,0.06312832945333602,192028.377212046,-0.0004408254715937421
2020-12-13 00:00:00+00:00,193241.79105885385,154946.17496717023,154946.17496717023,38295.61609168361,3,9,full,0.006762736518500789,193241.79105885385,0.0
2020-12-14 00:00:00+00:00,193193.09858582664,172908.77632963177,172908.77632963174,20284.32225619488,2,10,full,-0.0002519769288020779,193241.79105885385,-0.0002519769288020779
2020-12-15 00:00:00+00:00,193054.7331295289,162987.3111209314,162987.3111209314,30067.422008597503,2,10,full,-0.0007162028939469156,193241.79105885385,-0.0009679993561433342
2020-12-16 00:00:00+00:00,193829.84110117183,163857.3685814921,163857.36858149213,29972.47251967973,2,10,full,0.004014964870728388,193829.84110117183,0.0
2020-12-17 00:00:00+00:00,192868.75945038794,146906.79269794739,146906.79269794739,45961.96675244056,3,10,full,-0.004958378159543808,193829.84110117183,-0.004958378159543808
2020-12-18 00:00:00+00:00,197894.3855507295,108430.18929505337,107797.34657084731,89464.19625567613,5,7,full,0.026057232465552804,197894.3855507295,0.0
2020-12-19 00:00:00+00:00,197690.8073487134,108430.18929505337,108430.18929505337,89260.61805366003,5,7,full,-0.0010287214639745912,197894.3855507295,-0.0010287214639745912
2020-12-20 00:00:00+00:00,194664.16351836725,89914.53056487595,89914.53056487595,104749.6329534913,6,6,full,-0.015309987707255113,197894.3855507295,-0.01632295945826212
2020-12-21 00:00:00+00:00,199644.19701325003,31009.768800499554,31009.76880049955,168634.42821275047,10,3,full,0.025582692802175178,199644.19701325003,0.0
2020-12-22 00:00:00+00:00,214820.85396330204,39001.29004457044,39001.29004457044,175819.56391873158,11,2,full,0.07601852283762978,214820.85396330204,0.0
2020-12-23 00:00:00+00:00,200809.5305697181,39690.54338735611,20080.953056971804,161118.987182362,11,1,full,-0.06522329250202819,214820.85396330204,-0.06522329250202819
2020-12-24 00:00:00+00:00,215877.8106195997,39690.54338735611,39690.5433873561,176187.2672322436,11,3,full,0.0750376737953189,215877.8106195997,0.0
2020-12-25 00:00:00+00:00,213682.1400047473,78959.52403419657,72394.53704658075,134722.61597055075,9,4,full,-0.010170895325232854,215877.8106195997,-0.010170895325232854
2020-12-26 00:00:00+00:00,221085.1214664992,159926.6828040391,159926.68280403913,61158.43866246011,4,8,full,0.03464483022112863,221085.1214664992,0.0
2020-12-27 00:00:00+00:00,210793.73768286116,130733.34526217595,130733.34526217595,80060.39242068521,4,8,full,-0.0465494182302878,221085.1214664992,-0.0465494182302878
2020-12-28 00:00:00+00:00,213882.9499876962,172410.56641691967,172410.56641691967,41472.38357077653,2,10,full,0.014655142694432133,221085.1214664992,-0.03257646390236324
2020-12-29 00:00:00+00:00,215269.19874446618,94783.6790230807,94783.6790230807,120485.51972138547,7,5,full,0.006481342981522031,221085.1214664992,-0.026306260156517602
2020-12-30 00:00:00+00:00,212478.52178100002,55293.1878521474,55293.1878521474,157185.33392885263,9,3,full,-0.012963661219266287,221085.1214664992,-0.03892889593116888
2020-12-31 00:00:00+00:00,218352.76753731404,55293.1878521474,55293.1878521474,163059.57968516662,9,4,full,0.02764630376320376,221085.1214664992,-0.012358832250044416
2021-01-01 00:00:00+00:00,219419.94531325143,90508.9090734443,90508.90907344432,128911.03623980713,8,5,full,0.004887402106112715,221085.1214664992,-0.007531832726699772
2021-01-02 00:00:00+00:00,221739.53307227365,90508.9090734443,90508.90907344432,131230.62399882934,8,5,full,0.01057145354635236,221739.53307227365,0.0
2021-01-03 00:00:00+00:00,226730.64456011518,181569.61036072086,181569.6103607209,45161.034199394315,3,11,full,0.022508893288842202,226730.64456011518,0.0
2021-01-04 00:00:00+00:00,239132.58941063005,89752.35966788427,60837.20582991092,149380.22974274578,9,3,full,0.05469902348037747,239132.58941063005,0.0
2021-01-05 00:00:00+00:00,251272.37022986522,89752.35966788427,72953.75490511258,161520.01056198095,9,3,full,0.05076589873908466,251272.37022986522,0.0
2021-01-06 00:00:00+00:00,255985.11576675152,74325.52740277805,74325.52740277805,181659.58836397345,9,5,full,0.018755526254538246,255985.11576675152,0.0
2021-01-07 00:00:00+00:00,253524.18456247734,64431.60455561496,64431.60455561496,189092.58000686238,10,4,full,-0.009613571464508586,255985.11576675152,-0.009613571464508586
2021-01-08 00:00:00+00:00,257079.4885104514,35578.56446780966,35578.56446780966,221500.92404264174,12,2,full,0.014023529763480536,257079.4885104514,0.0
2021-01-09 00:00:00+00:00,257276.80719890524,194825.39890692884,194825.39890692884,62451.40829197641,4,9,full,0.0007675396026229908,257276.80719890524,0.0
2021-01-10 00:00:00+00:00,255554.71551177214,45935.92063744219,45935.92063744219,209618.79487432993,11,4,full,-0.006693536451584325,257276.80719890524,-0.006693536451584325
2021-01-11 00:00:00+00:00,234047.35538803038,20649.440836726204,20649.440836726193,213397.9145513042,14,4,full,-0.0841595119098909,257276.80719890524,-0.09028972360075882
2021-01-12 00:00:00+00:00,240882.0692437999,24861.056615359044,24861.056615359033,216021.01262844086,14,5,full,0.029202269106771706,257276.80719890524,-0.06372411930015243
2021-01-13 00:00:00+00:00,264953.8361361516,46918.69420497633,18998.38586598537,218035.14193117528,13,4,full,0.09993175070240867,264953.8361361516,0.0
2021-01-14 00:00:00+00:00,278976.59840994334,46918.69420497633,46918.69420497632,232057.90420496702,13,3,full,0.052925303812494606,278976.59840994334,0.0
2021-01-15 00:00:00+00:00,282831.07684859185,194678.4851119256,194678.4851119256,88152.59173666625,7,8,full,0.013816493786996897,282831.07684859185,0.0
2021-01-16 00:00:00+00:00,286175.46141090506,248550.30402696552,248550.30402696552,37625.15738393955,3,10,full,0.011824671459648606,286175.46141090506,0.0
2021-01-17 00:00:00+00:00,288047.7461761505,253654.09196877957,238379.36790171737,34393.65420737095,2,9,full,0.006542436433979004,288047.7461761505,0.0
2021-01-18 00:00:00+00:00,293627.0093706677,202740.7905904929,202740.79059049292,90886.21878017478,3,8,full,0.019369230513281988,293627.0093706677,0.0
2021-01-19 00:00:00+00:00,279679.3086224094,103345.21373444336,103345.21373444337,176334.09488796606,7,8,full,-0.04750142290435899,293627.0093706677,-0.04750142290435899
2021-01-20 00:00:00+00:00,300187.7694776534,59987.34373927377,59987.34373927377,240200.4257383796,11,4,full,0.07332848810396664,300187.7694776534,0.0
2021-01-21 00:00:00+00:00,265319.8819886052,38900.065288777245,38900.065288777245,226419.81669982793,13,2,full,-0.11615359129960767,300187.7694776534,-0.11615359129960767
2021-01-22 00:00:00+00:00,297070.8352109498,5.093170329928398e-11,5.820766091346741e-11,297070.83521094976,15,0,full,0.11967046338317111,300187.7694776534,-0.010383282010880124
2021-01-23 00:00:00+00:00,306001.35895320494,68107.64788178576,68107.64788178574,237893.71107141918,13,6,full,0.030061933666135632,306001.35895320494,0.0
2021-01-24 00:00:00+00:00,313076.8491139194,163229.4670189564,152605.8444683673,149847.382094963,9,8,full,0.02312241417789429,313076.8491139194,0.0
2021-01-25 00:00:00+00:00,314060.08403183497,213499.02140127463,174529.61813221977,100561.06263056034,5,8,full,0.0031405545338096807,314060.08403183497,0.0
2021-01-26 00:00:00+00:00,326317.97272094915,127590.1484869795,127590.14848697947,198727.82423396967,7,6,full,0.0390303935850429,326317.97272094915,0.0
2021-01-27 00:00:00+00:00,314815.53767126775,142393.28476573285,142393.28476573285,172422.2529055349,7,6,full,-0.035249161894976955,326317.97272094915,-0.035249161894976955
2021-01-28 00:00:00+00:00,339586.7598855475,142393.28476573285,142393.28476573285,197193.47511981466,7,7,full,0.0786848781274132,339586.7598855475,0.0
2021-01-29 00:00:00+00:00,346718.27806101134,142393.28476573285,142393.28476573282,204324.99329527852,7,7,full,0.021000577813656163,346718.27806101134,0.0
2021-01-30 00:00:00+00:00,371079.4300487288,170529.25680533858,170529.25680533858,200550.17324339025,7,8,full,0.07026209325898503,371079.4300487288,0.0
2021-01-31 00:00:00+00:00,378456.3926200033,304534.0549294457,304534.0549294457,73922.33769055766,4,10,full,0.019879739952995523,378456.3926200033,0.0
2021-02-01 00:00:00+00:00,386754.7649980752,240778.43105778296,225997.1405366307,145976.33394029227,5,7,full,0.02192689181605134,386754.7649980752,0.0
2021-02-02 00:00:00+00:00,384597.7596287617,202102.95455797543,202102.95455797543,182494.80507078624,6,6,full,-0.005577191451860308,386754.7649980752,-0.005577191451860308
2021-02-03 00:00:00+00:00,396932.92512796837,202102.95455797543,202102.9545579754,194829.97056999293,6,6,full,0.03207290003746621,396932.92512796837,0.0
2021-02-04 00:00:00+00:00,409708.80584452767,213330.47271203098,209870.95466407423,196378.3331324967,5,6,full,0.03218649778785787,409708.80584452767,0.0
2021-02-05 00:00:00+00:00,427101.9091543596,240871.37546671522,240871.37546671522,186230.53368764435,4,7,full,0.042452354115210644,427101.9091543596,0.0
2021-02-06 00:00:00+00:00,429187.4049938026,273506.01432861824,273506.01432861824,155681.39066518436,4,7,full,0.004882899829626641,429187.4049938026,0.0
2021-02-07 00:00:00+00:00,433022.32709490514,188382.05387737672,188382.0538773767,244640.27321752842,6,5,full,0.008935309043278883,433022.32709490514,0.0
2021-02-08 00:00:00+00:00,449092.10813929175,188382.05387737672,188382.05387737672,260710.054261915,6,5,full,0.03711074473271814,449092.10813929175,0.0
2021-02-09 00:00:00+00:00,458454.2012947902,188382.05387737672,188382.05387737672,270072.1474174135,6,5,full,0.020846710476138286,458454.2012947902,0.0
2021-02-10 00:00:00+00:00,469211.92117259704,142536.6337478977,142536.6337478977,326675.28742469935,7,8,full,0.023465200771253247,469211.92117259704,0.0
2021-02-11 00:00:00+00:00,468640.86838755046,276765.7056665046,249213.1996125316,191875.1627210458,5,9,full,-0.0012170466249439293,469211.92117259704,-0.0012170466249439293
2021-02-12 00:00:00+00:00,476045.42981447524,373182.0450765535,266470.06332519004,102863.38473792173,3,9,full,0.015800076191395007,476045.42981447524,0.0
2021-02-13 00:00:00+00:00,483478.0534446222,317444.99858336576,317444.99858336576,166033.05486125645,5,7,full,0.015613265383187525,483478.0534446222,0.0
2021-02-14 00:00:00+00:00,470042.40989278123,94468.62982020265,94468.62982020264,375573.7800725786,10,4,full,-0.027789562434357484,483478.0534446222,-0.027789562434357484
2021-02-15 00:00:00+00:00,466152.60283289046,53886.370450324386,53886.37045032438,412266.2323825661,12,2,full,-0.008275438509427357,483478.0534446222,-0.03583503012865552
2021-02-16 00:00:00+00:00,460995.3515999517,60014.628087250014,60014.62808725,400980.7235127017,11,5,full,-0.011063439743974945,483478.0534446222,-0.04650201117607855
2021-02-17 00:00:00+00:00,479626.8875973334,109926.04538842585,93471.64682173307,369700.84220890753,10,4,full,0.040415886912347876,483478.0534446222,-0.00796554428861973
2021-02-18 00:00:00+00:00,512954.7407355083,119842.09258010906,119842.09258010905,393112.64815539925,9,5,full,0.069487040864471,512954.7407355083,0.0
2021-02-19 00:00:00+00:00,535710.6944827144,356490.25569312525,353717.97332498664,179220.43878958916,4,8,full,0.044362498170066766,535710.6944827144,0.0
2021-02-20 00:00:00+00:00,534225.3331712089,263095.310089698,263095.310089698,271130.0230815108,6,9,full,-0.002772693035258178,535710.6944827144,-0.002772693035258178
2021-02-21 00:00:00+00:00,550852.3085343826,234301.49818848763,234301.4981884876,316550.810345895,7,8,full,0.031123524720316986,550852.3085343826,0.0
2021-02-22 00:00:00+00:00,536050.9936437443,72279.07735586172,72279.07735586172,463771.91628788254,13,3,full,-0.02686984271704196,550852.3085343826,-0.02686984271704196
2021-02-23 00:00:00+00:00,482818.42360439966,44539.87257685812,44539.87257685809,438278.5510275416,15,1,full,-0.09930504871841095,550852.3085343826,-0.12350658039538098
2021-02-24 00:00:00+00:00,511783.01495971484,44539.87257685812,44539.87257685809,467243.14238285675,15,1,full,0.059990650603356954,550852.3085343826,-0.07092516990373865
2021-02-25 00:00:00+00:00,494658.1089152115,186319.99199151585,98931.62178304231,308338.11692369566,11,2,full,-0.033461262964835425,550852.3085343826,-0.10201318710759943
2021-02-26 00:00:00+00:00,498477.6004784159,160627.7018043247,149161.33098720433,337849.8986740912,11,3,full,0.007721477712314462,550852.3085343826,-0.09507940194589859
2021-02-27 00:00:00+00:00,488084.7243427064,326900.68644255365,326900.6864425537,161184.0379001527,5,7,full,-0.020849233999150396,550852.3085343826,-0.11394630324537969
2021-02-28 00:00:00+00:00,511110.6353295114,156368.72154468577,156368.72154468574,354741.91378482565,7,6,full,0.047176053333391144,550852.3085343826,-0.07214578679103534
2021-03-01 00:00:00+00:00,551725.7132250757,156368.72154468577,156368.72154468577,395356.9916803899,7,6,full,0.07946435681069297,551725.7132250757,0.0
2021-03-02 00:00:00+00:00,534731.1103835618,204995.45483885164,204995.45483885158,329735.65554471023,6,7,full,-0.030802629701945805,551725.7132250757,-0.030802629701945805
2021-03-03 00:00:00+00:00,533466.6923985814,255666.49730741442,255666.49730741436,277800.19509116706,5,7,full,-0.002364586537845992,551725.7132250757,-0.03309438075626825
2021-03-04 00:00:00+00:00,514833.1139400467,255666.49730741442,255666.49730741442,259166.61663263227,5,8,full,-0.03492922561810585,551725.7132250757,-0.06686764528224687
2021-03-05 00:00:00+00:00,516801.37597495364,430607.1349158472,400408.37640371255,86194.24105910644,2,10,full,0.003823106909040419,551725.7132250757,-0.0633001805298764
2021-03-06 00:00:00+00:00,523184.24160511256,346557.9834130164,328836.1448535102,176626.25819209614,4,7,full,0.012350713304734473,551725.7132250757,-0.05173126960700436
2021-03-07 00:00:00+00:00,532909.3468130173,346557.9834130164,346557.9834130164,186351.3634000008,4,8,full,0.018588299177491274,551725.7132250757,-0.034104566745799536
2021-03-08 00:00:00+00:00,569092.7805145144,346557.9834130164,310565.2671773893,222534.797101498,4,7,full,0.06789791531690459,569092.7805145144,0.0
2021-03-09 00:00:00+00:00,601998.5268653026,346557.9834130164,329618.6988645061,255440.54345228616,4,7,full,0.05782140887648968,601998.5268653026,0.0
2021-03-10 00:00:00+00:00,610395.3168144694,412011.88598454336,412011.88598454336,198383.43082992607,4,7,full,0.013948190193903365,610395.3168144694,0.0
2021-03-11 00:00:00+00:00,611192.4994733412,515608.83585615637,515608.8358561563,95583.66361718476,3,9,full,0.0013060104442348397,611192.4994733412,0.0
2021-03-12 00:00:00+00:00,628477.916395984,349079.6352907669,349079.63529076683,279398.2811052171,6,8,full,0.02828146113955521,628477.916395984,0.0
2021-03-13 00:00:00+00:00,637471.0091476436,319315.83718506753,319315.83718506753,318155.1719625761,7,8,full,0.014309321802793873,637471.0091476436,0.0
2021-03-14 00:00:00+00:00,642592.0304637306,280246.3982073358,280246.3982073358,362345.6322563948,9,8,full,0.008033339936406314,642592.0304637306,0.0
2021-03-15 00:00:00+00:00,631543.6285781125,306250.05841356405,306250.05841356405,325293.57016454835,7,8,full,-0.017193493479284117,642592.0304637306,-0.017193493479284117
2021-03-16 00:00:00+00:00,653411.5369312388,216317.19274219498,202173.97581588165,437094.3441890438,10,5,full,0.03462612456776881,653411.5369312388,0.0
2021-03-17 00:00:00+00:00,701024.9900267904,265105.22057064075,265105.2205706407,435919.7694561496,9,4,full,0.07286901195404227,701024.9900267904,0.0
2021-03-18 00:00:00+00:00,696354.4544872832,294452.7268038122,294452.7268038122,401901.72768347105,8,5,full,-0.0066624380099897795,701024.9900267904,-0.0066624380099897795
2021-03-19 00:00:00+00:00,694008.2518011493,333813.3898472143,294452.7268038122,360194.86195393506,6,5,full,-0.003369264992871157,701024.9900267904,-0.01000925548370668
2021-03-20 00:00:00+00:00,676166.3114271708,208635.6915563006,208635.6915563006,467530.6198708702,8,4,full,-0.025708542121327338,701024.9900267904,-0.03546047423882803
2021-03-21 00:00:00+00:00,695080.1914191896,402017.8946391807,402017.8946391807,293062.2967800088,4,8,full,0.02797223060713816,701024.9900267904,-0.008480152194536794
2021-03-22 00:00:00+00:00,697205.3894534429,419776.62974889064,398582.36842620414,277428.75970455224,5,7,full,0.00305748611525547,701024.9900267904,-0.005448594026871367
2021-03-23 00:00:00+00:00,710960.4792815163,302895.52271673846,302895.5227167384,408064.95656477776,7,7,full,0.019728891996741993,710960.4792815163,0.0
2021-03-24 00:00:00+00:00,698089.1003309072,78424.62489999481,78424.62489999481,619664.4754309123,12,3,full,-0.018104211592206543,710960.4792815163,-0.018104211592206543
2021-03-25 00:00:00+00:00,706272.9664115924,211284.8137001135,211284.8137001135,494988.15271147894,10,5,full,0.011723240023094439,710960.4792815163,-0.006593211587036407
2021-03-26 00:00:00+00:00,761437.6677553877,211284.8137001135,211284.81370011345,550152.8540552743,10,6,full,0.07810677169773927,761437.6677553877,0.0
2021-03-27 00:00:00+00:00,774590.5655840382,372620.2625349104,372620.2625349104,401970.3030491278,7,7,full,0.017273768274983503,774590.5655840382,0.0
2021-03-28 00:00:00+00:00,768500.2302810033,496887.2632006713,464087.4164321516,271612.96708033193,5,8,full,-0.007862651023179956,774590.5655840382,-0.007862651023179956
2021-03-29 00:00:00+00:00,768062.0082516812,768062.0082516812,768062.0082516812,0.0,0,11,full,-0.0005702301860883718,774590.5655840382,-0.008428397688312161
2021-03-30 00:00:00+00:00,774147.0161308054,712694.8156083146,712694.8156083145,61452.200522490726,1,10,full,0.007922547676814995,774590.5655840382,-0.0005726243940220588
2021-03-31 00:00:00+00:00,793279.1588606982,579567.4237215039,579567.4237215039,213711.7351391943,3,8,full,0.024713836430598768,793279.1588606982,0.0
2021-04-01 00:00:00+00:00,786730.076576534,579567.4237215039,579567.4237215038,207162.65285503003,3,10,full,-0.008255709495217256,793279.1588606982,-0.008255709495217256
2021-04-02 00:00:00+00:00,791306.3979792951,579567.4237215039,579567.4237215039,211738.97425779118,3,10,full,0.0058168888402934105,793279.1588606982,-0.0024868431993554374
2021-04-03 00:00:00+00:00,782564.7555884547,533505.3552945354,533505.3552945354,249059.40029391926,4,9,full,-0.011047101872502685,793279.1588606982,-0.013506472661693913
2021-04-04 00:00:00+00:00,792353.1891376324,613771.182365302,613771.182365302,178582.00677233038,3,11,full,0.01250814514617038,793279.1588606982,-0.0011672684359887997
2021-04-05 00:00:00+00:00,799445.0748534275,686048.4109682846,546475.9695421334,113396.66388514289,2,9,full,0.008950409757943367,799445.0748534275,0.0
2021-04-06 00:00:00+00:00,808227.8286460243,401125.923564131,367626.2237045116,407101.9050818933,6,6,full,0.010986062793878704,808227.8286460243,0.0
2021-04-07 00:00:00+00:00,773681.3299193389,109155.39014150988,109155.39014150988,664525.939777829,10,4,full,-0.042743515506709406,808227.8286460243,-0.042743515506709406
2021-04-08 00:00:00+00:00,847319.2301040967,116882.44446200185,116882.44446200179,730436.7856420949,10,4,full,0.09517859270616613,847319.2301040967,0.0
2021-04-09 00:00:00+00:00,820003.306995373,116882.44446200185,116882.44446200185,703120.8625333711,10,5,full,-0.03223805401580204,847319.2301040967,-0.03223805401580204
2021-04-10 00:00:00+00:00,822639.6931739612,166020.69504032822,166020.6950403282,656618.998133633,9,6,full,0.003215092129626118,847319.2301040967,-0.02912661019991658
2021-04-11 00:00:00+00:00,837301.787158974,433023.3391776893,362602.625891202,404278.44798128464,5,7,full,0.017823226993147534,847319.2301040967,-0.0118225133919031
2021-04-12 00:00:00+00:00,835522.2707891534,793522.35030252,679332.974014333,41999.92048663349,1,10,full,-0.002125298664246933,847319.2301040967,-0.013922685684230274
2021-04-13 00:00:00+00:00,834212.7325294266,751909.9550390898,751909.9550390898,82302.77749033681,1,10,full,-0.0015673289695676829,847319.2301040967,-0.015468193225190885
2021-04-14 00:00:00+00:00,854014.5581011125,523775.5495712139,523775.54957121384,330239.00852989865,4,9,full,0.023737141378368243,854014.5581011125,0.0
2021-04-15 00:00:00+00:00,853415.5861915799,523775.5495712139,523775.5495712138,329640.0366203661,4,9,full,-0.0007013603033469984,854014.5581011125,-0.0007013603033469984
2021-04-16 00:00:00+00:00,876997.0313318992,340679.9648792265,340679.96487922646,536317.0664526727,7,8,full,0.027631842588618394,876997.0313318992,0.0
2021-04-17 00:00:00+00:00,863809.6952441856,167615.05947048747,167615.05947048744,696194.6357736982,11,5,full,-0.015036922152046439,876997.0313318992,-0.015036922152046439
2021-04-18 00:00:00+00:00,886050.6211692016,107418.31203819902,107418.31203819902,778632.3091310025,13,3,full,0.025747483557392536,886050.6211692016,0.0
2021-04-19 00:00:00+00:00,842700.860676483,312199.1683754918,261007.77642124915,530501.6923009912,10,4,full,-0.0489246996244026,886050.6211692016,-0.0489246996244026
2021-04-20 00:00:00+00:00,873486.2156223255,227929.0823078435,227929.0823078435,645557.133314482,11,4,full,0.03653177109743244,886050.6211692016,-0.014180234454659546
2021-04-21 00:00:00+00:00,848576.5191946285,456120.65726443636,456120.65726443636,392455.8619301921,8,6,full,-0.028517560989728796,886050.6211692016,-0.04229340974347895
2021-04-22 00:00:00+00:00,839143.773553424,241199.42453988089,241199.42453988083,597944.3490135432,9,3,full,-0.011115963531676432,886050.6211692016,-0.05293924127481664
2021-04-23 00:00:00+00:00,863413.0170932256,223045.94168319792,223045.9416831979,640367.0754100278,8,5,full,0.028921436712842974,886050.6211692016,-0.025548883478129225
2021-04-24 00:00:00+00:00,823497.8076606689,84857.65191946266,84857.6519194626,738640.1557412063,12,2,full,-0.04622956643268561,886050.6211692016,-0.0705973361047817
2021-04-25 00:00:00+00:00,831152.0507996725,163613.19556967617,151087.94668027738,667538.8552299963,11,2,full,0.009294794798236694,886050.6211692016,-0.061958729058941175
2021-04-26 00:00:00+00:00,914635.5187533908,163613.19556967617,159436.2934756492,751022.3231837146,11,2,full,0.10044307521517482,914635.5187533908,0.0
2021-04-27 00:00:00+00:00,932311.7586095333,561808.2914078854,561808.2914078853,370503.4672016479,6,7,full,0.019325993243991313,932311.7586095333,0.0
2021-04-28 00:00:00+00:00,938941.4171030351,771923.67175559,585983.5066998535,167017.7453474452,4,7,full,0.007110988821367403,938941.4171030351,0.0
2021-04-29 00:00:00+00:00,941339.7775212971,855978.8065296331,855978.8065296331,85360.970991664,1,10,full,0.002554323810384007,941339.7775212971,0.0
2021-04-30 00:00:00+00:00,945673.2068532836,855978.8065296331,855978.8065296331,89694.4003236505,1,11,full,0.004603469900525292,945673.2068532836,0.0
2021-05-01 00:00:00+00:00,948220.99581601,761844.8287775033,761844.8287775033,186376.16703850668,2,10,full,0.0026941536931179844,948220.99581601,0.0
2021-05-02 00:00:00+00:00,957345.3865205967,761844.8287775033,761844.8287775031,195500.5577430934,2,9,full,0.009622641499025697,957345.3865205967,0.0
2021-05-03 00:00:00+00:00,952328.6968130318,761844.8287775033,761844.8287775032,190483.86803552846,2,10,full,-0.005240208787966938,957345.3865205967,-0.005240208787966938
2021-05-04 00:00:00+00:00,936198.2435605908,661151.6810629296,661151.6810629296,275046.5624976612,4,8,full,-0.016937905269915343,957345.3865205967,-0.022089355897837115
2021-05-05 00:00:00+00:00,974514.8129667621,661151.6810629296,661151.6810629296,313363.13190383255,4,8,full,0.04092783731407579,974514.8129667621,0.0
2021-05-06 00:00:00+00:00,990425.0441330124,680268.2096272625,680268.2096272627,310156.83450574987,4,8,full,0.01632631023618214,990425.0441330124,0.0
2021-05-07 00:00:00+00:00,973540.8034550009,680268.2096272625,680268.2096272625,293272.5938277383,4,10,full,-0.017047469445596986,990425.0441330124,-0.017047469445596986
2021-05-08 00:00:00+00:00,986960.5818622112,588211.3161391692,588211.3161391692,398749.265723042,6,8,full,0.01378450534336606,990425.0441330124,-0.003497955035894562
2021-05-09 00:00:00+00:00,984245.0068121817,802332.7733698484,802332.7733698485,181912.23344233326,3,11,full,-0.002751452388205622,990425.0441330124,-0.006239782967362828
2021-05-10 00:00:00+00:00,955755.3729330859,46631.18407065776,46631.1840706577,909124.1888624282,13,4,full,-0.028945672756186314,990425.0441330124,-0.03500484100770618
2021-05-11 00:00:00+00:00,1022788.8086307087,99738.77120575907,99738.77120575903,923050.0374249497,14,3,full,0.07013660356614704,1022788.8086307087,0.0
2021-05-12 00:00:00+00:00,879751.2117331935,-2.9103830456733704e-11,-6.548361852765083e-11,879751.2117331935,17,0,full,-0.13985056904270532,1022788.8086307087,-0.13985056904270532
2021-05-13 00:00:00+00:00,905254.8148033293,66076.07055897948,66076.07055897948,839178.7442443498,15,3,full,0.028989562878681596,1022788.8086307087,-0.1149152130289065
2021-05-14 00:00:00+00:00,1008993.5957062674,66076.07055897948,66076.07055897948,942917.5251472879,15,4,full,0.1145962210932574,1022788.8086307087,-0.013487841094888542
2021-05-15 00:00:00+00:00,1000740.6651722022,843922.1463635626,800592.5321377618,156818.51880863958,8,8,full,-0.00817936859974655,1022788.8086307087,-0.021556887670705183
2021-05-16 00:00:00+00:00,1006678.9587657409,770256.9286810743,770256.9286810743,236422.03008466656,7,8,full,0.0059338985615386974,1022788.8086307087,-0.015750905493906897
2021-05-17 00:00:00+00:00,1003549.4967257681,561552.2050349467,561552.2050349467,441997.2916908214,7,7,full,-0.0031086991664250885,1022788.8086307087,-0.018810639833552578
2021-05-18 00:00:00+00:00,1011527.3931223345,561552.2050349467,498863.7848342829,449975.18808738777,7,6,full,0.007949679036854285,1022788.8086307087,-0.011010499345853075
2021-05-19 00:00:00+00:00,740537.3083581636,62688.42020066372,62688.42020066372,677848.8881574998,13,1,full,-0.2679018745381593,1022788.8086307087,-0.275962640469657
2021-05-20 00:00:00+00:00,883925.696304167,88343.20485517665,88343.20485517662,795582.4914489904,10,3,full,0.19362750036714305,1022788.8086307087,-0.13576909637137025
2021-05-21 00:00:00+00:00,778292.8934646489,143668.4087191113,-5.820766091346741e-11,634624.4847455376,11,0,full,-0.11950416565689359,1022788.8086307087,-0.23904828944441292
2021-05-22 00:00:00+00:00,725334.9819975665,374100.9318447928,145066.99639951324,351234.05015277374,8,2,full,-0.06804367855825444,1022788.8086307087,-0.29082624303581106
2021-05-23 00:00:00+00:00,685877.4545441433,229033.93544527947,-5.820766091346741e-11,456843.5190988638,10,0,full,-0.05439904103998616,1022788.8086307087,-0.32940461534538723
2021-05-24 00:00:00+00:00,738026.5235969189,515511.97885976854,147605.30471938374,222514.5447371503,4,2,full,0.07603263339139144,1022788.8086307087,-0.27841748230998387
2021-05-25 00:00:00+00:00,745614.0232511689,515511.97885976854,147605.30471938374,230102.04439140036,4,2,full,0.010280795353086791,1022788.8086307087,-0.27099904011524767
2021-05-26 00:00:00+00:00,760572.6011430883,540652.2987441935,147605.30471938374,219920.3023988948,2,2,full,0.02006209302058748,1022788.8086307087,-0.2563737550459423
2021-05-27 00:00:00+00:00,745667.1251738325,540652.2987441935,149133.42503476646,205014.82642963898,2,2,full,-0.01959770302907815,1022788.8086307087,-0.2709471213591804
2021-05-28 00:00:00+00:00,745439.1013067327,745439.1013067327,74566.7125173832,0.0,0,1,full,-0.00030579847146494643,1022788.8086307087,-0.27117006461508586
2021-05-29 00:00:00+00:00,747351.165599686,670872.3887893495,-5.820766091346741e-11,76478.77681033652,1,0,full,0.00256501743683879,1022788.8086307087,-0.2693006031223334
2021-05-30 00:00:00+00:00,754966.8826183511,670872.3887893495,-5.820766091346741e-11,84094.49382900161,1,0,full,0.010190279174254302,1022788.8086307087,-0.26185457227569076
2021-05-31 00:00:00+00:00,755277.6637736377,670872.3887893495,-5.820766091346741e-11,84405.27498428829,1,0,full,0.0004116487258469803,1022788.8086307087,-0.2615507156508782
2021-06-01 00:00:00+00:00,753184.2888219898,670872.3887893495,75318.42888219892,82311.9000326403,1,1,full,-0.0027716627302185604,1022788.8086307087,-0.26359744801046525
2021-06-02 00:00:00+00:00,752045.359334183,670872.3887893495,-5.820766091346741e-11,81172.97054483354,1,0,full,-0.0015121524767703898,1022788.8086307087,-0.2647110009533563
2021-06-03 00:00:00+00:00,751902.4723784499,751902.4723784499,75190.24723784493,0.0,0,1,full,-0.00018999778930850475,1022788.8086307087,-0.264850704237678
2021-06-04 00:00:00+00:00,751902.4723784499,751902.4723784499,75190.24723784493,0.0,0,1,full,0.0,1022788.8086307087,-0.264850704237678
2021-06-05 00:00:00+00:00,753053.1558249615,676712.2251406049,-5.820766091346741e-11,76340.93068435657,1,0,full,0.0015303626318341479,1022788.8086307087,-0.26372565922662417
2021-06-06 00:00:00+00:00,755815.4608791677,676712.2251406049,-5.820766091346741e-11,79103.23573856275,1,0,full,0.003668140864744318,1022788.8086307087,-0.2610249012295708
2021-06-07 00:00:00+00:00,750959.4246044761,676712.2251406049,-5.820766091346741e-11,74247.19946387119,1,0,full,-0.006424896718893569,1022788.8086307087,-0.2657727399170049
2021-06-08 00:00:00+00:00,750685.894397262,676712.2251406049,676712.2251406049,73973.66925665707,1,11,full,-0.0003642409939234037,1022788.8086307087,-0.2660401755839832
2021-06-09 00:00:00+00:00,751236.9552534776,676712.2251406049,225205.7683191785,74524.73011287271,1,3,full,0.0007340764763643648,1022788.8086307087,-0.2655013929422829
2021-06-10 00:00:00+00:00,751124.7061152827,751124.7061152827,751124.7061152826,0.0,0,11,full,-0.00014941908463084186,1022788.8086307087,-0.26561114105181205
2021-06-11 00:00:00+00:00,748558.6754300098,525831.1754525,525831.1754525,222727.49997750984,3,8,full,-0.003416251208862575,1022788.8086307087,-0.268119997878969
2021-06-12 00:00:00+00:00,744893.9844721805,375606.2342294435,375606.2342294435,369287.750242737,5,7,full,-0.0048956629294613085,1022788.8086307087,-0.271703035674167
2021-06-13 00:00:00+00:00,797142.8302989872,320057.70908987557,320057.70908987557,477085.12120911165,6,7,full,0.07014266045366102,1022788.8086307087,-0.22061834899602806
2021-06-14 00:00:00+00:00,801124.74548071,320057.70908987557,320057.7090898755,481067.0363908344,6,8,full,0.004995234267150428,1022788.8086307087,-0.21672515506574486
2021-06-15 00:00:00+00:00,796913.0936932553,248627.92057671314,166589.14386480188,548285.1731165422,8,4,full,-0.0052571735066396785,1022788.8086307087,-0.22084296682895044
2021-06-16 00:00:00+00:00,787326.4080978404,351539.6789444099,351539.6789444099,435786.72915343044,7,7,full,-0.012029775481521954,1022788.8086307087,-0.23021605100284703
2021-06-17 00:00:00+00:00,784395.5478385093,492073.9772451612,375639.49330710573,292321.57059334806,6,6,full,-0.0037225478901590225,1022788.8086307087,-0.2330816086180646
2021-06-18 00:00:00+00:00,758854.4577201295,341652.5002443192,341652.5002443192,417201.95747581025,9,5,full,-0.032561492972214334,1022788.8086307087,-0.25805361642930935
2021-06-19 00:00:00+00:00,762739.6739061475,341652.5002443192,341652.50024431915,421087.1736618283,9,5,full,0.00511984366236784,1022788.8086307087,-0.2542549669395683
2021-06-20 00:00:00+00:00,766812.9740067099,322946.82265034225,219728.8191738039,443866.1513563677,8,3,full,0.005340354304244066,1022788.8086307087,-0.2502724242423954
2021-06-21 00:00:00+00:00,671744.9477492865,232570.12448653652,67174.49477492835,439174.82326275,9,1,full,-0.12397811393393487,1022788.8086307087,-0.34322223504908445
2021-06-22 00:00:00+00:00,675253.4517198082,180938.1147139175,-3.055902197957039e-10,494315.3370058907,9,0,full,0.005222970388206072,1022788.8086307087,-0.3397919042311136
2021-06-23 00:00:00+00:00,713875.6429127865,356866.5174603035,-3.055902197957039e-10,357009.125452483,5,0,full,0.05719658462257571,1022788.8086307087,-0.30203025601295896
2021-06-24 00:00:00+00:00,722593.2285301894,356866.5174603035,-3.055902197957039e-10,365726.7110698859,5,0,full,0.01221163056051755,1022788.8086307087,-0.29350690735697016
2021-06-25 00:00:00+00:00,689977.8483030455,424437.5469304228,-3.055902197957039e-10,265540.3013726227,4,0,full,-0.04513657053427711,1022788.8086307087,-0.3253955826650319
2021-06-26 00:00:00+00:00,696873.2528693671,607230.115111777,-3.055902197957039e-10,89643.13775759011,1,0,full,0.009993660786763447,1022788.8086307087,-0.3186538149529339
2021-06-27 00:00:00+00:00,696723.4495146987,696723.4495146987,278689.37980587914,0.0,0,4,full,-0.00021496499406692404,1022788.8086307087,-0.31880028053156007
2021-06-28 00:00:00+00:00,696723.4495146987,696723.4495146987,348361.724757349,0.0,0,5,full,0.0,1022788.8086307087,-0.31880028053156007
2021-06-29 00:00:00+00:00,696723.4495146987,696723.4495146987,278689.37980587914,0.0,0,4,full,0.0,1022788.8086307087,-0.31880028053156007
2021-06-30 00:00:00+00:00,696723.4495146987,696723.4495146987,348361.724757349,0.0,0,5,full,0.0,1022788.8086307087,-0.31880028053156007
2021-07-01 00:00:00+00:00,696120.9014047508,487706.414660289,139344.68990293943,208414.4867444617,3,2,full,-0.0008648311038872425,1022788.8086307087,-0.31938940323691567
2021-07-02 00:00:00+00:00,697237.5256652737,487706.414660289,278843.6026510516,209531.11100498465,3,4,full,0.0016040665612389038,1022788.8086307087,-0.3182976585374231
2021-07-03 00:00:00+00:00,702957.6408079162,487706.414660289,140019.5166473186,215251.22614762717,3,2,full,0.00820396913832866,1022788.8086307087,-0.3127049935665377
2021-07-04 00:00:00+00:00,711490.825357634,487706.414660289,211168.599183082,223784.41069734498,3,3,full,0.01213897403534947,1022788.8086307087,-0.30436193732881656
2021-07-05 00:00:00+00:00,708763.3677647172,487706.414660289,212901.75608870646,221056.9531044282,3,3,full,-0.003833440285819334,1022788.8086307087,-0.3070286243026096
2021-07-06 00:00:00+00:00,708583.9352641919,708583.9352641919,567175.7804707498,0.0,0,8,full,-0.00025316277432785306,1022788.8086307087,-0.3072040588586109
2021-07-07 00:00:00+00:00,708498.1710293605,637707.5984877202,637699.8124673229,70790.57254164029,1,9,full,-0.00012103609828451045,1022788.8086307087,-0.30728791217623397
2021-07-08 00:00:00+00:00,701346.9341492911,70866.17954681609,70866.17954681604,630480.7546024751,9,2,full,-0.010093514948217197,1022788.8086307087,-0.31427981198949384
2021-07-09 00:00:00+00:00,748605.8889791283,70866.17954681609,70866.17954681604,677739.7094323123,9,3,full,0.06738313454975131,1022788.8086307087,-0.2680738362973013
2021-07-10 00:00:00+00:00,740780.995392833,70866.17954681609,70866.17954681604,669914.815846017,9,3,full,-0.010452620933781409,1022788.8086307087,-0.2757243830380024
2021-07-11 00:00:00+00:00,768124.6336868065,70866.17954681609,70866.17954681604,697258.4541399905,9,4,full,0.03691190576436609,1022788.8086307087,-0.24898998971727315
2021-07-12 00:00:00+00:00,734978.7148377539,140766.2748496032,140766.27484960319,594212.4399881507,10,5,full,-0.04315174568736391,1022788.8086307087,-0.28139738268965786
2021-07-13 00:00:00+00:00,732934.2438652075,643485.4635374217,397636.97109765874,89448.78032778593,5,6,full,-0.0027816737155411664,1022788.8086307087,-0.28339630070214916
2021-07-14 00:00:00+00:00,760878.8860037221,319141.9168262833,149381.31298689262,441736.96917743876,10,2,full,0.03812707943777527,1022788.8086307087,-0.2560742945336163
2021-07-15 00:00:00+00:00,738321.3874712527,319141.9168262833,297045.59048114315,419179.4706449694,10,4,full,-0.02964663489474073,1022788.8086307087,-0.27812918831239064
2021-07-16 00:00:00+00:00,694527.9216569216,169221.8894787858,138905.584331384,525306.0321781358,12,2,full,-0.05931490886959612,1022788.8086307087,-0.32094688972326246
2021-07-17 00:00:00+00:00,699761.7385871349,30324.288293646285,30324.288293646285,669437.4502934886,12,3,full,0.007535790523334196,1022788.8086307087,-0.3158296877299984
2021-07-18 00:00:00+00:00,735988.4982247679,108182.69662777749,108182.6966277775,627805.8015969903,9,4,full,0.051770134947328295,1022788.8086307087,-0.28041009833682473
2021-07-19 00:00:00+00:00,699748.0812913057,332445.93764861394,225771.60848094797,367302.1436426918,7,4,full,-0.04924046642152069,1022788.8086307087,-0.3158430407269357
2021-07-20 00:00:00+00:00,699035.4843751191,106674.32916766561,69903.54843751159,592361.1552074535,11,1,full,-0.001018362086640634,1022788.8086307087,-0.31653976023557073
2021-07-21 00:00:00+00:00,785234.4989961952,219160.290859824,148426.9983371311,566074.2081363711,9,2,full,0.12331135764607293,1022788.8086307087,-0.23226135017310856
2021-07-22 00:00:00+00:00,788460.9279501699,400898.715326427,306119.1839271651,387562.21262374293,7,4,full,0.0041088731558525105,1022788.8086307087,-0.22910680944412443
2021-07-23 00:00:00+00:00,823691.4566249418,400898.715326427,400898.715326427,422792.74129851477,7,5,full,0.04468265633195512,1022788.8086307087,-0.19466125394187184
2021-07-24 00:00:00+00:00,814557.9214129207,512970.01144948124,512970.01144948124,301587.90996343945,4,8,full,-0.011088539450737511,1022788.8086307087,-0.20359128439874485
2021-07-25 00:00:00+00:00,833150.7252653535,703508.5936480955,662037.1963495025,129642.13161725792,2,9,full,0.022825637519038544,1022788.8086307087,-0.18541274773942762
2021-07-26 00:00:00+00:00,824700.1612886015,453563.3760684894,411347.7928385873,371136.78522011207,5,6,full,-0.010142899382414305,1022788.8086307087,-0.19367502427730388
2021-07-27 00:00:00+00:00,894701.4963755987,370248.303541954,370248.303541954,524453.1928336447,6,5,full,0.08488095234226645,1022788.8086307087,-0.1252333924406066
2021-07-28 00:00:00+00:00,890599.9126446729,370248.303541954,370248.30354195397,520351.60910271894,6,6,full,-0.004584304091969416,1022788.8086307087,-0.1292435885791593
2021-07-29 00:00:00+00:00,892420.3810172102,338108.3135777836,338108.31357778364,554312.0674394266,7,6,full,0.0020440922424205255,1022788.8086307087,-0.1274636821535361
2021-07-30 00:00:00+00:00,889412.2596083907,418036.989354839,418036.98935483897,471375.27025355166,7,7,full,-0.0033707448561300923,1022788.8086307087,-0.13040477945870377
2021-07-31 00:00:00+00:00,883347.2551176993,678118.3531028915,620096.6101622288,205228.9020148078,4,9,full,-0.006819115011256871,1022788.8086307087,-0.13633464928081418
2021-08-01 00:00:00+00:00,875086.294407687,677717.6026316768,677717.6026316768,197368.69177601018,4,9,full,-0.009351883602006006,1022788.8086307087,-0.1444115471118257
2021-08-02 00:00:00+00:00,903662.041389165,443132.4491085398,412922.8709901018,460529.59228062525,7,5,full,0.03265477606505063,1022788.8086307087,-0.11647249777891933
2021-08-03 00:00:00+00:00,926635.9912748835,63894.2856132945,63894.28561329446,862741.705661589,11,1,full,0.025423165778216683,1022788.8086307087,-0.09401043162033895
2021-08-04 00:00:00+00:00,955376.2126356189,160856.89427596616,160856.8942759661,794519.3183596528,9,5,full,0.031015654077060084,1022788.8086307087,-0.06591057257005051
2021-08-05 00:00:00+00:00,964192.987343054,105564.5701103771,105564.5701103771,858628.4172326769,11,4,full,0.009228589314687063,1022788.8086307087,-0.05729024486110845
2021-08-06 00:00:00+00:00,985200.419820807,180731.33251572103,180731.33251572103,804469.0873050858,10,4,full,0.021787580653994665,1022788.8086307087,-0.03675088003771221
2021-08-07 00:00:00+00:00,1008462.3983555974,454510.05712846946,454510.05712846946,553952.3412271279,7,6,full,0.023611417602746654,1022788.8086307087,-0.014007202810804364
2021-08-08 00:00:00+00:00,998106.5493410926,586642.2294109792,586642.2294109792,411464.31993011344,6,7,full,-0.010268949076724265,1022788.8086307087,-0.024132312635157138
2021-08-09 00:00:00+00:00,1032809.2644421859,400885.9549315001,400885.9549315001,631923.3095106857,8,6,full,0.03476854763051351,1032809.2644421859,0.0
2021-08-10 00:00:00+00:00,1055245.4404433912,414778.61745987175,414778.6174598717,640466.8229835195,7,7,full,0.021723445725792434,1055245.4404433912,0.0
2021-08-11 00:00:00+00:00,1085057.6389585517,414778.61745987175,414778.61745987175,670279.0214986799,7,7,full,0.028251435516872814,1085057.6389585517,0.0
2021-08-12 00:00:00+00:00,1074943.7567781194,153059.96185071272,153059.96185071272,921883.7949274066,11,4,full,-0.009321055229968955,1085057.6389585517,-0.009321055229968955
2021-08-13 00:00:00+00:00,1123352.354782691,556396.0292313226,459319.6088116059,566956.3255513684,7,6,full,0.04503361008362394,1123352.354782691,0.0
2021-08-14 00:00:00+00:00,1133255.4825762087,662221.252870167,662221.2528701671,471034.22970604163,6,7,full,0.008815691489277633,1133255.4825762087,0.0
2021-08-15 00:00:00+00:00,1163911.5004250659,181244.21067214548,181244.21067214536,982667.2897529205,10,3,full,0.027051285716410023,1163911.5004250659,0.0
2021-08-16 00:00:00+00:00,1120884.6277169464,60224.92759618133,60224.92759618124,1060659.700120765,12,1,full,-0.03696747793316402,1163911.5004250659,-0.03696747793316402
2021-08-17 00:00:00+00:00,1069982.3800762384,349930.27597731916,349930.27597731916,720052.1040989192,8,7,full,-0.045412566451542236,1163911.5004250659,-0.08070125633652048
2021-08-18 00:00:00+00:00,1120618.5912891058,60224.9275961812,60224.927596181165,1060393.6636929247,14,3,full,0.04732434118144968,1163911.5004250659,-0.03719604894371198
2021-08-19 00:00:00+00:00,1206871.1286595282,147257.16952829846,147257.16952829846,1059613.9591312297,14,3,full,0.07696868322628991,1206871.1286595282,0.0
2021-08-20 00:00:00+00:00,1229498.280558378,715074.2620491227,393156.8256399741,514424.0185092552,9,5,full,0.018748606509447097,1229498.280558378,0.0
2021-08-21 00:00:00+00:00,1209619.2531506633,836761.8164577463,556156.9685929376,372857.43669291696,7,5,full,-0.016168406025494075,1229498.280558378,-0.016168406025494075
2021-08-22 00:00:00+00:00,1217673.3384539303,713811.9884019085,608408.3463767563,503861.3500520218,8,5,full,0.006658364011889573,1229498.280558378,-0.009617697146414361
2021-08-23 00:00:00+00:00,1219813.7199213072,1064898.6634772976,1064898.6634772976,154915.05644400953,2,9,full,0.0017577632685088496,1229498.280558378,-0.007876839512677147
2021-08-24 00:00:00+00:00,1182937.0874774428,376079.6365097859,376079.6365097859,806857.4509676569,7,7,full,-0.03023136388910541,1229498.280558378,-0.03787007580017876
2021-08-25 00:00:00+00:00,1201874.879337904,325987.5437359875,304847.0307755959,875887.3356019164,8,5,full,0.01600912851658509,1229498.280558378,-0.022467214194011542
2021-08-26 00:00:00+00:00,1150278.0895858295,178743.50210287393,178743.50210287393,971534.5874829555,10,5,full,-0.04293025059355471,1229498.280558378,-0.06443294165207825
2021-08-27 00:00:00+00:00,1253619.9500318035,260277.6431722989,260277.6431722988,993342.3068595047,10,4,full,0.08984076231790472,1253619.9500318035,0.0
2021-08-28 00:00:00+00:00,1259149.6044444544,260277.6431722989,260277.6431722988,998871.9612721556,10,4,full,0.004410949596415303,1259149.6044444544,0.0
2021-08-29 00:00:00+00:00,1250389.304248481,870074.6082296546,700176.4904752944,380314.69601882645,6,6,full,-0.0069573148139442376,1259149.6044444544,-0.0069573148139442376
2021-08-30 00:00:00+00:00,1245545.1929622185,666596.5059273232,623741.4187383614,578948.6870348953,7,5,full,-0.0038740824715979283,1259149.6044444544,-0.010804444074172026
2021-08-31 00:00:00+00:00,1247924.8132530542,695317.2582867951,695317.2582867951,552607.554966259,6,8,full,0.0019105049774841287,1259149.6044444544,-0.008914581040870617
2021-09-01 00:00:00+00:00,1305397.72165565,723712.2198353613,723712.2198353615,581685.5018202887,5,8,full,0.046054784544893534,1305397.72165565,0.0
2021-09-02 00:00:00+00:00,1288785.3941468159,723712.2198353613,723712.2198353612,565073.1743114546,5,8,full,-0.01272587444672768,1305397.72165565,-0.01272587444672768
2021-09-03 00:00:00+00:00,1311611.377441659,857145.3272017442,857145.3272017441,454466.05023991497,3,9,full,0.017711236795909135,1311611.377441659,0.0
2021-09-04 00:00:00+00:00,1326142.2863309847,1141668.3847237462,1091982.8273595308,184473.90160723854,1,10,full,0.011078669443740807,1326142.2863309847,0.0
2021-09-05 00:00:00+00:00,1325865.6677155248,1325865.6677155248,1325865.6677155246,0.0,0,11,full,-0.0002085889412554165,1326142.2863309847,-0.0002085889412554165
2021-09-06 00:00:00+00:00,1339603.186868683,1086531.7825286156,1086531.7825286156,253071.40434006753,2,10,full,0.010361169677790993,1339603.186868683,0.0
2021-09-07 00:00:00+00:00,1269230.0891286144,132586.56677155197,132586.56677155202,1136643.5223570624,11,1,full,-0.052532793613730755,1339603.186868683,-0.052532793613730755
2021-09-08 00:00:00+00:00,1304508.4273716006,132586.56677155197,132586.56677155197,1171921.8606000487,11,7,full,0.027795069266917993,1339603.186868683,-0.026197876984091262
2021-09-09 00:00:00+00:00,1368527.8591440998,132586.56677155197,132586.56677155197,1235941.2923725478,11,7,full,0.049075521805167055,1368527.8591440998,0.0
2021-09-10 00:00:00+00:00,1355416.8727904921,88460.98867485306,88460.98867485306,1266955.8841156391,14,4,full,-0.009580357656589822,1368527.8591440998,-0.009580357656589822
2021-09-11 00:00:00+00:00,1349360.2281442096,326178.8084549089,326178.8084549089,1023181.4196893007,12,6,full,-0.004468473698289843,1368527.8591440998,-0.01400602177867094
2021-09-12 00:00:00+00:00,1348095.2807688732,1302575.501834332,699577.5971352477,45519.77893454121,3,8,full,-0.0009374423144782318,1368527.8591440998,-0.014930334255676359
2021-09-13 00:00:00+00:00,1373423.3365747803,689364.4906797162,361051.2532955882,684058.845895064,9,4,full,0.018788030910887432,1373423.3365747803,0.0
2021-09-14 00:00:00+00:00,1347403.0185239012,689364.4906797162,544165.271019736,658038.5278441849,9,4,full,-0.01894559190742451,1373423.3365747803,-0.01894559190742451
2021-09-15 00:00:00+00:00,1371572.1199504673,732831.719617311,732831.7196173109,638740.4003331561,6,7,full,0.01793754436816064,1373423.3365747803,-0.0013478849346842958
2021-09-16 00:00:00+00:00,1364797.5338584906,527401.7847136315,527401.7847136314,837395.7491448593,8,6,full,-0.004939285359796708,1373423.3365747803,-0.0062805127061563715
2021-09-17 00:00:00+00:00,1300156.9346729864,176749.30541738565,176749.30541738565,1123407.6292556007,12,4,full,-0.047362775490043196,1373423.3365747803,-0.053345825682935555
2021-09-18 00:00:00+00:00,1327923.3607815227,759734.6647632454,677298.9448317436,568188.6960182773,6,7,full,0.021356211214240917,1373423.3365747803,-0.03312887918937746
2021-09-19 00:00:00+00:00,1309876.1768016515,570118.8326916277,570118.8326916277,739757.3441100238,8,6,full,-0.013590531285818996,1373423.3365747803,-0.04626917140610909
2021-09-20 00:00:00+00:00,1159249.730908992,-7.34871719032526e-10,-5.456968210637569e-10,1159249.7309089927,14,0,full,-0.11499288906868044,1373423.3365747803,-0.155941434779987
2021-09-21 00:00:00+00:00,1077311.1862422258,168258.62937398598,107731.11862422203,909052.5568682399,12,1,full,-0.07068239265625398,1373423.3365747803,-0.2156015137117424
2021-09-22 00:00:00+00:00,1227385.1234112668,328957.5468776547,328957.5468776546,898427.5765336122,9,3,full,0.13930416678630686,1373423.3365747803,-0.1063315361509164
2021-09-23 00:00:00+00:00,1261395.5099967355,328957.5468776547,328957.5468776546,932437.9631190809,9,3,full,0.02770962914308739,1373423.3365747803,-0.08156831444078572
2021-09-24 00:00:00+00:00,1246692.4991851272,398911.79369979165,398911.79369979165,847780.7054853354,8,6,full,-0.011656146462457495,1373423.3365747803,-0.09227368868342567
2021-09-25 00:00:00+00:00,1228106.813345138,984303.3707805837,984303.3707805837,243803.44256455416,2,10,full,-0.014907995237107285,1373423.3365747803,-0.10580606820913019
2021-09-26 00:00:00+00:00,1236514.4466073986,770341.3471811552,770341.3471811552,466173.0994262434,4,8,full,0.006846011414397779,1373423.3365747803,-0.09968440634540454
2021-09-27 00:00:00+00:00,1218879.3523581377,859265.9685086933,859265.9685086932,359613.3838494445,4,10,full,-0.014261939516878153,1373423.3365747803,-0.11252465288820868
2021-09-28 00:00:00+00:00,1193575.5358110128,736455.2871741795,722642.7761605293,457120.2486368334,5,9,full,-0.020759902526997553,1373423.3365747803,-0.13094855458936283
2021-09-29 00:00:00+00:00,1201166.2346735594,782898.7805831193,547523.2346927777,418267.4540904402,5,7,full,0.006359630065129407,1373423.3365747803,-0.12542170888898518
2021-09-30 00:00:00+00:00,1224450.8338087476,782898.7805831193,782898.7805831191,441552.05322562845,5,8,full,0.019384993070102663,1373423.3365747803,-0.108468014776536
2021-10-01 00:00:00+00:00,1237732.9695253896,1010683.7208594484,958974.4384903728,227049.24866594118,3,9,full,0.010847422656675265,1373423.3365747803,-0.09879719052087232
2021-10-02 00:00:00+00:00,1242933.1935689051,917861.7789372314,917861.7789372313,325071.4146316738,3,9,full,0.0042014102973353395,1373423.3365747803,-0.09501086775713907
2021-10-03 00:00:00+00:00,1258013.0332033564,933851.7568679134,933851.7568679136,324161.2763354429,3,8,full,0.01213246191547257,1373423.3365747803,-0.08403112157628612
2021-10-04 00:00:00+00:00,1247635.9768318958,995414.4363026862,995414.4363026861,252221.54052920948,2,9,full,-0.008248766982196454,1373423.3365747803,-0.09158673541734719
2021-10-05 00:00:00+00:00,1247268.4258180736,841140.4724462837,841140.4724462836,406127.95337178983,4,7,full,-0.0002945979601802762,1373423.3365747803,-0.09185435211209392
2021-10-06 00:00:00+00:00,1235813.016662602,125801.30332033544,125801.30332033544,1110011.7133422666,10,4,full,-0.009184397615098705,1373423.3365747803,-0.10019512283471788
2021-10-07 00:00:00+00:00,1268417.0971691948,170054.21457130508,170054.21457130508,1098362.8825978898,11,4,full,0.026382697112741438,1373423.3365747803,-0.07645584329989874
2021-10-08 00:00:00+00:00,1300689.1614771034,293839.6741827926,293839.6741827926,1006849.4872943107,10,5,full,0.025442785641988097,1373423.3365747803,-0.05295830729006745
2021-10-09 00:00:00+00:00,1285347.8420079467,293839.6741827926,293839.6741827926,991508.167825154,10,6,full,-0.011794762287197447,1373423.3365747803,-0.06412843893164621
2021-10-10 00:00:00+00:00,1233239.5125370042,443712.8494797287,443712.8494797287,789526.6630572755,8,8,full,-0.040540255149563165,1373423.3365747803,-0.10206891080457725
2021-10-11 00:00:00+00:00,1245907.0741059084,1045460.916759697,839691.5490637942,200446.15734621132,3,9,full,0.0102717772501828,1373423.3365747803,-0.09284556267034771
2021-10-12 00:00:00+00:00,1248010.55699529,959155.8129969839,959155.8129969838,288854.7439983062,3,10,full,0.0016883144281776286,1373423.3365747803,-0.09131400074521867
2021-10-13 00:00:00+00:00,1247219.344624424,959155.8129969839,959155.8129969838,288063.53162744007,3,10,full,-0.0006339789086168279,1373423.3365747803,-0.0918900885033016
2021-10-14 00:00:00+00:00,1249775.1698521972,959155.8129969839,922268.5592191273,290619.3568552132,3,9,full,0.0020492187190561673,1373423.3365747803,-0.09002917267370225
2021-10-15 00:00:00+00:00,1257359.2183642306,788994.8363708147,788994.8363708147,468364.3819934158,5,8,full,0.006068330284502599,1373423.3365747803,-0.08450716914422418
2021-10-16 00:00:00+00:00,1268217.6187255492,671454.4955819392,515427.68897195766,596763.12314361,6,5,full,0.008635877641589795,1373423.3365747803,-0.07660108507520091
2021-10-17 00:00:00+00:00,1297003.326829689,422172.5874437276,389100.9980489064,874830.7393859616,8,3,full,0.022697767070187114,1373423.3365747803,-0.055641991591374285
2021-10-18 00:00:00+00:00,1293733.4582584933,422172.5874437276,422172.58744372753,871560.8708147658,8,4,full,-0.002521094976054128,1373423.3365747803,-0.05802280782196978
2021-10-19 00:00:00+00:00,1306788.2278200751,292472.2547607587,292472.2547607587,1014315.9730593164,9,3,full,0.010090772158861006,1373423.3365747803,-0.048517530596857594
2021-10-20 00:00:00+00:00,1355809.513685524,362471.26609272615,362471.26609272615,993338.2475927977,8,5,full,0.037512800331254814,1373423.3365747803,-0.012824758703448236
2021-10-21 00:00:00+00:00,1336555.5581915271,413470.6068653593,320514.67906487186,923084.9513261678,8,4,full,-0.014201077142214746,1373423.3365747803,-0.02684371045798506
2021-10-22 00:00:00+00:00,1347815.2267399726,884629.8609498724,884629.8609498723,463185.36579010024,4,9,full,0.00842439244626747,1373423.3365747803,-0.01864545996332967
2021-10-23 00:00:00+00:00,1356561.4911482886,884629.8609498724,884629.8609498724,471931.6301984161,4,8,full,0.006489216203226178,1373423.3365747803,-0.012277238181014116
2021-10-24 00:00:00+00:00,1356841.3528062892,1036026.877849255,1036026.8778492551,320814.4749570343,3,10,full,0.00020630222796880204,1373423.3365747803,-0.012073468774635332
2021-10-25 00:00:00+00:00,1371434.1781678838,1168375.6148387415,1168375.6148387415,203058.5633291423,2,10,full,0.010754997503144237,1373423.3365747803,-0.0014483213980165388
2021-10-26 00:00:00+00:00,1370538.5981574603,978322.863838207,978322.863838207,392215.73431925336,3,10,full,-0.0006530244212084035,1373423.3365747803,-0.002100400029982241
2021-10-27 00:00:00+00:00,1349535.8960446352,180947.7618587464,180947.7618587464,1168588.1341858888,11,4,full,-0.015324414898683636,1373423.3365747803,-0.017392627527153204
2021-10-28 00:00:00+00:00,1416539.0676643262,133863.74136175012,133863.74136175006,1282675.326302576,12,3,full,0.04964904736218645,1416539.0676643262,0.0
2021-10-29 00:00:00+00:00,1434692.0916172492,133863.74136175012,133863.74136175006,1300828.3502554991,12,4,full,0.012815053511270103,1434692.0916172492,0.0
2021-10-30 00:00:00+00:00,1392518.0460993624,50142.76571394638,50142.76571394638,1342375.280385416,14,5,full,-0.029395886242285063,1434692.0916172492,-0.029395886242285063
2021-10-31 00:00:00+00:00,1399902.9187822747,428633.4691559729,428633.4691559728,971269.4496263019,14,5,full,0.00530325097301132,1434692.0916172492,-0.024248529031590693
2021-11-01 00:00:00+00:00,1405313.082352338,1152863.2637092432,895508.2108244369,252449.81864309465,7,8,full,0.0038646705407039406,1434692.0916172492,-0.02047757106669068
2021-11-02 00:00:00+00:00,1414500.7847549801,1194145.0729992858,925515.3195994977,220355.7117556944,6,7,full,0.006537833112080005,1434692.0916172492,-0.014073616896785546
2021-11-03 00:00:00+00:00,1408685.579318789,911244.9160482899,911244.9160482899,497440.66327049915,8,7,full,-0.004111136238922897,1434692.0916172492,-0.018126894579271302
2021-11-04 00:00:00+00:00,1387877.8339736343,870057.6715440844,870057.6715440842,517820.1624295499,7,7,full,-0.014771035957659828,1434692.0916172492,-0.032630177525300064
2021-11-05 00:00:00+00:00,1388840.9628255982,639179.4123348601,639179.4123348601,749661.550490738,6,9,full,0.0006939579467208912,1434692.0916172492,-0.03195886354957567
2021-11-06 00:00:00+00:00,1412514.2729528355,743245.9953062625,743245.9953062625,669268.277646573,5,9,full,0.017045371472248272,1434692.0916172492,-0.01545824277836072
2021-11-07 00:00:00+00:00,1433549.1618203637,687181.1328906443,607718.3553177356,746368.0289297195,6,7,full,0.014891806242463668,1434692.0916172492,-0.0007966376922012852
2021-11-08 00:00:00+00:00,1440089.1027088175,853735.0804584646,853735.0804584646,586354.0222503529,5,7,full,0.0045620625107472,1440089.1027088175,0.0
2021-11-09 00:00:00+00:00,1417485.0086615486,982565.2549956259,982565.2549956259,434919.75366592256,4,8,full,-0.015696316293728252,1440089.1027088175,-0.015696316293728252
2021-11-10 00:00:00+00:00,1438134.9058758668,376703.33713340026,376703.33713340026,1061431.5687424664,9,5,full,0.014567982792154321,1440089.1027088175,-0.0013569971672411363
2021-11-11 00:00:00+00:00,1461369.4958418196,304288.81848728517,304288.81848728517,1157080.6773545344,10,5,full,0.016156057314944405,1461369.4958418196,0.0
2021-11-12 00:00:00+00:00,1466589.8358524805,270197.10310223454,270197.10310223454,1196392.7327502458,11,5,full,0.003572224564365678,1466589.8358524805,0.0
2021-11-13 00:00:00+00:00,1513666.6654670918,308726.66781017184,308726.66781017184,1204939.99765692,11,5,full,0.03209951989558624,1513666.6654670918,0.0
2021-11-14 00:00:00+00:00,1531120.897738486,246763.28759002633,246763.28759002636,1284357.6101484597,12,4,full,0.011531093780154045,1531120.897738486,0.0
2021-11-15 00:00:00+00:00,1502692.5193162458,1146925.1579140797,1132296.5684894605,355767.3614021661,5,8,full,-0.018567037040791434,1531120.897738486,-0.018567037040791434
2021-11-16 00:00:00+00:00,1553220.6333104074,320452.44053657155,320452.44053657143,1232768.192773836,10,4,full,0.03362505192822329,1553220.6333104074,0.0
2021-11-17 00:00:00+00:00,1595709.5556599237,422828.7640094772,320452.44053657143,1172880.7916504464,8,4,full,0.02735536821897533,1595709.5556599237,0.0
2021-11-18 00:00:00+00:00,1592714.6427572747,454616.7712109085,454616.77121090837,1138097.8715463663,8,6,full,-0.0018768533985562552,1595709.5556599237,-0.0018768533985562552
2021-11-19 00:00:00+00:00,1652674.1306608676,459777.79298559885,459777.7929855988,1192896.3376752688,8,5,full,0.03764609572483879,1652674.1306608676,0.0
2021-11-20 00:00:00+00:00,1718601.4394596424,459777.79298559885,459777.79298559885,1258823.6464740436,8,6,full,0.039891293495597946,1718601.4394596424,0.0
2021-11-21 00:00:00+00:00,1723464.7492466297,1531421.3652298506,1346092.978384704,192043.38401677902,4,9,full,0.002829806652854039,1723464.7492466297,0.0
2021-11-22 00:00:00+00:00,1722631.5768210392,1324769.8431400754,1324769.8431400754,397861.73368096375,6,8,full,-0.00048342875939566543,1723464.7492466297,-0.00048342875939566543
2021-11-23 00:00:00+00:00,1752261.1762257512,1390352.4270007152,1324769.8431400754,361908.7492250359,5,8,full,0.017200195214922775,1752261.1762257512,0.0
2021-11-24 00:00:00+00:00,1798640.0740343365,1116393.9790732355,1017948.579862534,682246.0949611008,6,6,full,0.026468027961723317,1798640.0740343365,0.0
2021-11-25 00:00:00+00:00,1838365.0505258846,576801.9568629345,576801.9568629344,1261563.0936629502,9,5,full,0.0220861177647651,1838365.0505258846,0.0
2021-11-26 00:00:00+00:00,1660497.915923912,189581.5799746152,189581.5799746152,1470916.3359492968,11,3,full,-0.09675289168007828,1838365.0505258846,-0.09675289168007828
2021-11-27 00:00:00+00:00,1662489.8284636713,435126.41264653835,435126.4126465383,1227363.415817133,9,5,full,0.0011995874976156173,1838365.0505258846,-0.09566936774168022
2021-11-28 00:00:00+00:00,1780705.812239693,49577.42046323835,49577.42046323829,1731128.3917764546,13,1,full,0.07110779371520537,1838365.0505258846,-0.03136441169271442
2021-11-29 00:00:00+00:00,1711304.0584996883,359882.642821908,359882.642821908,1351421.4156777803,11,5,full,-0.03897429505928007,1838365.0505258846,-0.06911630091632193
2021-11-30 00:00:00+00:00,1649157.6646414371,741467.3519495517,741467.3519495518,907690.3126918854,9,7,full,-0.03631522612804139,1838365.0505258846,-0.10292155294745331
2021-12-01 00:00:00+00:00,1660197.1903858157,1001697.2104776159,1001697.2104776159,658499.9799081996,6,9,full,0.006694039012200115,1838365.0505258846,-0.09691647482587973
2021-12-02 00:00:00+00:00,1623553.2374633967,550017.6654371726,550017.6654371726,1073535.572026224,10,6,full,-0.022072048510034636,1838365.0505258846,-0.11684937820213592
2021-12-03 00:00:00+00:00,1570646.4647098212,771507.1394672553,771507.1394672553,799139.3252425658,8,7,full,-0.032587026734174684,1838365.0505258846,-0.14562863112496593
2021-12-04 00:00:00+00:00,1633241.4015924023,-6.111804395914078e-10,-5.238689482212067e-10,1633241.401592403,15,0,full,0.03985297664942422,1838365.0505258846,-0.11157938891125263
2021-12-05 00:00:00+00:00,1536480.725083503,74468.72539019184,74468.72539019184,1462011.999693311,14,1,full,-0.05924456508055587,1838365.0505258846,-0.1642134816238071
2021-12-06 00:00:00+00:00,1575333.4961908667,142892.41976615443,142892.4197661544,1432441.0764247123,14,2,full,0.025286858776085275,1838365.0505258846,-0.1430790659666723
2021-12-07 00:00:00+00:00,1565843.5806482641,520227.3847634709,520227.3847634709,1045616.1958847932,10,5,full,-0.006024067643803033,1838365.0505258846,-0.14824121563867998
2021-12-08 00:00:00+00:00,1586239.5408503576,564392.2161019475,558785.6689078358,1021847.3247484103,9,4,full,0.013025541282769337,1838365.0505258846,-0.13714659643002014
2021-12-09 00:00:00+00:00,1556129.1027285112,1097884.6572425244,1097884.6572425244,458244.4454859868,4,8,full,-0.018982276854418,1838365.0505258846,-0.15352551862136232
2021-12-10 00:00:00+00:00,1534077.9527329563,942271.7469696733,775859.4363646996,591806.205763283,5,5,full,-0.014170514488091368,1838365.0505258846,-0.16552049752353792
2021-12-11 00:00:00+00:00,1547011.0598407239,1024769.9109211807,1024769.9109211806,522241.14891954325,4,8,full,0.008430541019592397,1838365.0505258846,-0.158485383847901
2021-12-12 00:00:00+00:00,1557489.012723459,1024769.9109211807,1024769.9109211805,532719.1018022783,4,7,full,0.006773030364640054,1838365.0505258846,-0.15278577980041452
2021-12-13 00:00:00+00:00,1488792.7505621489,529100.526861239,311497.80254469113,959692.2237009099,7,2,full,-0.044107060531480946,1838365.0505258846,-0.19015390869388904
2021-12-14 00:00:00+00:00,1514259.7049605744,812483.0374171272,462923.77304074855,701776.6675434472,5,3,full,0.01710577539339142,1838365.0505258846,-0.17630086335279072
2021-12-15 00:00:00+00:00,1545500.4741624794,965765.9096928905,460526.0653285527,579734.564469589,4,3,full,0.020631051001068768,1838365.0505258846,-0.1593070844550858
2021-12-16 00:00:00+00:00,1531428.3322398602,965765.9096928905,460526.0653285527,565662.4225469696,4,3,full,-0.009105233002432489,1838365.0505258846,-0.16696178933461647
2021-12-17 00:00:00+00:00,1527939.959448903,814339.939196833,461894.0907773855,713600.0202520702,5,3,full,-0.0022778557230000995,1838365.0505258846,-0.16885933019025845
2021-12-18 00:00:00+00:00,1527268.857190877,1377941.6836090703,763701.5388212403,149327.1735818067,1,5,full,-0.0004392203069734091,1838365.0505258846,-0.16922438405039042
2021-12-19 00:00:00+00:00,1537899.5889445615,1377941.6836090703,610974.6531021526,159957.90533549132,1,4,full,0.006960615810131632,1838365.0505258846,-0.16344167416333966
2021-12-20 00:00:00+00:00,1535870.8319702582,1072420.8019450922,305453.77143817465,463450.03002516605,3,2,full,-0.0013191738842297518,1838365.0505258846,-0.1645452400594184
2021-12-21 00:00:00+00:00,1565702.7693168547,1072420.8019450922,469710.8307950557,493281.96737176244,3,3,full,0.019423467602628586,1838365.0505258846,-0.14831781159625068
2021-12-22 00:00:00+00:00,1568545.71531813,1236267.8091600318,626849.6969269962,332277.90615809825,2,4,full,0.0018157635388968973,1838365.0505258846,-0.14677135813181919
2021-12-23 00:00:00+00:00,1590238.9198744053,1236267.8091600318,1236267.8091600318,353971.1107143734,2,10,full,0.013830138544527859,1838365.0505258846,-0.13497108780462297
2021-12-24 00:00:00+00:00,1578688.1030884814,926496.7384728087,926496.7384728087,652191.3646156727,5,9,full,-0.007263573191150563,1838365.0505258846,-0.14125428862081546
2021-12-25 00:00:00+00:00,1605979.7977192365,1161345.2589989938,1033097.6655540352,444634.53872024256,4,9,full,0.01728757857702412,1838365.0505258846,-0.12640865465766538
2021-12-26 00:00:00+00:00,1610676.3057834695,1161345.2589989938,1161345.2589989938,449331.0467844757,4,10,full,0.0029243880096765373,1838365.0505258846,-0.12385393460198901
2021-12-27 00:00:00+00:00,1623061.9378274083,758673.7828879392,758673.7828879391,864388.1549394692,8,6,full,0.007689708974711884,1838365.0505258846,-0.11711662633973952
2021-12-28 00:00:00+00:00,1566935.8870649196,128997.60847737138,128997.60847737134,1437938.2785875483,13,1,full,-0.03458035054264019,1838365.0505258846,-0.14764704288918007
2021-12-29 00:00:00+00:00,1582917.8871725188,420934.25219929114,420934.25219929096,1161983.6349732277,10,3,full,0.010199523949595335,1838365.0505258846,-0.13895344848961977
2021-12-30 00:00:00+00:00,1607934.6897299774,566660.4184686018,566660.4184686018,1041274.2712613756,9,4,full,0.01580423265172959,1838365.0505258846,-0.12534526846558036
2021-12-31 00:00:00+00:00,1618855.5838645988,405866.949495604,405866.949495604,1212988.6343689947,10,3,full,0.006791876687762377,1838365.0505258846,-0.11940472138463076
2022-01-01 00:00:00+00:00,1660453.692763222,826066.6673811007,826066.6673811007,834387.0253821211,6,6,full,0.025695997415234872,1838365.0505258846,-0.09677694738146225
2022-01-02 00:00:00+00:00,1655258.3942306093,1369260.877938838,1361144.1276953474,285997.5162917713,2,9,full,-0.0031288427706568367,1838365.0505258846,-0.09960299029993835
2022-01-03 00:00:00+00:00,1649567.467931787,1082772.021970132,1082772.021970132,566795.4459616551,4,8,full,-0.003438089375446096,1838365.0505258846,-0.10269863569267157
2022-01-04 00:00:00+00:00,1634796.2426232295,824568.8020572427,824568.8020572426,810227.4405659869,6,6,full,-0.008954605128747795,1838365.0505258846,-0.11073361509153035
2022-01-05 00:00:00+00:00,1565679.2890456922,299904.3684436236,299904.36844362353,1265774.9206020685,10,4,full,-0.0422786349610339,1838365.0505258846,-0.14833058396219378
2022-01-06 00:00:00+00:00,1627684.5039819558,51402.278999737806,51402.27899973777,1576282.2249822181,13,1,full,0.039602756049776255,1838365.0505258846,-0.1146021278437932
2022-01-07 00:00:00+00:00,1548996.705427493,130873.84972014581,130873.84972014581,1418122.8557073472,13,3,full,-0.04834339723820036,1838365.0505258846,-0.15740526889129802
2022-01-08 00:00:00+00:00,1484918.6125664404,283127.311912126,190112.70655832707,1201791.3006543145,13,2,full,-0.04136748169736637,1838365.0505258846,-0.19226129100873468
2022-01-09 00:00:00+00:00,1482208.9163012202,492239.3418462123,338333.5981884491,989969.5744550079,11,3,full,-0.0018248113009621258,1838365.0505258846,-0.19373526173312638
2022-01-10 00:00:00+00:00,1476960.1716551995,805164.7022514337,738480.0858275987,671795.4694037659,8,5,full,-0.003541163859085872,1838365.0505258846,-0.1965903772851324
2022-01-11 00:00:00+00:00,1530309.7170081811,1036245.9347146035,1036245.9347146035,494063.7822935777,5,9,full,0.036121180771715666,1838365.0505258846,-0.16757027306931283
2022-01-12 00:00:00+00:00,1555440.1873598797,1082883.9393771146,1082883.9393771146,472556.24798276514,4,8,full,0.016421819761315737,1838365.0505258846,-0.15390026212969565
2022-01-13 00:00:00+00:00,1535311.735674284,841574.2176983511,841574.2176983509,693737.5179759329,5,8,full,-0.012940678689651652,1838365.0505258846,-0.1648493669768738
2022-01-14 00:00:00+00:00,1563930.2808240338,841574.2176983511,841574.2176983511,722356.0631256826,5,8,full,0.01864021780383318,1838365.0505258846,-0.1492819772783135
2022-01-15 00:00:00+00:00,1564742.9447880215,1190685.3087644486,996242.057575244,374057.6360235729,3,8,full,0.0005196292788445245,1838365.0505258846,-0.14883991928566664
2022-01-16 00:00:00+00:00,1571446.4883902194,1037154.1351970203,1037154.1351970201,534292.3531931991,4,7,full,0.004284118119545877,1838365.0505258846,-0.1451934489612442
2022-01-17 00:00:00+00:00,1522164.0755867464,596511.986676589,596511.986676589,925652.0889101573,7,6,full,-0.031361177849560495,1838365.0505258846,-0.17200118923534002
2022-01-18 00:00:00+00:00,1518495.1503923328,599988.7000585973,599988.7000585974,918506.4503337356,7,6,full,-0.0024103348996719065,1838365.0505258846,-0.17399694366581298
2022-01-19 00:00:00+00:00,1447761.2541843606,138915.98090147928,138915.98090147943,1308845.2732828814,11,2,full,-0.04658157531138429,1838365.0505258846,-0.21247346724187743
2022-01-20 00:00:00+00:00,1378481.9043215609,99739.09769840757,99739.09769840748,1278742.8066231534,12,1,full,-0.04785274482416668,1838365.0505258846,-0.2501587734562126
2022-01-21 00:00:00+00:00,1222481.6060406938,122675.47248296923,-1.0331859812140465e-09,1099806.1335577245,12,0,full,-0.11316818725860955,1838365.0505258846,-0.33501694579594543
2022-01-22 00:00:00+00:00,1116348.3882989471,453781.87394317734,-1.0331859812140465e-09,662566.5143557698,9,0,full,-0.08681784430727357,1838365.0505258846,-0.39274934106280834
2022-01-23 00:00:00+00:00,1138251.3857576651,679532.2244126708,-1.0331859812140465e-09,458719.16134499444,6,0,full,0.0196202168501296,1838365.0505258846,-0.38083495145207646
2022-01-24 00:00:00+00:00,1136393.0112393354,1021361.6258590322,-1.0331859812140465e-09,115031.38538030328,2,0,full,-0.001632657373918045,1838365.0505258846,-0.3818458358342607
2022-01-25 00:00:00+00:00,1138335.7464135916,1054295.3303289467,-1.0331859812140465e-09,84040.41608464475,1,0,full,0.0017095627613350484,1838365.0505258846,-0.38078906249443867
2022-01-26 00:00:00+00:00,1138255.7587463048,1138255.7587463048,-1.0331859812140465e-09,0.0,0,0,full,-7.026720151659394e-05,1838365.0505258846,-0.3808325727141657
2022-01-27 00:00:00+00:00,1138255.7587463048,1138255.7587463048,113825.57587462945,0.0,0,1,full,0.0,1838365.0505258846,-0.3808325727141657
2022-01-28 00:00:00+00:00,1138255.7587463048,1138255.7587463048,113825.57587462945,0.0,0,1,full,0.0,1838365.0505258846,-0.3808325727141657
2022-01-29 00:00:00+00:00,1138255.7587463048,1138255.7587463048,113825.57587462945,0.0,0,1,full,0.0,1838365.0505258846,-0.3808325727141657
2022-01-30 00:00:00+00:00,1138255.7587463048,1138255.7587463048,227651.1517492599,0.0,0,2,full,0.0,1838365.0505258846,-0.3808325727141657
2022-01-31 00:00:00+00:00,1138255.7587463048,1138255.7587463048,227651.1517492599,0.0,0,2,full,0.0,1838365.0505258846,-0.3808325727141657
2022-02-01 00:00:00+00:00,1138255.7587463048,1138255.7587463048,227651.1517492599,0.0,0,2,full,0.0,1838365.0505258846,-0.3808325727141657
2022-02-02 00:00:00+00:00,1138255.7587463048,1138255.7587463048,113825.57587462943,0.0,0,1,full,0.0,1838365.0505258846,-0.3808325727141657
2022-02-03 00:00:00+00:00,1138255.7587463048,1138255.7587463048,-1.0477378964424133e-09,0.0,0,0,full,0.0,1838365.0505258846,-0.3808325727141657
2022-02-04 00:00:00+00:00,1138255.7587463048,1138255.7587463048,341476.7276238904,0.0,0,3,full,0.0,1838365.0505258846,-0.3808325727141657
2022-02-05 00:00:00+00:00,1138255.7587463048,1138255.7587463048,341476.7276238904,0.0,0,3,full,0.0,1838365.0505258846,-0.3808325727141657
2022-02-06 00:00:00+00:00,1139530.1272381316,1024430.1828716743,797416.2153683257,115099.94436645733,1,7,full,0.001119580096155648,1838365.0505258846,-0.3801393651863886
2022-02-07 00:00:00+00:00,1135531.9035052971,1024430.1828716743,1024430.1828716743,111101.72063362275,1,10,full,-0.0035086599619132963,1838365.0505258846,-0.3823142453777253
2022-02-08 00:00:00+00:00,1154085.112517013,641200.0710069386,641200.0710069386,512885.0415100744,5,6,full,0.016338782692448817,1838365.0505258846,-0.3722220120607307
2022-02-09 00:00:00+00:00,1167233.390700137,527247.0582831254,527247.0582831254,639986.3324170116,6,8,full,0.011392815001701306,1838365.0505258846,-0.3650698535819983
2022-02-10 00:00:00+00:00,1127546.7209851206,349802.510068343,349802.5100683429,777744.2109167777,8,8,full,-0.034000629206821564,1838365.0505258846,-0.38665787806258967
2022-02-11 00:00:00+00:00,1074996.4868744176,208823.30496571746,208823.30496571734,866173.1819087003,13,5,full,-0.04660581520275331,1838365.0505258846,-0.4152431876536692
2022-02-12 00:00:00+00:00,1086520.9926332678,173041.22336157935,173041.22336157935,913479.7692716884,14,4,full,0.010720505508216016,1838365.0505258846,-0.4089742990259435
2022-02-13 00:00:00+00:00,1070588.5546682111,541096.7490188815,536277.1161323751,529491.8056493297,10,6,full,-0.014663718485956823,1838365.0505258846,-0.41764093352299236
2022-02-14 00:00:00+00:00,1079786.0242383531,646828.1073104742,607513.9990016267,432957.91692787904,9,6,full,0.008591040442228914,1838365.0505258846,-0.4126378632309897
2022-02-15 00:00:00+00:00,1099795.2405814538,807585.8860111245,759093.7409987336,292209.35457032936,7,7,full,0.018530723582215858,1838365.0505258846,-0.4017536178318636
2022-02-16 00:00:00+00:00,1099799.8183550271,1062507.1566555146,1062507.1566555146,37292.661699512464,1,11,full,4.162387146733337e-06,1838365.0505258846,-0.40175112769881194
2022-02-17 00:00:00+00:00,1053298.4125584383,37227.191022091705,37227.191022091705,1016071.2215363465,11,3,full,-0.04228169983346708,1838365.0505258846,-0.4270461069431609
2022-02-18 00:00:00+00:00,1034350.9437926062,37227.191022091705,37227.191022091705,997123.7527705146,11,3,full,-0.017988699631483418,1838365.0505258846,-0.4373528024280494
2022-02-19 00:00:00+00:00,1035690.7487921665,37227.191022091705,37227.19102209166,998463.5577700748,11,3,full,0.0012953098825894127,1838365.0505258846,-0.43662399995262324
2022-02-20 00:00:00+00:00,963643.9853931749,10222.503925308009,10222.503925307965,953421.4814678669,13,1,full,-0.0695639731097466,1838365.0505258846,-0.47581467287059553
2022-02-21 00:00:00+00:00,899091.7009451932,10222.503925308009,10222.503925308003,888869.1970198852,13,2,full,-0.06698768987972659,1838365.0505258846,-0.5109286370038431
2022-02-22 00:00:00+00:00,898987.3801278713,873770.9250940083,728363.0693025738,25216.455033862978,3,9,full,-0.00011602911828934026,1838365.0505258846,-0.5109853835228721
2022-02-23 00:00:00+00:00,897173.3182423732,873770.9250940083,817898.9949382613,23402.393148364856,3,10,full,-0.0020178947175433226,1838365.0505258846,-0.5119721635342628
2022-02-24 00:00:00+00:00,948545.0051804739,145770.6681685329,89898.73801278607,802774.337011941,12,1,full,0.05725949032762312,1838365.0505258846,-0.484027938352542
2022-02-25 00:00:00+00:00,1008062.4910104647,168323.40039738826,100806.24910104541,839739.0906130765,10,1,full,0.06274608532535231,1838365.0505258846,-0.45165271134691265
2022-02-26 00:00:00+00:00,1006511.2175703752,168323.40039738826,100806.24910104541,838187.8171729869,10,1,full,-0.0015388663440245587,1838365.0505258846,-0.452496544534258
2022-02-27 00:00:00+00:00,962211.6675008051,169507.1455110929,100806.24910104541,792704.5219897123,9,1,full,-0.04401297203274601,1838365.0505258846,-0.4765937988075035
2022-02-28 00:00:00+00:00,1063820.1756664973,169507.1455110929,169507.14551109285,894313.0301554045,9,2,full,0.10559891508030095,1838365.0505258846,-0.42132267181527416
2022-03-01 00:00:00+00:00,1062530.4866659336,1062530.4866659336,708129.7202770695,0.0,0,7,full,-0.0012123186136752118,1838365.0505258846,-0.42202421311154437
2022-03-02 00:00:00+00:00,1062316.3840428884,956277.4379993402,708108.310014765,106038.94604354822,1,7,full,-0.00020150256932116584,1838365.0505258846,-0.4221406767176078
2022-03-03 00:00:00+00:00,1062820.7274286333,743771.3406661535,743771.3406661535,319049.38676247967,3,7,full,0.00047475817310238533,1838365.0505258846,-0.4218663332809761
2022-03-04 00:00:00+00:00,1017641.9802018851,212535.12140945572,203528.3960403761,805106.8587924293,8,2,full,-0.04250834224512412,1838365.0505258846,-0.44644183704929696
2022-03-05 00:00:00+00:00,1034220.2811048579,110770.9233892672,110770.92338926718,923449.3577155907,9,4,full,0.01629089721680299,1838365.0505258846,-0.43742387791314474
2022-03-06 00:00:00+00:00,965650.5719781081,101863.45293130385,101764.19802018758,863787.1190468043,11,1,full,-0.06630087456174882,1838365.0505258846,-0.47472316681506044
2022-03-07 00:00:00+00:00,963221.6959235262,182580.92689093875,182580.92689093875,780640.7690325874,10,2,full,-0.0025152742876820566,1838365.0505258846,-0.47604438212748545
2022-03-08 00:00:00+00:00,995348.6956911397,377057.8479907726,182580.92689093875,618290.847700367,8,2,full,0.033353691993835755,1838365.0505258846,-0.4585685278305257
2022-03-09 00:00:00+00:00,1024842.0694626018,901248.7049458582,797486.1685684997,123593.36451674352,3,8,full,0.029631197488014793,1838365.0505258846,-0.4425252649524454
2022-03-10 00:00:00+00:00,1046752.0053420898,504899.9427744637,416509.8085488862,541852.0625676261,7,4,full,0.021378841220849765,1838365.0505258846,-0.43060710110722844
2022-03-11 00:00:00+00:00,1026888.006675431,408927.7076467947,408927.7076467947,617960.2990286363,6,4,full,-0.018976795425547754,1838365.0505258846,-0.4414123536662763
2022-03-12 00:00:00+00:00,1016402.8897613557,408927.7076467947,408927.7076467947,607475.1821145611,6,4,full,-0.010210574907794534,1838365.0505258846,-0.4471158546717354
2022-03-13 00:00:00+00:00,1006688.1488211169,304252.5071125857,304252.5071125857,702435.6417085312,7,7,full,-0.009557962731215564,1838365.0505258846,-0.45240030072746285
2022-03-14 00:00:00+00:00,1021113.4449828682,209350.40106841706,209350.40106841706,811763.0439144511,8,6,full,0.014329458610041312,1838365.0505258846,-0.444553493501866
2022-03-15 00:00:00+00:00,1020674.6839442042,719946.0423764051,515552.80625167827,300728.64156779915,3,9,full,-0.0004296888272500299,1838365.0505258846,-0.44479216265984334
2022-03-16 00:00:00+00:00,1027291.3014526931,818958.966549383,818958.966549383,208332.33490331002,2,11,full,0.00648259196840284,1838365.0505258846,-0.44119297679270775
2022-03-17 00:00:00+00:00,1009502.329686379,763100.8945850555,763100.8945850555,246401.4351013234,3,10,full,-0.017316385080997643,1838365.0505258846,-0.4508694943925312
2022-03-18 00:00:00+00:00,1010261.7392123938,812355.3539011948,812355.3539011946,197906.38531119897,3,10,full,0.000752261291215417,1838365.0505258846,-0.4504564047693371
2022-03-19 00:00:00+00:00,1011494.9681179958,901884.7512655427,901884.7512655428,109610.21685245307,2,11,full,0.0012207023761618974,1838365.0505258846,-0.4497855755968345
2022-03-20 00:00:00+00:00,1006413.0513074927,840705.4506920349,840705.4506920349,165707.6006154577,3,11,full,-0.005024164203168091,1838365.0505258846,-0.4525499432119877
2022-03-21 00:00:00+00:00,1027051.2526528245,674259.6177384529,674259.617738453,352791.63491437165,5,9,full,0.020506690884542378,1838365.0505258846,-0.44132355412271074
2022-03-22 00:00:00+00:00,1026951.8803900547,727742.7047789457,727742.7047789458,299209.175611109,4,10,full,-9.675492095762017e-05,1838365.0505258846,-0.44137760881807253
2022-03-23 00:00:00+00:00,1020628.4690685836,628747.6208712888,628747.6208712889,391880.8481972947,5,10,full,-0.006157456295877606,1838365.0505258846,-0.44481730177767387
2022-03-24 00:00:00+00:00,1042705.8878586516,534942.435774254,534942.435774254,507763.4520843975,6,8,full,0.02163120024489973,1838365.0505258846,-0.43280803365992293
2022-03-25 00:00:00+00:00,1054679.8612103746,358987.6255893768,358987.62558937666,695692.235620998,8,6,full,0.011483557819274681,1838365.0505258846,-0.4262946519198285
2022-03-26 00:00:00+00:00,1048086.2838413934,507167.76811055624,507167.7681105562,540918.5157308372,7,8,full,-0.006251733451527408,1838365.0505258846,-0.4298813048357415
2022-03-27 00:00:00+00:00,1064939.9715861697,507167.76811055624,467099.91599387996,557772.2034756135,7,7,full,0.016080439181977324,1838365.0505258846,-0.42071354583164433
2022-03-28 00:00:00+00:00,1052942.111957316,482244.46032716974,482244.46032716974,570697.6516301463,7,8,full,-0.011266230913450914,1838365.0505258846,-0.42723992078933926
2022-03-29 00:00:00+00:00,1060197.6048744365,585338.501219477,585338.501219477,474859.1036549594,6,9,full,0.006890685475228198,1838365.0505258846,-0.4232932112307317
2022-03-30 00:00:00+00:00,1082310.4815235073,767557.0879555362,731834.423703507,314753.3935679712,4,9,full,0.020857316171441154,1838365.0505258846,-0.4112646553991546
2022-03-31 00:00:00+00:00,1065824.1504325287,278367.6685718246,278367.6685718246,787456.481860704,10,6,full,-0.015232533891542555,1838365.0505258846,-0.4202325864889359
2022-04-01 00:00:00+00:00,1085099.3834189058,211014.45429448943,211014.45429448943,874084.9291244163,12,4,full,0.018084815378367036,1838365.0505258846,-0.409747599853195
2022-04-02 00:00:00+00:00,1074413.943622578,358639.11980333313,249692.24737796964,715774.8238192449,11,3,full,-0.009847429608392577,1838365.0505258846,-0.41556006881482543
2022-04-03 00:00:00+00:00,1090349.989078998,358639.11980333313,358639.1198033331,731710.869275665,11,4,full,0.014832314445481831,1838365.0505258846,-0.4068914719809912
2022-04-04 00:00:00+00:00,1085665.356411773,105100.61222328732,105100.61222328723,980564.7441884858,13,3,full,-0.0042964485845339295,1838365.0505258846,-0.4094397322766735
2022-04-05 00:00:00+00:00,1064315.0852998914,587883.9469350346,587883.9469350346,476431.13836485683,8,9,full,-0.019665609651989158,1838365.0505258846,-0.4210534599776947
2022-04-06 00:00:00+00:00,992415.7608439035,63042.90584699177,63042.905846991765,929372.8549969117,15,3,full,-0.06755454794266014,1838365.0505258846,-0.46016393177186865
2022-04-07 00:00:00+00:00,1026308.869582244,89264.34700760672,89264.34700760672,937044.5225746372,14,4,full,0.03415212663442513,1838365.0505258846,-0.4417273820079113
2022-04-08 00:00:00+00:00,974572.1949137729,71574.97197363545,71574.97197363545,902997.2229401374,15,3,full,-0.050410433156960255,1838365.0505258846,-0.4698701465005627
2022-04-09 00:00:00+00:00,995020.9538890927,340557.2007730876,340557.20077308756,654463.753116005,12,5,full,0.020982292622383936,1838365.0505258846,-0.458746806786576
2022-04-10 00:00:00+00:00,974407.5328926826,412751.8341177955,412751.8341177955,561655.698774887,10,7,full,-0.020716569752467384,1838365.0505258846,-0.46995971631752764
2022-04-11 00:00:00+00:00,958503.6911316937,737078.7809058318,577039.4983551507,221424.9102258618,4,8,full,-0.01632155050543982,1838365.0505258846,-0.4786107955775687
2022-04-12 00:00:00+00:00,970354.7207069809,737078.7809058318,582854.4058708957,233275.93980114913,4,8,full,0.012364093831808809,1838365.0505258846,-0.4721642905311977
2022-04-13 00:00:00+00:00,978833.8053327702,753801.9571467332,753801.9571467332,225031.84818603704,3,10,full,0.008738128897452624,1838365.0505258846,-0.4675519940651809
2022-04-14 00:00:00+00:00,973049.1536650948,656766.485076035,656766.485076035,316282.66858905973,4,8,full,-0.005909738339808235,1838365.0505258846,-0.4706986224598083
2022-04-15 00:00:00+00:00,980568.9575746695,558883.104542758,558883.104542758,421685.85303191154,5,8,full,0.007728082267222103,1838365.0505258846,-0.46660813787002375
2022-04-16 00:00:00+00:00,978541.4772442387,782055.0935506505,627645.8932481951,196486.38369358823,2,8,full,-0.0020676570625338675,1838365.0505258846,-0.46771100932085485
2022-04-17 00:00:00+00:00,973391.4862388427,782055.0935506505,679914.7123474783,191336.3926881922,2,8,full,-0.005262925614455627,1838365.0505258846,-0.4705124066841929
2022-04-18 00:00:00+00:00,996710.002436548,606248.5856844865,589728.5931839253,390461.4167520615,4,6,full,0.023955948379831504,1838365.0505258846,-0.4578280292309582
2022-04-19 00:00:00+00:00,1006318.2642575126,702413.072626037,298602.801475386,303905.1916314756,3,3,full,0.009639977322868587,1838365.0505258846,-0.4526015037276496
2022-04-20 00:00:00+00:00,999702.7919630529,709660.5791560191,700453.5016035822,290042.21280703373,3,7,full,-0.006573936426902405,1838365.0505258846,-0.45620006664232604
2022-04-21 00:00:00+00:00,976976.5926003424,409749.7415671032,-8.87666828930378e-10,567226.8510332392,6,0,full,-0.02273295577987189,1838365.0505258846,-0.4685622464804433
2022-04-22 00:00:00+00:00,980040.9617264544,409749.7415671032,-8.87666828930378e-10,570291.2201593512,6,0,full,0.0031365839768544568,1838365.0505258846,-0.4668953473380584
2022-04-23 00:00:00+00:00,987332.2206522175,584375.647154071,197466.44413044263,402956.57349814643,4,2,full,0.007439749164074305,1838365.0505258846,-0.46292918244405257
2022-04-24 00:00:00+00:00,988112.8463378978,485642.42508884927,98733.22206522088,502470.42124904855,5,1,full,0.0007906413559204406,1838365.0505258846,-0.4625045520446348
2022-04-25 00:00:00+00:00,1009836.8257557801,487865.74573936255,100983.68257557714,521971.08001641755,5,1,full,0.021985322322642276,1838365.0505258846,-0.45068754137438316
2022-04-26 00:00:00+00:00,1001849.3714348478,808841.8603366184,201168.61971906194,193007.51109822947,2,2,full,-0.007909648486976395,1838365.0505258846,-0.4550324098316285
2022-04-27 00:00:00+00:00,1013705.6574538607,808841.8603366184,201168.61971906194,204863.79711724233,2,2,full,0.011834399818040797,1838365.0505258846,-0.4485830454817018
2022-04-28 00:00:00+00:00,1009760.7945963818,808841.8603366184,504089.2549820368,200918.93425976342,2,5,full,-0.003891526922506605,1838365.0505258846,-0.45072889940573635
2022-04-29 00:00:00+00:00,999494.1286744291,618042.0235967054,199898.825734885,381452.10507772374,4,2,full,-0.01016742378679536,1838365.0505258846,-0.4563135714593177
2022-04-30 00:00:00+00:00,959781.3269630561,598185.8176668662,291905.67826005333,361595.5092961899,4,3,full,-0.039732901446896784,1838365.0505258846,-0.47791581074253997
2022-05-01 00:00:00+00:00,962382.4417589569,402258.27210311766,384692.86522399186,560124.1696558392,6,4,full,0.002710111900313006,1838365.0505258846,-0.47650090416826807
2022-05-02 00:00:00+00:00,926737.8576417478,402258.27210311766,192216.37687220046,524479.5855386301,6,2,full,-0.037037857893646775,1838365.0505258846,-0.49589018928713635
2022-05-03 00:00:00+00:00,926033.3108051408,306020.02792722196,92603.33108051322,620013.2828779188,7,1,full,-0.0007602439360790969,1838365.0505258846,-0.49627343571384874
2022-05-04 00:00:00+00:00,948234.0993518699,589960.3190466078,566720.3807564481,358273.7803052621,4,6,full,0.023974071221505744,1838365.0505258846,-0.48419705918548817
2022-05-05 00:00:00+00:00,900617.4679416555,190498.5709892683,182665.07787467886,710118.8969523872,8,2,full,-0.05021611376638002,1838365.0505258846,-0.510098678342463
2022-05-06 00:00:00+00:00,878381.7579771756,271152.5216341114,175676.35159543436,607229.2363430642,7,2,full,-0.024689405608908754,1838365.0505258846,-0.5221940507812064
2022-05-07 00:00:00+00:00,853527.9214992081,183314.34583639383,173190.9679476376,670213.5756628143,8,2,full,-0.028295028047034432,1838365.0505258846,-0.5357135835153921
2022-05-08 00:00:00+00:00,841340.77353644,175194.95280612895,84134.07735364324,666145.820730311,8,1,full,-0.014278558036345812,1838365.0505258846,-0.5423429240586546
2022-05-09 00:00:00+00:00,663135.676528913,91060.87545248492,-7.712515071034431e-10,572074.801076428,9,0,full,-0.21181084123436777,1838365.0505258846,-0.6392796543106519
2022-05-10 00:00:00+00:00,681878.2055260186,373238.3672811661,-7.712515071034431e-10,308639.83824485255,4,0,full,0.0282634906558048,1838365.0505258846,-0.6290844381909024
2022-05-11 00:00:00+00:00,629163.4654463832,451141.1760334012,-7.712515071034431e-10,178022.28941298195,3,0,full,-0.07730814631180338,1838365.0505258846,-0.6577592327125649
2022-05-12 00:00:00+00:00,639800.4609742566,533351.2243608455,63980.04609742489,106449.2366134111,2,1,full,0.01690656897937748,1838365.0505258846,-0.6519731155728647
2022-05-13 00:00:00+00:00,646197.6174521153,591987.8783831749,63980.04609742489,54209.739068940384,1,1,full,0.00999867438063018,1838365.0505258846,-0.6484933080797727
2022-05-14 00:00:00+00:00,646116.3299483814,646116.3299483814,63980.04609742489,0.0,0,1,full,-0.00012579356769282235,1838365.0505258846,-0.6485375253606172
2022-05-15 00:00:00+00:00,646116.3299483814,646116.3299483814,64611.632994837375,0.0,0,1,full,0.0,1838365.0505258846,-0.6485375253606172
2022-05-16 00:00:00+00:00,646116.3299483814,646116.3299483814,64611.632994837375,0.0,0,1,full,0.0,1838365.0505258846,-0.6485375253606172
2022-05-17 00:00:00+00:00,646116.3299483814,646116.3299483814,64611.632994837375,0.0,0,1,full,0.0,1838365.0505258846,-0.6485375253606172
2022-05-18 00:00:00+00:00,646116.3299483814,646116.3299483814,64611.632994837375,0.0,0,1,full,0.0,1838365.0505258846,-0.6485375253606172
2022-05-19 00:00:00+00:00,646116.3299483814,646116.3299483814,64611.632994837375,0.0,0,1,full,0.0,1838365.0505258846,-0.6485375253606172
2022-05-20 00:00:00+00:00,646116.3299483814,646116.3299483814,64611.632994837375,0.0,0,1,full,0.0,1838365.0505258846,-0.6485375253606172
2022-05-21 00:00:00+00:00,646116.3299483814,646116.3299483814,64611.632994837375,0.0,0,1,full,0.0,1838365.0505258846,-0.6485375253606172
2022-05-22 00:00:00+00:00,646116.3299483814,646116.3299483814,64611.632994837375,0.0,0,1,full,0.0,1838365.0505258846,-0.6485375253606172
2022-05-23 00:00:00+00:00,646116.3299483814,646116.3299483814,64611.632994837375,0.0,0,1,full,0.0,1838365.0505258846,-0.6485375253606172
2022-05-24 00:00:00+00:00,646116.3299483814,646116.3299483814,-7.712515071034431e-10,0.0,0,0,full,0.0,1838365.0505258846,-0.6485375253606172
2022-05-25 00:00:00+00:00,646116.3299483814,646116.3299483814,64611.632994837375,0.0,0,1,full,0.0,1838365.0505258846,-0.6485375253606172
2022-05-26 00:00:00+00:00,646116.3299483814,646116.3299483814,-7.712515071034431e-10,0.0,0,0,full,0.0,1838365.0505258846,-0.6485375253606172
2022-05-27 00:00:00+00:00,646116.3299483814,646116.3299483814,-7.712515071034431e-10,0.0,0,0,full,0.0,1838365.0505258846,-0.6485375253606172
2022-05-28 00:00:00+00:00,646116.3299483814,646116.3299483814,-7.712515071034431e-10,0.0,0,0,full,0.0,1838365.0505258846,-0.6485375253606172
2022-05-29 00:00:00+00:00,646116.3299483814,646116.3299483814,258446.5319793518,0.0,0,4,full,0.0,1838365.0505258846,-0.6485375253606172
2022-05-30 00:00:00+00:00,646116.3299483814,646116.3299483814,452281.4309638663,0.0,0,7,full,0.0,1838365.0505258846,-0.6485375253606172
2022-05-31 00:00:00+00:00,646116.3299483814,646116.3299483814,646116.3299483814,0.0,0,11,full,0.0,1838365.0505258846,-0.6485375253606172
2022-06-01 00:00:00+00:00,642713.7548693256,176791.2803046816,176791.28030468157,465922.4745646439,8,7,full,-0.005266195762808956,1838365.0505258846,-0.6503883955553496
2022-06-02 00:00:00+00:00,660604.6653774047,129223.26598967542,129223.26598967542,531381.3993877292,9,5,full,0.027836514113062094,1838365.0505258846,-0.6406564271941357
2022-06-03 00:00:00+00:00,637583.8450138781,98487.81154316664,98487.81154316664,539096.0334707114,10,4,full,-0.0348481044262301,1838365.0505258846,-0.653178869544169
2022-06-04 00:00:00+00:00,640974.9733101373,98487.81154316664,98487.81154316664,542487.1617669706,10,5,full,0.005318717409136031,1838365.0505258846,-0.6513342259597574
2022-06-05 00:00:00+00:00,634460.3725630362,76931.77397775615,76931.77397775615,557528.59858528,11,4,full,-0.010163580511510895,1838365.0505258846,-0.6548779186258237
2022-06-06 00:00:00+00:00,636162.8986501481,533180.3887107526,429177.263260148,102982.50993939544,3,9,full,0.002683423836597143,1838365.0505258846,-0.6539518098061282
2022-06-07 00:00:00+00:00,647331.7176844752,265162.9541902308,265162.9541902308,382168.7634942444,7,6,full,0.017556539461867304,1838365.0505258846,-0.6478764010992817
2022-06-08 00:00:00+00:00,610347.7599549531,148150.90404450218,148150.90404450218,462196.85591045086,9,4,full,-0.05713293002514208,1838365.0505258846,-0.6679942540354777
2022-06-09 00:00:00+00:00,619064.3087819724,148150.90404450218,148150.90404450212,470913.40473747026,9,5,full,0.014281282571861453,1838365.0505258846,-0.6632527861618767
2022-06-10 00:00:00+00:00,585983.113821684,71125.95403169125,71125.95403169125,514857.1597899928,11,3,full,-0.053437412706567766,1838365.0505258846,-0.6812476860055313
2022-06-11 00:00:00+00:00,546114.5586242209,37694.20544491158,37694.20544491155,508420.35317930934,12,2,full,-0.06803703768432345,1838365.0505258846,-0.7029346492047384
2022-06-12 00:00:00+00:00,521425.73256151506,272607.4529545583,52142.57325615062,248818.27960695678,9,1,full,-0.04520814483485347,1838365.0505258846,-0.716364422608907
2022-06-13 00:00:00+00:00,498354.124113352,319150.5778670402,99670.82482266951,179203.5462463118,7,2,full,-0.044247161210903996,1838365.0505258846,-0.7289144917268786
2022-06-14 00:00:00+00:00,487023.53139978414,319150.5778670402,148373.17796264793,167872.95353274397,7,3,full,-0.0227360267836183,1838365.0505258846,-0.7350778991036271
2022-06-15 00:00:00+00:00,499077.4479491774,343261.4050614198,249394.05920742272,155816.0428877576,5,5,full,0.02475017277860969,1838365.0505258846,-0.7285210313335696
2022-06-16 00:00:00+00:00,470823.4988928847,220375.90479110356,141247.04966786448,250447.59410178114,7,3,full,-0.05661235379878338,1838365.0505258846,-0.7438900947566424
2022-06-17 00:00:00+00:00,479331.47551649273,250463.28861608342,237113.34477116304,228868.18690040935,5,5,full,0.018070416288936464,1838365.0505258846,-0.7392620821531748
2022-06-18 00:00:00+00:00,492996.4038010137,238668.71150806124,191397.48771032665,254327.69229295244,5,4,full,0.028508305801943523,1838365.0505258846,-0.7318288858570354
2022-06-19 00:00:00+00:00,507521.39316315355,238668.71150806124,150803.91901273114,268852.68165509234,5,3,full,0.02946266798327901,1838365.0505258846,-0.7239278493583353
2022-06-20 00:00:00+00:00,522360.24514373165,299406.10849047883,152287.80421078895,222954.13665325282,4,3,full,0.029237884708847695,1838365.0505258846,-0.7158560836465506
2022-06-21 00:00:00+00:00,517489.36632169096,454363.0602384125,258234.97372719485,63126.30608327845,1,5,full,-0.0093247502414745,1838365.0505258846,-0.718505654699181
2022-06-22 00:00:00+00:00,524643.1569239056,454363.0602384125,259947.15010327008,70280.09668549306,1,5,full,0.013824034014580322,1838365.0505258846,-0.7146142672948305
2022-06-23 00:00:00+00:00,524537.7719189257,524537.7719189257,365777.2977242981,0.0,0,7,full,-0.00020086987429279723,1838365.0505258846,-0.7146715926910839
2022-06-24 00:00:00+00:00,524537.7719189257,524537.7719189257,524537.7719189257,0.0,0,10,full,0.0,1838365.0505258846,-0.7146715926910839
2022-06-25 00:00:00+00:00,526012.6408751478,472083.99472703313,472083.99472703313,53928.64614811466,1,10,full,0.0028117497636568345,1838365.0505258846,-0.7138693206092686
2022-06-26 00:00:00+00:00,519694.23296939745,386161.2188546933,208993.88787328597,133533.01411470416,3,4,full,-0.012011893659510053,1838365.0505258846,-0.7173062919028333
2022-06-27 00:00:00+00:00,529098.830678454,386161.2188546933,315578.3788652603,142937.61182376073,3,6,full,0.018096405756363954,1838365.0505258846,-0.7121905518563358
2022-06-28 00:00:00+00:00,515860.400836598,228372.02942206268,51586.040083658976,287488.37141453533,6,1,full,-0.025020712718039073,1838365.0505258846,-0.7193917493758759
2022-06-29 00:00:00+00:00,513808.92758528877,228372.02942206268,102966.93284218785,285436.8981632261,6,2,full,-0.003976799242551454,1838365.0505258846,-0.7205076720544116
2022-06-30 00:00:00+00:00,510385.4654898305,227017.3302960191,102077.09309796526,283368.1351938114,6,2,full,-0.0066629089368830385,1838365.0505258846,-0.7223699039840705
2022-07-01 00:00:00+00:00,503222.3508276376,305792.50101800053,303366.0334290203,197429.84980963703,4,6,full,-0.014034715223166128,1838365.0505258846,-0.7262663633190343
2022-07-02 00:00:00+00:00,507288.35585823434,305792.50101800053,305792.50101800053,201495.8548402338,4,8,full,0.008079937276056048,1838365.0505258846,-0.7240546127043055
2022-07-03 00:00:00+00:00,515778.37348517,425808.8205450777,425808.8205450777,89969.55294009234,2,10,full,0.01673607826572754,1838365.0505258846,-0.7194363691054582
2022-07-04 00:00:00+00:00,516692.6867057454,425808.8205450777,425808.8205450777,90883.8661606677,2,10,full,0.0017726862303226731,1838365.0505258846,-0.7189390178202422
2022-07-05 00:00:00+00:00,516251.09322216123,459930.24372841103,459930.243728411,56320.849493750175,2,11,full,-0.000854654023457635,1838365.0505258846,-0.7191792277194989
2022-07-06 00:00:00+00:00,520851.5200689881,459930.24372841103,459930.2437284111,60921.27634057705,2,10,full,0.008911219573625395,1838365.0505258846,-0.7166767721568723
2022-07-07 00:00:00+00:00,521711.7663584715,459930.24372841103,459930.24372841103,61781.52263006044,2,11,full,0.00165161520382906,1838365.0505258846,-0.7162088312061687
2022-07-08 00:00:00+00:00,522025.05288243014,461633.2831708026,461633.2831708026,60391.76971162757,2,11,full,0.0006004973323592289,1838365.0505258846,-0.7160384153663609
2022-07-09 00:00:00+00:00,543320.9949108707,419373.38216907234,419373.3821690723,123947.61274179837,3,10,full,0.04079486589935133,1838365.0505258846,-0.7044542406006643
2022-07-10 00:00:00+00:00,549203.1851959284,97236.90255870612,97236.90255870612,451966.2826372223,10,3,full,0.010826362942265355,1838365.0505258846,-0.7012545549433598
2022-07-11 00:00:00+00:00,527101.4531882535,70117.32956439492,70117.3295643949,456984.12362385856,11,3,full,-0.04024326989252658,1838365.0505258846,-0.713277048517937
2022-07-12 00:00:00+00:00,522416.87879821757,48090.78222777623,48090.78222777623,474326.0965704413,12,3,full,-0.008887424539812061,1838365.0505258846,-0.715825277113066
2022-07-13 00:00:00+00:00,551853.9843392607,65179.32463540674,65179.32463540672,486674.659703854,12,5,full,0.05634792200581473,1838365.0505258846,-0.699812621991809
2022-07-14 00:00:00+00:00,579389.6696848595,131996.1726189504,131996.1726189504,447393.49706590903,12,5,full,0.04989668667259406,1838365.0505258846,-0.6848342664482668
2022-07-15 00:00:00+00:00,578581.9935486467,454813.8596318654,419057.07114380976,123768.13391678131,5,9,full,-0.0013940119723778732,1838365.0505258846,-0.6852736112541211
2022-07-16 00:00:00+00:00,572383.3856731821,449790.2356388157,449790.2356388157,122593.15003436635,5,8,full,-0.010713447609121629,1838365.0505258846,-0.6886454159311582
2022-07-17 00:00:00+00:00,566453.9370581794,474328.5989716591,474328.598971659,92125.33808652037,4,10,full,-0.010359225587984189,1838365.0505258846,-0.6918708083053804
2022-07-18 00:00:00+00:00,579800.6091955064,424729.71427118167,386850.00663044665,155070.8949243248,4,8,full,0.02356179605113451,1838365.0505258846,-0.6846107311332708
2022-07-19 00:00:00+00:00,580979.598513491,317132.07346910855,317132.07346910855,263847.52504438243,5,7,full,0.002033439253574576,1838365.0505258846,-0.6839694062138011
2022-07-20 00:00:00+00:00,574281.4103477811,257525.667918713,257525.667918713,316755.74242906814,6,6,full,-0.011529128015592915,1838365.0505258846,-0.687612963386406
2022-07-21 00:00:00+00:00,589325.6106547744,234918.77890354773,234918.77890354773,354406.8317512266,6,6,full,0.026196565021811447,1838365.0505258846,-0.679429496069787
2022-07-22 00:00:00+00:00,569878.8774350742,234918.77890354773,234918.77890354773,334960.09853152646,6,6,full,-0.03299828289847062,1838365.0505258846,-0.6900077722473814
2022-07-23 00:00:00+00:00,572670.2015831226,299563.5512174496,299563.55121744954,273106.65036567306,5,8,full,0.004898100734337829,1838365.0505258846,-0.6884893990889873
2022-07-24 00:00:00+00:00,577318.140779298,364916.9207186544,364916.9207186544,212401.22006064357,4,8,full,0.008116258159279743,1838365.0505258846,-0.6859610986326411
2022-07-25 00:00:00+00:00,553277.2042767433,107150.25504123169,107150.25504123163,446126.9492355117,10,5,full,-0.04164244080413415,1838365.0505258846,-0.6990384449930267
2022-07-26 00:00:00+00:00,566179.9309632131,87115.8782542207,87115.87825422065,479064.05270899244,12,4,full,0.023320546349522076,1838365.0505258846,-0.6920198571000623
2022-07-27 00:00:00+00:00,607807.7089109618,87115.8782542207,87115.8782542207,520691.83065674105,12,3,full,0.07352393765870402,1838365.0505258846,-0.6693759442733686
2022-07-28 00:00:00+00:00,665507.8574394112,87115.8782542207,87115.8782542207,578391.9791851905,12,4,full,0.09493158392451728,1838365.0505258846,-0.6379892789796916
2022-07-29 00:00:00+00:00,668947.984504761,130790.65357991273,130790.65357991273,538157.3309248483,12,5,full,0.005169175730826092,1838365.0505258846,-0.6361179819462945
2022-07-30 00:00:00+00:00,651931.0418214671,513330.2552891511,513330.2552891511,138600.78653231598,6,10,full,-0.02543836453277004,1838365.0505258846,-0.6453745453684647
2022-07-31 00:00:00+00:00,649489.4054503611,515740.7816989623,515740.7816989623,133748.62375139876,5,10,full,-0.003745237171533078,1838365.0505258846,-0.6467027018031226
2022-08-01 00:00:00+00:00,646669.029156468,450547.6775168156,418464.0251266636,196121.35163965242,6,8,full,-0.004342451578463247,1838365.0505258846,-0.6482368782133444
2022-08-02 00:00:00+00:00,678160.2044423411,133928.2614510264,133928.26145102642,544231.9429913147,12,3,full,0.04869751583271431,1838365.0505258846,-0.6311068880207737
2022-08-03 00:00:00+00:00,705225.0495137036,105432.36105832276,105432.36105832271,599792.6884553808,12,3,full,0.039909220408499424,1838365.0505258846,-0.6163846515076175
2022-08-04 00:00:00+00:00,695074.957598498,96908.58201959138,96908.58201959135,598166.3755789066,11,3,full,-0.01439269907131735,1838365.0505258846,-0.6219059117776069
2022-08-05 00:00:00+00:00,728426.8879777971,203335.31578119737,203335.3157811974,525091.5721965997,9,4,full,0.04798321391772031,1838365.0505258846,-0.6037637422614064
2022-08-06 00:00:00+00:00,718917.7715025756,273704.3288863715,273704.3288863715,445213.44261620403,8,5,full,-0.013054318329214776,1838365.0505258846,-0.6089363365035028
2022-08-07 00:00:00+00:00,717032.5977074702,642830.3006448146,560517.3679693596,74202.2970626555,2,9,full,-0.002622238411446265,1838365.0505258846,-0.6099617986632442
2022-08-08 00:00:00+00:00,718351.8120442682,636220.631069545,624095.9339580146,82131.18097472316,2,9,full,0.0018398247736797213,1838365.0505258846,-0.6092441967177434
2022-08-09 00:00:00+00:00,714107.6161711051,386536.86337209225,386536.86337209225,327570.75279901276,5,8,full,-0.005908241340806475,1838365.0505258846,-0.6115528763088557
2022-08-10 00:00:00+00:00,744433.3093349012,215377.32690762874,215377.32690762868,529055.9824272725,8,5,full,0.0424665589290254,1838365.0505258846,-0.5950568636398152
2022-08-11 00:00:00+00:00,731415.349637263,215377.32690762874,215377.32690762874,516038.02272963425,8,5,full,-0.017487073098957362,1838365.0505258846,-0.6021381338662669
2022-08-12 00:00:00+00:00,756652.493491716,215377.32690762874,215377.3269076287,541275.1665840873,8,6,full,0.03450453134046083,1838365.0505258846,-0.5884100966370813
2022-08-13 00:00:00+00:00,747633.5925133874,260164.78694682405,260164.78694682408,487468.8055665634,7,6,full,-0.011919475658778489,1838365.0505258846,-0.5933160324716146
2022-08-14 00:00:00+00:00,753557.45658557,531520.0254055603,502428.84810550144,222037.43118000973,4,7,full,0.007923485690721543,1838365.0505258846,-0.5900936778742576
2022-08-15 00:00:00+00:00,752690.2619923657,368724.5488976748,368724.5488976748,383965.71309469093,6,6,full,-0.0011508008919899337,1838365.0505258846,-0.5905653984353922
2022-08-16 00:00:00+00:00,760099.5915151334,293368.8032391177,293368.80323911767,466730.78827601566,7,8,full,0.009843796176072894,1838365.0505258846,-0.5865350076701585
2022-08-17 00:00:00+00:00,730632.1035283853,89525.46071342505,89525.46071342503,641106.6428149602,12,3,full,-0.03876793030240877,1838365.0505258846,-0.6025641896752879
2022-08-18 00:00:00+00:00,699501.3863582846,80318.74702291498,80318.74702291493,619182.6393353697,13,5,full,-0.04260792404243319,1838365.0505258846,-0.6194981044933461
2022-08-19 00:00:00+00:00,640508.7022923472,37754.10157009301,37754.10157009296,602754.6007222543,16,2,full,-0.08433533544953031,1838365.0505258846,-0.6515878594900819
2022-08-20 00:00:00+00:00,636944.7415397868,295170.8021058575,135999.0115947307,341773.9394339292,12,3,full,-0.0055642659339446565,1838365.0505258846,-0.653526517294494
2022-08-21 00:00:00+00:00,645982.6248178666,359057.9202013085,256585.47327153003,286924.70461655816,11,4,full,0.014189430712986395,1838365.0505258846,-0.6486102558177571
2022-08-22 00:00:00+00:00,664715.5904204472,409759.5324886492,261235.8547198542,254956.05793179802,8,4,full,0.02899917874395186,1838365.0505258846,-0.6384202418174247
2022-08-23 00:00:00+00:00,669213.233834256,417734.8184541142,417734.81845411425,251478.41538014173,7,7,full,0.0067662673760426895,1838365.0505258846,-0.6359736964957965
2022-08-24 00:00:00+00:00,671869.2566710802,498147.3134717479,498147.3134717479,173721.94319933234,3,8,full,0.0039688737498608795,1838365.0505258846,-0.6345289220555599
2022-08-25 00:00:00+00:00,666714.8833691147,467489.14389106317,334887.98643797816,199225.73947805155,3,5,full,-0.007671690958898747,1838365.0505258846,-0.6373327032199652
2022-08-26 00:00:00+00:00,634135.2038634003,266709.40650361805,130600.4460534475,367425.7973597823,6,2,full,-0.04886598502358208,1838365.0505258846,-0.6550547979129613
2022-08-27 00:00:00+00:00,637933.381628704,317915.60700664704,63413.52038633947,320017.7746220569,5,1,full,0.005989539363473018,1838365.0505258846,-0.65298873504682
2022-08-28 00:00:00+00:00,628785.1088006735,317915.60700664704,126292.03126640682,310869.50179402647,5,2,full,-0.014340483021399675,1838365.0505258846,-0.6579650442001155
2022-08-29 00:00:00+00:00,644333.7603484697,317915.60700664704,127311.88691491376,326418.1533418227,5,2,full,0.02472808488969025,1838365.0505258846,-0.6495071747778545
2022-08-30 00:00:00+00:00,639271.2560274063,381668.76740723354,128360.50163758703,257602.48862017275,4,2,full,-0.007856959595482715,1838365.0505258846,-0.6522609827441315
2022-08-31 00:00:00+00:00,638483.9611787723,571239.0122236379,383754.0861090959,67244.9489551344,1,6,full,-0.001231550521333502,1838365.0505258846,-0.6526892409121209
2022-09-01 00:00:00+00:00,638383.127377814,638383.127377814,446997.3355498117,0.0,0,7,full,-0.0001579269129519112,1838365.0505258846,-0.6527440906281385
2022-09-02 00:00:00+00:00,638383.127377814,638383.127377814,446908.5226848525,0.0,0,7,full,0.0,1838365.0505258846,-0.6527440906281385
2022-09-03 00:00:00+00:00,638383.127377814,638383.127377814,446868.18916446925,0.0,0,7,full,0.0,1838365.0505258846,-0.6527440906281385
2022-09-04 00:00:00+00:00,638383.127377814,638383.127377814,510706.5019022507,0.0,0,8,full,0.0,1838365.0505258846,-0.6527440906281385
2022-09-05 00:00:00+00:00,639955.9088072937,574544.8146400326,383029.8764266878,65411.09416726114,1,6,full,0.0024636951730538925,1838365.0505258846,-0.6518885579204048
2022-09-06 00:00:00+00:00,638248.5043119903,319191.56368890684,127663.16316897978,319056.9406230835,5,2,full,-0.0026680033293005057,1838365.0505258846,-0.6528173204068407
2022-09-07 00:00:00+00:00,666104.2672436138,319191.56368890684,263656.13060428255,346912.703554707,5,4,full,0.04364407083358701,1838365.0505258846,-0.6376648549464823
2022-09-08 00:00:00+00:00,666497.936392417,319191.56368890684,319191.56368890684,347306.37270351005,5,8,full,0.000591002292226861,1838365.0505258846,-0.6374507140452013
2022-09-09 00:00:00+00:00,685845.1005708665,319191.56368890684,319191.56368890684,366653.53688195965,5,8,full,0.02902809314485033,1838365.0505258846,-0.6269265996029064
2022-09-10 00:00:00+00:00,693547.17621985,346460.10757256567,346460.1075725657,347087.0686472843,5,8,full,0.011230051279177422,1838365.0505258846,-0.62273696618555
2022-09-11 00:00:00+00:00,688804.0905638217,650402.6407271925,624136.3618159365,38401.449836629174,1,10,full,-0.006838879630193584,1838365.0505258846,-0.6253170226627287
2022-09-12 00:00:00+00:00,686083.1162052664,405163.6060287082,405163.60602870816,280919.5101765583,5,7,full,-0.0039502877462995745,1838365.0505258846,-0.6267971282368512
2022-09-13 00:00:00+00:00,661720.4650461647,112647.67748987938,112647.67748987932,549072.7875562853,10,2,full,-0.03550976635870573,1838365.0505258846,-0.6400494750175585
2022-09-14 00:00:00+00:00,645077.2066854837,-6.984919309616089e-10,-7.566995918750763e-10,645077.2066854844,12,0,full,-0.02515149408220263,1838365.0505258846,-0.6491027685165401
2022-09-15 00:00:00+00:00,635210.5208511642,52432.558627136525,52432.55862713652,582777.9622240277,11,2,full,-0.015295356481460853,1838365.0505258846,-0.6544698667604374
2022-09-16 00:00:00+00:00,647903.6197531371,52432.558627136525,52432.55862713652,595471.0611260006,11,2,full,0.01998250735042051,1838365.0505258846,-0.647565308333186
2022-09-17 00:00:00+00:00,654516.27171459,221656.4692108042,221656.46921080424,432859.80250378576,8,6,full,0.010206227839832716,1838365.0505258846,-0.6439682795713733
2022-09-18 00:00:00+00:00,631822.9428177074,331443.34628920397,168029.34468751925,300379.59652850346,7,4,full,-0.034671909435397996,1838365.0505258846,-0.6563125791382035
2022-09-19 00:00:00+00:00,643279.8804908537,413138.9171786044,283100.90567924443,230140.96331224922,6,5,full,0.01813314600772853,1838365.0505258846,-0.6500804449546969
2022-09-20 00:00:00+00:00,634688.9709988466,413138.9171786044,254161.47371251078,221550.0538202422,6,4,full,-0.013354854943468553,1838365.0505258846,-0.65475356985421
2022-09-21 00:00:00+00:00,628924.3240800602,349956.62289683364,190689.31755697532,278967.70118322654,7,3,full,-0.009082632883495978,1838365.0505258846,-0.6578893164335617
2022-09-22 00:00:00+00:00,646838.3636166169,380970.9399505237,380970.93995052367,265867.42366609327,6,7,full,0.02848361694828694,1838365.0505258846,-0.6481447667689386
2022-09-23 00:00:00+00:00,645518.3542787622,560004.8154701212,527659.682557153,85513.53880864105,2,9,full,-0.00204070972301984,1838365.0505258846,-0.6488628011644888
2022-09-24 00:00:00+00:00,643213.1804288151,515516.43782696757,515516.4378269675,127696.74260184748,2,10,full,-0.003571043076726621,1838365.0505258846,-0.6501167272273716
2022-09-25 00:00:00+00:00,648687.8476710217,515516.43782696757,515516.4378269675,133171.40984405414,2,9,full,0.008511435102366516,1838365.0505258846,-0.6471387184577637
2022-09-26 00:00:00+00:00,646898.200779558,470011.65332563344,470011.6533256334,176886.54745392458,3,8,full,-0.002758872233985965,1838365.0505258846,-0.6481122176498593
2022-09-27 00:00:00+00:00,647260.3886280463,358656.82429027464,358656.82429027464,288603.5643377716,5,7,full,0.0005598838396083661,1838365.0505258846,-0.6479152013671657
2022-09-28 00:00:00+00:00,645977.9818619865,320506.58533024695,320506.58533024695,325471.3965317395,6,6,full,-0.0019812841764935696,1838365.0505258846,-0.6486127814074809
2022-09-29 00:00:00+00:00,655019.7507808851,323850.8150498311,304871.4278185044,331168.93573105405,6,5,full,0.01399702338589992,1838365.0505258846,-0.643694406291335
2022-09-30 00:00:00+00:00,649444.7166892885,323850.8150498311,262007.90031235327,325593.9016394574,6,4,full,-0.008511245782971133,1838365.0505258846,-0.646727010773237
2022-10-01 00:00:00+00:00,644932.5651115112,362585.48588523257,324483.7196896296,282347.07922627864,5,5,full,-0.006947706959230082,1838365.0505258846,-0.6491814479789957
2022-10-02 00:00:00+00:00,630561.7977444634,346599.43551842467,255098.87257119417,283962.36222603876,5,4,full,-0.02228258913327308,1838365.0505258846,-0.6569985936340096
2022-10-03 00:00:00+00:00,640031.8357666091,321336.3281871242,321336.3281871242,318695.50757948484,5,6,full,0.015018413827193822,1838365.0505258846,-0.6518472565698956
2022-10-04 00:00:00+00:00,646474.9543271128,383762.10433849256,383762.1043384925,262712.84998862026,4,7,full,0.010066871990494608,1838365.0505258846,-0.6483424474686453
2022-10-05 00:00:00+00:00,657663.6825606317,258434.38733423807,258434.38733423804,399229.2952263936,6,5,full,0.017307288021954026,1838365.0505258846,-0.6422562089218897
2022-10-06 00:00:00+00:00,655731.0262448766,294089.1387580782,294089.13875807816,361641.88748679834,6,7,full,-0.002938669668104854,1838365.0505258846,-0.6433074997496839
2022-10-07 00:00:00+00:00,650732.1786109861,331178.3749821318,315320.8669787735,319553.8036288542,6,6,full,-0.00762332028502144,1838365.0505258846,-0.6460266809223572
2022-10-08 00:00:00+00:00,639843.4664940675,316522.4189266111,316522.4189266111,323321.0475674564,7,6,full,-0.016733016246654686,1838365.0505258846,-0.6519497222213655
2022-10-09 00:00:00+00:00,641121.1550751441,316522.4189266111,316522.4189266111,324598.73614853306,7,6,full,0.0019968768112577084,1838365.0505258846,-0.6512547086925177
2022-10-10 00:00:00+00:00,629853.5509500671,372597.611329018,372597.611329018,257255.93962104912,6,8,full,-0.017574843749706526,1838365.0505258846,-0.6573838526956925
2022-10-11 00:00:00+00:00,626316.3840950449,171270.21368622468,171270.21368622466,455046.17040882027,10,6,full,-0.005615856018731269,1838365.0505258846,-0.659307935648646
2022-10-12 00:00:00+00:00,627897.2735893903,255558.64247018556,255558.64247018553,372338.6311192048,8,8,full,0.0025241068803103506,1838365.0505258846,-0.6584479924649496
2022-10-13 00:00:00+00:00,631854.2022348632,196613.20321448258,196613.20321448258,435240.9990203806,11,6,full,0.006301872634122185,1838365.0505258846,-0.6562955752155349
2022-10-14 00:00:00+00:00,638939.3763917505,177688.13324177207,177688.13324177207,461251.24314997846,12,5,full,0.0112133054299981,1838365.0505258846,-0.6524415125227849
2022-10-15 00:00:00+00:00,636254.9793059187,233989.43998381018,233989.43998381018,402265.5393221085,12,6,full,-0.004201332998118423,1838365.0505258846,-0.6539017214649991
2022-10-16 00:00:00+00:00,637002.3934421581,464685.57111543795,339944.433626995,172316.82232672017,7,7,full,0.0011747085061004636,1838365.0505258846,-0.6534951568732572
2022-10-17 00:00:00+00:00,642067.507511177,455633.3448466288,330892.20735818584,186434.1626645482,8,6,full,0.007951483575514784,1838365.0505258846,-0.6507399293042987
2022-10-18 00:00:00+00:00,642973.9305714904,603720.3230735539,576885.0763755408,39253.607497936624,3,9,full,0.0014117254801242485,1838365.0505258846,-0.6502468699633075
2022-10-19 00:00:00+00:00,640967.6052496108,494851.79870672553,449279.2212712906,146115.80654288532,4,7,full,-0.0031203836213021807,1838365.0505258846,-0.6513382339017733
2022-10-20 00:00:00+00:00,628216.3871394389,311632.6682411359,311632.6682411359,316583.718898303,6,6,full,-0.019893701344245396,1838365.0505258846,-0.6582744069466885
2022-10-21 00:00:00+00:00,634191.8648737075,256788.30716421938,256788.30716421932,377403.5577094882,8,5,full,0.009511814490350545,1838365.0505258846,-0.6550239764989603
2022-10-22 00:00:00+00:00,628404.4382454872,214372.00386045576,214372.00386045576,414032.43438503135,8,5,full,-0.009125671502224098,1838365.0505258846,-0.6581721143655743
2022-10-23 00:00:00+00:00,638436.8967436149,214372.00386045576,214372.00386045576,424064.89288315916,8,5,full,0.015964970785595556,1838365.0505258846,-0.6527148421577189
2022-10-24 00:00:00+00:00,635634.8148981298,331444.8134201979,331444.81342019787,304190.0014779319,6,7,full,-0.00438897228493107,1838365.0505258846,-0.6542390670904565
2022-10-25 00:00:00+00:00,631739.0883623846,484220.80702666333,484220.80702666333,147518.28133572123,4,9,full,-0.006128875329727723,1838365.0505258846,-0.6563581927421496
2022-10-26 00:00:00+00:00,637600.3792527671,542697.5404643437,542697.5404643437,94902.83878842331,2,11,full,0.00927802473894146,1838365.0505258846,-0.6531698755530766
2022-10-27 00:00:00+00:00,641410.3483526516,425987.1733714365,371812.96419035934,215423.17498121512,5,7,full,0.005975481232225022,1838365.0505258846,-0.6510973986536738
2022-10-28 00:00:00+00:00,644846.8062121148,425987.1733714365,425987.17337143637,218859.6328406783,5,8,full,0.005357658896974593,1838365.0505258846,-0.649228097527393
2022-10-29 00:00:00+00:00,648274.8645434326,365018.43786868994,365018.43786868994,283256.4266747426,6,7,full,0.005316081739560108,1838365.0505258846,-0.6473633654219078
2022-10-30 00:00:00+00:00,646454.3987633951,232718.08367715572,232718.08367715566,413736.3150862395,9,6,full,-0.0028081696200261685,1838365.0505258846,-0.6483536289060381
2022-10-31 00:00:00+00:00,648304.3181113355,168316.9854327472,168316.9854327472,479987.3326785883,11,7,full,0.002861639353803014,1838365.0505258846,-0.6473473438118937
2022-11-01 00:00:00+00:00,650990.2170389869,246099.32221971866,151724.74830634898,404890.8948192682,10,5,full,0.0041429601078024625,1838365.0505258846,-0.6458863179253957
2022-11-02 00:00:00+00:00,641868.8694973554,136278.44629624803,136278.44629624803,505590.4232011074,13,5,full,-0.014011497105317017,1838365.0505258846,-0.6508479807567372
2022-11-03 00:00:00+00:00,659748.079301271,194836.15324853346,194836.15324853343,464911.9260527376,12,6,full,0.027854925910204553,1838365.0505258846,-0.6411223771293177
2022-11-04 00:00:00+00:00,681003.9959299092,389633.967846016,336329.572520237,291370.0280838932,8,7,full,0.032218231921417706,1838365.0505258846,-0.6295599746442632
2022-11-05 00:00:00+00:00,680353.581515288,468232.5095521237,452186.9984399151,212121.07196316426,6,7,full,-0.0009550816419704455,1838365.0505258846,-0.6299137751119315
2022-11-06 00:00:00+00:00,673033.8645963029,422151.71575750597,422151.7157575059,250882.14883879694,5,9,full,-0.010758695357614756,1838365.0505258846,-0.6338954200615519
2022-11-07 00:00:00+00:00,677064.5967460965,336598.27867254283,336598.27867254283,340466.3180735537,6,7,full,0.005988899462304742,1838365.0505258846,-0.6317028565396112
2022-11-08 00:00:00+00:00,563711.3490338719,-8.731149137020111e-10,-7.930793799459934e-10,563711.3490338727,13,0,full,-0.16741866028291652,1838365.0505258846,-0.6933626708837747
2022-11-09 00:00:00+00:00,453389.6632562516,-8.731149137020111e-10,-7.930793799459934e-10,453389.6632562525,13,0,full,-0.19570598670170003,1838365.0505258846,-0.7533734319380394
2022-11-10 00:00:00+00:00,564952.1920479012,-8.731149137020111e-10,-7.930793799459934e-10,564952.1920479022,13,0,full,0.24606323838617272,1838365.0505258846,-0.6926876999286455
2022-11-11 00:00:00+00:00,562606.7217000014,104652.39503268801,104652.395032688,457954.32666731335,11,7,full,-0.004151626245395557,1838365.0505258846,-0.6939635457391548
2022-11-12 00:00:00+00:00,542171.311365267,251073.72821995956,227201.06690412175,291097.5831453075,9,7,full,-0.0363227269538936,1838365.0505258846,-0.7050796243052091
2022-11-13 00:00:00+00:00,546260.6463034591,509626.78134534654,336453.1961648136,36633.86495811254,2,9,full,0.007542514427579139,1838365.0505258846,-0.7028551831165442
2022-11-14 00:00:00+00:00,551565.8130896742,388218.872717875,330408.97117518226,163346.94037179922,5,6,full,0.009711786529223998,1838365.0505258846,-0.6999693760867066
2022-11-15 00:00:00+00:00,562616.4082141363,333062.29140890756,275252.3898662148,229554.11680522872,6,5,full,0.020034952968822628,1838365.0505258846,-0.6939582766473973
2022-11-16 00:00:00+00:00,569653.4573755796,333062.29140890756,222435.0896644595,236591.16596667204,6,4,full,0.012507721173259823,1838365.0505258846,-0.690130392104319
2022-11-17 00:00:00+00:00,573703.7486576245,370173.31372827955,343817.2200663694,203530.43492934498,4,6,full,0.007110096901201457,1838365.0505258846,-0.6879271891654434
2022-11-18 00:00:00+00:00,589488.9642287269,370173.31372827955,370173.31372827955,219315.65050044731,4,7,full,0.027514576308830696,1838365.0505258846,-0.6793406379978246
2022-11-19 00:00:00+00:00,581456.0271575717,468601.9895765785,468601.9895765786,112854.03758099329,2,9,full,-0.013626950729544673,1838365.0505258846,-0.6837102473247956
2022-11-20 00:00:00+00:00,573403.7331229256,255579.12837043803,230166.72265263423,317824.6047524876,6,4,full,-0.013848500417150245,1838365.0505258846,-0.6880903860966585
2022-11-21 00:00:00+00:00,569195.3462893227,140093.1523423883,114680.74662458448,429102.1939469344,8,2,full,-0.007339308397388389,1838365.0505258846,-0.6903795869452054
2022-11-22 00:00:00+00:00,582222.3625197741,140093.1523423883,140093.1523423883,442129.21017738583,8,3,full,0.02288672301236594,1838365.0505258846,-0.683293390312646
2022-11-23 00:00:00+00:00,602585.8076369578,114680.74662458448,60258.58076369515,487905.0610123734,9,1,full,0.03497537440687393,1838365.0505258846,-0.6722164580616992
2022-11-24 00:00:00+00:00,593098.383730373,161004.76766430304,119568.41913673245,432093.6160660699,8,2,full,-0.015744519347028474,1838365.0505258846,-0.6773772523793842
2022-11-25 00:00:00+00:00,588535.8356595333,433616.0913695961,119568.41913673245,154919.7442899372,3,2,full,-0.007692733947684993,1838365.0505258846,-0.6798591033423007
2022-11-26 00:00:00+00:00,586817.094005284,564210.2786103894,235354.96657462185,22606.815394894613,1,4,full,-0.0029203687356151864,1838365.0505258846,-0.6807940328078916
2022-11-27 00:00:00+00:00,586660.7166529575,564210.2786103894,293377.27153217606,22450.438042568043,1,5,full,-0.00026648397588280304,1838365.0505258846,-0.6808790960831546
2022-11-28 00:00:00+00:00,589028.9427132363,469271.8514655551,352722.53554509016,119757.09124768128,2,6,full,0.004036789907785332,1838365.0505258846,-0.6795908720388597
2022-11-29 00:00:00+00:00,590785.6600375909,469271.8514655551,469271.851465555,121513.80857203586,2,9,full,0.0029823955954737524,1838365.0505258846,-0.6786352852668788
2022-11-30 00:00:00+00:00,594585.2057130672,469271.8514655551,469271.851465555,125313.35424751215,2,9,full,0.0064313437723497735,1838365.0505258846,-0.6765684783101269
2022-12-01 00:00:00+00:00,593378.7955567299,469271.8514655551,469271.851465555,124106.94409117484,2,10,full,-0.0020289945742771875,1838365.0505258846,-0.6772247191127859
2022-12-02 00:00:00+00:00,593917.6492788325,356932.0566892024,356932.0566892023,236985.5925896301,4,10,full,0.0009081108494903845,1838365.0505258846,-0.676931603378265
2022-12-03 00:00:00+00:00,588172.5636852976,360963.3238834692,360963.3238834692,227209.2398018284,6,8,full,-0.00967320233791813,1838365.0505258846,-0.6800567093477738
2022-12-04 00:00:00+00:00,594302.734329318,318143.8042141837,318143.8042141837,276158.93011513434,7,7,full,0.010422401557819594,1838365.0505258846,-0.6767221318968661
2022-12-05 00:00:00+00:00,590461.6427697846,318143.8042141837,318143.8042141837,272317.83855560084,7,8,full,-0.006463190117858453,1838365.0505258846,-0.6788115382193126
2022-12-06 00:00:00+00:00,588172.2818497939,272108.32776693045,250174.30681573096,316063.9540828634,8,6,full,-0.003877239018019174,1838365.0505258846,-0.6800568626554662
2022-12-07 00:00:00+00:00,577710.9808810768,204291.35470834994,204291.3547083499,373419.62617272686,10,5,full,-0.01778611691087595,1838365.0505258846,-0.6857474087011086
2022-12-08 00:00:00+00:00,582819.492268739,316424.2142013736,316424.2142013736,266395.2780673654,6,8,full,0.008842676626764412,1838365.0505258846,-0.6829685746571297
2022-12-09 00:00:00+00:00,577708.3280449535,360678.4079123901,360678.4079123901,217029.9201325634,5,9,full,-0.008769720799641223,1838365.0505258846,-0.6857488517420989
2022-12-10 00:00:00+00:00,577977.4143463528,322171.2488570952,322171.2488570952,255806.1654892576,6,9,full,0.0004657822785936183,1838365.0505258846,-0.6856024791262127
2022-12-11 00:00:00+00:00,573092.8156699357,150630.5530929823,150630.5530929823,422462.26257695333,11,6,full,-0.008451192996773438,1838365.0505258846,-0.6882595132528242
2022-12-12 00:00:00+00:00,571600.5129897369,280216.13146440935,280216.13146440935,291384.38152532757,9,7,full,-0.002603945886940351,1838365.0505258846,-0.6890712686110823
2022-12-13 00:00:00+00:00,586058.0774336244,129011.43160102176,129011.43160102176,457046.64583260263,12,5,full,0.02529312713221299,1838365.0505258846,-0.6812069086790047
2022-12-14 00:00:00+00:00,578030.0198611253,110154.32397133534,110154.32397133531,467875.69588978996,13,5,full,-0.01369839932529282,1838365.0505258846,-0.6855738637460642
2022-12-15 00:00:00+00:00,565031.6331371634,117137.12102042157,117137.12102042159,447894.51211674174,15,4,full,-0.02248739040765535,1838365.0505258846,-0.6926444870263772
2022-12-16 00:00:00+00:00,521360.90783993946,211300.63868756715,156408.2723519812,310060.2691523723,13,3,full,-0.07728899186538585,1838365.0505258846,-0.7163996847683769
2022-12-17 00:00:00+00:00,540150.2325696456,189473.1929028454,104272.18156798725,350677.0396668002,12,2,full,0.036038998028357305,1838365.0505258846,-0.706179013566903
2022-12-18 00:00:00+00:00,533408.9550636461,325901.03017044684,212158.77730308715,207507.9248931992,9,4,full,-0.012480375087370432,1838365.0505258846,-0.7098460096861292
2022-12-19 00:00:00+00:00,525288.9938092101,185538.4301333081,158398.694268206,339750.56367590197,11,3,full,-0.015222768904333606,1838365.0505258846,-0.7142629568273475
2022-12-20 00:00:00+00:00,537981.5764983377,161683.08086002548,105869.79488728498,376298.4956383122,9,2,full,0.024163047082112588,1838365.0505258846,-0.707358679200063
2022-12-21 00:00:00+00:00,536790.6603250008,261712.30371443505,213566.0974784206,275078.3566105657,5,4,full,-0.002213674641218133,1838365.0505258846,-0.7080064918708904
2022-12-22 00:00:00+00:00,537045.1378963102,262956.9654816878,262956.9654816878,274088.1724146224,5,5,full,0.00047407227829809884,1838365.0505258846,-0.7078680658432435
2022-12-23 00:00:00+00:00,535246.7920354145,209252.45169205678,155418.99883059808,325994.3403433577,6,3,full,-0.003348593505454911,1838365.0505258846,-0.7088462969406968
2022-12-24 00:00:00+00:00,535470.7497081042,375555.5674400809,208966.0738014085,159915.18226802326,3,4,full,0.00041841945813070325,1838365.0505258846,-0.7087244725660299
2022-12-25 00:00:00+00:00,536099.9419306247,428352.9701247831,160681.7483674137,107746.97180584152,2,3,full,0.0011750263163086139,1838365.0505258846,-0.7083822161559983
2022-12-26 00:00:00+00:00,536475.7964710968,428352.9701247831,214452.22845809162,108122.82634631376,2,4,full,0.0007010904330984058,1838365.0505258846,-0.7081777657176239
2022-12-27 00:00:00+00:00,535997.7746816364,482644.2116997386,268056.9062446624,53353.562981897776,1,5,full,-0.0008910407377272778,1838365.0505258846,-0.7084377912165442
2022-12-28 00:00:00+00:00,530676.478482625,482317.99354578136,160315.00496353518,48358.484936843575,1,3,full,-0.009927832633581435,1838365.0505258846,-0.7113323720276237
2022-12-29 00:00:00+00:00,531421.9202917152,482317.99354578136,53599.77746816299,49103.92674593386,1,1,full,0.0014047010548152716,1838365.0505258846,-0.7109268803061197
2022-12-30 00:00:00+00:00,529359.6407493862,482317.99354578136,211743.85629975382,47041.6472036048,1,4,full,-0.003880682116381262,1838365.0505258846,-0.7120486811920423
2022-12-31 00:00:00+00:00,529924.4689042915,482317.99354578136,158864.37504030575,47606.4753585102,1,3,full,0.001067002679134621,1838365.0505258846,-0.7117414363634139
2023-01-01 00:00:00+00:00,531743.7409846265,482317.99354578136,212038.7491387684,49425.74743884508,1,4,full,0.0034330780839326724,1838365.0505258846,-0.7107518222060872
2023-01-02 00:00:00+00:00,531679.4639576515,531679.4639576515,265670.66017618665,0.0,0,5,full,-0.00012087970580698659,1838365.0505258846,-0.7107867864407242
2023-01-03 00:00:00+00:00,531679.4639576515,531679.4639576515,212678.2132857575,0.0,0,4,full,0.0,1838365.0505258846,-0.7107867864407242
2023-01-04 00:00:00+00:00,531679.4639576515,531679.4639576515,478511.5175618858,0.0,0,9,full,0.0,1838365.0505258846,-0.7107867864407242
2023-01-05 00:00:00+00:00,531685.2772321336,425343.57116612117,425343.57116612105,106341.70606601244,2,11,full,1.0933795408840652e-05,1838365.0505258846,-0.7107836242426175
2023-01-06 00:00:00+00:00,550279.9550416287,225474.68662517736,225474.68662517733,324805.2684164513,7,6,full,0.034973091424114644,1838365.0505258846,-0.7006688334919036
2023-01-07 00:00:00+00:00,550443.2658988504,189451.57719918856,189451.57719918853,360991.68869966187,8,6,full,0.0002967777687075124,1838365.0505258846,-0.7005799986562027
2023-01-08 00:00:00+00:00,574054.5826772286,105210.91255447974,105210.91255447976,468843.6701227488,10,6,full,0.0428950960819221,1838365.0505258846,-0.6877363489297112
2023-01-09 00:00:00+00:00,579136.8801341287,105210.91255447974,105210.91255447974,473925.96757964895,10,6,full,0.008853334874878493,1838365.0505258846,-0.6849717742575337
2023-01-10 00:00:00+00:00,595680.7641628371,198546.2410253989,198546.2410253989,397134.52313743817,9,6,full,0.028566448789924648,1838365.0505258846,-0.6759725365794808
2023-01-11 00:00:00+00:00,600595.2531309768,274622.5860104487,274622.58601044863,325972.6671205282,8,7,full,0.008250205922037068,1838365.0505258846,-0.6732992432818662
2023-01-12 00:00:00+00:00,626917.5772099344,39405.65716080769,39405.65716080769,587511.9200491266,14,2,full,0.04382705980730961,1838365.0505258846,-0.6589809096780872
2023-01-13 00:00:00+00:00,657293.5828331545,137700.5238575706,137700.5238575706,519593.0589755839,12,4,full,0.04845294936282851,1838365.0505258846,-0.6424575289629617
2023-01-14 00:00:00+00:00,688161.1782904641,137700.5238575706,137700.5238575706,550460.6544328935,12,4,full,0.04696165650098094,1838365.0505258846,-0.6256667422536084
2023-01-15 00:00:00+00:00,699628.4845284072,128151.03455856847,128151.03455856847,571477.4499698387,12,4,full,0.016663692459999435,1838365.0505258846,-0.6194289679689728
2023-01-16 00:00:00+00:00,695634.0801261832,261772.5512317064,261772.5512317064,433861.5288944768,11,5,full,-0.005709322148191975,1838365.0505258846,-0.6216017705911079
2023-01-17 00:00:00+00:00,694051.1691808519,498055.41427221126,498055.41427221126,195995.7549086407,5,9,full,-0.0022754936690914107,1838365.0505258846,-0.6224628133665232
2023-01-18 00:00:00+00:00,672401.3061750454,-6.912159733474255e-10,-6.621121428906918e-10,672401.3061750461,14,0,full,-0.03119346810028223,1838365.0505258846,-0.6342395075544449
2023-01-19 00:00:00+00:00,687488.6608060856,-6.912159733474255e-10,-6.621121428906918e-10,687488.6608060863,14,0,full,0.022438021003951647,1838365.0505258846,-0.6260325659425359
2023-01-20 00:00:00+00:00,748756.7090295495,30339.163505249326,30339.163505249307,718417.5455243002,13,4,full,0.0891186309191292,1838365.0505258846,-0.5927051002109949
2023-01-21 00:00:00+00:00,740120.5928234706,123614.99207280226,95918.85331002825,616505.6007506683,11,4,full,-0.011533941668812608,1838365.0505258846,-0.5974028158271661
2023-01-22 00:00:00+00:00,747962.2568857746,188546.73913176393,163375.66832167865,559415.5177540106,11,4,full,0.010595116712519781,1838365.0505258846,-0.5931372516727231
2023-01-23 00:00:00+00:00,747110.3818241411,731443.4191377643,671700.3647416594,15666.962686376824,2,9,full,-0.0011389278720831397,1838365.0505258846,-0.5936006389969055
2023-01-24 00:00:00+00:00,732863.5418605444,209165.1307609324,209165.1307609324,523698.4110996119,9,5,full,-0.01906925711407159,1838365.0505258846,-0.6013503729028679
2023-01-25 00:00:00+00:00,774465.575368643,59743.054396104126,59743.05439610414,714722.520972539,11,3,full,0.05676641166032392,1838365.0505258846,-0.5787204640628374
2023-01-26 00:00:00+00:00,774335.3350332865,67957.27100728573,67957.27100728569,706378.0640260008,10,5,full,-0.0001681680109468786,1838365.0505258846,-0.5787913098044486
2023-01-27 00:00:00+00:00,790830.6268128359,75369.50716559096,75369.50716559096,715461.1196472449,9,7,full,0.021302517182481884,1838365.0505258846,-0.5698185044441473
2023-01-28 00:00:00+00:00,780302.3033778672,63278.61724838379,63278.61724838379,717023.6861294834,10,7,full,-0.013312994057146477,1838365.0505258846,-0.5755455081379767
2023-01-29 00:00:00+00:00,781062.4318029457,592765.3677637042,203944.86255155213,188297.06403924158,4,7,full,0.0009741460736281127,1838365.0505258846,-0.5751320274612954
2023-01-30 00:00:00+00:00,774174.136227557,574742.489842552,464504.48173653346,199431.64638500503,7,6,full,-0.008819135698907354,1838365.0505258846,-0.5788789957652339
2023-01-31 00:00:00+00:00,776756.2946401013,574742.489842552,542438.327041798,202013.8047975492,7,7,full,0.003335371580774904,1838365.0505258846,-0.5774744007356419
2023-02-01 00:00:00+00:00,814458.5255598335,419649.4467557862,419649.4467557862,394809.07880404725,9,7,full,0.048538043630790284,1838365.0505258846,-0.5569658347634228
2023-02-02 00:00:00+00:00,811609.6888553704,417174.877362372,417174.8773623721,394434.8114929984,9,8,full,-0.0034978290668697953,1838365.0505258846,-0.5585154925442036
2023-02-03 00:00:00+00:00,834249.1440091456,356953.20487663854,308606.54115417495,477295.939132507,9,6,full,0.027894510704651765,1838365.0505258846,-0.54620049822504
2023-02-04 00:00:00+00:00,836929.1270188278,552124.2628714184,460378.3382225527,284804.86414740945,4,7,full,0.003212449217272262,1838365.0505258846,-0.5447426903707645
2023-02-05 00:00:00+00:00,869325.3242399108,224232.46779989678,224232.46779989684,645092.856440014,9,3,full,0.03870841171041506,1838365.0505258846,-0.5271204029954601
2023-02-06 00:00:00+00:00,861833.4369664659,436935.8648724137,436935.8648724137,424897.5720940522,7,6,full,-0.008618047886728042,1838365.0505258846,-0.5311957020071019
2023-02-07 00:00:00+00:00,906350.4932213051,452385.5390502996,452385.5390502996,453964.95417100546,6,7,full,0.05165389777812868,1838365.0505258846,-0.5069801327206294
2023-02-08 00:00:00+00:00,881867.0438176559,393926.2485946984,393926.2485946984,487940.79522295756,8,7,full,-0.027013224560215487,1838365.0505258846,-0.5202981891080947
2023-02-09 00:00:00+00:00,799780.113810648,74129.73701297503,74129.73701297503,725650.376797673,14,2,full,-0.0930831133587311,1838365.0505258846,-0.5649503271497345
2023-02-10 00:00:00+00:00,799620.5546135751,361168.24503287155,314015.9033970476,438452.3095807035,9,5,full,-0.0001995038315126818,1838365.0505258846,-0.5650371212263664
2023-02-11 00:00:00+00:00,814347.0149281409,361168.24503287155,315488.5494285042,453178.7698952693,9,5,full,0.018416810610480727,1838365.0505258846,-0.5570264922654029
2023-02-12 00:00:00+00:00,814749.5961871403,361168.24503287155,361168.24503287155,453581.3511542687,9,5,full,0.0004943608211480655,1838365.0505258846,-0.5568075035183724
2023-02-13 00:00:00+00:00,792939.6787573892,349619.31677838095,349619.31677838095,443320.36197900824,8,6,full,-0.026768859453035643,1838365.0505258846,-0.568671261167329
2023-02-14 00:00:00+00:00,805344.7569924499,644225.8204460037,618178.6942883785,161118.93654644617,2,9,full,0.015644416047511545,1838365.0505258846,-0.5619233749237824
2023-02-15 00:00:00+00:00,821712.3205690478,644225.8204460037,644225.8204460037,177486.50012304413,2,9,full,0.020323673103333384,1838365.0505258846,-0.5530200488015218
2023-02-16 00:00:00+00:00,804527.041751964,413391.5032976413,413391.5032976413,391135.53845432267,5,8,full,-0.020913984598871282,1838365.0505258846,-0.562368180616891
2023-02-17 00:00:00+00:00,837772.9105438867,413391.5032976413,413391.50329764123,424381.40724624536,5,8,full,0.04132349450868111,1838365.0505258846,-0.544283704531789
2023-02-18 00:00:00+00:00,832542.3784903337,583700.1588459164,583700.1588459164,248842.21964441735,3,10,full,-0.006243376919596644,1838365.0505258846,-0.5471289131327993
2023-02-19 00:00:00+00:00,827448.1049638612,503762.8713173146,503762.8713173147,323685.2336465465,4,8,full,-0.006118935994237407,1838365.0505258846,-0.5499000023269804
2023-02-20 00:00:00+00:00,831183.401561457,381120.4081510666,381120.4081510666,450062.9934103904,6,8,full,0.004514236693742735,1838365.0505258846,-0.5478681444016313
2023-02-21 00:00:00+00:00,823981.1585000115,495110.1997899346,495110.1997899346,328870.95871007687,7,7,full,-0.008665046784999908,1838365.0505258846,-0.55178588808338
2023-02-22 00:00:00+00:00,837706.2858776757,291573.7462187581,291573.7462187581,546132.5396589176,10,5,full,0.016657088861897762,1838365.0505258846,-0.5443199457920282
2023-02-23 00:00:00+00:00,847852.148252547,291573.7462187581,291573.7462187581,556278.4020337889,10,5,full,0.012111479340567888,1838365.0505258846,-0.5388009862295796
2023-02-24 00:00:00+00:00,801902.0138463259,239955.23622602952,239955.23622602952,561946.7776202963,12,3,full,-0.05419592850112598,1838365.0505258846,-0.5637960950046712
2023-02-25 00:00:00+00:00,794069.2952830745,272471.97402868106,239004.06044124695,521597.32125439344,11,3,full,-0.009767675386774255,1838365.0505258846,-0.5680567931511088
2023-02-26 00:00:00+00:00,817807.9430727375,390207.4878917918,390207.4878917918,427600.45518094575,7,5,full,0.029894932256762985,1838365.0505258846,-0.5551438802435922
2023-02-27 00:00:00+00:00,815952.6396476977,604094.0873697172,604094.0873697172,211858.55227798046,4,8,full,-0.002268629744618278,1838365.0505258846,-0.5561530940689471
2023-02-28 00:00:00+00:00,801150.8667806417,440718.02909767366,440718.02909767366,360432.837682968,6,6,full,-0.01814048040024341,1838365.0505258846,-0.564204690166698
2023-03-01 00:00:00+00:00,815010.9308476651,557079.7416572879,557079.7416572879,257931.1891903771,3,9,full,0.017300192312989404,1838365.0505258846,-0.556665347497483
2023-03-02 00:00:00+00:00,804919.5435450312,457299.2776357725,443661.77043926547,347620.2659092587,6,6,full,-0.01238190424285246,1838365.0505258846,-0.5621546747123075
2023-03-03 00:00:00+00:00,766313.4616368513,13637.507196506398,13637.507196506369,752675.9544403449,12,2,full,-0.047962659395932694,1838365.0505258846,-0.5831549009171824
2023-03-04 00:00:00+00:00,719581.9647739353,-5.566107574850321e-10,-5.82986103836447e-10,719581.9647739358,14,0,full,-0.06098222098708439,1838365.0505258846,-0.6085750408668339
2023-03-05 00:00:00+00:00,738066.3079735546,139803.32739843667,139803.32739843667,598262.9805751179,12,5,full,0.025687613231699657,1838365.0505258846,-0.5985202679073873
2023-03-06 00:00:00+00:00,741421.2475570133,139803.32739843667,139803.32739843667,601617.9201585766,12,5,full,0.004545580183263009,1838365.0505258846,-0.5966953095932053
2023-03-07 00:00:00+00:00,737877.3193565228,271060.9379344246,164232.30890125158,466816.3814220981,9,3,full,-0.004779911841166995,1838365.0505258846,-0.598623070458479
2023-03-08 00:00:00+00:00,732283.2625513104,606204.5921160459,366701.03695617587,126078.6704352645,5,5,full,-0.007581283037796593,1838365.0505258846,-0.601666022566175
2023-03-09 00:00:00+00:00,724048.2195190549,471896.22660590196,219420.88014268823,252151.9929131529,5,3,full,-0.011245707028130325,1838365.0505258846,-0.6061455697757456
2023-03-10 00:00:00+00:00,742557.0038881436,324880.1684151186,72404.82195190493,417676.835473025,7,1,full,0.025562916764553467,1838365.0505258846,-0.5960775017585724
2023-03-11 00:00:00+00:00,729539.6183537813,324880.1684151186,-5.529727786779404e-10,404659.44993866276,7,0,full,-0.017530486502990716,1838365.0505258846,-0.603158459662248
2023-03-12 00:00:00+00:00,781961.4904630061,347900.9541194392,-5.529727786779404e-10,434060.53634356684,6,0,full,0.07185610046444868,1838365.0505258846,-0.574642974071272
2023-03-13 00:00:00+00:00,829613.5595779596,443748.63492173114,414806.77978897933,385864.92465622845,4,5,full,0.06093915070771372,1838365.0505258846,-0.5487220781636164
2023-03-14 00:00:00+00:00,864714.9258763251,549746.5167811561,549746.5167811561,314968.40909516905,3,8,full,0.042310502152619334,1838365.0505258846,-0.5296282826803285
2023-03-15 00:00:00+00:00,848031.7556521206,383114.42992586154,243573.62097488428,464917.325726259,7,3,full,-0.019293260385551236,1838365.0505258846,-0.5387032867005758
2023-03-16 00:00:00+00:00,861447.1807392188,383114.42992586154,383114.42992586154,478332.75081335724,7,6,full,0.01581948435030256,1838365.0505258846,-0.5314058105636895
2023-03-17 00:00:00+00:00,909049.6320991331,383114.42992586154,383114.42992586154,525935.2021732716,7,6,full,0.05525870003900413,1838365.0505258846,-0.5055119048096082
2023-03-18 00:00:00+00:00,885213.32579967,383114.42992586154,383114.4299258615,502098.8958738084,7,8,full,-0.02622112749159966,1838365.0505258846,-0.5184779401966737
2023-03-19 00:00:00+00:00,903021.4478402871,465163.7211467856,465163.7211467855,437857.7266935016,6,8,full,0.020117322595126996,1838365.0505258846,-0.5087910055829402
2023-03-20 00:00:00+00:00,901711.5277376221,793705.535184724,731402.5030168996,108005.99255289811,3,9,full,-0.0014505968886983078,1838365.0505258846,-0.5095035518219422
2023-03-21 00:00:00+00:00,908625.9124451036,549973.5468586092,549973.5468586092,358652.36558649444,6,8,full,0.007668067330612427,1838365.0505258846,-0.5057423920318866
2023-03-22 00:00:00+00:00,891425.0237254899,382717.40092572937,382717.40092572937,508707.62279976055,9,5,full,-0.01893066055460202,1838365.0505258846,-0.5150990150348604
2023-03-23 00:00:00+00:00,926038.5525765275,382717.40092572937,382717.40092572937,543321.151650798,9,7,full,0.03882943369300862,1838365.0505258846,-0.4962705843914821
2023-03-24 00:00:00+00:00,902602.1260446454,-6.402842700481415e-10,-6.257323548197746e-10,902602.126044646,16,0,full,-0.02530826223883942,1838365.0505258846,-0.5090191005391198
2023-03-25 00:00:00+00:00,878251.9275270815,102450.2766405764,102450.2766405764,775801.650886505,13,2,full,-0.0269777766027105,1838365.0505258846,-0.5222646735609733
2023-03-26 00:00:00+00:00,898960.8008854706,342539.80883310054,342539.8088331005,556420.9920523701,10,5,full,0.02357965033643561,1838365.0505258846,-0.5109998416101781
2023-03-27 00:00:00+00:00,876193.1334217682,311833.81466300413,311833.81466300413,564359.3187587641,10,5,full,-0.025326652109053494,1838365.0505258846,-0.5233845785029891
2023-03-28 00:00:00+00:00,922941.8526351037,221937.73457445705,221937.73457445705,701004.1180606467,11,5,full,0.053354354685215766,1838365.0505258846,-0.49795507025599406
2023-03-29 00:00:00+00:00,929279.8711519577,604257.8072962189,604257.8072962188,325022.0638557387,4,9,full,0.006867191577408782,1838365.0505258846,-0.49450743154297516
2023-03-30 00:00:00+00:00,928257.1688765201,604257.8072962189,554644.0271094858,323999.3615803012,4,7,full,-0.00110053204334426,1838365.0505258846,-0.4950637423122345
2023-03-31 00:00:00+00:00,935073.3394130967,531370.4359242881,531370.4359242881,403702.90348880854,5,8,full,0.007342976456434114,1838365.0505258846,-0.49135600726003326
2023-04-01 00:00:00+00:00,927249.8602407881,660385.2121672053,660385.2121672053,266864.6480735828,3,9,full,-0.008366701137280885,1838365.0505258846,-0.4956116795325618
2023-04-02 00:00:00+00:00,927094.453550389,662385.4080326391,662385.408032639,264709.04551775,4,9,full,-0.00016759958352396964,1838365.0505258846,-0.4956962148050065
2023-04-03 00:00:00+00:00,942201.4311812771,458249.13596685923,458249.13596685923,483952.29521441786,7,6,full,0.016294971427166516,1838365.0505258846,-0.4874785990346422
2023-04-04 00:00:00+00:00,948795.1598138574,427878.9864324997,427878.9864324997,520916.1733813576,8,5,full,0.006998215471094582,1838365.0505258846,-0.48389186383713934
2023-04-05 00:00:00+00:00,945864.6028174435,499658.15550827805,449494.6055947177,446206.4473091655,7,5,full,-0.003088714108732127,1838365.0505258846,-0.48548597431893703
2023-04-06 00:00:00+00:00,936691.2620796252,593682.2115229408,448577.2715209359,343009.0505566844,6,5,full,-0.009698365612259674,1838365.0505258846,-0.4904759194526276
2023-04-07 00:00:00+00:00,935434.5103721714,605200.0849882815,562429.3906385747,330234.42538388993,5,6,full,-0.0013416925707874228,1838365.0505258846,-0.4911595441261353
2023-04-08 00:00:00+00:00,932640.1081267372,723035.0668869677,723035.0668869677,209605.0412397695,3,8,full,-0.0029872772646825085,1838365.0505258846,-0.492679591651318
2023-04-09 00:00:00+00:00,934846.3236841633,653919.2373640441,653919.2373640441,280927.0863201192,3,9,full,0.002365559381589666,1838365.0505258846,-0.4914794950998769
2023-04-10 00:00:00+00:00,929353.5136487867,653919.2373640441,653919.2373640441,275434.27628474263,3,8,full,-0.005875628856013226,1838365.0505258846,-0.49446737285234243
2023-04-11 00:00:00+00:00,924957.3564902991,653919.2373640441,653919.237364044,271038.11912625504,3,10,full,-0.0047303389871822255,1838365.0505258846,-0.4968587135478316
2023-04-12 00:00:00+00:00,911315.1854147002,478013.4948477844,478013.4948477844,433301.6905669158,7,8,full,-0.014748972998456233,1838365.0505258846,-0.5042795307961232
2023-04-13 00:00:00+00:00,914769.9461999002,565152.7995673934,565152.7995673934,349617.14663250686,6,10,full,0.0037909615032125643,1838365.0505258846,-0.5024002735810169
2023-04-14 00:00:00+00:00,934476.0502729644,523140.7806735908,523140.7806735907,411335.2695993737,7,9,full,0.021542141994199238,1838365.0505258846,-0.4916809096182245
2023-04-15 00:00:00+00:00,929789.7541814251,465957.0788099101,465957.07880991,463832.67537151504,8,9,full,-0.005014891596387572,1838365.0505258846,-0.4942300747528634
2023-04-16 00:00:00+00:00,937344.8594574493,430242.58282216254,430242.58282216254,507102.27663528675,9,8,full,0.008125606076048397,1838365.0505258846,-0.4901203875751927
2023-04-17 00:00:00+00:00,935890.5630453352,509023.3867444692,509023.3867444692,426867.176300866,8,9,full,-0.001551506254545254,1838365.0505258846,-0.4909114689829349
2023-04-18 00:00:00+00:00,947949.9198419914,316515.1865255445,316515.1865255445,631434.7333164469,11,5,full,0.012885434764312365,1838365.0505258846,-0.484351641927255
2023-04-19 00:00:00+00:00,898988.0696304819,121688.47470505263,121688.47470505265,777299.5949254292,14,5,full,-0.05165024985673361,1838365.0505258846,-0.5109850084599268
2023-04-20 00:00:00+00:00,881980.4772478326,107475.94383783735,107475.94383783732,774504.5334099953,16,5,full,-0.018918596316456204,1838365.0505258846,-0.5202364856775685
2023-04-21 00:00:00+00:00,830213.0479744991,115999.88074373586,115999.88074373582,714213.1672307632,16,6,full,-0.058694529650895055,1838365.0505258846,-0.5483959794943842
2023-04-22 00:00:00+00:00,852009.137909964,305168.5890384752,305168.5890384752,546840.5488714888,12,8,full,0.02625361043004748,1838365.0505258846,-0.5365397434713866
2023-04-23 00:00:00+00:00,841588.2465466477,385688.15417206375,385688.1541720637,455900.09237458406,12,7,full,-0.012230961969350918,1838365.0505258846,-0.5422083082432936
2023-04-24 00:00:00+00:00,840732.0990420533,633546.414593705,518133.64697721426,207185.68444834836,8,8,full,-0.001017299740232236,1838365.0505258846,-0.5426740196123983
2023-04-25 00:00:00+00:00,846296.5710330408,634096.9613979987,480792.82420156314,212199.60963504203,6,7,full,0.006618602997706002,1838365.0505258846,-0.539647160507676
2023-04-26 00:00:00+00:00,853282.9278771785,541016.1130452928,541016.1130452928,312266.81483188574,7,7,full,0.008255211096518833,1838365.0505258846,-0.535846850638785
2023-04-27 00:00:00+00:00,859787.094495568,541016.1130452928,541016.1130452928,318770.9814502751,7,7,full,0.007622520509780628,1838365.0505258846,-0.5323088337380999
2023-04-28 00:00:00+00:00,859555.1244551525,630235.6565526208,630235.6565526208,229319.4679025317,4,9,full,-0.00026979939789806284,1838365.0505258846,-0.5324350165331595
2023-04-29 00:00:00+00:00,856108.3939004657,666214.5269327043,638211.7203093037,189893.86696776148,3,9,full,-0.004009900536479982,1838365.0505258846,-0.5343099056112025
2023-04-30 00:00:00+00:00,859394.3602410168,601740.5817619844,601740.5817619844,257653.7784790325,4,9,full,0.0038382596923038914,1838365.0505258846,-0.5325224660928047
2023-05-01 00:00:00+00:00,858270.8137508656,444654.5058188529,444654.5058188529,413616.3079320127,6,7,full,-0.0013073700993756487,1838365.0505258846,-0.5331336322427649
2023-05-02 00:00:00+00:00,860049.461181073,359043.6664288063,359043.6664288063,501005.79475226667,7,6,full,0.002072361545692347,1838365.0505258846,-0.5321661163352478
2023-05-03 00:00:00+00:00,877937.4317213844,208487.7703761272,208487.7703761272,669449.6613452572,10,4,full,0.02079876954488946,1838365.0505258846,-0.5224357472036141
2023-05-04 00:00:00+00:00,864728.145199755,130085.72415746821,130085.72415746818,734642.4210422868,11,3,full,-0.015045817668042472,1838365.0505258846,-0.5296210918759634
2023-05-05 00:00:00+00:00,869380.5515299105,266095.42832126166,266095.42832126166,603285.1232086489,9,5,full,0.005380195331887716,1838365.0505258846,-0.527090361470256
2023-05-06 00:00:00+00:00,838222.7712028759,350246.8693454708,107216.77445113705,487975.9018574051,8,2,full,-0.03583905836426193,1838365.0505258846,-0.5440389976065456
2023-05-07 00:00:00+00:00,824171.9824732065,432974.48493660334,166239.47536760755,391197.4975366032,7,2,full,-0.01676259487618792,1838365.0505258846,-0.5516820871690076
2023-05-08 00:00:00+00:00,805474.7690484398,399934.8362595511,-6.984919309616089e-10,405539.9327888887,6,0,full,-0.02268605803446433,1838365.0505258846,-0.5618526533573813
2023-05-09 00:00:00+00:00,798371.3301987762,461993.00319634663,79837.13301987693,336378.3270024295,5,1,full,-0.00881894644329495,1838365.0505258846,-0.5657166513416945
2023-05-10 00:00:00+00:00,784285.1952149938,461993.00319634663,79837.13301987693,322292.1920186471,5,1,full,-0.01764358820384404,1838365.0505258846,-0.5733789679092081
2023-05-11 00:00:00+00:00,766811.9189946882,635670.2718409767,309880.7087182834,131141.64715371156,2,4,full,-0.022279237612684577,1838365.0505258846,-0.5828837592537275
2023-05-12 00:00:00+00:00,776086.2336844411,558989.0799415079,230971.00716738106,217097.15374293318,3,3,full,0.01209464075872968,1838365.0505258846,-0.5778388881672696
2023-05-13 00:00:00+00:00,773973.2451058691,696335.0970814879,308368.331677968,77638.14802438121,1,4,full,-0.0027226208723489798,1838365.0505258846,-0.5789882728218394
2023-05-14 00:00:00+00:00,774222.9313303342,696335.0970814879,309850.5341450972,77887.8342488463,1,4,full,0.00032260317271148864,1838365.0505258846,-0.5788524531029029
2023-05-15 00:00:00+00:00,773366.8642750253,696335.0970814879,232181.27269356872,77031.76719353748,1,3,full,-0.0011057113147473485,1838365.0505258846,-0.5793181207106852
2023-05-16 00:00:00+00:00,774008.914566507,696335.0970814879,386983.0556068701,77673.81748501908,1,5,full,0.0008302014491965437,1838365.0505258846,-0.5789688700048485
2023-05-17 00:00:00+00:00,773885.3194823319,773885.3194823319,309578.846809767,0.0,0,4,full,-0.00015968173214686576,1838365.0505258846,-0.5790361009849738
2023-05-18 00:00:00+00:00,773656.3113208539,696496.7875340986,386921.5771257046,77159.52378675531,1,5,full,-0.0002959200229191161,1838365.0505258846,-0.5791606726316185
2023-05-19 00:00:00+00:00,776338.1480864051,541730.2649453625,155267.62961728033,234607.88314104272,3,2,full,0.0034664446296219786,1838365.0505258846,-0.5777018564053287
2023-05-20 00:00:00+00:00,779112.4291457643,541730.2649453625,77633.81480863981,237382.16420040192,3,1,full,0.003573547256691567,1838365.0505258846,-0.57619275403278
2023-05-21 00:00:00+00:00,777103.5509745508,541730.2649453625,155344.1699060949,235373.2860291883,3,2,full,-0.0025784188469643032,1838365.0505258846,-0.577285506623262
2023-05-22 00:00:00+00:00,775939.077339441,541730.2649453625,310492.0782992867,234208.8123940786,3,4,full,-0.0014984793643644245,1838365.0505258846,-0.5779189355686047
2023-05-23 00:00:00+00:00,775227.9430365518,627383.3179713786,465466.5534763081,147844.62506517326,2,6,full,-0.0009164821358496056,1838365.0505258846,-0.5783057653240365
2023-05-24 00:00:00+00:00,775101.6307116477,464792.5777436251,310124.3969474377,310309.0529680226,4,4,full,-0.0001629357223752459,1838365.0505258846,-0.5783744743787849
2023-05-25 00:00:00+00:00,770891.1822082154,464792.5777436251,232109.44436315034,306098.6044645902,4,3,full,-0.005432124429368801,1838365.0505258846,-0.5806647966965575
2023-05-26 00:00:00+00:00,774364.5409986494,464792.5777436251,464418.80666274513,309571.96325502434,4,6,full,0.004505640835694491,1838365.0505258846,-0.5787754228807092
2023-05-27 00:00:00+00:00,765148.4850574711,387703.45952280355,387703.45952280355,377445.0255346675,5,6,full,-0.011901443639571796,1838365.0505258846,-0.5837886034448969
2023-05-28 00:00:00+00:00,768505.6070403224,387703.45952280355,387703.45952280355,380802.1475175188,5,6,full,0.004387543134976246,1838365.0505258846,-0.5819624579892427
2023-05-29 00:00:00+00:00,760782.0402915773,668030.3155516981,648462.7399758681,92751.72473987921,2,9,full,-0.010050111122142824,1838365.0505258846,-0.5861637817396783
2023-05-30 00:00:00+00:00,763965.874659146,591515.4670459509,591515.4670459509,172450.40761319496,3,9,full,0.004184949432229468,1838365.0505258846,-0.5844318980930338
2023-05-31 00:00:00+00:00,767767.0409752273,228234.6120874725,228234.6120874725,539532.4288877548,9,3,full,0.004975570823470665,1838365.0505258846,-0.5823642095700203
2023-06-01 00:00:00+00:00,778436.6152370555,128296.60657333722,128296.60657333722,650140.0086637182,10,4,full,0.013896890192467204,1838365.0505258846,-0.5765603708499707
2023-06-02 00:00:00+00:00,787623.7300759731,106446.23572400404,106446.23572400406,681177.4943519691,11,3,full,0.011802007586860341,1838365.0505258846,-0.5715629331341647
2023-06-03 00:00:00+00:00,757680.034589569,142416.61676770283,142416.61676770283,615263.4178218661,10,5,full,-0.03801776704152349,1838365.0505258846,-0.5878511537342237
2023-06-04 00:00:00+00:00,746365.0302128587,222953.68538374614,222953.6853837461,523411.3448291126,9,7,full,-0.014933750211379881,1838365.0505258846,-0.5940060816542652
2023-06-05 00:00:00+00:00,718848.2397569926,342396.0957578473,342396.0957578473,376452.14399914525,10,5,full,-0.03686773809327393,1838365.0505258846,-0.6089741591032978
2023-06-06 00:00:00+00:00,729731.2413615913,490936.7276139661,434573.8443355744,238794.51374762517,8,6,full,0.01513949816205673,1838365.0505258846,-0.6030542241037254
2023-06-07 00:00:00+00:00,710918.7422505622,222149.04352288783,222149.0435228878,488769.6987276743,11,4,full,-0.025780037971140146,1838365.0505258846,-0.613287501278815
2023-06-08 00:00:00+00:00,711957.4695233074,72973.12413615844,72973.12413615841,638984.3453871489,14,1,full,0.0014611054836688453,1838365.0505258846,-0.6127224735263304
2023-06-09 00:00:00+00:00,702836.5943542987,-6.83940015733242e-10,-7.130438461899757e-10,702836.5943542994,15,0,full,-0.012810983182907854,1838365.0505258846,-0.6176838794051027
2023-06-10 00:00:00+00:00,645399.3844091608,209039.61057836952,193619.81532274754,436359.77383079124,8,3,full,-0.08172199684324322,1838365.0505258846,-0.6489275162054798
2023-06-11 00:00:00+00:00,666369.76551698,144499.67213745345,64539.93844091537,521870.0933795265,9,1,full,0.03249209964310196,1838365.0505258846,-0.6375204340800771
2023-06-12 00:00:00+00:00,677286.5651943025,398783.20704815607,132268.59496034562,278503.35814614635,5,2,full,0.0163824954886016,1838365.0505258846,-0.6315821142266835
2023-06-13 00:00:00+00:00,676115.3001665137,460954.17137101234,202834.59004995337,215161.1287955013,3,3,full,-0.001729349271017644,1838365.0505258846,-0.6322192374288755
2023-06-14 00:00:00+00:00,677473.4239893595,462297.3875993531,135223.060033302,215176.03639000643,3,2,full,0.002008716298109725,1838365.0505258846,-0.6314804702169676
2023-06-15 00:00:00+00:00,674595.9572197078,462297.3875993531,135223.060033302,212298.56962035465,3,2,full,-0.00424735003287291,1838365.0505258846,-0.633045701653906
2023-06-16 00:00:00+00:00,673369.202888931,544426.8675186896,269347.6811555717,128942.33537024145,2,4,full,-0.0018185023459563743,1838365.0505258846,-0.6337130089063071
2023-06-17 00:00:00+00:00,674363.2808982374,544426.8675186896,202010.7608666786,129936.41337954775,2,3,full,0.0014762748356198507,1838365.0505258846,-0.6331722686387405
2023-06-18 00:00:00+00:00,675256.5868221188,610012.2980058435,134673.8405777855,65244.288816275264,1,2,full,0.0013246657242245163,1838365.0505258846,-0.6326863445163112
2023-06-19 00:00:00+00:00,675158.7530110388,675158.7530110388,135031.75060220706,0.0,0,2,full,-0.00014488390485833946,1838365.0505258846,-0.6327395623530255
2023-06-20 00:00:00+00:00,675158.7530110388,675158.7530110388,270063.5012044148,0.0,0,4,full,0.0,1838365.0505258846,-0.6327395623530255
2023-06-21 00:00:00+00:00,675158.7530110388,675158.7530110388,472611.1271077264,0.0,0,7,full,0.0,1838365.0505258846,-0.6327395623530255
2023-06-22 00:00:00+00:00,676247.8570069171,607642.8777099348,405421.9830053862,68604.9792969823,1,6,full,0.0016131080149983656,1838365.0505258846,-0.6321471315974654
2023-06-23 00:00:00+00:00,677816.2599259485,607642.8777099348,541516.736373558,70173.3822160136,1,8,full,0.0023192722945890587,1838365.0505258846,-0.6312939806312943
2023-06-24 00:00:00+00:00,673718.1748794473,607642.8777099348,473338.084355057,66075.29716951244,1,7,full,-0.006046011712597221,1838365.0505258846,-0.6335231815429025
2023-06-25 00:00:00+00:00,673421.5149378327,540271.0602219901,540271.0602219901,133150.45471584256,2,10,full,-0.00044033240110774585,1838365.0505258846,-0.6336845531603241
2023-06-26 00:00:00+00:00,669651.8891356924,396230.9625992027,396230.9625992027,273420.9265364897,5,8,full,-0.005597721068487549,1838365.0505258846,-0.635735084854811
2023-06-27 00:00:00+00:00,674482.2488935208,460994.753203432,460994.7532034321,213487.49569008872,4,9,full,0.00721323994779266,1838365.0505258846,-0.6331075546173064
2023-06-28 00:00:00+00:00,661342.2150714432,197706.17572668486,197706.17572668486,463636.0393447584,9,5,full,-0.019481659960115527,1838365.0505258846,-0.6402552284801873
2023-06-29 00:00:00+00:00,668266.7690753604,186135.5133939702,186135.5133939702,482131.2556813901,10,6,full,0.010470455153341662,1838365.0505258846,-0.63648853698334
2023-06-30 00:00:00+00:00,681265.4935787341,199440.30029483355,199440.30029483352,481825.19328390056,10,7,full,0.019451400406097274,1838365.0505258846,-0.6294177299639967
2023-07-01 00:00:00+00:00,685509.1039287073,348184.56196021585,312307.0963400944,337324.54196849145,7,8,full,0.006229011141722696,1838365.0505258846,-0.6271093688750176
2023-07-02 00:00:00+00:00,688118.7320393499,211082.74117447442,211082.7411744744,477035.9908648754,9,7,full,0.0038068467591263477,1838365.0505258846,-0.6256898313844109
2023-07-03 00:00:00+00:00,688534.7386329798,425339.1617767521,425339.1617767521,263195.5768562277,6,9,full,0.0006045564148458027,1838365.0505258846,-0.6254635397708324
2023-07-04 00:00:00+00:00,683403.5073410606,239991.2911013958,239991.2911013958,443412.21623966476,9,8,full,-0.007452392746525538,1838365.0505258846,-0.6282547325703536
2023-07-05 00:00:00+00:00,688846.6085298191,47047.87949803546,47047.879498035414,641798.7290317836,16,3,full,0.00796469601090588,1838365.0505258846,-0.6252938945217834
2023-07-06 00:00:00+00:00,672551.0828874139,14105.74648684819,14105.74648684815,658445.3364005657,18,1,full,-0.023656247182785917,1838365.0505258846,-0.6341580347738751
2023-07-07 00:00:00+00:00,681991.4728159849,145618.3627903493,82304.89376844664,536373.1100256356,16,2,full,0.014036688318218582,1838365.0505258846,-0.6290228251342715
2023-07-08 00:00:00+00:00,678078.7528218778,206104.04845585,206104.04845584993,471974.7043660279,14,4,full,-0.0057371978244114,1838365.0505258846,-0.6311511945748175
2023-07-09 00:00:00+00:00,673574.4286705451,343288.5769614839,297794.67462388636,330285.8517090612,11,5,full,-0.006642774357089931,1838365.0505258846,-0.6336013739611391
2023-07-10 00:00:00+00:00,673592.2500742988,573811.8491221932,573811.8491221932,99780.40095210559,3,9,full,2.645795771805126e-05,1838365.0505258846,-0.6335916798017835
2023-07-11 00:00:00+00:00,674252.2999093649,539812.4206952931,539812.4206952931,134439.87921407179,2,9,full,0.000979895233345296,1838365.0505258846,-0.6332326380353632
2023-07-12 00:00:00+00:00,674476.4910093086,427184.3838221653,427184.3838221653,247292.1071871433,4,8,full,0.0003325032780367998,1838365.0505258846,-0.6331106866852331
2023-07-13 00:00:00+00:00,670860.1063113916,427184.3838221653,427184.3838221652,243675.72248922632,4,8,full,-0.005361765378219974,1838365.0505258846,-0.6350778611030031
2023-07-14 00:00:00+00:00,678425.2236795833,326084.00504544866,326084.00504544866,352341.2186341346,6,8,full,0.011276743537169232,1838365.0505258846,-0.6309627277316263
2023-07-15 00:00:00+00:00,671762.8318383205,287583.4970017879,287583.49700178794,384179.33483653254,7,7,full,-0.009820377557791748,1838365.0505258846,-0.6345868130781994
2023-07-16 00:00:00+00:00,664286.0080858319,283868.4606360533,283868.4606360533,380417.5474497786,8,7,full,-0.011130153974175383,1838365.0505258846,-0.6386539181128332
2023-07-17 00:00:00+00:00,665617.9829311466,293329.05892335804,293329.05892335804,372288.92400778853,8,7,full,0.00200512253622942,1838365.0505258846,-0.637929374940663
2023-07-18 00:00:00+00:00,657822.8145062171,226451.96220334602,226451.96220334602,431370.85230287106,10,5,full,-0.011711174614908004,1838365.0505258846,-0.6421696472536618
2023-07-19 00:00:00+00:00,663955.540480579,340290.4590719141,340290.4590719141,323665.0814086649,8,8,full,0.00932276266362897,1838365.0505258846,-0.6388336798011651
2023-07-20 00:00:00+00:00,672227.5715932589,321210.3140078237,321210.3140078237,351017.2575854352,8,7,full,0.012458712381091752,1838365.0505258846,-0.6343340124960705
2023-07-21 00:00:00+00:00,669306.4680636356,393431.54995728185,393431.54995728185,275874.9181063538,6,8,full,-0.004345408687566721,1838365.0505258846,-0.6359229806549178
2023-07-22 00:00:00+00:00,665597.5413734996,426920.11694886955,426920.11694886955,238677.42442463004,5,10,full,-0.005541447553713885,1838365.0505258846,-0.6379404943631309
2023-07-23 00:00:00+00:00,662738.5532656335,497790.3793592957,497790.37935929565,164948.17390633782,3,11,full,-0.0042953705958203026,1838365.0505258846,-0.6394956741175808
2023-07-24 00:00:00+00:00,653920.8961720576,161071.93648429523,161071.93648429523,492848.9596877623,10,4,full,-0.013304880258024898,1838365.0505258846,-0.6442921410059463
2023-07-25 00:00:00+00:00,657578.6196605789,163376.40892848544,163376.4089284854,494202.2107320935,10,5,full,0.0055935259294097595,1838365.0505258846,-0.6423024798733683
2023-07-26 00:00:00+00:00,668823.2666875981,138301.0606852618,75864.03511257714,530522.2060023362,11,2,full,0.017100080037309118,1838365.0505258846,-0.6361858236500559
2023-07-27 00:00:00+00:00,669367.8952166287,196677.37628271966,196677.37628271966,472690.51893390896,10,5,full,0.0008143085866731958,1838365.0505258846,-0.6358895666423007
2023-07-28 00:00:00+00:00,670697.2443511409,196677.37628271966,196677.37628271966,474019.8680684212,10,6,full,0.001985976835775727,1838365.0505258846,-0.635166451755988
2023-07-29 00:00:00+00:00,671743.9182283643,588677.186460809,505874.4222863539,83066.73176755538,2,9,full,0.0015605757829466604,1838365.0505258846,-0.6345971013557918
2023-07-30 00:00:00+00:00,671520.4634072696,442505.9660333395,442505.96603333956,229014.49737393006,4,8,full,-0.00033264881903816157,1838365.0505258846,-0.6347186521984991
2023-07-31 00:00:00+00:00,668313.8342143828,402151.46182374633,402151.46182374633,266162.3723906365,4,8,full,-0.004775177180180723,1838365.0505258846,-0.6364629353548664
2023-08-01 00:00:00+00:00,673915.9973091241,321596.7052269228,321596.7052269228,352319.2920822012,6,6,full,0.008382533486422261,1838365.0505258846,-0.6334155737369229
2023-08-02 00:00:00+00:00,663653.4022581731,187053.05915528344,187053.05915528344,476600.34310288966,8,4,full,-0.015228300102577252,1838365.0505258846,-0.6389980313929882
2023-08-03 00:00:00+00:00,664627.2566435596,187053.05915528344,187053.05915528344,477574.19748827606,8,4,full,0.0014674141382726713,1838365.0505258846,-0.63846829200031
2023-08-04 00:00:00+00:00,672882.8700418907,374234.77313729713,254672.44924890113,298648.0969045935,5,5,full,0.012421418646028526,1838365.0505258846,-0.6339775553014321
2023-08-05 00:00:00+00:00,672423.8172248565,445374.0578555344,445374.0578555344,227049.75936932204,4,7,full,-0.0006822180166446978,1838365.0505258846,-0.6342272624077018
2023-08-06 00:00:00+00:00,669547.145495378,541162.1910150826,541162.1910150826,128384.95448029536,2,9,full,-0.004278063411481736,1838365.0505258846,-0.6357920613733129
2023-08-07 00:00:00+00:00,667104.7923936809,467915.15426162566,467915.1542616258,199189.63813205523,3,8,full,-0.0036477686718984215,1838365.0505258846,-0.637120607681892
2023-08-08 00:00:00+00:00,661793.4373966473,401204.67502225755,401204.6750222575,260588.76237438977,4,7,full,-0.007961800091370375,1838365.0505258846,-0.6400097808608067
2023-08-09 00:00:00+00:00,656595.7912657738,335025.3312825928,335025.3312825927,321570.459983181,5,6,full,-0.007853879831930421,1838365.0505258846,-0.6428371007825963
2023-08-10 00:00:00+00:00,659256.3915890623,335025.3312825928,335025.3312825928,324231.06030646944,5,6,full,0.004052112972212862,1838365.0505258846,-0.6413898363654842
2023-08-11 00:00:00+00:00,665339.389226759,220339.05528690803,220339.055286908,445000.33393985097,7,4,full,0.009227059024842,1838365.0505258846,-0.6380809192187202
2023-08-12 00:00:00+00:00,661309.0700916564,426427.16979673825,352197.837391729,234881.90029491822,4,6,full,-0.006057538754449032,1838365.0505258846,-0.6402732580765275
2023-08-13 00:00:00+00:00,657673.7237071609,419786.0206019058,419786.02060190577,237887.70310525515,4,7,full,-0.005497197224274664,1838365.0505258846,-0.6422507469237266
2023-08-14 00:00:00+00:00,656287.9892546537,482543.9117858991,482543.91178589914,173744.07746875464,3,9,full,-0.0021070242014477047,1838365.0505258846,-0.6430045332580081
2023-08-15 00:00:00+00:00,645302.8695664402,188517.10359212614,188517.10359212614,456785.76597431407,9,5,full,-0.016738261050136316,1838365.0505258846,-0.6489800165740508
2023-08-16 00:00:00+00:00,638203.2611631817,108358.76136067642,71492.38026079448,529844.4998025054,11,2,full,-0.011001978664729184,1838365.0505258846,-0.6528419309425967
2023-08-17 00:00:00+00:00,587697.3637490198,36866.38109988109,-8.440110832452774e-10,550830.9826491387,13,0,full,-0.07913763605988233,1838365.0505258846,-0.680315199866913
2023-08-18 00:00:00+00:00,620394.1299255312,89452.47871725676,89452.47871725674,530941.6512082744,12,2,full,0.05563538003290214,1838365.0505258846,-0.6625294145207663
2023-08-19 00:00:00+00:00,635578.2750648028,27413.06572470363,27413.06572470362,608165.2093400992,13,1,full,0.024474998080807442,1838365.0505258846,-0.6542698225888331
2023-08-20 00:00:00+00:00,629529.8670057897,305854.2907601131,251811.94680231504,323675.5762456766,7,4,full,-0.009516385780172443,1838365.0505258846,-0.6575599243329253
2023-08-21 00:00:00+00:00,634104.4760776407,493401.3737721799,493401.37377217977,140703.10230546084,3,9,full,0.007266706969137227,1838365.0505258846,-0.6550715126485633
2023-08-22 00:00:00+00:00,644678.857410857,363267.1047201608,306006.66097802547,281411.7526906963,5,5,full,0.016676086878657514,1838365.0505258846,-0.649319455226567
2023-08-23 00:00:00+00:00,663758.9391450712,363267.1047201608,363267.1047201608,300491.83442491037,5,7,full,0.029596257911796764,1838365.0505258846,-0.6389406233788031
2023-08-24 00:00:00+00:00,643283.289432067,444141.6426417824,406887.06352282804,199141.64679028458,4,7,full,-0.030848021029106,1838365.0505258846,-0.6500785906215696
2023-08-25 00:00:00+00:00,640971.3317874784,313437.4197840686,313437.4197840686,327533.91200340976,6,6,full,-0.003593996117371101,1838365.0505258846,-0.6513362068082607
2023-08-26 00:00:00+00:00,641057.3464089164,247061.52586956148,247061.52586956145,393995.82053935487,7,6,full,0.00013419417869764416,1838365.0505258846,-0.6512894181568918
2023-08-27 00:00:00+00:00,640289.6332219583,376465.5881383655,374520.7212719314,263824.0450835929,4,8,full,-0.001197573339200786,1838365.0505258846,-0.6517070246528042
2023-08-28 00:00:00+00:00,643996.988591017,307474.813280822,204246.4039732377,336522.17531019496,6,4,full,0.005790122433191991,1838365.0505258846,-0.6496903656829233
2023-08-29 00:00:00+00:00,654390.0586017488,307474.813280822,258935.9383647405,346915.24532092677,6,4,full,0.01613838293478742,1838365.0505258846,-0.6440369346585688
2023-08-30 00:00:00+00:00,657211.1558169037,450383.8836483891,450383.88364838914,206827.2721685146,4,7,full,0.004311033118661323,1838365.0505258846,-0.6425023660948617
2023-08-31 00:00:00+00:00,649491.7171554415,452763.42624413356,449611.9397822429,196728.290911308,4,7,full,-0.011745751107750113,1838365.0505258846,-0.6467014443243211
2023-09-01 00:00:00+00:00,659285.2544466453,450895.99846354814,450895.99846354814,208389.2559830971,4,8,full,0.015078771649461808,1838365.0505258846,-0.6413741360792029
2023-09-02 00:00:00+00:00,642536.9070234718,395232.3676355752,322943.2882540522,247304.5393878966,4,5,full,-0.025403794958573478,1838365.0505258846,-0.6504845939930881
2023-09-03 00:00:00+00:00,634357.7405865934,266724.9862308808,257871.6809080172,367632.7543557126,6,4,full,-0.012729488917248455,1838365.0505258846,-0.6549337464802606
2023-09-04 00:00:00+00:00,619922.175899625,203289.21217222145,203289.21217222145,416632.96372740355,7,5,full,-0.02275618907656063,1838365.0505258846,-0.6627861393892962
2023-09-05 00:00:00+00:00,622917.2778507109,202756.8677796275,202756.8677796275,420160.4100710834,8,5,full,0.004831416051118698,1838365.0505258846,-0.661156918930482
2023-09-06 00:00:00+00:00,625627.8455933601,233947.76847389626,233947.76847389626,391680.0771194639,8,8,full,0.00435140882911722,1838365.0505258846,-0.6596824741558308
2023-09-07 00:00:00+00:00,622629.023821798,321202.4691880242,321202.4691880242,301426.55463377386,7,9,full,-0.004793299711137289,1838365.0505258846,-0.6613137180541546
2023-09-08 00:00:00+00:00,616908.6410937286,363605.72363268374,363605.72363268374,253302.91746104488,8,8,full,-0.00918746558417205,1838365.0505258846,-0.6644253866133634
2023-09-09 00:00:00+00:00,614042.3970022601,262876.19594599574,262876.19594599574,351166.20105626434,11,6,full,-0.0046461402881096125,1838365.0505258846,-0.6659845133442857
2023-09-10 00:00:00+00:00,596582.1949776115,220189.1918947892,220189.1918947892,376393.0030828223,11,6,full,-0.028434847674832953,1838365.0505258846,-0.6754821928283762
2023-09-11 00:00:00+00:00,588041.2649347692,163289.76930906207,163289.76930906205,424751.4956257072,13,3,full,-0.014316434708821268,1838365.0505258846,-0.6801281308265985
2023-09-12 00:00:00+00:00,588033.378094353,133803.57180054998,133803.57180054995,454229.806293803,13,5,full,-1.3412052667916008e-05,1838365.0505258846,-0.6801324209649549
2023-09-13 00:00:00+00:00,597366.6768617377,230069.4268059896,230069.4268059896,367297.2500557481,10,6,full,0.01587205610271858,1838365.0505258846,-0.67505546480507
2023-09-14 00:00:00+00:00,601484.7751351706,318472.5265067075,318472.5265067075,283012.2486284631,7,7,full,0.006893752920847929,1838365.0505258846,-0.6728153774664563
2023-09-15 00:00:00+00:00,642151.6778646143,372847.42578944407,372847.42578944407,269304.2520751702,6,7,full,0.06761085967688008,1838365.0505258846,-0.650694143863908
2023-09-16 00:00:00+00:00,683367.7356282237,466042.13060133933,466042.13060133933,217325.60502688435,3,10,full,0.06418430284363308,1838365.0505258846,-0.6282741910086145
2023-09-17 00:00:00+00:00,587502.3182662638,231024.43610801466,231024.43610801466,356477.88215824915,8,5,full,-0.14028379211352482,1838365.0505258846,-0.6804212971203938
2023-09-18 00:00:00+00:00,619029.3072297545,172274.20428138826,169961.9672179023,446755.1029483662,9,4,full,0.05366274818545014,1838365.0505258846,-0.6632718256623328
2023-09-19 00:00:00+00:00,647729.4098065948,207604.8751807531,207604.87518075306,440124.5346258417,8,5,full,0.04636307561152053,1838365.0505258846,-0.6476600718549862
2023-09-20 00:00:00+00:00,646953.7304249802,220314.53933819293,220314.53933819293,426639.1910867872,8,5,full,-0.0011975361468399282,1838365.0505258846,-0.6480820116549149
2023-09-21 00:00:00+00:00,617929.5433418638,190514.5393354909,190514.5393354909,427415.0040063729,9,4,full,-0.04486284832773213,1838365.0505258846,-0.663870054989841
2023-09-22 00:00:00+00:00,617783.8003106023,487786.27355383476,468938.3055050659,129997.5267567675,3,8,full,-0.00023585703715234274,1838365.0505258846,-0.6639493336027693
2023-09-23 00:00:00+00:00,618720.432498819,549859.3733638749,549859.3733638749,68861.05913494405,2,9,full,0.0015161164597481402,1838365.0505258846,-0.6634398416561351
2023-09-24 00:00:00+00:00,614343.0836996094,487987.33011399297,486940.54082756885,126355.75358561648,3,8,full,-0.007074841187207692,1838365.0505258846,-0.6658209513263593
2023-09-25 00:00:00+00:00,627444.1496287582,524578.813537983,524578.813537983,102865.3360907752,2,9,full,0.02132532501261908,1838365.0505258846,-0.6586944745009862
2023-09-26 00:00:00+00:00,633295.3438702851,509152.77660079737,509152.7766007973,124142.5672694877,2,10,full,0.009325442344133572,1838365.0505258846,-0.6555116495012109
2023-09-27 00:00:00+00:00,644899.138252639,509152.77660079737,509152.7766007973,135746.36165184164,2,10,full,0.018322879671653913,1838365.0505258846,-0.649199630906735
2023-09-28 00:00:00+00:00,649003.1277408395,446408.36163792154,446408.36163792154,202594.766102918,3,9,full,0.0063637695335123645,1838365.0505258846,-0.6469672182055545
2023-09-29 00:00:00+00:00,642367.240847124,535749.2533373014,535749.2533373013,106617.98750982265,2,11,full,-0.010224737925092597,1838365.0505258846,-0.650576885878369
2023-09-30 00:00:00+00:00,642333.1153421612,498720.12929858774,498720.1292985876,143612.98604357347,3,11,full,-5.3124603486720545e-05,1838365.0505258846,-0.6505954488427559
2023-10-01 00:00:00+00:00,653525.865642631,504790.0312448381,504790.031244838,148735.83439779282,3,10,full,0.017425149090293468,1838365.0505258846,-0.6445070224460139
2023-10-02 00:00:00+00:00,649587.1880809452,145320.98359181982,145320.98359181982,504266.20448912535,10,5,full,-0.006026812049455432,1838365.0505258846,-0.646649511806633
2023-10-03 00:00:00+00:00,626557.5884684733,180252.75917637759,180252.75917637759,446304.8292920957,10,6,full,-0.0354526690720417,1838365.0505258846,-0.6591767297309967
2023-10-04 00:00:00+00:00,613357.5908919058,51998.541074496956,51998.54107449697,561359.0498174089,14,2,full,-0.021067492947987265,1838365.0505258846,-0.666357021573899
2023-10-05 00:00:00+00:00,604657.7054475737,66788.22409485765,66788.22409485765,537869.481352716,14,5,full,-0.014184034849363036,1838365.0505258846,-0.6710894252071401
2023-10-06 00:00:00+00:00,611646.9892808846,98448.16651000666,98448.16651000666,513198.822770878,13,6,full,0.011559075110334271,1838365.0505258846,-0.6672875231685262
2023-10-07 00:00:00+00:00,607641.3229525082,405011.04651846894,321449.002670004,202630.2764340393,7,9,full,-0.006548983970453115,1838365.0505258846,-0.6694664518460652
2023-10-08 00:00:00+00:00,604271.0708617296,350682.88293629204,350682.882936292,253588.18792543755,8,9,full,-0.005546449794432529,1838365.0505258846,-0.6712997395762768
2023-10-09 00:00:00+00:00,599611.9895932202,271361.31243568385,271361.31243568385,328250.67715753627,10,6,full,-0.007710250404450503,1838365.0505258846,-0.6738341008921517
2023-10-10 00:00:00+00:00,594552.7243501504,294050.27472888416,294050.2747288841,300502.44962126634,9,6,full,-0.008437565176943829,1838365.0505258846,-0.6765861469243706
2023-10-11 00:00:00+00:00,600474.6341616042,165356.55685900027,165356.55685900024,435118.077302604,12,4,full,0.009960276976152871,1838365.0505258846,-0.6733648553698126
2023-10-12 00:00:00+00:00,600214.0383689173,137639.1724371271,118555.20787729947,462574.86593179026,12,3,full,-0.00043398301587005417,1838365.0505258846,-0.6735066094749682
2023-10-13 00:00:00+00:00,600540.6606722166,204268.3242755309,204268.3242755309,396272.3363966856,11,4,full,0.0005441763811238065,1838365.0505258846,-0.6733289394832516
2023-10-14 00:00:00+00:00,606940.8642522881,345566.1093305625,345566.10933056247,261374.75492172566,6,7,full,0.010657402569390628,1838365.0505258846,-0.6698474744835548
2023-10-15 00:00:00+00:00,618562.4331044813,285322.35262111435,285322.35262111435,333240.08048336697,7,6,full,0.019147777875378802,1838365.0505258846,-0.6635257872599707
2023-10-16 00:00:00+00:00,620747.3282574505,368507.8183910148,310365.8639275856,252239.50986643563,5,6,full,0.00353221443145757,1838365.0505258846,-0.662337288189917
2023-10-17 00:00:00+00:00,594099.2293248471,420914.80381713324,420914.8038171332,173184.4255077139,4,8,full,-0.04292905940877645,1838365.0505258846,-0.6768328308053406
2023-10-18 00:00:00+00:00,563656.9274313193,200312.583165086,200312.58316508596,363344.34426623327,8,6,full,-0.05124110652040981,1838365.0505258846,-0.6933922741459435
2023-10-19 00:00:00+00:00,541698.0865885844,259417.0058716995,246577.4676570578,282281.0807168848,7,7,full,-0.03895781241047647,1838365.0505258846,-0.7053370404133685
2023-10-20 00:00:00+00:00,540395.6167248155,298415.98470382264,298415.98470382264,241979.63202099284,6,9,full,-0.002404420277670516,1838365.0505258846,-0.706045534008477
2023-10-21 00:00:00+00:00,545890.4054519027,294731.249050074,294731.249050074,251159.15640182863,6,8,full,0.01016808530089408,1838365.0505258846,-0.7030565799236965
2023-10-22 00:00:00+00:00,545965.4895655133,294731.249050074,294731.249050074,251234.24051543925,6,9,full,0.0001375442998463594,1838365.0505258846,-0.7030157370488881
2023-10-23 00:00:00+00:00,556985.3455770661,447492.65704221127,375881.3295671092,109492.68853485474,3,9,full,0.0201841622266683,1838365.0505258846,-0.6970213585067153
2023-10-24 00:00:00+00:00,556144.2521835136,280397.0533690915,280397.0533690915,275747.1988144221,6,8,full,-0.0015100817287769797,1838365.0505258846,-0.697478881017444
2023-10-25 00:00:00+00:00,563706.2469713279,256263.66082383622,256263.66082383622,307442.5861474917,7,7,full,0.01359718231038931,1838365.0505258846,-0.6933654462098953
2023-10-26 00:00:00+00:00,563769.4539348873,269092.6126163067,269092.6126163067,294676.8413185806,7,9,full,0.00011212748465894151,1838365.0505258846,-0.6933310640486693
2023-10-27 00:00:00+00:00,559233.8223437457,156817.7711285146,156817.77112851455,402416.0512152312,11,7,full,-0.00804518861297765,1838365.0505258846,-0.6957982734801389
2023-10-28 00:00:00+00:00,564920.4558719439,228445.28371823663,185179.0996591963,336475.17215370724,9,7,full,0.01016861516774048,1838365.0505258846,-0.6927049631897962
2023-10-29 00:00:00+00:00,571385.3141753174,407189.4106965771,407189.41069657705,164195.90347874034,6,9,full,0.01144383821859507,1838365.0505258846,-0.689188328503163
2023-10-30 00:00:00+00:00,575561.4869374105,266774.5949968003,266774.5949968003,308786.89194061025,8,6,full,0.007308855615445031,1838365.0505258846,-0.6869166508725975
2023-10-31 00:00:00+00:00,576419.5366946553,195730.7068622569,195730.70686225683,380688.82983239845,9,7,full,0.0014908046780726103,1838365.0505258846,-0.6864499047510917
2023-11-01 00:00:00+00:00,589405.6073602256,271029.49201073276,271029.49201073276,318376.1153494929,8,7,full,0.022528852405031108,1838365.0505258846,-0.6793859809336456
2023-11-02 00:00:00+00:00,577164.4706428634,70220.13774513587,70220.13774513587,506944.33289772755,13,3,full,-0.020768612589531776,1838365.0505258846,-0.6860446892864074
2023-11-03 00:00:00+00:00,587091.948023572,53573.63571914229,53573.63571914229,533518.3123044297,14,2,full,0.01720043052832243,1838365.0505258846,-0.6806445227754804
2023-11-04 00:00:00+00:00,606756.629462843,214268.47042768847,198976.22721641947,392488.15903515444,11,4,full,0.033495062409681475,1838365.0505258846,-0.6699476911349715
2023-11-05 00:00:00+00:00,603319.3087320911,317405.7825319865,302347.1185121947,285913.5262001046,9,5,full,-0.0056650732169089,1838365.0505258846,-0.6718174616301018
2023-11-06 00:00:00+00:00,606094.4864889712,365195.25039513444,365195.2503951344,240899.23609383678,6,9,full,0.004599849062865591,1838365.0505258846,-0.6703078714885321
2023-11-07 00:00:00+00:00,607717.2090427696,418084.8806016992,378579.3069013449,189632.32844107042,6,7,full,0.00267734254307217,1838365.0505258846,-0.6694251727267523
2023-11-08 00:00:00+00:00,611135.6656354093,435707.3304213305,435707.3304213306,175428.3352140788,5,8,full,0.005625077818717905,1838365.0505258846,-0.6675656635984311
2023-11-09 00:00:00+00:00,620935.1374391506,258257.29081419058,258257.29081419058,362677.84662496,8,7,full,0.01603485503264257,1838365.0505258846,-0.6622351272063591
2023-11-10 00:00:00+00:00,650652.451504454,240381.31393038097,240381.31393038097,410271.137574073,9,7,full,0.047858966699586336,1838365.0505258846,-0.6460700494070382
2023-11-11 00:00:00+00:00,624462.9936378556,118837.87212182704,118837.87212182704,505625.1215160286,12,7,full,-0.04025107076142187,1838365.0505258846,-0.6603161088929421
2023-11-12 00:00:00+00:00,628690.1559094908,293803.0360491763,293803.03604917624,334887.11986031453,8,8,full,0.006769275865347035,1838365.0505258846,-0.6580166949270239
2023-11-13 00:00:00+00:00,584049.7154705506,18165.60096297371,18165.600962973687,565884.1145075769,15,1,full,-0.07100547069066376,1838365.0505258846,-0.6822993804720794
2023-11-14 00:00:00+00:00,602654.4202698345,201055.3094575112,201055.30945751118,401599.1108123232,12,5,full,0.03185465946900545,1838365.0505258846,-0.6721791354239255
2023-11-15 00:00:00+00:00,631808.7723593022,217573.79677105285,217573.79677105285,414234.9755882493,11,5,full,0.04837656724796613,1838365.0505258846,-0.6563202873234746
2023-11-16 00:00:00+00:00,618775.3164767618,269403.77164180484,233358.0223525145,349371.54483495693,9,5,full,-0.020628798542747018,1838365.0505258846,-0.6634099868795078
2023-11-17 00:00:00+00:00,615373.6363768687,249554.03801908065,249554.03801908065,365819.598357788,9,6,full,-0.005497439877307886,1838365.0505258846,-0.66526037023994
2023-11-18 00:00:00+00:00,614560.041289509,379723.7735490183,379723.77354901825,234836.26774049076,6,8,full,-0.0013221156046753224,1838365.0505258846,-0.665702934727949
2023-11-19 00:00:00+00:00,620372.7164274699,379723.7735490183,279665.7255600294,240648.9428784516,6,6,full,0.009458270547112457,1838365.0505258846,-0.6625410626415003
2023-11-20 00:00:00+00:00,610350.6895256322,333319.268389176,333319.26838917594,277031.42113645625,7,8,full,-0.016154847942945305,1838365.0505258846,-0.6679926604615146
2023-11-21 00:00:00+00:00,574422.7636842654,42274.61611647401,42274.616116474004,532148.1475677914,14,5,full,-0.05886439789113718,1838365.0505258846,-0.6875360725988859
2023-11-22 00:00:00+00:00,619105.5408555621,73308.93310083348,73308.93310083344,545796.6077547286,13,6,full,0.07778726749042408,1838365.0505258846,-0.663230357497027
2023-11-23 00:00:00+00:00,613437.8405066861,213196.47100894916,213196.47100894916,400241.3694977369,10,6,full,-0.009154659383347696,1838365.0505258846,-0.6663133688647935
2023-11-24 00:00:00+00:00,620150.3014762732,213196.47100894916,213196.47100894913,406953.83046732406,10,6,full,0.010942365348773908,1838365.0505258846,-0.6626620478349106
2023-11-25 00:00:00+00:00,628566.4005277152,223987.604417597,223987.604417597,404578.79611011816,10,5,full,0.0135710633880326,1838365.0505258846,-0.658084013102889
2023-11-26 00:00:00+00:00,627804.9325174515,481159.00519385806,443698.43711617996,146645.9273235934,4,8,full,-0.0012114360704366112,1838365.0505258846,-0.658498222462475
2023-11-27 00:00:00+00:00,620826.6647170493,414143.5275881478,414143.52758814767,206683.1371289016,6,8,full,-0.011115344016842554,1838365.0505258846,-0.6622941322021678
2023-11-28 00:00:00+00:00,655920.6727608232,233613.43348356072,233613.43348356072,422307.2392772625,9,5,full,0.056527868466745845,1838365.0505258846,-0.6432043393268438
2023-11-29 00:00:00+00:00,638390.0491714701,194395.9005267679,194395.90052676783,443994.1486447023,10,5,full,-0.026726743518488694,1838365.0505258846,-0.652740325438165
2023-11-30 00:00:00+00:00,642527.2191269163,234169.1425297868,234169.14252978674,408358.0765971295,9,7,full,0.006480630393308262,1838365.0505258846,-0.6504898638368293
2023-12-01 00:00:00+00:00,661969.0962699993,318277.37236406107,232843.42261772515,343691.7239059382,7,5,full,0.030258449080960537,1838365.0505258846,-0.6399142291784563
2023-12-02 00:00:00+00:00,670738.29977565,393161.34941461077,393161.34941461077,277576.9503610393,5,7,full,0.013247149383653456,1838365.0505258846,-0.6351441191814553
2023-12-03 00:00:00+00:00,668873.0221376161,627424.854835477,627424.854835477,41448.16730213906,1,11,full,-0.0027809320545104654,1838365.0505258846,-0.6361587585957003
2023-12-04 00:00:00+00:00,678274.4785433233,448109.52210709837,448109.52210709837,230164.95643622498,4,9,full,0.014055666912176745,1838365.0505258846,-0.6310447272976085
2023-12-05 00:00:00+00:00,689340.7592874388,313452.7766604554,313452.77666045533,375887.9826269834,7,8,full,0.016315342968353574,1838365.0505258846,-0.6250250954834866
2023-12-06 00:00:00+00:00,676743.5570502644,287329.2048338487,287329.2048338487,389414.3522164157,9,8,full,-0.01827427446796548,1838365.0505258846,-0.6318774898072206
2023-12-07 00:00:00+00:00,680804.2236201069,287329.2048338487,287329.2048338487,393475.01878625824,9,8,full,0.0060003032574729165,1838365.0505258846,-0.6296686431101617
2023-12-08 00:00:00+00:00,702365.2838547932,257666.26825780811,257666.26825780811,444699.01559698506,10,8,full,0.03166998600572346,1838365.0505258846,-0.6179402542199799
2023-12-09 00:00:00+00:00,693695.5681710823,457391.8542938757,425037.4434228236,236303.71387720658,7,7,full,-0.012343599381975268,1838365.0505258846,-0.6226562466618678
2023-12-10 00:00:00+00:00,700211.9353745936,525261.5938832456,525261.5938832456,174950.34149134796,5,8,full,0.009393698767157455,1838365.0505258846,-0.6191115931113409
2023-12-11 00:00:00+00:00,688473.1804957611,164023.84556846027,164023.84556846027,524449.3349273008,9,4,full,-0.016764574103628527,1838365.0505258846,-0.6254970250338387
2023-12-12 00:00:00+00:00,694665.7292528811,164023.84556846027,164023.84556846027,530641.8836844208,9,6,full,0.00899461145699365,1838365.0505258846,-0.6221285162845299
2023-12-13 00:00:00+00:00,731819.2660936288,87463.37110370953,87463.37110370953,644355.8949899193,11,4,full,0.053484050351392254,1838365.0505258846,-0.6019184188231365
2023-12-14 00:00:00+00:00,743235.6435361998,128921.58236871616,128921.58236871615,614314.0611674837,10,6,full,0.015599995752380691,1838365.0505258846,-0.5957083478476763
2023-12-15 00:00:00+00:00,709929.7593989975,134347.40748718585,121733.81484207013,575582.3519118117,12,4,full,-0.04481201140830393,1838365.0505258846,-0.6138254699762083
2023-12-16 00:00:00+00:00,718558.3763145453,506839.0559538735,450126.39311783825,211719.32036067185,6,7,full,0.012154183989768752,1838365.0505258846,-0.6091318336861367
2023-12-17 00:00:00+00:00,702706.827517431,200424.33809894303,200424.33809894303,502282.48941848794,11,3,full,-0.02206021016471371,1838365.0505258846,-0.6177544675817167
2023-12-18 00:00:00+00:00,759745.5517660091,132029.76710458111,132029.76710458111,627715.784661428,11,2,full,0.08117001573769844,1838365.0505258846,-0.5867275916996597
2023-12-19 00:00:00+00:00,751970.9549655016,-1.1423253454267979e-09,-1.1350493878126144e-09,751970.9549655027,13,0,full,-0.01023315869692909,1838365.0505258846,-0.5909566738388592
2023-12-20 00:00:00+00:00,795502.3324099279,67801.50957857883,67801.50957857883,727700.822831349,10,4,full,0.05788970592145204,1838365.0505258846,-0.5672772759782582
2023-12-21 00:00:00+00:00,814715.0146590156,67801.50957857883,67801.50957857883,746913.5050804367,10,5,full,0.024151635345787126,1838365.0505258846,-0.5568263145418494
2023-12-22 00:00:00+00:00,800289.2354289757,418352.05463802145,359953.4905308685,381937.18079095427,6,7,full,-0.017706534150567443,1838365.0505258846,-0.5646733845380469
2023-12-23 00:00:00+00:00,811353.0085608747,558648.8592188703,508565.6876324522,252704.1493420045,4,8,full,0.013824718167011918,1838365.0505258846,-0.5586551167686862
2023-12-24 00:00:00+00:00,813831.9349596703,710217.8016006133,710217.8016006132,103614.13335905697,2,10,full,0.0030552994475148143,1838365.0505258846,-0.5573066759907861
2023-12-25 00:00:00+00:00,809028.1622425864,710217.8016006133,710217.8016006134,98810.36064197305,2,11,full,-0.0059026593952987705,1838365.0505258846,-0.5599197438989851
2023-12-26 00:00:00+00:00,827914.9181875808,276775.82815131336,230398.59002884716,551139.0900362674,8,3,full,0.023344991962506167,1838365.0505258846,-0.5496460738574493
2023-12-27 00:00:00+00:00,831018.3884639385,291074.6355630832,291074.6355630832,539943.7529008553,7,5,full,0.0037485376917130164,1838365.0505258846,-0.5479579051906929
2023-12-28 00:00:00+00:00,795801.3695140281,220588.48577028708,220588.48577028708,575212.883743741,9,5,full,-0.0423781464270675,1838365.0505258846,-0.56711461127572
2023-12-29 00:00:00+00:00,787958.3248224354,130339.1806042559,130339.18060425592,657619.1442181795,11,3,full,-0.009855530528154577,1838365.0505258846,-0.5713809264394842
2023-12-30 00:00:00+00:00,812503.6791170867,130339.1806042559,130339.18060425587,682164.4985128308,11,5,full,0.03115057423904055,1838365.0505258846,-0.5580291961682686
2023-12-31 00:00:00+00:00,798256.5112610394,539836.9729018878,431318.4068697634,258419.53835915163,6,7,full,-0.01753489642228956,1838365.0505258846,-0.565779108435134
2024-01-01 00:00:00+00:00,804526.5977207739,539836.9729018878,539836.9729018878,264689.62481888605,6,9,full,0.007854726358359931,1838365.0505258846,-0.562368422152809
2024-01-02 00:00:00+00:00,802663.8804721889,688239.9264686164,688239.9264686164,114423.95400357261,3,9,full,-0.0023152960434894565,1838365.0505258846,-0.5633816688135047
2024-01-03 00:00:00+00:00,845333.4282423068,171153.13264968197,171153.132649682,674180.2955926248,9,4,full,0.0531599201212547,1838365.0505258846,-0.540171073204155
2024-01-04 00:00:00+00:00,864357.8509188743,171153.13264968197,171153.132649682,693204.7182691923,9,4,full,0.022505229346158506,1838365.0505258846,-0.5298225177466167
2024-01-05 00:00:00+00:00,833380.7504960124,130658.6207701093,130658.6207701093,702722.129725903,9,5,full,-0.03583828201471295,1838365.0505258846,-0.5466728709525812
2024-01-06 00:00:00+00:00,784676.6812333302,51770.37103345494,51770.371033454896,732906.3101998753,12,2,full,-0.05844155775579707,1838365.0505258846,-0.5731660145470756
2024-01-07 00:00:00+00:00,768064.0066273425,51770.37103345494,51770.371033454896,716293.6355938877,12,2,full,-0.021171362681348338,1838365.0505258846,-0.5822026716578248
2024-01-08 00:00:00+00:00,782664.6084198302,628404.6920075931,507345.5998319217,154259.9164122371,5,7,full,0.019009615951931735,1838365.0505258846,-0.5742605049002969
2024-01-09 00:00:00+00:00,777311.2416135303,237072.3877976779,237072.38779767792,540238.8538158524,10,4,full,-0.006839924469190128,1838365.0505258846,-0.57717253089033
2024-01-10 00:00:00+00:00,817533.5853320026,294150.58377574605,294150.58377574605,523383.00155625655,9,4,full,0.051745480529754584,1838365.0505258846,-0.5552931203200702
2024-01-11 00:00:00+00:00,827288.1284707728,297310.498992141,297310.498992141,529977.6294786318,7,6,full,0.011931672672271798,1838365.0505258846,-0.549987023396622
2024-01-12 00:00:00+00:00,801685.0469109095,146338.70162497583,146338.70162497583,655346.3452859336,10,4,full,-0.030948203749992298,1838365.0505258846,-0.5639141166866839
2024-01-13 00:00:00+00:00,813574.263752872,125240.53973517644,125240.53973517644,688333.7240176955,10,5,full,0.014830283897366625,1838365.0505258846,-0.5574468392335135
2024-01-14 00:00:00+00:00,805370.9770057515,525707.4480999755,360693.14548705134,279663.528905776,6,6,full,-0.01008302144327955,1838365.0505258846,-0.5619091122433131
2024-01-15 00:00:00+00:00,809075.2124429808,525707.4480999755,426645.5164351455,283367.7643430054,6,6,full,0.004599415105571936,1838365.0505258846,-0.5598941503965515
2024-01-16 00:00:00+00:00,816837.2218402569,604219.3320089631,566423.3564146488,212617.88983129384,5,7,full,0.009593680881458289,1838365.0505258846,-0.5556719153213929
2024-01-17 00:00:00+00:00,813715.8934733806,763529.1485888341,732504.5016963767,50186.744884546526,2,9,full,-0.0038212366961489774,1838365.0505258846,-0.5573697981036965
2024-01-18 00:00:00+00:00,807510.3990012633,391579.95309329976,391579.9530932997,415930.4459079636,6,5,full,-0.007626119290393696,1838365.0505258846,-0.5607453488248887
2024-01-19 00:00:00+00:00,812202.5920561731,243367.1703921613,243367.17039216126,568835.4216640118,7,5,full,0.0058106905628869665,1838365.0505258846,-0.5581929759686013
2024-01-20 00:00:00+00:00,797158.771829148,243367.1703921613,243367.1703921613,553791.6014369867,7,5,full,-0.018522250943499352,1838365.0505258846,-0.5663762365363114
2024-01-21 00:00:00+00:00,782517.6259283066,162616.13049203495,162616.13049203495,619901.4954362717,8,5,full,-0.018366662223694874,1838365.0505258846,-0.5743404577320164
2024-01-22 00:00:00+00:00,749068.1580008735,113583.721947761,113583.721947761,635484.4360531125,10,3,full,-0.04274596100982608,1838365.0505258846,-0.592535683929264
2024-01-23 00:00:00+00:00,757928.8108753602,414990.132632229,358892.6579911605,342938.6782431311,7,5,full,0.01182890072130971,1838365.0505258846,-0.587715828986987
2024-01-24 00:00:00+00:00,756285.1603920159,564457.4103907456,509820.95997289487,191827.75000127035,5,7,full,-0.002168608000856831,1838365.0505258846,-0.5886099117388723
2024-01-25 00:00:00+00:00,745630.6278592574,488828.894351544,488828.894351544,256801.73350771342,6,7,full,-0.01408798306611736,1838365.0505258846,-0.5944055683358637
2024-01-26 00:00:00+00:00,758582.4977628393,569068.6256757814,565277.3489794885,189513.8720870579,5,8,full,0.017370356607758097,1838365.0505258846,-0.5873602484197367
2024-01-27 00:00:00+00:00,760650.5481131251,615756.4727690398,606191.226324998,144894.0753440853,3,8,full,0.002726203618439449,1838365.0505258846,-0.5862353084358667
2024-01-28 00:00:00+00:00,761583.5812158887,525175.1490838672,525175.1490838672,236408.43213202152,3,8,full,0.001226625163260664,1838365.0505258846,-0.5857277742535252
2024-01-29 00:00:00+00:00,782662.6439614461,525175.1490838672,525175.1490838672,257487.49487757887,3,8,full,0.027677937478515657,1838365.0505258846,-0.5742615734902288
2024-01-30 00:00:00+00:00,778898.0731911869,612829.0251498763,612829.0251498763,166069.0480413106,2,9,full,-0.004809953304024894,1838365.0505258846,-0.5763093554414699
2024-01-31 00:00:00+00:00,770537.1443568144,285023.51717083936,285023.5171708394,485513.6271859751,7,5,full,-0.010734304169115805,1838365.0505258846,-0.5808573796937699
2024-02-01 00:00:00+00:00,784365.3845729171,207133.70985172066,207133.70985172066,577231.6747211964,8,5,full,0.01794623441241816,1838365.0505258846,-0.5733353479775191
2024-02-02 00:00:00+00:00,787991.4158332676,371871.65080135304,371871.650801353,416119.76503191463,6,8,full,0.004622885369074403,1838365.0505258846,-0.5713629262001831
2024-02-03 00:00:00+00:00,785789.8181598679,371871.65080135304,371871.650801353,413918.16735851485,6,8,full,-0.0027939361129608598,1838365.0505258846,-0.5725605108000263
2024-02-04 00:00:00+00:00,776135.7884635264,371871.65080135304,371871.65080135304,404264.13766217337,6,8,full,-0.012285765828512374,1838365.0505258846,-0.5778119322701962
2024-02-05 00:00:00+00:00,776538.7772813488,701202.9072797414,526536.2850639103,75335.87000160747,1,8,full,0.0005192246302934134,1838365.0505258846,-0.5775927218268149
2024-02-06 00:00:00+00:00,776425.8111442814,776425.8111442814,776425.8111442813,0.0,0,11,full,-0.00014547391627095507,1838365.0505258846,-0.5776541710678321
2024-02-07 00:00:00+00:00,777252.5645952466,736559.1012577842,736559.1012577843,40693.46333746241,1,11,full,0.0010648196377536223,1838365.0505258846,-0.5772044489352619
2024-02-08 00:00:00+00:00,776312.7440931178,698321.0701217043,698321.0701217044,77991.67397141352,2,11,full,-0.001209157158095997,1838365.0505258846,-0.577715675202243
2024-02-09 00:00:00+00:00,778913.6224399129,698321.0701217043,694728.0325735437,80592.55231820865,2,10,full,0.0033502971148997585,1838365.0505258846,-0.5763008972472056
2024-02-10 00:00:00+00:00,777088.9692423842,620429.707877713,620429.707877713,156659.26136467117,3,10,full,-0.0023425616717461795,1838365.0505258846,-0.5772934385256675
2024-02-11 00:00:00+00:00,788558.2104743199,581400.9775530768,581400.9775530768,207157.23292124306,4,10,full,0.01475923824155867,1838365.0505258846,-0.5710546116785977
2024-02-12 00:00:00+00:00,800988.869867773,444218.1960714632,444218.1960714632,356770.6737963098,6,8,full,0.015763781580532932,1838365.0505258846,-0.5642928102671223
2024-02-13 00:00:00+00:00,789317.8526573832,155263.50561927946,155263.50561927946,634054.3470381037,11,4,full,-0.014570760780129755,1838365.0505258846,-0.5706413954989027
2024-02-14 00:00:00+00:00,811722.3726538931,155263.50561927946,155263.50561927946,656458.8670346136,11,4,full,0.028384661415019163,1838365.0505258846,-0.5584541968845138
2024-02-15 00:00:00+00:00,816935.0204357672,235683.12179290142,235683.1217929014,581251.8986428658,10,6,full,0.00642171259223967,1838365.0505258846,-0.5556187166405966
2024-02-16 00:00:00+00:00,808952.4644834693,189928.26988229624,189928.26988229618,619024.194601173,11,5,full,-0.00977134747882391,1838365.0505258846,-0.5599609205733869
2024-02-17 00:00:00+00:00,809743.458360341,310259.8134474003,251898.6323663836,499483.64491294074,10,4,full,0.0009778001942015724,1838365.0505258846,-0.5595306502760673
2024-02-18 00:00:00+00:00,813348.9672986632,647075.3143874711,647075.314387471,166273.65291119218,4,9,full,0.004452655839447095,1838365.0505258846,-0.5575693918539216
2024-02-19 00:00:00+00:00,815665.848440893,647075.3143874711,633663.6665188667,168590.534053422,4,8,full,0.0028485695997435556,1838365.0505258846,-0.5563090974735607
2024-02-20 00:00:00+00:00,819300.6574209362,257055.7871643702,257055.78716437015,562244.870256566,9,6,full,0.004456247600645558,1838365.0505258846,-0.5543319009537491
2024-02-21 00:00:00+00:00,817947.9863897101,250562.0493928599,245384.39591691212,567385.9369968502,11,3,full,-0.0016510068910283726,1838365.0505258846,-0.5550677020563859
2024-02-22 00:00:00+00:00,847445.4258011046,165145.422478451,165145.42247845093,682300.0033226537,11,5,full,0.036062732474703596,1838365.0505258846,-0.5390222276262903
2024-02-23 00:00:00+00:00,838212.4070366169,-8.731149137020111e-10,-9.058567229658365e-10,838212.4070366177,16,0,full,-0.010895119005167264,1838365.0505258846,-0.5440446353150388
2024-02-24 00:00:00+00:00,853196.9515107546,-8.731149137020111e-10,-9.058567229658365e-10,853196.9515107555,16,0,full,0.017876786776651832,1838365.0505258846,-0.5358936184808951
2024-02-25 00:00:00+00:00,859353.4871800547,416380.89624726167,416380.89624726167,442972.590932793,11,5,full,0.007215843491234608,1838365.0505258846,-0.5325446994685701
2024-02-26 00:00:00+00:00,870381.3618499639,350310.51788657065,350310.51788657065,520070.84396339324,9,5,full,0.012832757223220081,1838365.0505258846,-0.5265459590841428
2024-02-27 00:00:00+00:00,848317.5765878744,244515.6222709539,244515.62227095384,603801.9543169206,11,3,full,-0.02534956081227857,1838365.0505258846,-0.5385478110861583
2024-02-28 00:00:00+00:00,923783.3671517017,334714.5155415768,334714.5155415768,589068.8516101249,7,6,full,0.08895936220886491,1838365.0505258846,-0.4974973186704984
2024-02-29 00:00:00+00:00,911214.5821077022,84831.7576587865,84831.75765878658,826382.8244489157,12,1,full,-0.013605771104921338,1838365.0505258846,-0.5043342551322768
2024-03-01 00:00:00+00:00,1026791.758360873,84831.7576587865,84831.75765878649,941960.0007020865,12,1,full,0.12683859380941076,1838365.0505258846,-0.4414647090537607
2024-03-02 00:00:00+00:00,1029141.365583036,279677.58892181376,279677.58892181376,749463.7766612222,10,5,full,0.0022882996508599707,1838365.0505258846,-0.4401866129424954
2024-03-03 00:00:00+00:00,1068103.4666530013,502996.12046905485,502996.1204690548,565107.3461839465,9,6,full,0.0378588426944555,1838365.0505258846,-0.418992725983635
2024-03-04 00:00:00+00:00,1107191.0147106207,444835.0188571177,444835.0188571176,662355.9958535031,10,7,full,0.03659528245901478,1838365.0505258846,-0.397730600680264
2024-03-05 00:00:00+00:00,1067963.248976151,326133.1265192017,320388.97469284444,741830.1224569494,12,3,full,-0.03542998923697227,1838365.0505258846,-0.41906899901592
2024-03-06 00:00:00+00:00,1206865.2390959768,219336.80162158655,219336.80162158655,987528.4374743903,13,3,full,0.13006251877392794,1838365.0505258846,-0.3435116497940712
2024-03-07 00:00:00+00:00,1220883.1903038588,219336.80162158655,219336.80162158655,1001546.3886822722,13,3,full,0.011615175210765383,1838365.0505258846,-0.33588642258260315
2024-03-08 00:00:00+00:00,1311547.9152485302,399295.88678725477,399295.88678725477,912252.0284612754,10,5,full,0.07426158838513164,1838365.0505258846,-0.2865682934554552
2024-03-09 00:00:00+00:00,1381289.3161880255,598654.6573278052,598654.6573278052,782634.6588602203,8,6,full,0.053174878423164484,1838365.0505258846,-0.24863164919671832
2024-03-10 00:00:00+00:00,1375566.3175740247,1173363.497609034,1173363.497609034,202202.81996499072,2,11,full,-0.004143229479103394,1838365.0505258846,-0.2517447406974318
2024-03-11 00:00:00+00:00,1419490.9987692814,907025.5516394792,907025.5516394791,512465.4471298023,4,8,full,0.03193207091078176,1838365.0505258846,-0.2278514006980168
2024-03-12 00:00:00+00:00,1410934.35455591,678345.4781362107,678345.4781362107,732588.8764196993,6,7,full,-0.0060279665181323105,1838365.0505258846,-0.23250588660163185
2024-03-13 00:00:00+00:00,1433450.7951137605,678345.4781362107,678345.4781362107,755105.3169775497,6,7,full,0.015958531653258667,1838365.0505258846,-0.22025780749927437
2024-03-14 00:00:00+00:00,1453538.026694066,567608.8572942715,567608.8572942714,885929.1693997945,7,6,full,0.014013199231377227,1838365.0505258846,-0.20933112480665073
2024-03-15 00:00:00+00:00,1421492.3972235618,298132.5019992003,298132.5019992003,1123359.8952243614,10,4,full,-0.02204663991033584,1838365.0505258846,-0.22676271678634874
2024-03-16 00:00:00+00:00,1337526.531393431,468012.7348689592,346615.4857791584,869513.7965244717,10,3,full,-0.0590688110566977,1838365.0505258846,-0.2724369237704901
2024-03-17 00:00:00+00:00,1399321.775875972,673868.1092570071,352795.0102274125,725453.6666189648,8,3,full,0.04620113547815974,1838365.0505258846,-0.23882268351670388
2024-03-18 00:00:00+00:00,1353684.8224975206,533935.93166941,533935.9316694099,819748.8908281107,9,4,full,-0.03261362337471141,1838365.0505258846,-0.2636474338378636
2024-03-19 00:00:00+00:00,1287497.7943099337,235311.7057027594,235311.70570275933,1052186.0886071743,11,2,full,-0.04889397228039627,1838365.0505258846,-0.29965063579639384
2024-03-20 00:00:00+00:00,1426613.050184328,565333.3470593644,565333.3470593643,861279.7031249638,7,6,full,0.10805086928242602,1838365.0505258846,-0.22397727819279978
2024-03-21 00:00:00+00:00,1400828.6828246,730538.7780146872,730538.7780146872,670289.9048099128,5,8,full,-0.01807383393583606,1838365.0505258846,-0.23800298399717867
2024-03-22 00:00:00+00:00,1378679.6666590502,631265.3839087741,631265.3839087741,747414.2827502759,6,7,full,-0.015811366826733675,1838365.0505258846,-0.25005119833807565
2024-03-23 00:00:00+00:00,1372344.9331845148,783557.2121516442,783557.2121516442,588787.7210328705,5,8,full,-0.004594782695161004,1838365.0505258846,-0.25349705011420864
2024-03-24 00:00:00+00:00,1384788.4511834702,1199132.2640819699,1106429.5418740208,185656.18710150034,2,9,full,0.009067339921662754,1838365.0505258846,-0.24672825411507027
2024-03-25 00:00:00+00:00,1391017.1852022961,1199132.2640819699,1199132.2640819699,191884.92112032627,2,10,full,0.004497967912357126,1838365.0505258846,-0.24334006197279467
2024-03-26 00:00:00+00:00,1397513.5368366602,1283404.2481373423,1283404.2481373423,114109.28869931785,1,11,full,0.004670216661212034,1838365.0505258846,-0.23980629612334825
2024-03-27 00:00:00+00:00,1400394.918579427,1172611.265372225,1172611.265372225,227783.65320720192,2,11,full,0.002061791651255751,1838365.0505258846,-0.23823893509135818
2024-03-28 00:00:00+00:00,1413088.6264381688,1090774.322785038,1090774.322785038,322314.3036531309,3,9,full,0.009064377262678391,1838365.0505258846,-0.23133404541500657
2024-03-29 00:00:00+00:00,1396773.581681572,812428.473504005,812428.473504005,584345.1081775669,5,7,full,-0.011545662778222665,1838365.0505258846,-0.24020880331574546
2024-03-30 00:00:00+00:00,1385538.099112195,592905.6133611295,592905.6133611295,792632.4857510653,7,6,full,-0.008043882499445987,1838365.0505258846,-0.24632047442598715
2024-03-31 00:00:00+00:00,1421141.4070328628,592905.6133611295,592905.6133611294,828235.7936717334,7,6,full,0.02569637597369656,1838365.0505258846,-0.22695364197316004
2024-04-01 00:00:00+00:00,1388347.5803376008,541139.2103140401,470194.7222852629,847208.3700235607,7,5,full,-0.023075695728077328,1838365.0505258846,-0.24479222451468563
2024-04-02 00:00:00+00:00,1327311.4208244062,283827.20168195514,283827.20168195514,1043484.2191424511,9,4,full,-0.043963169149869974,1838365.0505258846,-0.2779935516916435
2024-04-03 00:00:00+00:00,1338276.0853857985,426783.5990775167,426783.5990775167,911492.4863082817,8,5,full,0.008260807817491722,1838365.0505258846,-0.27202919517917845
2024-04-04 00:00:00+00:00,1345521.513002045,626432.7588224352,626432.758822435,719088.7541796098,6,9,full,0.005414000665010521,1838365.0505258846,-0.2680879607577702
2024-04-05 00:00:00+00:00,1319691.3966156521,338616.0518639964,338616.0518639964,981075.3447516557,10,8,full,-0.019197103975515217,1838365.0505258846,-0.2821385522760347
2024-04-06 00:00:00+00:00,1334280.1790149673,547770.5403621315,547770.5403621315,786509.6386528357,9,7,full,0.0110546923596897,1838365.0505258846,-0.2742028148145649
2024-04-07 00:00:00+00:00,1345212.1517014909,870175.6367799987,719675.0755176055,475036.5149214922,6,7,full,0.008193161270366955,1838365.0505258846,-0.2682562414267623
2024-04-08 00:00:00+00:00,1354529.4588781511,988897.6049804314,988897.6049804314,365631.85389771976,5,8,full,0.006926273424511686,1838365.0505258846,-0.2631879840782041
2024-04-09 00:00:00+00:00,1320507.927051851,768571.4922809581,768571.4922809581,551936.4347708928,7,8,full,-0.025116863722164706,1838365.0505258846,-0.2816943910709654
2024-04-10 00:00:00+00:00,1334296.6560121933,656150.1983647484,630635.3717114602,678146.4576474449,6,7,full,0.010441988781640044,1838365.0505258846,-0.2741938519607392
2024-04-11 00:00:00+00:00,1332006.7494556752,512527.7546592063,309772.6126796296,819478.9947964689,7,4,full,-0.0017161899838390449,1838365.0505258846,-0.27543947320221296
2024-04-12 00:00:00+00:00,1234528.0534362893,223199.32468837276,223199.32468837264,1011328.7287479166,10,4,full,-0.07318183339477868,1838365.0505258846,-0.32846414095876175
2024-04-13 00:00:00+00:00,1114374.6501909127,-9.822542779147625e-10,-1.0550138540565968e-09,1114374.6501909136,14,0,full,-0.09732739803759949,1838365.0505258846,-0.3938229788081896
2024-04-14 00:00:00+00:00,1181692.7486982094,180547.91985794104,-1.0550138540565968e-09,1001144.8288402684,12,0,full,0.06040885665854301,1838365.0505258846,-0.35720451802531106
2024-04-15 00:00:00+00:00,1172213.450975194,521643.5651483016,117221.34509751835,650569.8858268925,9,1,full,-0.008021795626196426,1838365.0505258846,-0.3623608920111544
2024-04-16 00:00:00+00:00,1148212.4428727913,572151.8345650339,114821.24428727808,576060.6083077574,8,1,full,-0.020474946847296227,1838365.0505258846,-0.3754165188549834
2024-04-17 00:00:00+00:00,1131275.7138627262,821583.2488104176,227948.8156735507,309692.4650523086,5,2,full,-0.01475051861281862,1838365.0505258846,-0.3846294491188721
2024-04-18 00:00:00+00:00,1135873.8621274095,900764.031686912,113127.57138627156,235109.8304404975,2,1,full,0.004064569059812229,1838365.0505258846,-0.38212823301744103
2024-04-19 00:00:00+00:00,1136275.9407635198,787636.4603006394,113627.59407635093,348639.4804628805,3,1,full,0.0003539817663884559,1838365.0505258846,-0.3819095176779631
2024-04-20 00:00:00+00:00,1172793.5418109172,787636.4603006394,-1.0622898116707802e-09,385157.08151027776,3,0,full,0.032137969077176365,1838365.0505258846,-0.36204534487020046
2024-04-21 00:00:00+00:00,1150189.7249357507,915653.4447945772,115018.97249357401,234536.2801411735,2,1,full,-0.0192734834131707,1838365.0505258846,-0.3743409533341997
2024-04-22 00:00:00+00:00,1167367.9004330959,915653.4447945772,465229.3426235027,251714.4556385186,2,4,full,0.014935079948053653,1838365.0505258846,-0.364996685452023
2024-04-23 00:00:00+00:00,1163889.5544558484,1030007.7944268704,930785.1644058421,133881.76002897788,1,8,full,-0.0029796484689676994,1838365.0505258846,-0.36688877210600535
2024-04-24 00:00:00+00:00,1164433.093721353,813826.2632244809,698844.6290508842,350606.8304968722,3,6,full,0.00046700244316455475,1838365.0505258846,-0.3665931076157839
2024-04-25 00:00:00+00:00,1173828.066006253,697437.3077788961,349275.5741898545,476390.7582273568,4,3,full,0.008068280037348607,1838365.0505258846,-0.36148260343044136
2024-04-26 00:00:00+00:00,1161860.2309621829,697437.3077788961,465258.66493670625,464422.9231832868,4,4,full,-0.010195560483392319,1838365.0505258846,-0.36799264616686445
2024-04-27 00:00:00+00:00,1153093.5544561828,464550.6890346254,231495.37854183558,688542.8654215574,6,2,full,-0.007545379618286829,1838365.0505258846,-0.37276138157308436
2024-04-28 00:00:00+00:00,1145293.6103399014,464550.6890346254,116186.02309621731,680742.921305276,6,1,full,-0.0067643636426013565,1838365.0505258846,-0.3770042516788069
2024-04-29 00:00:00+00:00,1144969.5209209886,795078.882590708,114496.95209209788,349890.63833028055,3,1,full,-0.0002829749646613422,1838365.0505258846,-0.3771805438786723
2024-04-30 00:00:00+00:00,1130866.784270446,802618.8632976222,113086.67842704362,328247.9209728238,3,1,full,-0.012317128441286962,1838365.0505258846,-0.38485189111545115
2024-05-01 00:00:00+00:00,1138129.6470091552,689532.1848705775,-9.89530235528946e-10,448597.46213857766,4,0,full,0.0064223857661489525,1838365.0505258846,-0.3809011726568775
2024-05-02 00:00:00+00:00,1151244.176264364,906799.0797965509,906799.079796551,244445.0964678131,2,9,full,0.011522878162142591,1838365.0505258846,-0.3737673722990774
2024-05-03 00:00:00+00:00,1161121.3665748248,906799.0797965509,906799.0797965508,254322.28677827393,2,9,full,0.008579578958228362,1838365.0505258846,-0.36839456002349846
2024-05-04 00:00:00+00:00,1162297.7378769019,906799.0797965509,906799.0797965508,255498.65808035107,2,9,full,0.0010131337997398848,1838365.0505258846,-0.36775465920415873
2024-05-05 00:00:00+00:00,1160994.163462656,1044286.9741488843,1044286.9741488842,116707.18931377167,1,10,full,-0.0011215494720199226,1838365.0505258846,-0.3684637536323153
2024-05-06 00:00:00+00:00,1160899.8668634458,1044719.7446860144,1044719.7446860144,116180.12217743143,1,10,full,-8.122056266757216e-05,1838365.0505258846,-0.36851504736159035
2024-05-07 00:00:00+00:00,1146460.6378372032,516659.7119270155,516659.7119270155,629800.9259101877,6,5,full,-0.01243796251373086,1838365.0505258846,-0.3763694335304919
2024-05-08 00:00:00+00:00,1135743.4426472564,191924.15054952452,191924.15054952452,943819.2920977318,9,5,full,-0.009348070780837991,1838365.0505258846,-0.382199176206943
2024-05-09 00:00:00+00:00,1204923.609202211,167677.72165843606,167677.72165843606,1037245.8875437749,10,4,full,0.060911790424873935,1838365.0505258846,-0.3445678219037458
2024-05-10 00:00:00+00:00,1174467.45947637,91852.98745517613,91852.98745517613,1082614.4720211937,11,3,full,-0.025276415445130485,1838365.0505258846,-0.3611347979334134
2024-05-11 00:00:00+00:00,1167528.161215081,197423.3947897738,197423.3947897738,970104.7664253073,10,3,full,-0.005908463623489957,1838365.0505258846,-0.36490950974013736
2024-05-12 00:00:00+00:00,1166046.531294554,724285.0008228936,663842.0073075953,441761.53047166043,5,7,full,-0.0012690314201802,1838365.0505258846,-0.36571545952693485
2024-05-13 00:00:00+00:00,1170121.543777172,759033.9334391276,689025.0960343789,411087.6103380443,5,6,full,0.003494725444698865,1838365.0505258846,-0.36349880920416444
2024-05-14 00:00:00+00:00,1136041.7056412683,669088.3814322107,669088.3814322106,466953.32420905767,5,7,full,-0.029125041169563826,1838365.0505258846,-0.3820369325905695
2024-05-15 00:00:00+00:00,1189498.653211779,628336.4738086658,628336.4738086656,561162.1794031133,5,8,full,0.047055444624135134,1838365.0505258846,-0.3529584056923244
2024-05-16 00:00:00+00:00,1178305.6766342311,347108.250003979,347108.2500039791,831197.426630252,8,6,full,-0.009409827028660778,1838365.0505258846,-0.35904695517510854
2024-05-17 00:00:00+00:00,1195248.812108729,347108.250003979,347108.25000397896,848140.5621047501,8,7,full,0.014379236059436806,1838365.0505258846,-0.3498305400405567
2024-05-18 00:00:00+00:00,1194528.313981259,558097.9035992101,558097.9035992101,636430.4103820489,7,8,full,-0.0006028017933762397,1838365.0505258846,-0.3502224633570188
2024-05-19 00:00:00+00:00,1182285.6094179372,610434.4751178105,524285.390852729,571851.1343001267,7,7,full,-0.010248986499547974,1838365.0505258846,-0.3568820245577823
2024-05-20 00:00:00+00:00,1234795.575582965,642752.4747060944,598789.2029066755,592043.1008768707,7,6,full,0.044413943421741875,1838365.0505258846,-0.32831861918298644
2024-05-21 00:00:00+00:00,1233082.6271697506,714078.3202240061,714078.3202240061,519004.3069457445,6,6,full,-0.0013872323865475877,1838365.0505258846,-0.32925039734789685
2024-05-22 00:00:00+00:00,1245635.608286018,590770.057507031,590770.0575070309,654865.5507789871,7,7,full,0.010180162172165108,1838365.0505258846,-0.3224220576159832
2024-05-23 00:00:00+00:00,1253165.2485370664,159876.97379591002,159876.9737959099,1093288.2747411565,11,5,full,0.006044817762884236,1838365.0505258846,-0.3183262224341218
2024-05-24 00:00:00+00:00,1251467.6032754215,171761.127287966,171761.12728796597,1079706.4759874556,12,4,full,-0.0013546858753278324,1838365.0505258846,-0.3192496762721716
2024-05-25 00:00:00+00:00,1265164.8533043682,217232.7179001585,208790.68730523039,1047932.1354042097,12,3,full,0.010944949747877963,1838365.0505258846,-0.3117988981881189
2024-05-26 00:00:00+00:00,1266467.312469577,453184.59029806434,453184.5902980643,813282.7221715127,10,6,full,0.0010294778279740235,1838365.0505258846,-0.3110904104126163
2024-05-27 00:00:00+00:00,1299932.364316426,607197.8943772241,589364.2340846471,692734.4699392018,9,5,full,0.026423936502232515,1838365.0505258846,-0.2928867071615804
2024-05-28 00:00:00+00:00,1313542.626074005,918858.822842408,728278.3263205271,394683.80323159695,5,6,full,0.01046997684739992,1838365.0505258846,-0.2854832473570733
2024-05-29 00:00:00+00:00,1292458.4179299888,721116.9542294892,721116.9542294892,571341.4637004995,5,6,full,-0.016051407640294002,1838365.0505258846,-0.296952247019564
2024-05-30 00:00:00+00:00,1300956.065368532,391856.2128452865,391856.2128452866,909099.8525232454,7,6,full,0.006574793680521607,1838365.0505258846,-0.29232985309616333
2024-05-31 00:00:00+00:00,1307259.1035955679,262610.37105228764,262610.37105228764,1044648.7325432801,8,5,full,0.00484492781487611,1838365.0505258846,-0.28890124231767134
2024-06-01 00:00:00+00:00,1295781.3904012835,246050.7379812207,246050.7379812207,1049730.6524200628,9,5,full,-0.00877998337339192,1838365.0505258846,-0.29514467758696183
2024-06-02 00:00:00+00:00,1273789.66422175,460529.57721361314,460529.5772136131,813260.0870081369,8,7,full,-0.01697178732650495,1838365.0505258846,-0.30710733221491104
2024-06-03 00:00:00+00:00,1289594.0898157242,450374.2027325078,450374.2027325078,839219.8870832165,10,6,full,0.012407406056030634,1838365.0505258846,-0.2985103315324551
2024-06-04 00:00:00+00:00,1285234.1018226726,761479.5825108585,446435.57860683085,523754.51931181405,8,5,full,-0.0033808994841737494,1838365.0505258846,-0.3008819975907303
2024-06-05 00:00:00+00:00,1301626.3741010851,890712.7861642598,706760.8534270478,410913.5879368254,7,7,full,0.012754308538160952,1838365.0505258846,-0.29196523088341975
2024-06-06 00:00:00+00:00,1293645.457429784,911292.2378522895,905508.7763072664,382353.2195774944,6,7,full,-0.006131495819461152,1838365.0505258846,-0.29630654311029125
2024-06-07 00:00:00+00:00,1245539.1866688316,308378.4832528826,308378.4832528826,937160.703415949,10,5,full,-0.03718659582087491,1838365.0505258846,-0.32247450727344307
2024-06-08 00:00:00+00:00,1231016.2960941042,426143.8630415255,426143.86304152536,804872.4330525788,7,6,full,-0.011659922650501753,1838365.0505258846,-0.3303744021123779
2024-06-09 00:00:00+00:00,1238165.0106532902,416377.63081645593,416377.63081645593,821787.3798368343,7,6,full,0.005807164845719859,1838365.0505258846,-0.3264857758805306
2024-06-10 00:00:00+00:00,1188970.3326008047,203745.26598502867,203745.26598502859,985225.0666157762,10,2,full,-0.039731923959415494,1838365.0505258846,-0.3532457918188302
2024-06-11 00:00:00+00:00,1110565.7198665717,-1.3533281162381172e-09,-1.4115357771515846e-09,1110565.719866573,12,0,full,-0.06594328772083602,1838365.0505258846,-0.3958948906535825
2024-06-12 00:00:00+00:00,1125421.7526842393,549029.4815505745,450168.7010736943,576392.2711336649,7,4,full,0.013376995662582214,1838365.0505258846,-0.3878137792261118
2024-06-13 00:00:00+00:00,1099002.9598770065,338815.79978449986,332342.7672438238,760187.1600925066,9,3,full,-0.023474570972367825,1838365.0505258846,-0.4021845881139742
2024-06-14 00:00:00+00:00,1102119.1541017636,173357.62327986464,110211.91541017494,928761.5308218991,10,1,full,0.002835473914561515,1838365.0505258846,-0.4004894981078485
2024-06-15 00:00:00+00:00,1106235.783650311,348083.5427324882,220835.49377520604,758152.2409178228,7,2,full,0.003735194632292105,1838365.0505258846,-0.3982502096991781
2024-06-16 00:00:00+00:00,1122268.724854526,557947.8672323273,445289.2387461113,564320.8576221986,5,4,full,0.014493240447629008,1838365.0505258846,-0.38952890529903794
2024-06-17 00:00:00+00:00,1081021.4034131563,112658.6284862146,-1.4551915228366852e-09,968362.7749269416,9,0,full,-0.03675351591635645,1838365.0505258846,-0.41196586439460536
2024-06-18 00:00:00+00:00,1041594.55839692,418198.0885017265,104159.45583969055,623396.4698951935,6,1,full,-0.03647184495307143,1838365.0505258846,-0.4334125542155186
2024-06-19 00:00:00+00:00,1033328.2953079342,638621.1525116626,310825.11490127735,394707.1427962716,4,3,full,-0.007936161937815878,1838365.0505258846,-0.43790908393719774
2024-06-20 00:00:00+00:00,1033776.219863974,638621.1525116626,207492.28537048394,395155.0673523114,4,2,full,0.00043347749023592286,1838365.0505258846,-0.4376654301776185
2024-06-21 00:00:00+00:00,1031832.0883004377,638621.1525116626,103332.82953079193,393210.93578877515,4,1,full,-0.001880611612242511,1838365.0505258846,-0.4387229630995918
2024-06-22 00:00:00+00:00,1031253.7093026747,1031253.7093026747,309376.1127908009,0.0,0,3,full,-0.000560535967354503,1838365.0505258846,-0.4390375790664247
2024-06-23 00:00:00+00:00,1031178.1561005128,928128.3383724072,206250.74186053348,103049.81772810558,1,2,full,-7.326344766600545e-05,1838365.0505258846,-0.43907867710739334
2024-06-24 00:00:00+00:00,1040628.5980980496,721877.5965118723,104062.85980980349,318751.0015861773,3,1,full,0.009164703442976707,1838365.0505258846,-0.4339379995282404
2024-06-25 00:00:00+00:00,1038320.0414961295,721877.5965118723,104062.85980980349,316442.4449842572,3,1,full,-0.0022184251001169386,1838365.0505258846,-0.43519376567830936
2024-06-26 00:00:00+00:00,1032975.4879849486,721877.5965118723,207360.40860829834,311097.89147307636,3,2,full,-0.00514730843823441,1838365.0505258846,-0.43810099757420073
2024-06-27 00:00:00+00:00,1031570.291711299,721877.5965118723,206454.57796962326,309692.6951994267,3,2,full,-0.001360338449454157,1838365.0505258846,-0.43886537039191054
2024-06-28 00:00:00+00:00,1011078.3298491829,714429.5238367479,103297.54879849336,296648.806012435,3,1,full,-0.01986482358669084,1838365.0505258846,-0.45001221081745835
2024-06-29 00:00:00+00:00,1013005.5999813937,923276.0001117701,303901.6799944166,89729.59986962349,1,3,full,0.0019061531389938935,1838365.0505258846,-0.4489638498666997
2024-06-30 00:00:00+00:00,1015433.2478446717,923276.0001117701,202601.11999627724,92157.24773290155,1,2,full,0.0023964802004279306,1838365.0505258846,-0.4476433026431851
2024-07-01 00:00:00+00:00,1016880.499455472,923276.0001117701,609353.319778466,93604.49934370193,1,6,full,0.00142525529262727,1838365.0505258846,-0.4468560533368592
2024-07-02 00:00:00+00:00,999369.0129178173,821587.9501662229,199873.80258356195,177781.0627515944,2,2,full,-0.017220790984812773,1838365.0505258846,-0.4563816296268596
2024-07-03 00:00:00+00:00,987537.7169430966,810686.7128386046,99936.9012917802,176851.00410449205,2,1,full,-0.011838766083188235,1838365.0505258846,-0.4628174003522312
2024-07-04 00:00:00+00:00,972164.0274952754,710749.8115468228,-1.5425030142068863e-09,261414.2159484526,3,0,full,-0.015567698513237693,1838365.0505258846,-0.4711800971101049
2024-07-05 00:00:00+00:00,965481.3054700131,710749.8115468228,-1.5425030142068863e-09,254731.49392319022,3,0,full,-0.006874068404361666,1838365.0505258846,-0.47481524129615793
2024-07-06 00:00:00+00:00,989390.4513943181,710749.8115468228,-1.5425030142068863e-09,278640.6398474953,3,0,full,0.024763965691356082,1838365.0505258846,-0.46180958394999294
2024-07-07 00:00:00+00:00,975563.3010675679,797372.4004692734,-1.5425030142068863e-09,178190.9005982945,2,0,full,-0.013975423259102615,1838365.0505258846,-0.4693310228082843
2024-07-08 00:00:00+00:00,976582.4238261817,878077.381298503,585949.4542957075,98505.04252767867,1,6,full,0.0010446505700845155,1838365.0505258846,-0.4687766591587348
2024-07-09 00:00:00+00:00,976434.7155149115,976434.7155149115,781236.3973986899,0.0,0,8,full,-0.0001512502249338965,1838365.0505258846,-0.46885700680852727
2024-07-10 00:00:00+00:00,978606.8789975141,878791.2439634203,878791.2439634204,99815.63503409391,1,9,full,0.0022245864962484596,1838365.0505258846,-0.4676754332782965
2024-07-11 00:00:00+00:00,973237.9225481264,781133.001580802,682136.958686962,192104.9209673244,2,7,full,-0.005486326087230986,1838365.0505258846,-0.47059593943557565
2024-07-12 00:00:00+00:00,972562.3012673632,781133.001580802,781133.001580802,191429.2996865612,2,10,full,-0.0006941995015918856,1838365.0505258846,-0.4709634514705602
2024-07-13 00:00:00+00:00,966904.1855353125,781133.001580802,781133.001580802,185771.18395451052,2,11,full,-0.00581774116134004,1838365.0505258846,-0.4740412491747932
2024-07-14 00:00:00+00:00,972259.9432919883,781133.001580802,780741.8098783467,191126.9417111863,2,11,full,0.0055390780563335795,1838365.0505258846,-0.4711279225995606
2024-07-15 00:00:00+00:00,986326.8282151569,873414.1371053627,873414.1371053627,112912.69110979416,1,11,full,0.014468234570622407,1838365.0505258846,-0.4634760773258786
2024-07-16 00:00:00+00:00,990236.7340149316,775286.260661678,775286.2606616782,214950.4733532535,3,9,full,0.003964107725681565,1838365.0505258846,-0.46134923869899314
2024-07-17 00:00:00+00:00,987386.5354959071,775286.260661678,775286.2606616779,212100.2748342291,3,9,full,-0.0028783001287665533,1838365.0505258846,-0.46289963725460603
2024-07-18 00:00:00+00:00,990786.2335941187,587441.251652312,587441.251652312,403344.98194180673,5,9,full,0.0034431278693751732,1838365.0505258846,-0.461050332026986
2024-07-19 00:00:00+00:00,1005460.71594517,488417.5782508188,421638.2995737336,517043.13769435126,6,6,full,0.014810946956558935,1838365.0505258846,-0.45306797708238256
2024-07-20 00:00:00+00:00,1008497.128965696,488417.5782508188,488417.5782508188,520079.55071487714,6,8,full,0.003019922083849602,1838365.0505258846,-0.45141628498800923
2024-07-21 00:00:00+00:00,1012643.9758862496,707709.5160572149,707709.5160572149,304934.45982903463,3,9,full,0.004111907512128088,1838365.0505258846,-0.4491605594892203
2024-07-22 00:00:00+00:00,1001469.386747028,590183.4843065215,590183.4843065215,411285.9024405065,5,10,full,-0.01103506208037408,1838365.0505258846,-0.4552391069115752
2024-07-23 00:00:00+00:00,989074.4643405848,393817.9602342444,327891.4548302594,595256.5041063405,9,5,full,-0.012376736194307791,1838365.0505258846,-0.46198146877430624
2024-07-24 00:00:00+00:00,982577.4176912995,365564.4991430693,365564.49914306926,617012.9185482302,10,6,full,-0.00656881446597346,1838365.0505258846,-0.46551561268518327
2024-07-25 00:00:00+00:00,981803.5825662664,47054.24502856986,47054.24502856983,934749.3375376966,15,4,full,-0.0007875563910794137,1838365.0505258846,-0.4659365492803452
2024-07-26 00:00:00+00:00,1014414.1882862464,47054.24502856986,47054.24502856983,967359.9432576766,15,3,full,0.03321499971994535,1838365.0505258846,-0.44819763191425877
2024-07-27 00:00:00+00:00,1005592.5784604852,163958.63527360192,163958.63527360186,841633.9431868833,13,7,full,-0.008696260292518576,1838365.0505258846,-0.4529962489371606
2024-07-28 00:00:00+00:00,1000199.0432760759,516899.14920752234,510955.1040718151,483299.8940685535,8,8,full,-0.005363539170770926,1838365.0505258846,-0.4559301249825447
2024-07-29 00:00:00+00:00,999223.2033303935,522065.54389784543,484528.5649239451,477157.6594325481,8,7,full,-0.0009756457499560112,1838365.0505258846,-0.4564609444437846
2024-07-30 00:00:00+00:00,998940.217649146,520876.7767347932,520876.77673479315,478063.4409143528,7,7,full,-0.0002832056744722644,1838365.0505258846,-0.4566148777886154
2024-07-31 00:00:00+00:00,975686.5841626283,308997.28294495936,308997.28294495936,666689.3012176689,10,4,full,-0.023278303421641833,1838365.0505258846,-0.4692639615382579
2024-08-01 00:00:00+00:00,959356.3057973031,57856.70332212973,57856.703322129775,901499.6024751733,13,1,full,-0.016737217289238937,1838365.0505258846,-0.4781470059372219
2024-08-02 00:00:00+00:00,892787.5818178675,79552.15062042853,79552.1506204285,813235.431197439,12,4,full,-0.06938894712753418,1838365.0505258846,-0.5143578357505896
2024-08-03 00:00:00+00:00,854680.1723566188,115666.30281816634,-1.2360032997094095e-09,739013.8695384525,14,0,full,-0.042683624007914034,1838365.0505258846,-0.535086803291801
2024-08-04 00:00:00+00:00,824555.4548395693,389511.41329281416,-1.2360032997094095e-09,435044.0415467551,10,0,full,-0.03524677240842766,1838365.0505258846,-0.5514734929258495
2024-08-05 00:00:00+00:00,803066.3085012264,546491.9610981185,-1.2360032997094095e-09,256574.34740310785,7,0,full,-0.02606149315029882,1838365.0505258846,-0.5631627634176899
2024-08-06 00:00:00+00:00,804283.7577161357,727129.0226268846,80428.37577161234,77154.73508925107,4,1,full,0.0015160008607277842,1838365.0505258846,-0.5625005177910332
2024-08-07 00:00:00+00:00,796851.9788773686,646700.6468552711,79685.19788773563,150151.3320220975,5,1,full,-0.00924024483581587,1838365.0505258846,-0.5665431201221867
2024-08-08 00:00:00+00:00,799263.8510166913,716907.9671040326,159611.58298940476,82355.88391265865,1,2,full,0.0030267505173553477,1838365.0505258846,-0.5652311542867653
2024-08-09 00:00:00+00:00,796440.9496804391,637222.7692162958,159570.4800697118,159218.18046414328,2,2,full,-0.003531876654575772,1838365.0505258846,-0.5667667042230767
2024-08-10 00:00:00+00:00,794532.3470753997,637222.7692162958,79644.09496804267,157309.57785910394,2,1,full,-0.0023964144558428213,1838365.0505258846,-0.567804910755829
2024-08-11 00:00:00+00:00,788416.6104179854,637222.7692162958,79644.09496804267,151193.8412016895,2,1,full,-0.007697278380075834,1838365.0505258846,-0.571131636672243
2024-08-12 00:00:00+00:00,790483.7617100306,711121.6728804612,474290.2570260172,79362.08882956942,1,6,full,0.002621902259199338,1838365.0505258846,-0.5700071857415349
2024-08-13 00:00:00+00:00,791684.5251933774,711121.6728804612,474410.33337435185,80562.85231291616,1,6,full,0.0015190235922737383,1838365.0505258846,-0.5693540165121681
2024-08-14 00:00:00+00:00,792066.4937273196,633346.8925059933,316193.504684011,158719.60122132636,2,4,full,0.0004824756854366896,1838365.0505258846,-0.5691462402961043
2024-08-15 00:00:00+00:00,778448.6249763786,475250.14016398706,155689.72499527445,303198.4848123916,4,2,full,-0.017192835271768403,1838365.0505258846,-0.5765538380129154
2024-08-16 00:00:00+00:00,768761.1133327924,475250.14016398706,155689.72499527445,293510.9731688053,4,2,full,-0.012444638390722518,1838365.0505258846,-0.581823472376784
2024-08-17 00:00:00+00:00,771755.6901650785,475250.14016398706,155689.72499527445,296505.5500010915,4,2,full,0.0038953281849856136,1838365.0505258846,-0.580194537562434
2024-08-18 00:00:00+00:00,769221.2631095892,475250.14016398706,230766.37893287546,293971.1229456022,4,3,full,-0.0032839758589239265,1838365.0505258846,-0.5815731685665233
2024-08-19 00:00:00+00:00,764157.7014979902,537999.9228841034,306675.79292151454,226157.77861388677,3,4,full,-0.006582711443947287,1838365.0505258846,-0.584327551658255
2024-08-20 00:00:00+00:00,769428.799465791,685924.360093784,383618.67286809365,83504.43937200695,1,5,full,0.006897919051876089,1838365.0505258846,-0.5814602767574986
2024-08-21 00:00:00+00:00,775849.4740010158,685924.360093784,617699.1572466836,89925.11390723173,1,8,full,0.008344728634647636,1838365.0505258846,-0.5779676763442193
2024-08-22 00:00:00+00:00,781699.4219108872,685924.360093784,685924.360093784,95775.06181710323,1,10,full,0.007540055263173029,1838365.0505258846,-0.5747855293010093
2024-08-23 00:00:00+00:00,784220.473882737,608339.4126936825,608339.4126936826,175881.06118905448,2,9,full,0.0032250912578226654,1838365.0505258846,-0.5734141738288584
2024-08-24 00:00:00+00:00,780441.275209133,700480.401028322,700480.4010283219,79960.87418081105,1,10,full,-0.004819051273799113,1838365.0505258846,-0.5754699127978531
2024-08-25 00:00:00+00:00,778694.5330422386,567056.7136404996,567056.7136404996,211637.819401739,3,9,full,-0.0022381468310045394,1838365.0505258846,-0.5764200734671907
2024-08-26 00:00:00+00:00,756351.7366583636,301086.31073915673,301086.3107391567,455265.42591920693,7,7,full,-0.02869263290777846,1838365.0505258846,-0.5885736968063003
2024-08-27 00:00:00+00:00,732928.916942475,41588.74769883344,41588.74769883339,691340.1692436415,13,1,full,-0.030968157512763717,1838365.0505258846,-0.601314811368497
2024-08-28 00:00:00+00:00,713052.2594500533,69923.49103778308,69923.4910377831,643128.7684122702,13,3,full,-0.02711948871568637,1838365.0505258846,-0.6121269498427002
2024-08-29 00:00:00+00:00,702869.3919737433,45333.98633281872,45333.98633281874,657535.4056409246,14,2,full,-0.014280674861283815,1838365.0505258846,-0.617666038759451
2024-08-30 00:00:00+00:00,723813.4692869867,128832.27586034221,128832.2758603422,594981.1934266445,13,4,full,0.029797964675101207,1838365.0505258846,-0.6062732648883138
2024-08-31 00:00:00+00:00,714446.6663139855,385227.7794959758,385227.7794959758,329218.88681800966,9,7,full,-0.012940907250908573,1838365.0505258846,-0.6113684460495972
2024-09-01 00:00:00+00:00,701272.0860985855,369373.7261574927,369373.7261574927,331898.3599410928,8,6,full,-0.018440257106063673,1838365.0505258846,-0.6185349118239716
2024-09-02 00:00:00+00:00,718577.4585846851,407989.30063005333,369373.7261574927,310588.15795463184,7,6,full,0.02467711581445542,1838365.0505258846,-0.6091214536638803
2024-09-03 00:00:00+00:00,687023.0566504761,356529.7551363326,356529.75513633253,330493.30151414353,7,7,full,-0.04391231809074392,1838365.0505258846,-0.6262858367254396
2024-09-04 00:00:00+00:00,696386.958451602,165982.00658529892,165982.00658529892,530404.9518663031,11,6,full,0.01362967619569977,1838365.0505258846,-0.6211922336902603
2024-09-05 00:00:00+00:00,678359.5496685259,142484.23895169786,142484.23895169783,535875.3107168281,13,5,full,-0.025887056850058765,1838365.0505258846,-0.6309984518719643
2024-09-06 00:00:00+00:00,671448.4385129574,266887.2011407143,168675.23627458137,404561.23737224314,12,3,full,-0.010187976507363361,1838365.0505258846,-0.6347578309754734
2024-09-07 00:00:00+00:00,681442.530866893,266887.2011407143,101530.39242328562,414555.3297261787,12,2,full,0.01488437798153086,1838365.0505258846,-0.6293214284769182
2024-09-08 00:00:00+00:00,689003.53055618,328635.31068044563,275601.4122224705,360368.2198757345,11,4,full,0.011095579372875974,1838365.0505258846,-0.6252085349647596
2024-09-09 00:00:00+00:00,701957.5199008863,481828.2933640912,481828.2933640912,220129.22653679515,7,8,full,0.01880104929832438,1838365.0505258846,-0.6181620621540408
2024-09-10 00:00:00+00:00,709681.5993376074,507539.88948325184,507539.88948325184,202141.7098543555,5,8,full,0.011003628022692391,1838365.0505258846,-0.613960459521032
2024-09-11 00:00:00+00:00,708458.5573299255,513244.36831015855,513244.3683101585,195214.18901976687,3,9,full,-0.0017233672238697872,1838365.0505258846,-0.6146257474122112
2024-09-12 00:00:00+00:00,721136.609644511,513244.36831015855,213805.37243043474,207892.24133435247,3,3,full,0.01789526315041945,1838365.0505258846,-0.6077293737507565
2024-09-13 00:00:00+00:00,724294.331634314,442398.51257716597,70845.85573299108,281895.8190571481,4,1,full,0.004378812485140049,1838365.0505258846,-0.6060116942349825
2024-09-14 00:00:00+00:00,723128.5846331301,516521.55150035484,289251.4338532505,206607.03313277522,3,4,full,-0.0016094934756061274,1838365.0505258846,-0.6066458158425765
2024-09-15 00:00:00+00:00,720164.8292825648,299582.9761104158,299582.97611041577,420581.85317214904,6,5,full,-0.004098517765092846,1838365.0505258846,-0.6082579849543193
2024-09-16 00:00:00+00:00,711785.9730556454,349878.44782521366,349878.44782521366,361907.52523043164,6,8,full,-0.011634636802892118,1838365.0505258846,-0.6128157610198088
2024-09-17 00:00:00+00:00,719854.8814736885,349878.44782521366,349878.4478252137,369976.43364847486,6,8,full,0.01133614418306661,1838365.0505258846,-0.6084265846613184
2024-09-18 00:00:00+00:00,735673.9280832366,379125.35194950894,379125.35194950894,356548.5761337276,7,8,full,0.021975327273134893,1838365.0505258846,-0.5998216307077917
2024-09-19 00:00:00+00:00,744638.7291254341,379125.35194950894,379125.35194950894,365513.37717592507,7,8,full,0.01218583491949321,1838365.0505258846,-0.5949451231612448
2024-09-20 00:00:00+00:00,744285.6594710032,609928.7830870249,561304.2255869148,134356.8763839783,4,9,full,-0.00047414892701791445,1838365.0505258846,-0.5951371794964814
2024-09-21 00:00:00+00:00,745014.419156327,698113.6903235981,673140.5661165458,46900.72883272891,2,10,full,0.0009791397644847155,1838365.0505258846,-0.5947407622097649
2024-09-22 00:00:00+00:00,739876.7122203505,400180.7986295996,400180.7986295996,339695.9135907509,6,8,full,-0.006896117449370465,1838365.0505258846,-0.5975354775110087
2024-09-23 00:00:00+00:00,756612.3468586702,289854.5351942837,289854.5351942837,466757.81166438654,7,7,full,0.02261949100694971,1838365.0505258846,-0.5884319348639526
2024-09-24 00:00:00+00:00,784803.0895701597,208494.21238631665,208494.21238631662,576308.877183843,9,6,full,0.037259162936651435,1838365.0505258846,-0.5730972532655263
2024-09-25 00:00:00+00:00,784563.6345411262,178448.22309472252,178448.2230947225,606115.4114464037,10,4,full,-0.0003051147889397976,1838365.0505258846,-0.5732275076069939
2024-09-26 00:00:00+00:00,802368.3106296028,133992.77047068396,133992.77047068393,668375.5401589188,11,5,full,0.022693731017612295,1838365.0505258846,-0.5635424474589111
2024-09-27 00:00:00+00:00,806335.3857387297,464170.5801920488,335397.67607413296,342164.80554668093,7,6,full,0.004944207113581234,1838365.0505258846,-0.5613845109228612
2024-09-28 00:00:00+00:00,801541.8103703726,555080.7904620543,526551.1447482714,246461.01990831835,5,8,full,-0.005944890244355849,1838365.0505258846,-0.5639920318648993
2024-09-29 00:00:00+00:00,805685.58251688,558569.2270290513,558569.2270290513,247116.35548782875,4,8,full,0.005169751712131632,1838365.0505258846,-0.5617379789251298
2024-09-30 00:00:00+00:00,800633.7649808422,332237.95742919657,332237.9574291965,468395.8075516457,7,7,full,-0.00627020967690195,1838365.0505258846,-0.5644859736906921
2024-10-01 00:00:00+00:00,775022.5127350554,129968.04176421215,129968.04176421216,645054.4709708432,12,4,full,-0.03198872364120153,1838365.0505258846,-0.5784175115201675
2024-10-02 00:00:00+00:00,750561.5961438586,91022.29140077399,91022.291400774,659539.3047430846,13,3,full,-0.031561556199024676,1838365.0505258846,-0.5917233109228484
2024-10-03 00:00:00+00:00,717944.3722957447,89416.20069930851,89416.20069930851,628528.1715964362,14,3,full,-0.04345709135091724,1838365.0505258846,-0.6094658282965242
2024-10-04 00:00:00+00:00,765433.4542282114,158164.34933459392,158164.34933459386,607269.1048936176,13,3,full,0.06614590735019288,1838365.0505258846,-0.5836335911579418
2024-10-05 00:00:00+00:00,753072.411728105,281491.21881712263,281491.21881712263,471581.1929109824,11,4,full,-0.01614907531389531,1838365.0505258846,-0.5903575236525083
2024-10-06 00:00:00+00:00,765500.2866736236,437977.23417211196,437977.2341721119,327523.0525015117,6,7,full,0.016502895009790297,1838365.0505258846,-0.5835972368737952
2024-10-07 00:00:00+00:00,779308.7968086794,486969.2802423445,486969.2802423445,292339.5165663348,5,8,full,0.018038543388479544,1838365.0505258846,-0.5760859375640603
2024-10-08 00:00:00+00:00,776461.8688051432,479823.3286732001,479823.3286732001,296638.54013194307,5,7,full,-0.003653144960244936,1838365.0505258846,-0.5776345570848251
2024-10-09 00:00:00+00:00,754419.5199719698,128532.02131730161,128532.02131730161,625887.4986546682,10,2,full,-0.028388192284436564,1838365.0505258846,-0.5896247484926023
2024-10-10 00:00:00+00:00,758003.6788145618,191465.4846443831,191465.48464438308,566538.1941701787,9,3,full,0.004750882960617542,1838365.0505258846,-0.5876751037027568
2024-10-11 00:00:00+00:00,801663.7673338882,255703.8861755281,255703.88617552805,545959.8811583602,8,5,full,0.05759878182597511,1838365.0505258846,-0.5639256919595139
2024-10-12 00:00:00+00:00,818324.0888134823,255703.8861755281,255703.8861755281,562620.2026379541,8,6,full,0.02078218095723816,1838365.0505258846,-0.5548631167790142
2024-10-13 00:00:00+00:00,821029.7383850393,325678.0191050145,325678.0191050145,495351.71928002476,7,7,full,0.0033063301063029904,1838365.0505258846,-0.5533913473005948
2024-10-14 00:00:00+00:00,828710.3895005404,649461.737705066,570653.8076757526,179248.65179547452,3,8,full,0.009354900019345136,1838365.0505258846,-0.5492133680068174
2024-10-15 00:00:00+00:00,822003.3357603999,304428.25388585107,304428.253885851,517575.0818745489,7,7,full,-0.00809336268148253,1838365.0505258846,-0.5528617477115023
2024-10-16 00:00:00+00:00,808740.0309937662,171458.47660989343,171458.47660989343,637281.5543838727,11,5,full,-0.016135341779804913,1838365.0505258846,-0.5600764762350018
2024-10-17 00:00:00+00:00,792171.6051073482,155791.96488190966,152138.08644259046,636379.6402254385,12,4,full,-0.020486714211560675,1838365.0505258846,-0.569089063741318
2024-10-18 00:00:00+00:00,819793.5007422026,183337.05707863014,183337.05707863014,636456.4436635724,11,5,full,0.03486857576914959,1838365.0505258846,-0.554063813110627
2024-10-19 00:00:00+00:00,813880.2804140253,260762.80008404056,260762.80008404047,553117.4803299848,10,7,full,-0.00721306075593886,1838365.0505258846,-0.5572803779199317
2024-10-20 00:00:00+00:00,813593.5888362612,631939.4235003073,315357.71270090557,181654.16533595396,6,7,full,-0.0003522527632913164,1838365.0505258846,-0.5574363271301727
2024-10-21 00:00:00+00:00,811090.9693344097,535744.1924136856,506081.53050259233,275346.7769207241,6,7,full,-0.003076006910810558,1838365.0505258846,-0.558797656046394
2024-10-22 00:00:00+00:00,808271.8018142747,470544.9862931842,470544.9862931842,337726.8155210905,6,6,full,-0.003475772295243762,1838365.0505258846,-0.5603311749301045
2024-10-23 00:00:00+00:00,783982.4149973636,324436.3877337622,324436.3877337622,459546.02726360137,8,7,full,-0.03005101348629302,1838365.0505258846,-0.5735436687217825
2024-10-24 00:00:00+00:00,793589.3801895648,324436.3877337622,298065.52995862893,469152.9924558025,8,6,full,0.012254056989573492,1838365.0505258846,-0.5683178485347349
2024-10-25 00:00:00+00:00,754942.9118625999,77438.29038261043,77438.2903826104,677504.6214799895,12,2,full,-0.04869831841466099,1838365.0505258846,-0.5893400434007162
2024-10-26 00:00:00+00:00,763100.0588105922,273635.6438486798,273635.6438486797,489464.41496191244,9,5,full,0.010804985144991841,1838365.0505258846,-0.584902868670018
2024-10-27 00:00:00+00:00,776043.1346474102,335745.9302938199,335745.9302938199,440297.2043535903,8,7,full,0.016961177878811684,1838365.0505258846,-0.5778623323885457
2024-10-28 00:00:00+00:00,774444.3622298006,474936.7949984899,474936.7949984899,299507.56723131065,6,8,full,-0.002060159218257973,1838365.0505258846,-0.5787320031958494
2024-10-29 00:00:00+00:00,781330.838823098,474936.7949984899,474936.7949984899,306394.04382460803,6,9,full,0.008892151494872769,1838365.0505258846,-0.5749860243483254
2024-10-30 00:00:00+00:00,779944.8507888356,728859.5405723823,728332.1516622666,51085.31021645332,2,11,full,-0.001773881133823041,1838365.0505258846,-0.575739948621345
2024-10-31 00:00:00+00:00,772807.1929967732,254744.2668504826,254744.26685048259,518062.9261462905,9,6,full,-0.009151490371201665,1838365.0505258846,-0.5796225603964222
2024-11-01 00:00:00+00:00,774202.0072453237,38971.45254815826,26303.911343051685,735230.5546971655,12,2,full,0.0018048670628203478,1838365.0505258846,-0.578863835001729
2024-11-02 00:00:00+00:00,762449.2070545298,29292.44371882307,29292.443718823022,733156.7633357068,13,3,full,-0.015180534383540834,1838365.0505258846,-0.5852569070346378
2024-11-03 00:00:00+00:00,736422.3023207872,16624.902513716537,16624.902513716486,719797.3998070707,15,1,full,-0.034135919472313314,1838365.0505258846,-0.5994145438578016
2024-11-04 00:00:00+00:00,712000.2893937754,44926.80689214566,44926.80689214566,667073.4825016297,14,3,full,-0.033163054473021036,1838365.0505258846,-0.6126991811609452
2024-11-05 00:00:00+00:00,720208.7862438939,484508.1706726225,260989.44276531384,235700.6155712714,6,6,full,0.011528783024944422,1838365.0505258846,-0.6082340740551664
2024-11-06 00:00:00+00:00,725503.8219220698,698210.6851422279,674404.3537716041,27293.136779841894,3,10,full,0.007352084255721314,1838365.0505258846,-0.6053537779590994
2024-11-07 00:00:00+00:00,729509.1069227464,636915.2209350498,636915.2209350498,92593.88598769663,3,9,full,0.005520694556874206,1838365.0505258846,-0.6031750567091871
2024-11-08 00:00:00+00:00,734308.1826334966,581432.3019327626,581432.3019327626,152875.88070073392,2,9,full,0.0065785000697164975,1838365.0505258846,-0.6005645437920832
2024-11-09 00:00:00+00:00,744181.0002734393,581432.3019327626,581432.3019327626,162748.69834067672,2,10,full,0.013445060089804839,1838365.0505258846,-0.5951941100813692
2024-11-10 00:00:00+00:00,768873.994390189,534326.7338577728,534326.7338577728,234547.26053241623,3,10,full,0.033181435843802065,1838365.0505258846,-0.581762069415841
2024-11-11 00:00:00+00:00,805001.4645685388,495579.00817660376,495579.0081766037,309422.4563919351,4,9,full,0.04698750437905419,1838365.0505258846,-0.5621101128210313
2024-11-12 00:00:00+00:00,794841.0588788739,297792.5044359289,297792.50443592895,497048.55444294505,9,7,full,-0.01262159901176152,1838365.0505258846,-0.5676369833883097
2024-11-13 00:00:00+00:00,803750.8553660952,134233.16534213698,134233.16534213698,669517.6900239582,14,4,full,0.011209532255151089,1838365.0505258846,-0.5627903962076665
2024-11-14 00:00:00+00:00,785018.533864382,87693.14324674389,87693.14324674389,697325.3906176381,16,2,full,-0.023306129476130977,1838365.0505258846,-0.5729800598418585
2024-11-15 00:00:00+00:00,842233.3951953365,128457.52917617344,112275.62973163943,713775.866019163,15,2,full,0.07288345289034792,1838365.0505258846,-0.5418573721501034
2024-11-16 00:00:00+00:00,868317.1628310769,168927.65216391627,168927.65216391627,699389.5106671606,14,4,full,0.030969761807759788,1838365.0505258846,-0.5276688040916111
2024-11-17 00:00:00+00:00,866360.4449173233,377420.0183965627,377420.0183965627,488940.4265207605,11,5,full,-0.0022534599078680717,1838365.0505258846,-0.528733183504826
2024-11-18 00:00:00+00:00,869134.7037734748,590238.4288677739,590238.4288677739,278896.274905701,6,8,full,0.0032021993529682824,1838365.0505258846,-0.5272240932099699
2024-11-19 00:00:00+00:00,877333.3051217634,529944.1063239954,529944.1063239954,347389.19879776804,6,8,full,0.009433061771314755,1838365.0505258846,-0.5227643688772301
2024-11-20 00:00:00+00:00,864355.4663099234,430219.05839810014,430219.05839810014,434136.40791182325,8,7,full,-0.014792369942047023,1838365.0505258846,-0.5298238148823244
2024-11-21 00:00:00+00:00,876585.5520584045,430219.05839810014,430219.05839810014,446366.4936603044,8,7,full,0.01414937051383891,1838365.0505258846,-0.5231711178323111
2024-11-22 00:00:00+00:00,891403.5743737798,508042.9675409452,508042.96754094516,383360.60683283466,6,8,full,0.016904251137358495,1838365.0505258846,-0.5151106826586025
2024-11-23 00:00:00+00:00,890166.5512276215,598440.1873407715,598440.1873407715,291726.3638868499,5,8,full,-0.0013877251356405607,1838365.0505258846,-0.5157835757522808
2024-11-24 00:00:00+00:00,893467.4607739056,637024.7616924663,637024.7616924663,256442.6990814393,4,9,full,0.0037081931934330736,1838365.0505258846,-0.5139880077037369
2024-11-25 00:00:00+00:00,878745.4160136752,560775.721211704,560775.721211704,317969.6948019712,4,9,full,-0.016477426886345126,1838365.0505258846,-0.5219962347726854
2024-11-26 00:00:00+00:00,899032.1644905962,121108.42705230284,121108.42705230301,777923.7374382933,11,2,full,0.023086036191175108,1838365.0505258846,-0.5109610225491297
2024-11-27 00:00:00+00:00,935576.3000332622,180284.58403952682,180284.58403952676,755291.7159937355,10,4,full,0.0406483071307826,1838365.0505258846,-0.49108241599478275
2024-11-28 00:00:00+00:00,937795.3647479021,180284.58403952682,180284.58403952682,757510.7807083753,10,5,full,0.002371869311525998,1838365.0505258846,-0.4898753299951849
2024-11-29 00:00:00+00:00,983403.1295659186,264703.88195891137,246164.73170736467,718699.2476070072,9,5,full,0.04863296037966314,1838365.0505258846,-0.46506645713015204
2024-11-30 00:00:00+00:00,993588.1325362923,454889.8081457292,454889.80814572924,538698.3243905631,7,7,full,0.01035689501503767,1838365.0505258846,-0.4595262065866268
2024-12-01 00:00:00+00:00,993922.2161966794,930021.4895243378,930021.4895243379,63900.726672341574,1,11,full,0.0003362395840360577,1838365.0505258846,-0.45934447790314714
2024-12-02 00:00:00+00:00,1013992.7096669908,765509.4441952533,765509.4441952533,248483.26547173748,3,9,full,0.0201932235171407,1838365.0505258846,-0.448426900099669
2024-12-03 00:00:00+00:00,1028811.794965484,529120.100957288,529120.1009572879,499691.69400819595,6,7,full,0.01461458761706469,1838365.0505258846,-0.4403658867039596
2024-12-04 00:00:00+00:00,1042474.5849554839,529120.100957288,529120.1009572879,513354.4839981959,6,8,full,0.013280164610144585,1838365.0505258846,-0.4329338535579359
2024-12-05 00:00:00+00:00,1040349.494805938,376840.4898580654,376840.4898580653,663509.0049478726,8,7,full,-0.00203850547554274,1838365.0505258846,-0.43408982100245297
2024-12-06 00:00:00+00:00,1086665.7473965746,446572.0143161974,446572.0143161974,640093.7330803771,7,7,full,0.044519897228648464,1838365.0505258846,-0.40889555799283617
2024-12-07 00:00:00+00:00,1074778.513714354,648957.3701353993,648957.3701353993,425821.1435789546,5,9,full,-0.010939181354247984,1838365.0505258846,-0.41536175668325404
2024-12-08 00:00:00+00:00,1076769.3154674713,903117.1540811243,795996.8164303312,173652.16138634703,2,10,full,0.0018522902418631748,1838365.0505258846,-0.41427883697013845
2024-12-09 00:00:00+00:00,981487.4541038752,107120.33765079157,107120.33765079151,874367.1164530837,12,5,full,-0.08848864839933723,1838365.0505258846,-0.46610851102553874
2024-12-10 00:00:00+00:00,984618.1497790865,187110.67449580232,187110.67449580232,797507.4752832841,13,4,full,0.003189745994328197,1838365.0505258846,-0.46440553278717656
2024-12-11 00:00:00+00:00,1065438.1663812108,88648.85951789365,88648.85951789367,976789.3068633171,14,3,full,0.08208259884327496,1838365.0505258846,-0.4204425469922688
2024-12-12 00:00:00+00:00,1093161.0474542598,88648.85951789365,88648.85951789364,1004512.1879363661,14,3,full,0.026020168929381082,1838365.0505258846,-0.4053623641607258
2024-12-13 00:00:00+00:00,1099927.1676910778,88648.85951789365,88648.85951789365,1011278.308173184,14,4,full,0.006189499939258658,1838365.0505258846,-0.40168185454981775
2024-12-14 00:00:00+00:00,1101055.0729221792,886277.1864906583,503760.16731694574,214777.88643152083,5,7,full,0.0010254362872672562,1838365.0505258846,-0.40106831741214277
2024-12-15 00:00:00+00:00,1101315.3945876905,959740.738683385,907585.8039772296,141574.6559043055,2,9,full,0.00023642928670253305,1838365.0505258846,-0.4009267124216449
2024-12-16 00:00:00+00:00,1100338.8002510993,1074152.646506895,1074152.646506895,26186.15374420423,1,10,full,-0.000886752642694888,1838365.0505258846,-0.4014579422425729
2024-12-17 00:00:00+00:00,1095866.7051380342,853889.567589357,853889.567589357,241977.13754867704,3,9,full,-0.004064289209873007,1838365.0505258846,-0.40389059026957164
2024-12-18 00:00:00+00:00,1065220.0192204535,173460.5623227207,173460.5623227207,891759.4568977327,10,3,full,-0.027965705841679456,1838365.0505258846,-0.42056121067154995
2024-12-19 00:00:00+00:00,997103.230028776,100258.74487883662,100258.74487883663,896844.4851499393,11,4,full,-0.06394621577007775,1838365.0505258846,-0.4576141285194997
2024-12-20 00:00:00+00:00,1052129.4431905379,1757.4999097524924,1757.4999097525251,1050371.9432807853,14,1,full,0.05518607452527635,1838365.0505258846,-0.42768198139451974
2024-12-21 00:00:00+00:00,990807.2567842237,1757.4999097524924,1757.4999097525251,989049.7568744712,14,1,full,-0.058283880185271864,1838365.0505258846,-0.4610388962187938
2024-12-22 00:00:00+00:00,1003726.7578934506,188233.71820357998,188233.71820357998,815493.0396898706,12,3,full,0.013039368677171925,1838365.0505258846,-0.4540111836839351
2024-12-23 00:00:00+00:00,1019748.7000524597,797794.4473885192,406297.28580508137,221954.2526639406,5,4,full,0.015962453957723444,1838365.0505258846,-0.4452958623420581
2024-12-24 00:00:00+00:00,1031520.5848951748,903261.5206665689,510626.5327788704,128259.06422860593,3,5,full,0.011543907672654674,1838365.0505258846,-0.43889240899129534
2024-12-25 00:00:00+00:00,1031331.5246626496,1031331.5246626496,925919.6193208502,0.0,0,9,full,-0.00018328304378378846,1838365.0505258846,-0.43899525049846555
2024-12-26 00:00:00+00:00,1023255.4070532129,208545.05780806282,103133.1524662635,814710.34924515,8,1,full,-0.0078307677175663,1838365.0505258846,-0.44338834838026353
2024-12-27 00:00:00+00:00,996007.8865309632,105411.90534179784,-1.4551915228366852e-09,890595.9811891654,9,0,full,-0.026628269280997485,1838365.0505258846,-0.4582099533245346
2024-12-28 00:00:00+00:00,1019604.1716918207,105411.90534179784,-1.4551915228366852e-09,914192.2663500229,9,0,full,0.02369086176921953,1838365.0505258846,-0.4453744802208073
2024-12-29 00:00:00+00:00,984934.4724538702,105411.90534179784,105411.90534179784,879522.5671120724,9,2,full,-0.03400309669234025,1838365.0505258846,-0.46423346539789856
2024-12-30 00:00:00+00:00,976817.3773254069,105411.90534179784,105411.90534179784,871405.471983609,9,2,full,-0.00824125396711961,1838365.0505258846,-0.4686488534766381
2024-12-31 00:00:00+00:00,966508.9127505985,837779.9333710012,96650.8912750584,128728.97937959741,2,1,full,-0.0105531134212965,1838365.0505258846,-0.4742562623924351
2025-01-01 00:00:00+00:00,970992.0572671577,914038.9088348857,388396.8229068616,56953.14843227203,1,4,full,0.004638492679597261,1838365.0505258846,-0.47181760391419825
2025-01-02 00:00:00+00:00,972662.1328741778,914038.9088348857,291631.63230154983,58623.22403929205,1,3,full,0.0017199683504316443,1838365.0505258846,-0.47090914690967556
2025-01-03 00:00:00+00:00,990866.3356926164,816772.6955474679,689798.5868604403,174093.64014514844,2,7,full,0.018715854358024586,1838365.0505258846,-0.46100675956107406
2025-01-04 00:00:00+00:00,986262.8353226327,816772.6955474679,494512.46777231,169490.13977516483,2,5,full,-0.004645934778645833,1838365.0505258846,-0.46351088700228427
2025-01-05 00:00:00+00:00,983690.408950847,884465.7929502764,884465.7929502765,99224.61600057058,1,9,full,-0.0026082564197444924,1838365.0505258846,-0.46491018817538365
2025-01-06 00:00:00+00:00,988452.9040530035,884465.7929502764,884465.7929502764,103987.11110272715,1,10,full,0.004841457290648998,1838365.0505258846,-0.4623195737047734
2025-01-07 00:00:00+00:00,934441.7635657055,98626.28353226176,98626.28353226173,835815.4800334438,10,4,full,-0.05464209803606568,1838365.0505258846,-0.4916995602704707
2025-01-08 00:00:00+00:00,909724.1283446748,131490.72396991035,131490.7239699103,778233.4043747645,12,4,full,-0.026451766375158003,1838365.0505258846,-0.5051450047505863
2025-01-09 00:00:00+00:00,871626.2711183068,83300.93752669793,83300.93752669793,788325.3335916088,14,2,full,-0.04187847286813262,1838365.0505258846,-0.5258687762427987
2025-01-10 00:00:00+00:00,892428.2437777631,83300.93752669793,83300.93752669795,809127.3062510651,14,4,full,0.023865701790708016,1838365.0505258846,-0.5145533018469459
2025-01-11 00:00:00+00:00,904931.8074949046,83300.93752669793,83300.93752669788,821630.8699682067,14,3,full,0.014010721651090297,1838365.0505258846,-0.5077518432826826
2025-01-12 00:00:00+00:00,900138.6255704018,796125.5622650639,430426.1889874858,104013.06330533797,5,6,full,-0.005296732731465914,1838365.0505258846,-0.510359150206371
2025-01-13 00:00:00+00:00,916821.770837855,508651.1601995126,90013.86255703866,408170.61063834233,7,1,full,0.018533973316478214,1838365.0505258846,-0.5012841597616382
2025-01-14 00:00:00+00:00,922942.3310683095,559905.527916376,184588.46621366037,363036.8031519335,5,2,full,0.006675845213471643,1838365.0505258846,-0.4979548100067004
2025-01-15 00:00:00+00:00,961005.7886051607,559905.527916376,559905.5279163759,401100.26068878465,5,7,full,0.041241425661766584,1838365.0505258846,-0.4772497506247443
2025-01-16 00:00:00+00:00,966840.0743651459,425644.79624672467,425644.79624672455,541195.2781184212,7,5,full,0.00607102041336649,1838365.0505258846,-0.47407612318969483
2025-01-17 00:00:00+00:00,981167.7316925324,425644.79624672467,425644.79624672467,555522.9354458078,7,6,full,0.01481905612652068,1838365.0505258846,-0.4662824277409655
2025-01-18 00:00:00+00:00,980238.8063299725,687319.9469842901,687319.9469842901,292918.8593456823,4,8,full,-0.0009467549049514412,1838365.0505258846,-0.46678772747036046
2025-01-19 00:00:00+00:00,935326.6110759764,35037.73516889615,35037.73516889612,900288.8759070802,11,1,full,-0.04581760583642669,1838365.0505258846,-0.4912182372002688
2025-01-20 00:00:00+00:00,960956.2602339721,35037.73516889615,35037.73516889615,925918.525065076,11,2,full,0.027401817562436204,1838365.0505258846,-0.4772766921569359
2025-01-21 00:00:00+00:00,970986.7514487574,167286.31753997892,132136.4103137719,803700.4339087785,9,3,full,0.010438030980039592,1838365.0505258846,-0.47182049007568116
2025-01-22 00:00:00+00:00,946346.7099754276,70187.64239510316,70187.64239510312,876159.0675803245,10,3,full,-0.025376290084870523,1838365.0505258846,-0.48522372653640544
2025-01-23 00:00:00+00:00,947256.7526868759,216792.9226953169,216792.92269531693,730463.8299915589,8,4,full,0.0009616377400116782,1838365.0505258846,-0.4847286982441803
2025-01-24 00:00:00+00:00,947280.400726177,848981.3837449894,500977.04291317007,98299.01698118763,1,7,full,2.4964761912826816e-05,1838365.0505258846,-0.4847158346188114
2025-01-25 00:00:00+00:00,948295.6419706417,771585.5156135274,388431.26755550114,176710.12635711435,2,5,full,0.0010717431118456577,1838365.0505258846,-0.484163582363921
2025-01-26 00:00:00+00:00,941391.5545866496,771585.5156135274,472462.43113518145,169806.0389731223,2,5,full,-0.007280522105579612,1838365.0505258846,-0.48791914080538346
2025-01-27 00:00:00+00:00,951704.5528621045,395168.3973181257,190340.91057241932,556536.1555439788,6,2,full,0.010955057144083957,1838365.0505258846,-0.4823092657305148
2025-01-28 00:00:00+00:00,931689.8414939963,299997.94203191524,95170.45528620886,631691.899462081,7,1,full,-0.0210303831245916,1838365.0505258846,-0.49319650021225314
2025-01-29 00:00:00+00:00,947656.9428164524,299997.94203191524,299997.94203191524,647659.000784537,7,4,full,0.01713778621526263,1838365.0505258846,-0.48451101017974385
2025-01-30 00:00:00+00:00,975849.2189425549,369320.4444592948,369320.4444592947,606528.7744832601,6,6,full,0.029749453470276466,1838365.0505258846,-0.4691754944626463
2025-01-31 00:00:00+00:00,967382.5483646473,134663.34627698557,134663.34627698557,832719.2020876617,9,3,full,-0.008676207772223443,1838365.0505258846,-0.4737810381632762
2025-02-01 00:00:00+00:00,934626.6482173325,509207.9343280232,509207.9343280232,425418.7138893093,6,7,full,-0.03386033808723177,1838365.0505258846,-0.4915989901189798
2025-02-02 00:00:00+00:00,895402.3071676218,184502.12745785544,93462.66482173164,710900.1797097663,11,1,full,-0.041967924972528436,1838365.0505258846,-0.5129355255576241
2025-02-03 00:00:00+00:00,947474.5583987378,91039.46263612219,-1.6152625903487206e-09,856435.0957626156,12,0,full,0.05815514525066767,1838365.0505258846,-0.48461022029998757
2025-02-04 00:00:00+00:00,906422.6433160603,91039.46263612219,90642.26433160443,815383.180679938,12,1,full,-0.04332772285944708,1838365.0505258846,-0.5069408858394212
2025-02-05 00:00:00+00:00,890016.9671378396,318953.2120798852,179643.9610453884,571063.7550579545,9,2,full,-0.018099367110029463,1838365.0505258846,-0.5158649437535594
2025-02-06 00:00:00+00:00,873904.1366039121,324476.0622008385,89001.69671378235,549428.0744030736,8,1,full,-0.01810395883321636,1838365.0505258846,-0.5246297048815619
2025-02-07 00:00:00+00:00,865557.8365198532,692821.32306946,89001.69671378235,172736.51345039322,2,1,full,-0.00955058997259528,1838365.0505258846,-0.5291697716553898
2025-02-08 00:00:00+00:00,864305.0642520601,780326.5742657378,432152.5321260285,83978.48998632238,1,5,full,-0.0014473582410508001,1838365.0505258846,-0.5298512316665202
2025-02-09 00:00:00+00:00,860071.3228000134,780326.5742657378,345722.0257008225,79744.74853427561,1,4,full,-0.004898434160756082,1838365.0505258846,-0.5321542244539623
2025-02-10 00:00:00+00:00,861547.5615957929,780326.5742657378,431601.03159477504,81220.98733005508,1,5,full,0.0017164143910455287,1838365.0505258846,-0.5313512072320252
2025-02-11 00:00:00+00:00,861425.7707252915,861425.7707252915,516867.64152222336,0.0,0,6,full,-0.0001413629101054692,1838365.0505258846,-0.5314174567891883
2025-02-12 00:00:00+00:00,871610.6560340469,689128.4374931831,432749.8624243952,182482.21854086386,2,5,full,0.01182328838407054,1838365.0505258846,-0.5258772702490655
2025-02-13 00:00:00+00:00,877718.6058276528,515824.79481724923,347218.08033122664,361893.8110104037,4,4,full,0.007007658466909872,1838365.0505258846,-0.522554780087572
2025-02-14 00:00:00+00:00,897071.2528911447,515824.79481724923,444054.30205351184,381246.4580738954,4,5,full,0.022048805773284386,1838365.0505258846,-0.5120276831663397
2025-02-15 00:00:00+00:00,908731.4360911292,515824.79481724923,358059.2547701056,392906.64127387997,4,4,full,0.012998056912876477,1838365.0505258846,-0.5056849912202277
2025-02-16 00:00:00+00:00,898337.9813579526,515824.79481724923,270414.0670340211,382513.1865407034,4,3,full,-0.011437322756086887,1838365.0505258846,-0.51133863151882
2025-02-17 00:00:00+00:00,894225.0434436847,691275.498131072,538396.9591223805,202949.54531261272,2,6,full,-0.00457838586324788,1838365.0505258846,-0.5135759118201895
2025-02-18 00:00:00+00:00,893893.3534169969,714670.5366680918,357623.67937213473,179222.8167489051,2,4,full,-0.0003709245554234242,1838365.0505258846,-0.5137563384588448
2025-02-19 00:00:00+00:00,899951.3744896065,714670.5366680918,357623.67937213473,185280.8378215147,2,4,full,0.006777118377099711,1838365.0505258846,-0.510461007604466
2025-02-20 00:00:00+00:00,893872.3557284415,714670.5366680918,446940.3774019303,179201.81906034972,2,5,full,-0.006754830242481247,1838365.0505258846,-0.5137677603951731
2025-02-21 00:00:00+00:00,887869.7911060809,535896.0655224035,444535.1520152749,351973.72558367735,4,5,full,-0.006715236894723087,1838365.0505258846,-0.5170329250699713
2025-02-22 00:00:00+00:00,891420.1340267701,535896.0655224035,535896.0655224035,355524.0685043667,4,8,full,0.003998720258593824,1838365.0505258846,-0.5151016748432149
2025-02-23 00:00:00+00:00,891754.8467510248,678169.4758158972,503051.6115628056,213585.37093512758,3,7,full,0.0003754825715487353,1838365.0505258846,-0.5149196039731453
2025-02-24 00:00:00+00:00,859923.3558788006,408824.2060965032,316904.03390856355,451099.1497822975,7,4,full,-0.035695338229107976,1838365.0505258846,-0.5322347127776336
2025-02-25 00:00:00+00:00,886205.3485122926,91920.17218793793,91920.17218793789,794285.1763243547,11,2,full,0.03056318037394523,1838365.0505258846,-0.5179383179315862
2025-02-26 00:00:00+00:00,896867.3518629621,252631.25411847606,252631.25411847606,644236.0977444861,9,4,full,0.012031075380630751,1838365.0505258846,-0.5121385974965074
2025-02-27 00:00:00+00:00,858287.917988914,219011.093313628,219011.093313628,639276.824675286,10,3,full,-0.04301576347261549,1838365.0505258846,-0.5331243281940161
2025-02-28 00:00:00+00:00,880857.539485451,102604.40616776083,102604.40616776083,778253.1333176901,11,3,full,0.02629609601102234,1838365.0505258846,-0.5208473207029953
2025-03-01 00:00:00+00:00,878236.5698146599,284729.10729753633,284729.1072975363,593507.4625171236,9,4,full,-0.002975475094783353,1838365.0505258846,-0.5222730275668424
2025-03-02 00:00:00+00:00,884626.6507315486,504116.4041991236,504116.4041991236,380510.24653242494,6,8,full,0.007276036020951837,1838365.0505258846,-0.5187970689072383
2025-03-03 00:00:00+00:00,784096.6206382872,-1.760781742632389e-09,-1.6298145055770874e-09,784096.6206382889,14,0,full,-0.1136411954242248,1838365.0505258846,-0.5734815452382607
2025-03-04 00:00:00+00:00,787895.348929597,31895.590371631686,31895.590371631668,755999.7585579653,13,1,full,0.004844719631896144,1838365.0505258846,-0.5714151829071104
2025-03-05 00:00:00+00:00,797725.2408663243,168505.94787914923,168505.94787914923,629219.292987175,11,5,full,0.012476139058419156,1838365.0505258846,-0.5660680991307324
2025-03-06 00:00:00+00:00,770623.0965367798,245314.70464013217,173982.25085740932,525308.3918966476,9,3,full,-0.03397428455455631,1838365.0505258846,-0.5808106250081644
2025-03-07 00:00:00+00:00,752429.8053715233,214204.36603650218,214204.3660365022,538225.4393350211,10,5,full,-0.023608546443803835,1838365.0505258846,-0.5907070768364083
2025-03-08 00:00:00+00:00,758786.2344675459,575480.9701080853,440656.55016984255,183305.26435946056,3,8,full,0.008447869888519532,1838365.0505258846,-0.5872494234752306
2025-03-09 00:00:00+00:00,733018.4741929576,249696.067729295,90386.4780910337,483322.4064636627,8,2,full,-0.03395918257883257,1838365.0505258846,-0.6012660956629536
2025-03-10 00:00:00+00:00,703190.1745522853,249696.067729295,143620.8648745227,453494.1068229904,8,2,full,-0.040692425485609696,1838365.0505258846,-0.617491545353775
2025-03-11 00:00:00+00:00,749718.3132657529,176394.22030999922,145290.84878180223,573324.0929557537,9,2,full,0.06616721961891958,1838365.0505258846,-0.5921820244291047
2025-03-12 00:00:00+00:00,746227.3869021614,266118.3013267769,219913.58747201838,480109.08557538444,7,3,full,-0.004656317315212766,1838365.0505258846,-0.5940809543302106
2025-03-13 00:00:00+00:00,711095.7562183561,342659.93471562694,291813.721260461,368435.8215027291,6,4,full,-0.04707898865739624,1838365.0505258846,-0.6131912124771197
2025-03-14 00:00:00+00:00,724119.2219163541,642279.2688984568,147034.66088184994,81839.95301789737,1,2,full,0.01831464410258543,1838365.0505258846,-0.6061069471978855
2025-03-15 00:00:00+00:00,733633.5880719726,642279.2688984568,365865.35742042284,91354.31917351582,1,5,full,0.013139226066170462,1838365.0505258846,-0.6009314973312245
2025-03-16 00:00:00+00:00,733480.2227887106,733480.2227887106,659257.446535907,0.0,0,9,full,-0.00020904888455974824,1838365.0505258846,-0.6010149221565704
2025-03-17 00:00:00+00:00,736305.576478045,660116.8639815133,587662.4573944195,76188.71249653162,1,8,full,0.0038519834639743067,1838365.0505258846,-0.599478038234345
2025-03-18 00:00:00+00:00,723401.3432951738,513390.14636711875,513390.14636711875,210011.19692805508,3,8,full,-0.01752564912599963,1838365.0505258846,-0.6064974456035068
2025-03-19 00:00:00+00:00,730810.0889354069,305795.7265354664,305795.72653546627,425014.36239994055,6,7,full,0.010241542552969829,1838365.0505258846,-0.6024673724479528
2025-03-20 00:00:00+00:00,733620.4259722012,305795.7265354664,263535.68558349466,427824.69943673484,6,5,full,0.0038455093591935885,1838365.0505258846,-0.6009386570081166
2025-03-21 00:00:00+00:00,746946.7828426713,305795.7265354664,305795.7265354664,441151.0563072048,6,5,full,0.018165193332519092,1838365.0505258846,-0.5936896305611343
2025-03-22 00:00:00+00:00,736930.5008834982,295428.1370811457,128074.19309137022,441502.3638023526,6,2,full,-0.01340963263949524,1838365.0505258846,-0.599138103352927
2025-03-23 00:00:00+00:00,709354.8711912802,446507.6641928563,446507.6641928563,262847.20699842385,4,8,full,-0.03741957980997923,1838365.0505258846,-0.6141381870872918
2025-03-24 00:00:00+00:00,710348.4714618672,666804.2479514668,666804.2479514668,43544.223510400334,1,10,full,0.0014007097306858451,1838365.0505258846,-0.6135977066912449
2025-03-25 00:00:00+00:00,707132.0211043902,666804.2479514668,666804.2479514668,40327.77315292335,1,10,full,-0.004527989411813205,1838365.0505258846,-0.6153473321840472
2025-03-26 00:00:00+00:00,700889.4928544704,524734.5536590933,524734.5536590934,176154.93919537705,3,9,full,-0.008827953003981204,1838365.0505258846,-0.6187430278583825
2025-03-27 00:00:00+00:00,705028.7943730102,446489.229263032,446489.229263032,258539.56510997823,4,8,full,0.0059057833806037685,1838365.0505258846,-0.6164914067685692
2025-03-28 00:00:00+00:00,688212.7882182046,109228.8054142196,109228.80541421959,578983.982803985,10,3,full,-0.023851516830259656,1838365.0505258846,-0.6256386684345778
2025-03-29 00:00:00+00:00,661372.566087543,-1.5825207810848951e-09,-1.5788828022778034e-09,661372.5660875447,13,0,full,-0.03899988868290494,1838365.0505258846,-0.6402387186928133
2025-03-30 00:00:00+00:00,661833.4632701876,-1.5825207810848951e-09,-1.5788828022778034e-09,661833.4632701892,13,0,full,0.0006968798016087074,1838365.0505258846,-0.6399880083224696
2025-03-31 00:00:00+00:00,665374.4900538896,127718.05364150897,127718.05364150889,537656.4364123807,11,4,full,0.005350329018126931,1838365.0505258846,-0.6380618257165236
2025-04-01 00:00:00+00:00,675701.8130089627,244553.14106652807,244553.14106652804,431148.6719424346,9,6,full,0.01552106837494871,1838365.0505258846,-0.6324441585659656
2025-04-02 00:00:00+00:00,668003.2506599836,426146.2111867693,365341.64238472556,241857.0394732143,7,6,full,-0.011393431541491084,1838365.0505258846,-0.6366318808830195
2025-04-03 00:00:00+00:00,682717.4951549115,292376.5628472778,270081.651863607,390340.93230763375,8,4,full,0.02202720492810517,1838365.0505258846,-0.6286278968588895
2025-04-04 00:00:00+00:00,689900.4897595535,292376.5628472778,273052.1725333986,397523.9269122757,8,4,full,0.010521181389986367,1838365.0505258846,-0.6247206235985612
2025-04-05 00:00:00+00:00,689051.2810966301,224104.81333178663,224104.81333178663,464946.4677648435,9,5,full,-0.0012309147123801267,1838365.0505258846,-0.6251825605042266
2025-04-06 00:00:00+00:00,634121.185974799,-1.6329977370332927e-09,-1.6034391592256725e-09,634121.1859748006,14,0,full,-0.07971844277599993,1838365.0505258846,-0.6550624231061173
2025-04-07 00:00:00+00:00,660569.037207178,142198.70972862825,66056.9037207162,518370.32747854973,10,1,full,0.0417078814228895,1838365.0505258846,-0.6406758075507284
2025-04-08 00:00:00+00:00,642244.447821256,294154.11692244845,64224.444782124,348090.33089880756,7,1,full,-0.027740612038669732,1838365.0505258846,-0.6506436805695719
2025-04-09 00:00:00+00:00,697878.4919977698,294154.11692244845,203800.14318167797,403724.3750753214,7,3,full,0.08662440658731452,1838365.0505258846,-0.6203808967113829
2025-04-10 00:00:00+00:00,691365.2462269304,309565.1019070307,208060.89844516144,381800.14431989973,7,3,full,-0.009332922343249672,1838365.0505258846,-0.6239238523223896
2025-04-11 00:00:00+00:00,689026.0458759875,534796.1853283137,534796.1853283136,154229.86054767383,2,9,full,-0.003383450880282024,1838365.0505258846,-0.6251962874953024
2025-04-12 00:00:00+00:00,690272.8867814592,534796.1853283137,534796.1853283137,155476.70145314548,2,10,full,0.001809570063329824,1838365.0505258846,-0.624518053917529
2025-04-13 00:00:00+00:00,633134.3615555924,554095.3413487044,425760.30734947155,79039.020206888,2,7,full,-0.0827767196424114,1838365.0505258846,-0.6555992176991847
2025-04-14 00:00:00+00:00,638782.5377613015,525107.8403192523,386724.1046970823,113674.6974420492,3,6,full,0.008920975623296856,1838365.0505258846,-0.6525268267156348
2025-04-15 00:00:00+00:00,643261.5221710276,531500.2167355712,382022.96823603916,111761.30543545645,2,6,full,0.007011751488109397,1838365.0505258846,-0.65009043117578
2025-04-16 00:00:00+00:00,632345.2072013754,531500.2167355712,445020.74264991155,100844.99046580427,2,7,full,-0.016970259518724662,1838365.0505258846,-0.6560284873668121
2025-04-17 00:00:00+00:00,632948.8183939965,467174.0645184684,467174.06451846834,165774.7538755281,3,8,full,0.0009545596072317863,1838365.0505258846,-0.6557001460548141
2025-04-18 00:00:00+00:00,630815.9175442411,538543.1314749595,538543.1314749595,92272.7860692815,2,9,full,-0.00336978407696098,1838365.0505258846,-0.6568603622203386
2025-04-19 00:00:00+00:00,627641.170296467,504913.2081692371,504913.2081692372,122727.9621272299,2,10,full,-0.005032763377521121,1838365.0505258846,-0.6585873028227318
2025-04-20 00:00:00+00:00,622666.1722038324,504913.2081692371,504913.2081692371,117752.9640345953,2,10,full,-0.007926500567648653,1838365.0505258846,-0.66129351076071
2025-04-21 00:00:00+00:00,626252.2450510989,504913.2081692371,504626.72926601436,121339.03688186171,2,9,full,0.005759222208224557,1838365.0505258846,-0.6593428248258133
2025-04-22 00:00:00+00:00,622813.7723612536,443783.7743302792,443783.7743302792,179029.99803097444,3,10,full,-0.00549055547028765,1838365.0505258846,-0.6612132219424587
2025-04-23 00:00:00+00:00,633778.8987010261,443783.7743302792,443783.77433027915,189995.12437074684,3,10,full,0.017605786555105807,1838365.0505258846,-0.6552486142402856
2025-04-24 00:00:00+00:00,638084.7960824731,472781.7714430952,422381.08124472597,165303.024639378,3,8,full,0.006794005591338248,1838365.0505258846,-0.6529063713978125
2025-04-25 00:00:00+00:00,657211.4894363248,472781.7714430952,469409.84927629767,184429.71799322963,3,8,full,0.02997515921281968,1838365.0505258846,-0.6425021846187067
2025-04-26 00:00:00+00:00,654842.1435467287,472781.7714430952,472781.77144309523,182060.37210363348,3,11,full,-0.003605149830275045,1838365.0505258846,-0.6437910178071522
2025-04-27 00:00:00+00:00,654707.5990033819,565816.7194373629,470355.70247049717,88890.8795660191,3,9,full,-0.00020546103312479858,1838365.0505258846,-0.6438642048726418
2025-04-28 00:00:00+00:00,666001.0288870039,474084.1525901778,474084.1525901777,191916.87629682617,5,8,full,0.01724957813352601,1838365.0505258846,-0.6377210126484472
2025-04-29 00:00:00+00:00,659080.6953320217,517398.26749182295,517398.2674918229,141682.42784019874,4,9,full,-0.01039087517108972,1838365.0505258846,-0.6414854083831258
2025-04-30 00:00:00+00:00,674644.7454991735,238345.3141350971,238345.3141350971,436299.4313640764,9,5,full,0.02361478689542129,1838365.0505258846,-0.6330191627031944
2025-05-01 00:00:00+00:00,666053.7872466814,238345.3141350971,238345.3141350971,427708.4731115843,9,5,full,-0.012734047526206771,1838365.0505258846,-0.637692314126539
2025-05-02 00:00:00+00:00,674588.2490097913,291086.69703075616,291086.6970307562,383501.55197903514,7,7,full,0.012813472314885388,1838365.0505258846,-0.6330498946241292
2025-05-03 00:00:00+00:00,656178.5088202057,176525.25511433365,176525.2551143336,479653.2537058721,10,5,full,-0.02729033631494282,1838365.0505258846,-0.6430640864106405
2025-05-04 00:00:00+00:00,653284.2432821008,61705.7795449928,61705.779544992765,591578.4637371079,13,2,full,-0.004410789898176892,1838365.0505258846,-0.644638455732597
2025-05-05 00:00:00+00:00,651249.9787222145,324236.84450389934,227632.35416601948,327013.13421831507,8,4,full,-0.003113904216740515,1838365.0505258846,-0.6457450175437587
2025-05-06 00:00:00+00:00,643935.5303981665,128861.85088723496,128861.8508872349,515073.6795109316,11,3,full,-0.011231398945147464,1838365.0505258846,-0.6497237965800309
2025-05-07 00:00:00+00:00,642169.7294325085,87214.07820679911,87214.07820679905,554955.6512257094,12,2,full,-0.00274220148182569,1838365.0505258846,-0.6506843245040974
2025-05-08 00:00:00+00:00,693542.2003319404,271765.5525248094,271765.55252480943,421776.64780713106,7,5,full,0.07999827544787941,1838365.0505258846,-0.6227396728775141
2025-05-09 00:00:00+00:00,703656.4460528961,405261.92221261206,405261.92221261206,298394.523840284,4,7,full,0.014583461130576847,1838365.0505258846,-0.6172379115608146
2025-05-10 00:00:00+00:00,715505.1743400758,405261.92221261206,405261.92221261206,310243.2521274637,4,8,full,0.016838797333051048,1838365.0505258846,-0.6107926583268118
2025-05-11 00:00:00+00:00,712703.7632940375,635043.3691292935,635043.3691292936,77660.39416474407,2,11,full,-0.003915291106905028,1838365.0505258846,-0.612316518370407
2025-05-12 00:00:00+00:00,720837.1087347954,436238.03120966227,436238.0312096622,284599.07752513315,5,9,full,0.01141195803873174,1838365.0505258846,-0.6078922907457407
2025-05-13 00:00:00+00:00,730558.2514916926,397445.90469328756,397445.9046932875,333112.3467984051,6,8,full,0.013485907757939453,1838365.0505258846,-0.6026043623475608
2025-05-14 00:00:00+00:00,726899.2967973356,297408.1657410339,297408.16574103385,429491.13105630165,8,8,full,-0.005008436612530143,1838365.0505258846,-0.6045946932088391
2025-05-15 00:00:00+00:00,698721.9444309514,79943.60975579917,79943.60975579917,618778.3346751522,14,4,full,-0.038763763413352526,1838365.0505258846,-0.6199220909736756
2025-05-16 00:00:00+00:00,692977.7067411132,108043.34598438005,79943.60975579917,584934.3607567331,13,4,full,-0.008221063808889428,1838365.0505258846,-0.6230467357161303
2025-05-17 00:00:00+00:00,673814.992793886,309101.16719505325,105234.59699331003,364713.82559883274,11,3,full,-0.027652713443473198,1838365.0505258846,-0.633470516314954
2025-05-18 00:00:00+00:00,721726.4409235367,327674.93489027396,283899.4315564482,394051.50603326265,11,4,full,0.07110475225698387,1838365.0505258846,-0.6074085281826486
2025-05-19 00:00:00+00:00,724464.8121209524,282805.54463258025,282805.54463258013,441659.2674883722,11,5,full,0.003794195476490625,1838365.0505258846,-0.6059189593961705
2025-05-20 00:00:00+00:00,726253.6075752338,500131.0723863102,481956.7565675345,226122.53518892365,5,7,full,0.002469126759993223,1838365.0505258846,-0.6049459233532095
2025-05-21 00:00:00+00:00,726514.6445089725,500131.0723863102,482461.680619452,226383.57212266227,5,7,full,0.0003594294486333194,1838365.0505258846,-0.60480392928426
2025-05-22 00:00:00+00:00,733201.236565923,547162.6304175229,547162.6304175229,186038.6061484001,3,9,full,0.009203657637857576,1838365.0505258846,-0.6011666799495656
2025-05-23 00:00:00+00:00,730402.6948317841,352254.2367741965,329084.6794138537,378148.4580575877,6,5,full,-0.003816880816031265,1838365.0505258846,-0.6026889791976602
2025-05-24 00:00:00+00:00,730373.75438932,510927.30513801874,475545.34127975244,219446.44925130127,4,7,full,-3.9622584457665866e-05,1838365.0505258846,-0.602704721687138
2025-05-25 00:00:00+00:00,735774.0108261544,473614.898624596,438772.96041001315,262159.11220155837,5,6,full,0.007393825975235968,1838365.0505258846,-0.5997671895385097
2025-05-26 00:00:00+00:00,737419.380590189,473614.898624596,441042.5031139381,263804.48196559295,5,6,full,0.0022362433842793017,1838365.0505258846,-0.5988721715639437
2025-05-27 00:00:00+00:00,755155.5553983309,473614.898624596,473614.898624596,281540.6567737349,5,7,full,0.024051679783553936,1838365.0505258846,-0.5892243734821273
2025-05-28 00:00:00+00:00,755247.8923817666,637958.5401497179,637958.5401497179,117289.35223204867,2,10,full,0.0001222754474565768,1838365.0505258846,-0.5891741457085906
2025-05-29 00:00:00+00:00,749864.8806148968,562442.9846098848,562442.9846098847,187421.89600501204,3,9,full,-0.0071274767148225004,1838365.0505258846,-0.5921022974188996
2025-05-30 00:00:00+00:00,718104.5228633096,41617.107351931554,41617.10735193151,676487.4155113781,11,1,full,-0.0423547742701903,1838365.0505258846,-0.6093787125370513
2025-05-31 00:00:00+00:00,689346.6775938154,-1.4406396076083183e-09,-1.4842953532934189e-09,689346.6775938168,12,0,full,-0.040046879463768836,1838365.0505258846,-0.6250218761520623
2025-06-01 00:00:00+00:00,698968.2494504413,-1.4406396076083183e-09,-1.4842953532934189e-09,698968.2494504427,12,0,full,0.013957522636085518,1838365.0505258846,-0.6197881105004179
2025-06-02 00:00:00+00:00,701481.6980207182,72469.29238584732,72469.29238584731,629012.4056348709,11,2,full,0.0035959409776524787,1838365.0505258846,-0.6184208909867757
2025-06-03 00:00:00+00:00,697479.3170721073,147805.57439726047,147805.57439726044,549673.7426748469,10,4,full,-0.005705609939509304,1838365.0505258846,-0.6205980325438706
2025-06-04 00:00:00+00:00,704642.2603402933,649193.1581067006,494538.3542632047,55449.1022335927,2,8,full,0.010269757242773458,1838365.0505258846,-0.6167016664406655
2025-06-05 00:00:00+00:00,690062.0192801456,204481.9604391547,69006.2019280131,485580.058840991,9,1,full,-0.020691692623014735,1838365.0505258846,-0.6246327577415891
2025-06-06 00:00:00+00:00,701754.6091271474,204481.9604391547,204481.9604391547,497272.6486879926,9,4,full,0.01694425938584354,1838365.0505258846,-0.6182724378238138
2025-06-07 00:00:00+00:00,713636.6654081934,204481.9604391547,203932.6049131963,509154.70496903866,9,3,full,0.016931924816033783,1838365.0505258846,-0.6118090554408387
2025-06-08 00:00:00+00:00,710848.2729905492,140919.22399479087,140919.2239947908,569929.0489957584,10,2,full,-0.003907299824693289,1838365.0505258846,-0.6133258338504624
2025-06-09 00:00:00+00:00,743183.0770932779,146479.78325174423,146479.78325174423,596703.2938415337,9,3,full,0.04548763123063626,1838365.0505258846,-0.5957369419742383
2025-06-10 00:00:00+00:00,739858.1714792928,678564.6151201577,678564.6151201576,61293.556359135066,1,11,full,-0.0044738715351128056,1838365.0505258846,-0.5975455629622375
2025-06-11 00:00:00+00:00,738844.7798140898,371059.3853026419,371059.3853026419,367785.39451144787,6,6,full,-0.0013697107151994237,1838365.0505258846,-0.5980968091170276
2025-06-12 00:00:00+00:00,703863.6568843673,149101.93385885406,149101.93385885406,554761.7230255132,9,4,full,-0.047345699510152106,1838365.0505258846,-0.6171251968247442
2025-06-13 00:00:00+00:00,702846.1833120938,129365.93597038818,70284.6183312077,573480.2473417056,11,1,full,-0.0014455549200782514,1838365.0505258846,-0.6176786633802481
2025-06-14 00:00:00+00:00,685827.4133850886,129365.93597038818,70284.6183312077,556461.4774147004,11,1,full,-0.024214074617017856,1838365.0505258846,-0.6269362207528368
2025-06-15 00:00:00+00:00,689208.8675731043,129365.93597038818,70284.6183312077,559842.9316027161,11,1,full,0.004930473938517199,1838365.0505258846,-0.625096839511854
2025-06-16 00:00:00+00:00,689460.3021304482,403954.7882394204,68946.03021304314,285505.51389102783,6,1,full,0.0003648161960381202,1838365.0505258846,-0.6249600687669621
2025-06-17 00:00:00+00:00,684709.2385591794,610397.1882598439,205887.87792487902,74312.0502993355,3,3,full,-0.006890989309446649,1838365.0505258846,-0.6275444649237045
2025-06-18 00:00:00+00:00,684599.1407102365,684599.1407102365,274347.79199590266,0.0,0,4,full,-0.00016079503932875383,1838365.0505258846,-0.6276043539261154
2025-06-19 00:00:00+00:00,684879.9856835727,616128.2168543185,342394.83363201167,68751.7688292542,1,5,full,0.00041023272837414915,1838365.0505258846,-0.6274515850441917
2025-06-20 00:00:00+00:00,682956.7826031859,410692.3056465803,136783.67682867416,272264.4769566056,4,2,full,-0.002808087724256225,1838365.0505258846,-0.6284977336749202
2025-06-21 00:00:00+00:00,671426.3138732981,342204.307078223,135438.3096476467,329222.00679507514,5,2,full,-0.016883160140730658,1838365.0505258846,-0.634769865929931
2025-06-22 00:00:00+00:00,661702.618015813,206765.99743057456,-1.7025740817189217e-09,454936.62058523844,7,0,full,-0.014482148906842074,1838365.0505258846,-0.6400591831167995
2025-06-23 00:00:00+00:00,700303.000403888,206765.99743057456,-1.7025740817189217e-09,493537.0029733135,7,0,full,0.0583349398009374,1838365.0505258846,-0.6190620572320178
2025-06-24 00:00:00+00:00,723991.2186955059,275798.7102488773,72399.1218695489,448192.5084466286,6,1,full,0.0338256701427182,1838365.0505258846,-0.6061765760351023
2025-06-25 00:00:00+00:00,721819.1938736414,412893.81307390996,412893.81307390996,308925.3807997315,4,8,full,-0.0030000706718211756,1838365.0505258846,-0.6073580741392157
2025-06-26 00:00:00+00:00,713835.8161674594,409919.78685361723,144363.83877472658,303916.0293138422,4,2,full,-0.011060079551693969,1838365.0505258846,-0.6117007250745663
2025-06-27 00:00:00+00:00,714235.1827807453,567131.2796744972,501481.43016509933,147103.9031062481,2,7,full,0.0005594656421559208,1838365.0505258846,-0.6114834849713715
2025-06-28 00:00:00+00:00,723404.9373681266,495707.76139642263,430375.06058592175,227697.175971704,3,6,full,0.01283856467512634,1838365.0505258846,-0.6064954905658217
2025-06-29 00:00:00+00:00,725534.0513514951,495707.76139642263,286611.0485710345,229826.2899550724,3,4,full,0.0029431842020799515,1838365.0505258846,-0.6053373343102078
2025-06-30 00:00:00+00:00,726518.7049816803,571837.5342922612,290607.48199267033,154681.17068941903,2,4,full,0.0013571432358701063,1838365.0505258846,-0.6048017205430165
2025-07-01 00:00:00+00:00,726452.3858508873,647535.1061330215,290607.48199267033,78917.27971786575,1,4,full,-9.128344575060066e-05,1838365.0505258846,-0.60483779560372
2025-07-02 00:00:00+00:00,726476.0657707866,647535.1061330215,647535.1061330215,78940.95963776509,1,10,full,3.2596657896011294e-05,1838365.0505258846,-0.6048249146365299
2025-07-03 00:00:00+00:00,726349.81233119,726349.81233119,726349.8123311901,0.0,0,11,full,-0.0001737888494133255,1838365.0505258846,-0.604893591659932
2025-07-04 00:00:00+00:00,726064.6638739558,603142.689804047,603142.689804047,122921.97406990887,2,10,full,-0.0003925773124645593,1838365.0505258846,-0.6050487014718556
2025-07-05 00:00:00+00:00,728724.7985907469,530507.708570928,530507.708570928,198217.09001981892,3,9,full,0.003663771078732614,1838365.0505258846,-0.6036016903268003
2025-07-06 00:00:00+00:00,729627.4542313381,530507.708570928,530507.708570928,199119.74566041015,3,9,full,0.0012386783629936282,1838365.0505258846,-0.6031106803174809
2025-07-07 00:00:00+00:00,724127.5529360315,484609.7703134163,484609.7703134163,239517.78262261514,4,8,full,-0.007537958259946187,1838365.0505258846,-0.6061024154430662
2025-07-08 00:00:00+00:00,741380.8840411961,411647.0248902825,411647.0248902825,329733.8591509136,5,7,full,0.023826370140467068,1838365.0505258846,-0.5967172657959767
2025-07-09 00:00:00+00:00,744975.1480327663,463963.9982052024,463963.9982052024,281011.1498275639,4,8,full,0.004848066721087063,1838365.0505258846,-0.5947621241930932
2025-07-10 00:00:00+00:00,761484.9020450307,535954.2372564443,535954.2372564443,225530.66478858644,3,8,full,0.022161482911022157,1838365.0505258846,-0.5857814519334995
2025-07-11 00:00:00+00:00,757695.0986351469,461456.72245316766,461456.72245316766,296238.37618197914,4,9,full,-0.004976859553887492,1838365.0505258846,-0.5878429594718417
2025-07-12 00:00:00+00:00,763629.0593295731,462550.5033358733,462550.5033358732,301078.5559936998,5,8,full,0.007831594404022368,1838365.0505258846,-0.5846151126996629
2025-07-13 00:00:00+00:00,742380.0223927313,561702.4394293106,544248.9345925816,180677.5829634207,4,9,full,-0.02782638596218079,1838365.0505258846,-0.5961737728965391
2025-07-14 00:00:00+00:00,742766.6432174231,655101.0972125329,655101.0972125329,87665.5460048902,3,11,full,0.0005207855990598809,1838365.0505258846,-0.5959634660129409
2025-07-15 00:00:00+00:00,742012.77773334,501189.97712008806,501189.97712008806,240822.80061325195,6,10,full,-0.001014942567718946,1838365.0505258846,-0.596373539890198
2025-07-16 00:00:00+00:00,748367.2225489892,530514.951664213,471602.66426115535,217852.27088477628,5,9,full,0.008563794325834095,1838365.0505258846,-0.5929169659013531
2025-07-17 00:00:00+00:00,758771.1247011019,515111.77381449816,502570.4259029113,243659.35088660376,4,9,full,0.013902134992866522,1838365.0505258846,-0.5872576426080081
2025-07-18 00:00:00+00:00,760930.935074243,363357.54887427774,363357.54887427774,397573.38619996526,6,8,full,0.002846458309799127,1838365.0505258846,-0.5860827886950035
2025-07-19 00:00:00+00:00,767166.9872800087,331532.0960355529,312512.85196967184,435634.8912444558,7,6,full,0.008195293315492957,1838365.0505258846,-0.5826906157400282
2025-07-20 00:00:00+00:00,770902.2514219224,492891.53876059887,492891.53876059887,278010.7126613235,4,8,full,0.0048689062535876015,1838365.0505258846,-0.5806587754693241
2025-07-21 00:00:00+00:00,779891.1445403576,420001.4427774447,420001.4427774447,359889.70176291285,5,8,full,0.011660224239655959,1838365.0505258846,-0.5757691627583645
2025-07-22 00:00:00+00:00,796434.8203460013,349806.4848105197,349120.43416374444,446628.3355354817,8,5,full,0.02121280119854929,1838365.0505258846,-0.5667700383456635
2025-07-23 00:00:00+00:00,763148.0551804948,172878.16586128925,172878.16586128925,590269.8893192055,11,5,full,-0.041794713534806904,1838365.0505258846,-0.5848767604877019
2025-07-24 00:00:00+00:00,753086.003576772,64373.44980795239,64373.44980795239,688712.5537688197,14,3,full,-0.013184927269902946,1838365.0505258846,-0.5903501302087181
2025-07-25 00:00:00+00:00,789069.5164379076,64373.44980795239,50247.280543284505,724696.0666299552,14,2,full,0.04778141233568589,1838365.0505258846,-0.5707764808669609
2025-07-26 00:00:00+00:00,791346.6621406875,140820.81087173085,140820.8108717308,650525.8512689567,13,4,full,0.002885861961896108,1838365.0505258846,-0.5695378010399437
2025-07-27 00:00:00+00:00,807901.7803431517,288238.5054731937,288238.50547319365,519663.274869958,9,6,full,0.02092018453414668,1838365.0505258846,-0.5605324524027246
2025-07-28 00:00:00+00:00,794892.8830513561,524810.9345093112,524810.9345093112,270081.9485420449,7,8,full,-0.01610207776280692,1838365.0505258846,-0.567608793028366
2025-07-29 00:00:00+00:00,796583.9731783539,386404.0538221607,386404.0538221607,410179.9193561931,7,6,full,0.0021274440406438,1838365.0505258846,-0.5666889049318675
2025-07-30 00:00:00+00:00,804659.7765832788,62473.574117708864,62473.57411770888,742186.20246557,12,1,full,0.01013804404412344,1838365.0505258846,-0.5622959779652594
2025-07-31 00:00:00+00:00,776536.7934171102,62473.574117708864,62473.574117708835,714063.2192994014,12,4,full,-0.03495015407080926,1838365.0505258846,-0.5775938009727866
2025-08-01 00:00:00+00:00,755397.9170478996,62473.574117708864,62473.574117708835,692924.3429301907,12,4,full,-0.027221989413006575,1838365.0505258846,-0.5890925380506937
2025-08-02 00:00:00+00:00,733289.5835412147,197395.94638818444,197395.94638818444,535893.6371530303,9,6,full,-0.02926713591306207,1838365.0505258846,-0.6011186225872553
2025-08-03 00:00:00+00:00,746555.2092263971,431717.7462873873,431717.7462873873,314837.46293900977,5,8,full,0.018090568832465737,1838365.0505258846,-0.5939026315731815
2025-08-04 00:00:00+00:00,745314.3240539721,672754.6346202435,581983.0851494574,72559.6894337287,1,10,full,-0.0016621478988952942,1838365.0505258846,-0.594577625460859
2025-08-05 00:00:00+00:00,741009.0988303949,449160.3374040518,449160.33740405174,291848.7614263431,4,8,full,-0.005776388678752187,1838365.0505258846,-0.5969195026752596
2025-08-06 00:00:00+00:00,748915.6596539395,449160.3374040518,449160.33740405174,299755.3222498877,4,8,full,0.010669991550743774,1838365.0505258846,-0.5926186371745351
2025-08-07 00:00:00+00:00,757809.7648292315,449160.3374040518,449160.3374040518,308649.42742517975,4,8,full,0.01187597703512,1838365.0505258846,-0.5877805854650839
2025-08-08 00:00:00+00:00,760618.9245659605,449160.3374040518,449160.3374040518,311458.58716190874,4,8,full,0.003706945815566298,1838365.0505258846,-0.5862525104312786
2025-08-09 00:00:00+00:00,763548.4954700205,519810.5436638106,519810.5436638107,243737.9518062098,3,9,full,0.0038515619444148275,1838365.0505258846,-0.5846589363458585
2025-08-10 00:00:00+00:00,771547.6817839174,711266.7445334299,711266.7445334299,60280.937250487514,1,10,full,0.010476330398598632,1838365.0505258846,-0.5803076861349123
2025-08-11 00:00:00+00:00,774535.4474835051,634911.8949864279,634911.8949864279,139623.55249707727,2,9,full,0.0038724316981675333,1838365.0505258846,-0.5786824563152239
2025-08-12 00:00:00+00:00,785757.4763106351,634911.8949864279,634911.8949864279,150845.58132420725,2,9,full,0.014488722063774828,1838365.0505258846,-0.5725781035241828
2025-08-13 00:00:00+00:00,787736.6712605928,577403.0762929807,577403.0762929807,210333.59496761204,3,9,full,0.0025188369307671543,1838365.0505258846,-0.571501497466321
2025-08-14 00:00:00+00:00,767966.2020914895,129465.90766398603,129465.90766398597,638500.2944275035,10,3,full,-0.025097814904903704,1838365.0505258846,-0.5822558735699397
2025-08-15 00:00:00+00:00,756214.8461968058,163865.37213130432,163865.37213130432,592349.4740655015,10,3,full,-0.015301918056653818,1838365.0505258846,-0.5886481599612208
2025-08-16 00:00:00+00:00,763341.1399438744,167695.96849004916,167695.96849004913,595645.1714538253,10,5,full,0.00942363639501198,1838365.0505258846,-0.5847717297902763
2025-08-17 00:00:00+00:00,770221.863927557,167695.96849004916,167695.96849004913,602525.8954375079,10,3,full,0.009013956701178882,1838365.0505258846,-0.5810288801415004
2025-08-18 00:00:00+00:00,752231.2898547892,134253.89221749766,134253.89221749766,617977.3976372915,11,2,full,-0.023357651756377495,1838365.0505258846,-0.5908150616551348
2025-08-19 00:00:00+00:00,746927.3733883195,499140.386693023,448156.4240329896,247786.98669529645,5,6,full,-0.007050911784716507,1838365.0505258846,-0.593700188559039
2025-08-20 00:00:00+00:00,754644.8835069905,522723.1880403164,522723.1880403164,231921.6954666741,4,8,full,0.010332343402627897,1838365.0505258846,-0.589502159382808
2025-08-21 00:00:00+00:00,748130.296692738,531679.3607767664,529303.7416433594,216450.9359159715,4,8,full,-0.008632652200566082,1838365.0505258846,-0.5930458444699398
2025-08-22 00:00:00+00:00,778943.2754802626,493240.04455469805,493240.044554698,285703.23092556454,5,8,full,0.04118664746467249,1838365.0505258846,-0.5762847671318396
2025-08-23 00:00:00+00:00,774765.2737577306,597658.0330743601,597658.0330743601,177107.2406833705,3,10,full,-0.005363679043196012,1838365.0505258846,-0.5785574396466575
2025-08-24 00:00:00+00:00,782376.9310004683,521684.29783719865,498682.32654506416,260692.63316326967,4,8,full,0.009824468778550255,1838365.0505258846,-0.5744169903705139
2025-08-25 00:00:00+00:00,730898.0754760416,23001.971292132206,23001.971292132162,707896.1041839095,12,1,full,-0.06579802328603657,1838365.0505258846,-0.6024195111482563
2025-08-26 00:00:00+00:00,736785.8766231459,90242.2969029006,90242.29690290056,646543.5797202453,11,2,full,0.00805557073504315,1838365.0505258846,-0.5992167733974381
2025-08-27 00:00:00+00:00,719660.5682114166,128017.79265986072,90242.29690290056,591642.7755515559,10,2,full,-0.023243263687705795,1838365.0505258846,-0.6085322836149709
2025-08-28 00:00:00+00:00,722871.76120266,128017.79265986072,128017.79265986069,594853.9685427994,10,3,full,0.0044620938440802504,1838365.0505258846,-0.6067855179275332
2025-08-29 00:00:00+00:00,703985.7720044102,184199.50306021766,140797.15440087995,519786.26894419256,10,2,full,-0.026126334174167765,1838365.0505258846,-0.6170587708882806
2025-08-30 00:00:00+00:00,702368.5124217764,642581.0536895341,642581.0536895341,59787.458732242325,2,10,full,-0.002297290154073761,1838365.0505258846,-0.617938498003508
2025-08-31 00:00:00+00:00,702091.2348457199,642581.0536895341,601533.9585926019,59510.181156185776,2,9,full,-0.0003947750662974814,1838365.0505258846,-0.6180893263582883
2025-09-01 00:00:00+00:00,701674.7550735062,377616.9175130548,210641.17799170385,324057.83756045136,6,3,full,-0.0005931989341887434,1838365.0505258846,-0.6183158753628479
2025-09-02 00:00:00+00:00,708766.3493405686,377616.9175130548,211920.7453754623,331149.43182751385,6,3,full,0.010106668674890074,1838365.0505258846,-0.6144583203766748
2025-09-03 00:00:00+00:00,712364.2843642288,437619.75709609647,437619.7570960965,274744.52726813237,4,7,full,0.005076334432366547,1838365.0505258846,-0.6125011818732905
2025-09-04 00:00:00+00:00,697867.8324766043,295506.6937256167,295506.6937256166,402361.13875098765,6,5,full,-0.020349773572045926,1838365.0505258846,-0.6203866950816044
2025-09-05 00:00:00+00:00,716353.1720512258,224270.26528919378,224270.26528919375,492082.90676203195,7,4,full,0.02648831012746422,1838365.0505258846,-0.6103313801324144
2025-09-06 00:00:00+00:00,714645.917960644,460077.06383458665,422361.74949904357,254568.85412605733,4,6,full,-0.002383257528815297,1838365.0505258846,-0.6112600608044568
2025-09-07 00:00:00+00:00,717978.8791292944,460077.06383458665,460077.06383458665,257901.81529470778,4,8,full,0.004663793754201562,1838365.0505258846,-0.6094470579040281
2025-09-08 00:00:00+00:00,719714.7946273072,460077.06383458665,460077.06383458665,259637.73079272054,4,9,full,0.0024177807293133124,1838365.0505258846,-0.6085027865268517
2025-09-09 00:00:00+00:00,718345.0115353084,538679.7311042425,518806.31070718187,179665.28043106597,3,9,full,-0.0019032304215840234,1838365.0505258846,-0.6092478959334993
2025-09-10 00:00:00+00:00,716589.5888028871,615370.6620806367,615370.6620806367,101218.92672225035,2,10,full,-0.0024437042148722776,1838365.0505258846,-0.6102027784971767
2025-09-11 00:00:00+00:00,725665.8379621047,583425.9957440975,583425.9957440975,142239.8422180072,2,9,full,0.01266589593407308,1838365.0505258846,-0.6052656474542312
2025-09-12 00:00:00+00:00,726483.7981102774,510859.41194788704,510859.41194788704,215624.38616239032,3,8,full,0.0011271856898620314,1838365.0505258846,-0.6048207085407445
2025-09-13 00:00:00+00:00,733848.623404193,510859.41194788704,510859.411947887,222989.211456306,3,8,full,0.010137631855070772,1838365.0505258846,-0.6008145263671829
2025-09-14 00:00:00+00:00,729720.7567988073,333592.8192123051,333592.819212305,396127.93758650223,6,8,full,-0.005624956528823666,1838365.0505258846,-0.6030599273033054
2025-09-15 00:00:00+00:00,673195.4074578072,64983.05518639635,64983.05518639635,608212.3522714109,13,4,full,-0.07746161639826399,1838365.0505258846,-0.6338075469476357
2025-09-16 00:00:00+00:00,679066.3229252206,129800.01545511562,129800.01545511557,549266.307470105,12,5,full,0.008720967793859113,1838365.0505258846,-0.6306139943582119
2025-09-17 00:00:00+00:00,696049.7052762795,208601.8949345812,208601.8949345812,487447.81034169823,11,7,full,0.025009902240328064,1838365.0505258846,-0.6213756864681654
2025-09-18 00:00:00+00:00,703886.3511508439,208601.8949345812,208601.8949345812,495284.45621626265,11,7,full,0.011258744620046723,1838365.0505258846,-0.61711285201517
2025-09-19 00:00:00+00:00,661342.1705950736,258957.35582136852,215819.72763592232,402384.81477370515,11,5,full,-0.06044183196081465,1838365.0505258846,-0.6402552526736247
2025-09-20 00:00:00+00:00,661079.291693286,538089.2069337224,525100.3322017307,122990.08475956373,4,9,full,-0.0003974930277786948,1838365.0505258846,-0.6403982487024669
2025-09-21 00:00:00+00:00,658854.4410417737,378080.8573617142,378080.8573617141,280773.5836800595,7,7,full,-0.003365482294587774,1838365.0505258846,-0.6416084820295616
2025-09-22 00:00:00+00:00,640272.5424659426,-2.4010660126805305e-09,-2.4137989385053515e-09,640272.542465945,14,0,full,-0.028203344196101376,1838365.0505258846,-0.651716321367845
2025-09-23 00:00:00+00:00,630506.961174512,-2.4010660126805305e-09,-2.4137989385053515e-09,630506.9611745145,14,0,full,-0.015252225644128647,1838365.0505258846,-0.6570284226225098
2025-09-24 00:00:00+00:00,635482.1788287583,117069.83690338164,117069.83690338163,518412.3419253766,10,4,full,0.007890821133803794,1838365.0505258846,-0.6543220952514455
2025-09-25 00:00:00+00:00,594632.1691463527,76599.58195301186,76599.58195301186,518032.5871933409,11,3,full,-0.06428191229169522,1838365.0505258846,-0.6765429320056691
2025-09-26 00:00:00+00:00,606946.9159077688,202687.1134922934,202687.1134922934,404259.8024154753,9,5,full,0.020709856278201322,1838365.0505258846,-0.6698441826153381
2025-09-27 00:00:00+00:00,607469.6575156895,548233.6702529687,514023.7501850081,59235.987262720766,2,9,full,0.0008612641307170765,1838365.0505258846,-0.669559831252277
2025-09-28 00:00:00+00:00,607306.3199056473,548233.6702529687,514007.4164240039,59072.64965267868,2,9,full,-0.0002688819236011941,1838365.0505258846,-0.6696486806404851
2025-09-29 00:00:00+00:00,604162.2060809017,487538.9786621918,485297.90196458733,116623.22741870992,3,8,full,-0.005177146559637524,1838365.0505258846,-0.671358957836979
2025-09-30 00:00:00+00:00,596383.6329869237,465255.7860065151,465255.78600651515,131127.84698040853,3,8,full,-0.01287497466025933,1838365.0505258846,-0.675590202927149
2025-10-01 00:00:00+00:00,563202.479551686,422351.3245115966,422351.3245115966,140851.15504008942,3,10,full,-0.05563726366710209,1838365.0505258846,-0.6936394763430823
2025-10-02 00:00:00+00:00,573168.7670171522,356904.88400646363,356904.8840064637,216263.8830106885,5,8,full,0.01769574500701676,1838365.0505258846,-0.6882181986362333
2025-10-03 00:00:00+00:00,578958.4448029082,356904.88400646363,356904.8840064636,222053.56079644465,5,8,full,0.01010117459101334,1838365.0505258846,-0.6850688362263573
2025-10-04 00:00:00+00:00,577167.7908855362,321093.4191204599,321093.4191204599,256074.37176507636,6,7,full,-0.0030928885025273134,1838365.0505258846,-0.6860428832018803
2025-10-05 00:00:00+00:00,575593.4114131202,389888.9694924668,389888.9694924668,185704.44192065345,5,8,full,-0.0027277673793967283,1838365.0505258846,-0.6868992851836118
2025-10-06 00:00:00+00:00,585840.5098289844,362587.9306723984,362587.9306723984,223252.57915658597,5,8,full,0.017802668016485557,1838365.0505258846,-0.6813252571020112
2025-10-07 00:00:00+00:00,590156.6879282726,299688.6349880166,299688.63498801657,290468.0529402561,6,6,full,0.0073674968304056065,1838365.0505258846,-0.67897742194378
2025-10-08 00:00:00+00:00,608663.0190020915,243095.48581486422,239763.94138607034,365567.53318722727,7,4,full,0.031358334917434894,1838365.0505258846,-0.6689106884250346
2025-10-09 00:00:00+00:00,617199.3615793295,248204.20329200628,248204.20329200625,368995.15828732325,7,6,full,0.014024743266370043,1838365.0505258846,-0.6642672458319566
2025-10-10 00:00:00+00:00,536178.1162290522,-2.473825588822365e-09,-2.4519977159798145e-09,536178.1162290546,13,0,full,-0.13127240628207215,1838365.0505258846,-0.708339692339303
2025-10-11 00:00:00+00:00,555114.0823028974,17769.72236746796,-2.4519977159798145e-09,537344.3599354294,12,0,full,0.03531655899539898,1838365.0505258846,-0.6980392538771878
2025-10-12 00:00:00+00:00,588422.8113175208,196442.98851886703,176526.84339525382,391979.8227986538,9,3,full,0.06000339403468535,1838365.0505258846,-0.6799205842445732
2025-10-13 00:00:00+00:00,594362.760255482,179203.54961475008,177120.83828904995,415159.2106407319,9,3,full,0.010094695215267624,1838365.0505258846,-0.6766894800978414
2025-10-14 00:00:00+00:00,588348.6754772869,108893.27675284384,58834.86754772627,479455.3987244431,10,1,full,-0.01011854237908516,1838365.0505258846,-0.6799609112950753
2025-10-15 00:00:00+00:00,578420.6982386522,346482.7769666569,346482.7769666569,231937.92127199535,4,6,full,-0.01687430881114982,1838365.0505258846,-0.6853613497095212
2025-10-16 00:00:00+00:00,567789.9970252814,174519.00719545674,174519.0071954568,393270.98982982466,7,3,full,-0.01837883956390618,1838365.0505258846,-0.6911440429838138
2025-10-17 00:00:00+00:00,568759.517379706,58834.86754772628,56875.95173796826,509924.64983197977,9,1,full,0.0017075333477236665,1838365.0505258846,-0.6906166611375657
2025-10-18 00:00:00+00:00,576930.039597942,109759.57068031696,109759.57068031696,467170.468917625,8,2,full,0.014365512960341942,1838365.0505258846,-0.6861722107734235
2025-10-19 00:00:00+00:00,591843.4239564701,281579.61177235725,168943.91307596397,310263.8121841128,5,3,full,0.025849554252576512,1838365.0505258846,-0.678059902309845
2025-10-20 00:00:00+00:00,592182.3874992887,281579.61177235725,171286.20008792222,310602.77572693146,5,3,full,0.0005727250301315046,1838365.0505258846,-0.6778755191576948
2025-10-21 00:00:00+00:00,582490.6611529137,411820.1278612273,233931.54074151878,170670.5332916864,3,4,full,-0.016366117181062845,1838365.0505258846,-0.6831474461580491
2025-10-22 00:00:00+00:00,581244.5122727811,467507.7620211823,174622.58345785848,113736.75025159885,2,3,full,-0.0021393456809524203,1838365.0505258846,-0.6838253033006096
2025-10-23 00:00:00+00:00,580261.8352598427,467507.7620211823,174622.58345785848,112754.07323866038,2,3,full,-0.001690643080819787,1838365.0505258846,-0.6843598418639147
2025-10-24 00:00:00+00:00,585281.209024918,409258.6959058909,116652.57212976756,176022.51311902713,3,2,full,0.008650187656797481,1838365.0505258846,-0.6816294952640163
2025-10-25 00:00:00+00:00,581961.3962639836,409258.6959058909,116724.26052888781,172702.70035809264,3,2,full,-0.005672167002363393,1838365.0505258846,-0.6834353459355056
2025-10-26 00:00:00+00:00,592016.9023109731,465880.4494604394,235127.64099108244,126136.4528505338,2,4,full,0.017278647882046583,1838365.0505258846,-0.6779655367460232
2025-10-27 00:00:00+00:00,590426.2840386619,475898.44753372244,235483.0866652257,114527.83650493943,2,4,full,-0.0026867784789627036,1838365.0505258846,-0.6788307720113783
2025-10-28 00:00:00+00:00,585308.5606665742,416855.81912985625,176775.17470161855,168452.74153671795,3,3,full,-0.008667844759689958,1838365.0505258846,-0.6816146170211732
2025-10-29 00:00:00+00:00,589146.30721441,410069.030286808,294317.37663484423,179077.27692760207,3,5,full,0.00655679210204152,1838365.0505258846,-0.6795270302566521
2025-10-30 00:00:00+00:00,576195.7121925246,233325.13812248496,233325.13812248496,342870.5740700396,6,7,full,-0.02198196757460502,1838365.0505258846,-0.6865716566860878
2025-10-31 00:00:00+00:00,611980.2871576943,233325.13812248496,233325.13812248496,378655.1490352093,6,8,full,0.06210489631900118,1838365.0505258846,-0.667106221921141
2025-11-01 00:00:00+00:00,683738.475102423,292882.1589898133,292882.1589898133,390856.3161126097,5,7,full,0.11725571795458523,1838365.0505258846,-0.62807252296989
2025-11-02 00:00:00+00:00,699095.6696706654,290087.139805336,290087.139805336,409008.5298653294,6,5,full,0.022460626580860454,1838365.0505258846,-0.6197187987931552
2025-11-03 00:00:00+00:00,690550.8244872922,117721.20374377421,69055.08244872687,572829.620743518,10,1,full,-0.012222712218198373,1838365.0505258846,-0.6243668664774973
2025-11-04 00:00:00+00:00,673730.093488156,292849.9569707196,271174.11049517366,380880.13651743636,7,4,full,-0.024358425770651948,1838365.0505258846,-0.6335166982774025
2025-11-05 00:00:00+00:00,699341.4177096833,156421.86517317477,156421.86517317477,542919.5525365085,9,4,full,0.0380142203370013,1838365.0505258846,-0.6195851212958878
2025-11-06 00:00:00+00:00,711802.5489625197,88273.94214385684,88273.94214385684,623528.6068186628,11,2,full,0.017818380174945414,1838365.0505258846,-0.6128067443629324
2025-11-07 00:00:00+00:00,761134.4836397027,175727.07335879648,175727.07335879642,585407.4102809062,10,6,full,0.06930564487172197,1838365.0505258846,-0.5859720660910238
2025-11-08 00:00:00+00:00,750643.5237095172,336985.5474652108,191366.38879245063,413657.9762443064,9,4,full,-0.013783319709834041,1838365.0505258846,-0.5916787454728932
2025-11-09 00:00:00+00:00,742537.2655029554,261921.19509425905,116302.03642149891,480616.07040869637,10,3,full,-0.010799078324825073,1838365.0505258846,-0.5960882386822224
2025-11-10 00:00:00+00:00,724844.7293482155,422764.4051459882,422764.4051459882,302080.32420222723,8,6,full,-0.023827135655953846,1838365.0505258846,-0.6057122990121762
2025-11-11 00:00:00+00:00,694460.5384938796,155699.42713976355,155699.4271397635,538761.1113541161,11,3,full,-0.0419182062366068,1838365.0505258846,-0.6222401321787414
2025-11-12 00:00:00+00:00,693697.1561155899,171906.38319862253,171906.38319862253,521790.77291696734,10,4,full,-0.0010992451492568556,1838365.0505258846,-0.6226553828810277
2025-11-13 00:00:00+00:00,681082.113458209,214335.4792876618,214335.47928766173,466746.63417054724,7,6,full,-0.018185230465726288,1838365.0505258846,-0.6295174817083375
2025-11-14 00:00:00+00:00,674743.7274865159,215691.8041312267,215691.8041312267,459051.92335528915,8,6,full,-0.00930634624878024,1838365.0505258846,-0.6329653203026798
2025-11-15 00:00:00+00:00,704633.7760550539,215691.8041312267,215691.8041312267,488941.9719238272,8,6,full,0.044298371886881016,1838365.0505258846,-0.6167062815660657
2025-11-16 00:00:00+00:00,688096.8684788746,516687.2324143026,516687.2324143026,171409.63606457194,4,8,full,-0.023468797747338344,1838365.0505258846,-0.6257017243218169
2025-11-17 00:00:00+00:00,681212.5559695815,310258.1718706402,310258.1718706402,370954.38409894134,7,5,full,-0.010004859525827747,1838365.0505258846,-0.6294465259907367
2025-11-18 00:00:00+00:00,702035.9158178885,404885.1003566125,404885.1003566125,297150.815461276,6,7,full,0.030568079912544732,1838365.0505258846,-0.6181194177853504
2025-11-19 00:00:00+00:00,721564.6371983229,434809.4271053643,434809.4271053643,286755.2100929587,5,7,full,0.027817268234322512,1838365.0505258846,-0.6074965431964063
2025-11-20 00:00:00+00:00,697664.4752051563,295133.8076685864,295133.8076685864,402530.6675365699,7,5,full,-0.0331226902775692,1838365.0505258846,-0.6204973136289871
2025-11-21 00:00:00+00:00,670486.9573687178,4754.016720642525,4754.016720642525,665732.9406480752,11,3,full,-0.03895499742687436,1838365.0505258846,-0.6352808398000618
2025-11-22 00:00:00+00:00,651384.7844136737,207104.49975621418,197391.79908312458,444280.28465745953,9,5,full,-0.028489999313348724,1838365.0505258846,-0.645671688423723
2025-11-23 00:00:00+00:00,651986.2562976293,207104.49975621418,207104.49975621418,444881.7565414151,9,7,full,0.0009233741689207431,1838365.0505258846,-0.6453445108134963
2025-11-24 00:00:00+00:00,663052.9162332498,240519.4467655632,240519.44676556313,422533.46946768666,8,7,full,0.016973762604235887,1838365.0505258846,-0.6393246727337554
2025-11-25 00:00:00+00:00,669693.6717842949,311016.6620360277,246012.11297674943,358677.0097482672,7,7,full,0.010015423186388484,1838365.0505258846,-0.6357123566982947
2025-11-26 00:00:00+00:00,671230.5742711838,600300.5501542808,375000.29448242974,70930.02411690296,2,8,full,0.002294933566856061,1838365.0505258846,-0.6348763407576907
2025-11-27 00:00:00+00:00,669870.5469161742,604446.3252584847,267930.5312532794,65424.22165768952,1,4,full,-0.0020261701524640907,1838365.0505258846,-0.6356161434180059
2025-11-28 00:00:00+00:00,671823.3254488517,604446.3252584847,402508.1617095054,67377.00019036695,1,6,full,0.0029151580729549487,1838365.0505258846,-0.6345539068768364
2025-11-29 00:00:00+00:00,669913.9887129143,537263.9927135995,200961.16407484992,132649.99599931482,2,3,full,-0.0028420220966006715,1838365.0505258846,-0.6355925127486088
2025-11-30 00:00:00+00:00,670289.3019555138,601228.894474934,268115.7207822032,69060.40748057976,1,4,full,0.0005602409397669206,1838365.0505258846,-0.6353883567554931
2025-12-01 00:00:00+00:00,664512.07828909,467171.03408383124,134057.86039110046,197341.04420525872,3,2,full,-0.00861900025790241,1838365.0505258846,-0.6385309446026517
2025-12-02 00:00:00+00:00,674345.073324962,400142.1038882799,134463.4375280453,274202.96943668224,4,2,full,0.014797315740579187,1838365.0505258846,-0.6331821728594882
2025-12-03 00:00:00+00:00,683876.9926740751,400142.1038882799,340985.304402124,283734.88878579525,4,5,full,0.014135076722833428,1838365.0505258846,-0.6279971747295541
2025-12-04 00:00:00+00:00,679620.9668118302,401431.60299611895,401431.60299611895,278189.36381571123,4,7,full,-0.006223379215614666,1838365.0505258846,-0.6303122893804922
2025-12-05 00:00:00+00:00,667340.0605061741,68387.69926740517,68387.6992674052,598952.3612387689,10,1,full,-0.018070228708903735,1838365.0505258846,-0.6369926308622577
2025-12-06 00:00:00+00:00,670196.9106589309,206515.13366944587,201059.07319767692,463681.7769894851,8,3,full,0.004280951080008366,1838365.0505258846,-0.6354386140732964
2025-12-07 00:00:00+00:00,668002.7211216122,206637.28380325553,206637.28380325553,461365.43731835665,8,4,full,-0.003273947555445078,1838365.0505258846,-0.6366321689315608
2025-12-08 00:00:00+00:00,672901.852895367,206637.28380325553,206637.28380325553,466264.56909211143,8,4,full,0.007333999726122142,1838365.0505258846,-0.6339672293580234
2025-12-09 00:00:00+00:00,683977.5803711315,224830.310130293,224830.310130293,459147.2702408385,8,7,full,0.016459647760082463,1838365.0505258846,-0.6279424588846094
2025-12-10 00:00:00+00:00,684260.5881106892,447340.79990177,447340.79990176996,236919.78820891917,5,8,full,0.00041376756735811426,1838365.0505258846,-0.6277885135409047
2025-12-11 00:00:00+00:00,691487.6021765636,87868.51960003057,87868.51960003057,603619.082576533,11,2,full,0.01056178624261972,1838365.0505258846,-0.6238572953838761
2025-12-12 00:00:00+00:00,672035.3406903453,155329.39851719624,155329.39851719618,516705.9421731491,10,3,full,-0.02813103434535824,1838365.0505258846,-0.6344385787261881
2025-12-13 00:00:00+00:00,674074.3665637153,155329.39851719624,155329.39851719624,518744.968046519,10,3,full,0.0030341051279765274,1838365.0505258846,-0.633329426943311
2025-12-14 00:00:00+00:00,659374.3696530259,103320.95195315217,103320.95195315217,556053.4176998737,11,3,full,-0.021807678262009578,1838365.0505258846,-0.6413256608286779
2025-12-15 00:00:00+00:00,638099.3790305926,162626.26954870057,162626.2695487005,475473.1094818921,9,5,full,-0.032265419466681045,1838365.0505258846,-0.6528984388339751
2025-12-16 00:00:00+00:00,634920.524977471,449150.1906912562,175253.7666778284,185770.33428621475,4,4,full,-0.004981753873434247,1838365.0505258846,-0.6546276133807891
2025-12-17 00:00:00+00:00,623430.0014042283,385658.1381935091,107205.72017138114,237771.86321071917,5,2,full,-0.018097577761642558,1838365.0505258846,-0.6608780170043544
2025-12-18 00:00:00+00:00,610893.8215691828,385658.1381935091,124581.43465466305,225235.6833756737,5,2,full,-0.02010839999167302,1838365.0505258846,-0.6676972174844001
2025-12-19 00:00:00+00:00,618417.5334395033,455747.17800788366,184772.8888448166,162670.3554316196,3,3,full,0.012315907617128197,1838365.0505258846,-0.6636046071140234
2025-12-20 00:00:00+00:00,617751.9110800065,507568.107300063,370098.4621688185,110183.80377994356,2,6,full,-0.0010763316424661218,1838365.0505258846,-0.6639666801197663
2025-12-21 00:00:00+00:00,612448.9045933717,553890.6063094853,553890.6063094853,58558.29828388645,1,11,full,-0.008584362737727003,1838365.0505258846,-0.6668513120295809
2025-12-22 00:00:00+00:00,613269.024389335,550578.8244221363,409229.17066291004,62690.199967198685,1,7,full,0.001339082803173186,1838365.0505258846,-0.66640519835062
2025-12-23 00:00:00+00:00,611102.2644037622,550578.8244221363,306119.1482179543,60523.439981625845,1,5,full,-0.0035331313002973097,1838365.0505258846,-0.6675838325859439
2025-12-24 00:00:00+00:00,610749.6396087392,489468.59798176005,244838.99527911484,121281.04162697912,2,4,full,-0.0005770307452011014,1838365.0505258846,-0.6677756469347438
2025-12-25 00:00:00+00:00,610786.3553622508,489468.59798176005,244342.46147369803,121317.7573804908,2,4,full,6.011588240184551e-05,1838365.0505258846,-0.6677556749746039
2025-12-26 00:00:00+00:00,611106.5537332408,489468.59798176005,244374.91024374487,121637.95575148072,2,4,full,0.0005242395613112016,1838365.0505258846,-0.6675814993554043
2025-12-27 00:00:00+00:00,612192.4236530547,550098.9114672993,550098.9114672993,62093.512185755455,1,10,full,0.0017768913018201271,1838365.0505258846,-0.6669908278130449
2025-12-28 00:00:00+00:00,612214.2184976268,550098.9114672993,423755.96165288467,62115.307030327494,1,7,full,3.560129745161511e-05,1838365.0505258846,-0.6669789722544517
2025-12-29 00:00:00+00:00,616971.9615282984,371892.4928825804,246310.83082379267,245079.46864571807,4,4,full,0.007771369705112496,1838365.0505258846,-0.6643909427282646
2025-12-30 00:00:00+00:00,620822.6576565793,310195.2967297505,185476.65807131527,310627.3609268288,5,3,full,0.006241282211175925,1838365.0505258846,-0.6622963118892049
2025-12-31 00:00:00+00:00,615940.2514706724,186415.83481126273,123291.22129989472,429524.41665940976,7,2,full,-0.00786441365451529,1838365.0505258846,-0.6649521533851637
2026-01-01 00:00:00+00:00,612580.0143040589,186415.83481126273,186415.83481126264,426164.1794927962,7,6,full,-0.005455459614127189,1838365.0505258846,-0.6667799933811711
2026-01-02 00:00:00+00:00,615678.2512647804,186415.83481126273,186415.83481126264,429262.4164535177,7,6,full,0.005057685344568963,1838365.0505258846,-0.6650946714371779
2026-01-03 00:00:00+00:00,615860.9057909062,443794.120654405,443794.1206544051,172066.78513650113,3,10,full,0.0002966720454238292,1838365.0505258846,-0.6649953143883298
2026-01-04 00:00:00+00:00,613769.4259508235,488477.1361755314,488477.1361755314,125292.28977529207,2,11,full,-0.0033960263111632027,1838365.0505258846,-0.66613299911503
2026-01-05 00:00:00+00:00,618007.3053355983,506436.9137681178,489951.8948604638,111570.39156748055,2,9,full,0.006904676586341418,1838365.0505258846,-0.6638277554510675
2026-01-06 00:00:00+00:00,620562.674186484,382835.45270099805,382835.452700998,237727.22148548596,4,9,full,0.004134852175409209,1838365.0505258846,-0.6624377329143822
2026-01-07 00:00:00+00:00,603218.1001189935,94467.29685787058,94467.29685787059,508750.80326112296,11,4,full,-0.02794975397163224,1838365.0505258846,-0.6718725152295316
2026-01-08 00:00:00+00:00,605285.813860501,-2.2209860617294908e-09,-2.1973391994833946e-09,605285.8138605033,15,0,full,0.0034278045388551615,1838365.0505258846,-0.6707477583479122
2026-01-09 00:00:00+00:00,598613.322491466,-2.2209860617294908e-09,-2.1973391994833946e-09,598613.3224914682,15,0,full,-0.011023703540114504,1838365.0505258846,-0.674377337449803
2026-01-10 00:00:00+00:00,589751.1181158533,105004.24571971882,105004.2457197188,484746.8723961345,13,5,full,-0.014804555867095726,1838365.0505258846,-0.6791980363491199
2026-01-11 00:00:00+00:00,593448.0062256895,191973.72632326267,118509.47563841898,401474.2799024269,12,4,full,0.006268556338896225,1838365.0505258846,-0.6771870711663458
2026-01-12 00:00:00+00:00,587159.0250832788,466954.34505218745,352744.1875574894,120204.6800310913,5,8,full,-0.010597358279807012,1838365.0505258846,-0.6806080354305499
2026-01-13 00:00:00+00:00,588191.8266292611,559387.8477900176,559387.8477900176,28803.978839243486,1,10,full,0.0017589809606279871,1838365.0505258846,-0.6800462310458946
2026-01-14 00:00:00+00:00,588088.5609437963,453901.66456165025,453901.66456165025,134186.896382146,3,9,full,-0.0001755646385918075,1838365.0505258846,-0.6801024036137071
2026-01-15 00:00:00+00:00,586120.5089151608,255540.75867296834,255540.7586729683,330579.7502421925,7,6,full,-0.0033465232268369283,1838365.0505258846,-0.6811729483502231
2026-01-16 00:00:00+00:00,588825.076439046,242890.13654325964,242890.13654325964,345934.9398957863,7,6,full,0.00461435401550947,1838365.0505258846,-0.67970176746419
2026-01-17 00:00:00+00:00,589053.0783034445,242890.13654325964,242890.1365432596,346162.94176018494,7,6,full,0.0003872149361869859,1838365.0505258846,-0.6795777432045178
2026-01-18 00:00:00+00:00,573626.0235493667,156704.10736694932,156704.10736694932,416921.9161824174,9,7,full,-0.026189583455721643,1838365.0505258846,-0.6879694686399338
2026-01-19 00:00:00+00:00,564351.7308769795,146221.30618861903,146221.30618861903,418130.4246883605,12,5,full,-0.016167838089007236,1838365.0505258846,-0.6930143277497902
2026-01-20 00:00:00+00:00,552353.1576280294,211526.4876289815,193848.03252268644,340826.6699990478,12,4,full,-0.021260807033062323,1838365.0505258846,-0.6995410908894169
2026-01-21 00:00:00+00:00,559117.4493729676,246344.94738947932,166382.37646290028,312772.50198348827,11,3,full,0.012246316783968592,1838365.0505258846,-0.695861575907883
2026-01-22 00:00:00+00:00,560629.8474361817,246344.94738947932,166382.37646290028,314284.9000467024,11,3,full,0.0027049738206350593,1838365.0505258846,-0.6950388894328646
2026-01-23 00:00:00+00:00,561584.3013155782,320789.5432214828,280545.4654635257,240794.7580940954,9,5,full,0.0017024671158005766,1838365.0505258846,-0.694519703170526
2026-01-24 00:00:00+00:00,561190.5412096758,444398.88487499143,392912.1308679512,116791.6563346844,4,7,full,-0.0007011593895696056,1838365.0505258846,-0.6947338935489765
2026-01-25 00:00:00+00:00,549477.7042646252,336526.3824506666,278292.0792264157,212951.32181395864,4,5,full,-0.020871408345199405,1838365.0505258846,-0.701105227110665
2026-01-26 00:00:00+00:00,568060.3108988386,280407.328329699,222820.6260637742,287652.98256913957,5,4,full,0.03381867269588801,1838365.0505258846,-0.6909970026158088
2026-01-27 00:00:00+00:00,584762.3021109933,280407.328329699,228706.2619385427,304354.97378129425,5,4,full,0.02940179218950756,1838365.0505258846,-0.6819117607007839
2026-01-28 00:00:00+00:00,573757.5620153446,280407.328329699,280407.328329699,293350.23368564557,5,7,full,-0.018819168157594213,1838365.0505258846,-0.6878979167651088
2026-01-29 00:00:00+00:00,555373.8103518528,120487.16035399248,115851.98641263146,434886.64999786025,9,2,full,-0.032040974935333755,1838365.0505258846,-0.6978979717913034
2026-01-30 00:00:00+00:00,546123.8607634015,223931.8658301133,163837.1582290181,322191.99493328814,7,3,full,-0.016655357915763225,1838365.0505258846,-0.7029295891981973
2026-01-31 00:00:00+00:00,523400.8983022747,115058.68774257414,52340.089830225115,408342.21055970056,9,1,full,-0.04160770860544971,1838365.0505258846,-0.7152900082861399
2026-02-01 00:00:00+00:00,504014.8749675788,115058.68774257414,52340.089830225115,388956.18722500466,9,1,full,-0.03703857482395856,1838365.0505258846,-0.7258352606173623
2026-02-02 00:00:00+00:00,504776.02541949967,62718.59791234666,-2.35741026699543e-09,442057.427507153,10,0,full,0.0015101745796091137,1838365.0505258846,-0.7254212239973215
2026-02-03 00:00:00+00:00,501337.96537552273,202997.8959672275,-2.35741026699543e-09,298340.0694082952,6,0,full,-0.006811060491868082,1838365.0505258846,-0.7272913966504588
2026-02-04 00:00:00+00:00,497107.86516974785,296362.2354328126,49710.78651697243,200745.62973693523,4,1,full,-0.008437621919589411,1838365.0505258846,-0.7295924087397415
2026-02-05 00:00:00+00:00,489224.4075716447,391019.9012090755,48922.44075716211,98204.50636256917,2,1,full,-0.01585864588042918,1838365.0505258846,-0.7338807069729179
2026-02-06 00:00:00+00:00,494482.6512837984,391019.9012090755,48922.44075716211,103462.75007472283,2,1,full,0.010748122192541398,1838365.0505258846,-0.73102042429367
2026-02-07 00:00:00+00:00,496122.52951242466,446061.0834541221,98534.69370840458,50061.44605830256,1,2,full,0.0033163513914364895,1838365.0505258846,-0.7301283935035083
2026-02-08 00:00:00+00:00,517958.43217714486,446061.0834541221,153203.93938666908,71897.34872302275,1,3,full,0.044013124512164215,1838365.0505258846,-0.7182505008844804
2026-02-09 00:00:00+00:00,505345.83699930395,446061.0834541221,254273.10678652988,59284.753545181826,1,5,full,-0.024350593395740527,1838365.0505258846,-0.725111268376896
2026-02-10 00:00:00+00:00,505816.7221557365,404021.33577769547,154173.35865100028,101795.38637804103,2,3,full,0.0009318077284037329,1838365.0505258846,-0.7248551249323185
2026-02-11 00:00:00+00:00,511433.19664020813,404021.33577769547,204011.63120763376,107411.86086251264,2,4,full,0.011103773834393538,1838365.0505258846,-0.7217999784678745
2026-02-12 00:00:00+00:00,504465.8146441191,352878.0161136746,102286.63932803928,151587.79853044447,3,2,full,-0.013623249413335481,1838365.0505258846,-0.7255899667480019
2026-02-13 00:00:00+00:00,502511.06855244667,352878.0161136746,101394.42651926313,149633.05243877202,3,2,full,-0.0038748831633942382,1838365.0505258846,-0.7266532735657165
2026-02-14 00:00:00+00:00,500355.88384559203,352878.0161136746,200357.87200891992,147477.86773191742,3,4,full,-0.004288830319823522,1838365.0505258846,-0.7278256112938724
2026-02-15 00:00:00+00:00,496309.32825946424,352487.801242423,99666.52121050327,143821.5270170412,3,2,full,-0.008087354854363071,1838365.0505258846,-0.7300267821576082
2026-02-16 00:00:00+00:00,496147.06234226935,352487.801242423,99666.52121050327,143659.2610998463,3,2,full,-0.0003269451286840308,1838365.0505258846,-0.7301150485860569
2026-02-17 00:00:00+00:00,495235.09137497423,395445.9613859282,148677.95110093892,99789.12998904602,2,3,full,-0.0018381061514095576,1838365.0505258846,-0.7306111257754238
2026-02-18 00:00:00+00:00,493546.0357340457,395445.9613859282,247110.82899520622,98100.0743481175,2,5,full,-0.003410613808159324,1838365.0505258846,-0.7315299071896186
2026-02-19 00:00:00+00:00,493428.0779828584,395445.9613859282,197575.52408259007,97982.11659693022,2,4,full,-0.0002390005037967713,1838365.0505258846,-0.7315940716770546
2026-02-20 00:00:00+00:00,493281.1537990214,493281.1537990214,493281.15379902144,0.0,0,11,full,-0.00029776210635934497,1838365.0505258846,-0.7316739927916314
2026-02-21 00:00:00+00:00,493281.1537990214,493281.1537990214,493281.1537990213,0.0,0,11,full,0.0,1838365.0505258846,-0.7316739927916314
2026-02-22 00:00:00+00:00,493281.1537990214,493281.1537990214,443953.0384191168,0.0,0,9,full,0.0,1838365.0505258846,-0.7316739927916314
2026-02-23 00:00:00+00:00,490970.170852692,246640.57689951072,245947.2820156095,244329.5939531813,5,5,full,-0.004684920412084015,1838365.0505258846,-0.7329310787798949
2026-02-24 00:00:00+00:00,489774.8590004791,246640.57689951072,245477.121350534,243134.2821009684,5,5,full,-0.0024345915967499687,1838365.0505258846,-0.7335812825312504
2026-02-25 00:00:00+00:00,495367.0549439263,246640.57689951072,246640.5768995107,248726.4780444156,5,8,full,0.011417890977212686,1838365.0505258846,-0.7305393426609035
2026-02-26 00:00:00+00:00,494749.5209649679,114705.64801201684,114705.64801201681,380043.87295295106,10,3,full,-0.0012466189925131044,1838365.0505258846,-0.7308752574340774
2026-02-27 00:00:00+00:00,489990.4491580542,65728.16211196892,65728.16211196891,424262.2870460853,11,2,full,-0.009619153946084702,1838365.0505258846,-0.7334640097635194
2026-02-28 00:00:00+00:00,501116.1505145989,279595.33790195524,279595.33790195524,221520.81261264364,7,7,full,0.022705955545994527,1838365.0505258846,-0.7274120554178023
2026-03-01 00:00:00+00:00,497911.3219195877,65993.64075909976,65993.64075909978,431917.68116048793,12,2,full,-0.006395380774936399,1838365.0505258846,-0.7291553591180627
2026-03-02 00:00:00+00:00,499699.8081102632,65993.64075909976,65993.64075909974,433706.16735116346,12,2,full,0.0035919773500638907,1838365.0505258846,-0.7281824913026287
2026-03-03 00:00:00+00:00,496970.6006961607,170620.63713517686,170620.6371351769,326349.96356098383,8,7,full,-0.005461693940655432,1838365.0505258846,-0.7296670753428451
2026-03-04 00:00:00+00:00,503313.94642103894,219544.23691550642,219544.2369155064,283769.7095055325,7,7,full,0.012764026113400773,1838365.0505258846,-0.7262165388332091
2026-03-05 00:00:00+00:00,497424.68548546766,213900.39732051134,213900.39732051134,283524.2881649563,7,10,full,-0.011700969101787417,1838365.0505258846,-0.7294200706529023
2026-03-06 00:00:00+00:00,490393.73489838943,326405.0177143644,251905.78376464083,163988.717184025,5,7,full,-0.014134703789813519,1838365.0505258846,-0.7332446378056922
2026-03-07 00:00:00+00:00,486422.5948844426,300025.3694439319,300025.3694439319,186397.22544051067,6,9,full,-0.008097860415712033,1838365.0505258846,-0.7354047854938843
2026-03-08 00:00:00+00:00,482506.7940637107,206269.08382386036,206269.08382386033,276237.7102398504,8,7,full,-0.008050203386752885,1838365.0505258846,-0.73753483078582
2026-03-09 00:00:00+00:00,489424.443065975,206269.08382386036,206075.22545737744,283155.35924211465,8,7,full,0.014336894500496689,1838365.0505258846,-0.7337718953447414
2026-03-10 00:00:00+00:00,495084.603142088,245186.1618349724,245186.1618349724,249898.4413071156,7,7,full,0.011564931331699002,1838365.0505258846,-0.730692985595835
2026-03-11 00:00:00+00:00,493959.1617150955,343266.2220855559,331209.22388341615,150692.93962953964,4,8,full,-0.0022732305142389997,1838365.0505258846,-0.7313051825186772
2026-03-12 00:00:00+00:00,496071.9501167899,321070.45062457054,321070.45062457054,175001.49949221936,4,9,full,0.004277253193074593,1838365.0505258846,-0.7301559067526424
2026-03-13 00:00:00+00:00,493257.62174835755,394189.2113444557,394189.2113444557,99068.4104039018,2,9,full,-0.005673226167635104,1838365.0505258846,-0.7316867933236352
2026-03-14 00:00:00+00:00,495970.6601729315,394189.2113444557,394189.2113444557,101781.44882847578,2,9,full,0.005500246331638037,1838365.0505258846,-0.7302110045928834
2026-03-15 00:00:00+00:00,499819.55248543865,394189.2113444557,394189.2113444558,105630.34114098296,2,9,full,0.007760322578688639,1838365.0505258846,-0.7281173549603439
2026-03-16 00:00:00+00:00,503783.7910205489,346107.6337703504,346107.63377035037,157676.15725019848,3,9,full,0.007931339451202835,1838365.0505258846,-0.7259609614116435
2026-03-17 00:00:00+00:00,506138.5075248813,320491.50950797077,320491.50950797077,185646.9980169105,4,8,full,0.004674061663560547,1838365.0505258846,-0.7246800860470586
2026-03-18 00:00:00+00:00,496680.59609131236,101234.48299731157,101234.48299731156,395446.1130940008,10,5,full,-0.01868640953603784,1838365.0505258846,-0.72982482671261
2026-03-19 00:00:00+00:00,490268.73810337635,42194.33815154634,42194.338151546355,448074.39995183,13,2,full,-0.012909419128500077,1838365.0505258846,-0.7333126312626921
2026-03-20 00:00:00+00:00,492185.1140621122,42194.33815154634,42194.338151546355,449990.77591056586,13,2,full,0.003908827566998063,1838365.0505258846,-0.7322701963240015
2026-03-21 00:00:00+00:00,480556.5493003832,92412.22472346734,92412.22472346733,388144.3245769158,12,7,full,-0.02362640484137335,1838365.0505258846,-0.7385956890537521
2026-03-22 00:00:00+00:00,474739.8322005824,149378.52669132562,149378.5266913256,325361.3055092568,12,7,full,-0.012104126160113915,1838365.0505258846,-0.7417597598122431
2026-03-23 00:00:00+00:00,481272.5210115948,380757.88431140746,198961.96190100856,100514.63670018736,6,7,full,0.013760566036203903,1838365.0505258846,-0.7382062279339343
2026-03-24 00:00:00+00:00,481179.7328511474,443610.4915001929,384309.0750319037,37569.24135095452,3,8,full,-0.00019279754483458866,1838365.0505258846,-0.7382567011304416
2026-03-25 00:00:00+00:00,475368.32768701506,299256.5716448487,287554.8374939043,176111.7560421664,6,6,full,-0.01207741051290312,1838365.0505258846,-0.7414178823998907
2026-03-26 00:00:00+00:00,463299.994815629,204182.90610744565,204182.90610744565,259117.08870818332,8,5,full,-0.02538733055714204,1838365.0505258846,-0.7479825920955705
2026-03-27 00:00:00+00:00,453832.84371945786,109760.18847851925,109760.18847851922,344072.6552409386,9,6,full,-0.020434170520417516,1838365.0505258846,-0.7531323587828033
2026-03-28 00:00:00+00:00,452358.1647208361,112903.55419693244,112903.55419693244,339454.6105239036,9,6,full,-0.003249388004922249,1838365.0505258846,-0.7539345275349778
2026-03-29 00:00:00+00:00,449800.2170490732,96801.34468483145,96801.34468483145,352998.87236424175,10,5,full,-0.005654695485249994,1838365.0505258846,-0.7553259528512017
2026-03-30 00:00:00+00:00,451492.019488844,216759.0801564768,203672.05718018685,234732.93933236715,7,5,full,0.003761230821252015,1838365.0505258846,-0.7544056772839052
2026-03-31 00:00:00+00:00,451360.0365601268,284222.31308186636,225732.81145154784,167137.72347826048,6,5,full,-0.0002923261608623884,1838365.0505258846,-0.7544774709293944
2026-04-01 00:00:00+00:00,450956.23980073445,390989.16134691576,390989.1613469157,59967.078453818656,3,9,full,-0.0008946223118683205,1838365.0505258846,-0.7546971208619673
2026-04-02 00:00:00+00:00,433186.04604468716,246539.94811447014,246539.9481144701,186646.09793021705,6,7,full,-0.03940558348610379,1838365.0505258846,-0.7643634239452227
2026-04-03 00:00:00+00:00,424573.19914765924,206046.08028652816,206046.0802865282,218527.11886113108,7,7,full,-0.019882558488828694,1838365.0505258846,-0.769048481950739
2026-04-04 00:00:00+00:00,431827.7927736613,186067.0289721892,186067.02897218917,245760.76380147215,8,6,full,0.0170867912542898,1838365.0505258846,-0.76510226157197
2026-04-05 00:00:00+00:00,427872.77831571305,163300.93582265804,154461.88288594727,264571.84249305504,9,4,full,-0.009158777003547947,1838365.0505258846,-0.7672536375768702
2026-04-06 00:00:00+00:00,412926.038131505,120843.61590789212,112004.56297118135,292082.4222236129,10,3,full,-0.03493267377991349,1838365.0505258846,-0.7753840903288588
2026-04-07 00:00:00+00:00,434936.0192370063,214992.70368654627,214992.70368654624,219943.31555046,7,6,full,0.05330247810260813,1838365.0505258846,-0.7634115057221154
2026-04-08 00:00:00+00:00,429356.0025977836,210230.38372169295,210230.38372169295,219125.61887609062,7,6,full,-0.012829511450929254,1838365.0505258846,-0.7664468205186116
2026-04-09 00:00:00+00:00,445315.270823559,123609.00407839505,123609.00407839504,321706.266745164,9,5,full,0.03717024597121088,1838365.0505258846,-0.75776559138993
2026-04-10 00:00:00+00:00,440553.24828550627,164633.80706730756,164633.80706730753,275919.44121819874,7,8,full,-0.010693598109146274,1838365.0505258846,-0.7603559488038129
2026-04-11 00:00:00+00:00,457881.4976104298,205613.2484461527,201379.79055401048,252268.24916427713,7,7,full,0.039332928294955494,1838365.0505258846,-0.7509300465218005
2026-04-12 00:00:00+00:00,462587.916336262,128665.49917410567,128665.49917410566,333922.4171621564,11,6,full,0.010278682913360315,1838365.0505258846,-0.7483699354467528
2026-04-13 00:00:00+00:00,487141.47043842706,113495.86211259599,113495.86211259599,373645.60832583107,11,4,full,0.05307867593393145,1838365.0505258846,-0.7350137447950966
2026-04-14 00:00:00+00:00,478396.79456130805,269437.95924330974,257014.9004809884,208958.8353179983,8,7,full,-0.0179509986477826,1838365.0505258846,-0.7397705127039609
2026-04-15 00:00:00+00:00,478100.7415332884,173758.60033104813,173758.60033104813,304342.14120224025,10,4,full,-0.0006188440879733026,1838365.0505258846,-0.7399315541836904
2026-04-16 00:00:00+00:00,482548.18564573745,182997.70762878787,182997.70762878784,299550.4780169496,9,5,full,0.009302315863777944,1838365.0505258846,-0.7375123153545052
2026-04-17 00:00:00+00:00,486778.6976226581,169255.37757905203,169255.377579052,317523.3200436061,8,6,full,0.008767024937125,1838365.0505258846,-0.7352110792775299
2026-04-18 00:00:00+00:00,475865.72191481607,130188.86556344343,130188.8655634434,345676.85635137267,10,4,full,-0.022418761875034998,1838365.0505258846,-0.7411473190383545
2026-04-19 00:00:00+00:00,461513.82087396545,57945.91685186203,57945.916851862,403567.9040221034,12,2,full,-0.030159560522873163,1838365.0505258846,-0.7489542021363252
2026-04-20 00:00:00+00:00,471435.24844259035,163622.70770129305,163622.70770129305,307812.5407412973,10,5,full,0.021497574113461537,1838365.0505258846,-0.7435573264908778
2026-04-21 00:00:00+00:00,472823.57922457415,130862.5036757309,130862.50367573091,341961.07554884325,11,4,full,0.002944902373274383,1838365.0505258846,-0.7428021278530519
2026-04-22 00:00:00+00:00,463561.2613179595,201127.63860812655,201127.63860812655,262433.62270983297,8,6,full,-0.01958937395170679,1838365.0505258846,-0.7478404731501218
2026-04-23 00:00:00+00:00,471846.40214022866,272527.255113036,228314.01105329714,199319.14702719264,5,6,full,0.017872806711055844,1838365.0505258846,-0.7433336746663826
2026-04-24 00:00:00+00:00,465216.1695738479,349148.52394346683,349148.52394346683,116067.6456303811,3,9,full,-0.01405167557982212,1838365.0505258846,-0.7469402666022357
2026-04-25 00:00:00+00:00,465430.5794865113,302626.90698608203,302626.906986082,162803.6725004293,4,8,full,0.0004608823310243704,1838365.0505258846,-0.746823635842419
2026-04-26 00:00:00+00:00,461809.64224169764,331502.57259839645,331502.57259839645,130307.06964330122,3,9,full,-0.007779757936851706,1838365.0505258846,-0.7487932866708971
2026-04-27 00:00:00+00:00,458447.10132227454,205225.81188456272,205225.81188456272,253221.2894377118,7,6,full,-0.00728122718075086,1838365.0505258846,-0.750622379819976
2026-04-28 00:00:00+00:00,465245.35760791856,252025.38407404095,252025.38407404092,213219.9735338776,6,7,full,0.014828878328679851,1838365.0505258846,-0.7469243894324307
2026-04-29 00:00:00+00:00,459406.34922025923,181391.52301978102,181391.523019781,278014.82620047824,8,5,full,-0.012550385064949099,1838365.0505258846,-0.7501005857956009
2026-04-30 00:00:00+00:00,468384.8405931918,223902.58729590615,223902.58729590615,244482.25329728564,7,8,full,0.01954368151021768,1838365.0505258846,-0.7452166312348001
2026-05-01 00:00:00+00:00,469037.53845250024,203676.42201072644,203676.42201072644,265361.1164417738,8,8,full,0.0013935076517033185,1838365.0505258846,-0.7448615886608991
2026-05-02 00:00:00+00:00,469115.2040849142,376839.97573762015,357830.7244282405,92275.22834729403,3,10,full,0.00016558511003239573,1838365.0505258846,-0.744819341538984
2026-05-03 00:00:00+00:00,468657.1117753005,376839.97573762015,376839.9757376201,91817.13603768038,3,10,full,-0.0009765027985124686,1838365.0505258846,-0.7450685261660974
2026-05-04 00:00:00+00:00,467985.9133844423,407979.21717914625,407979.21717914625,60006.69620529605,2,10,full,-0.0014321737022525705,1838365.0505258846,-0.7454336323187989
2026-05-05 00:00:00+00:00,465154.4721501589,407979.21717914625,407979.2171791462,57175.25497101265,2,10,full,-0.006050270218192266,1838365.0505258846,-0.7469738276317338
2026-05-06 00:00:00+00:00,461462.03138368943,428153.4514511484,413970.48583551095,33308.579932541084,1,10,full,-0.007938095810196777,1838365.0505258846,-0.7489823736304804
2026-05-07 00:00:00+00:00,462551.5562725088,342808.3611956827,342808.3611956828,119743.19507682609,3,9,full,0.002361028242242158,1838365.0505258846,-0.7483897139253214
2026-05-08 00:00:00+00:00,464897.688412502,342808.3611956827,342808.36119568266,122089.32721681928,3,10,full,0.005072152732334523,1838365.0505258846,-0.7471135081253242
2026-05-09 00:00:00+00:00,464190.69551857625,289385.33667005756,289385.33667005756,174805.3588485187,5,8,full,-0.0015207494284170675,1838365.0505258846,-0.7474980851132971
2026-05-10 00:00:00+00:00,475122.36560427665,150680.99607783958,150680.99607783958,324441.3695264371,9,4,full,0.023549955204267947,1838365.0505258846,-0.7415516763287233
2026-05-11 00:00:00+00:00,469228.8414340648,119132.90794301356,119132.90794301356,350095.9334910512,10,4,full,-0.012404223831299244,1838365.0505258846,-0.7447575271843659
2026-05-12 00:00:00+00:00,457759.9297474318,131601.0506921238,131601.05069212383,326158.87905530795,11,6,full,-0.02444204335688649,1838365.0505258846,-0.7509961747714446
2026-05-13 00:00:00+00:00,443083.1861332886,89119.3513098978,89119.35130989783,353963.8348233908,13,4,full,-0.03206209775119684,1838365.0505258846,-0.7589797597563445
2026-05-14 00:00:00+00:00,450284.3825683156,172361.21002434066,160323.30764148105,277923.17254397494,10,5,full,0.016252470552698295,1838365.0505258846,-0.7550625853991803
2026-05-15 00:00:00+00:00,445531.087306646,197042.22261868865,197042.22261868865,248488.86468795734,9,6,full,-0.010556207245203453,1838365.0505258846,-0.7576481955098108
2026-05-16 00:00:00+00:00,441985.4679378417,92073.63981043115,92073.63981043115,349911.82812741055,12,4,full,-0.007958186240691889,1838365.0505258846,-0.7595768763057115
2026-05-17 00:00:00+00:00,437956.48331972543,159500.32541435887,135869.2881424037,278456.15790536656,9,5,full,-0.009115649518782187,1838365.0505258846,-0.7617684892375194
2026-05-18 00:00:00+00:00,441920.90561578964,199534.26824403525,199534.26824403525,242386.6373717544,7,7,full,0.009052091810614948,1838365.0505258846,-0.7596119957299159
2026-05-19 00:00:00+00:00,437063.53628372354,145601.20674731734,145601.20674731734,291462.3295364062,9,5,full,-0.010991490265204074,1838365.0505258846,-0.7622542181387224
2026-05-20 00:00:00+00:00,442827.1629281592,252861.6820109154,221820.60415580505,189965.48091724378,6,6,full,0.013187159682646499,1838365.0505258846,-0.7591190265494421
2026-05-21 00:00:00+00:00,446387.1794933118,389105.8752539527,389105.8752539527,57281.3042393591,2,10,full,0.008039291315402375,1838365.0505258846,-0.7571825142315354
2026-05-22 00:00:00+00:00,438652.9274700151,204034.57214060027,204034.57214060027,234618.3553294149,7,5,full,-0.017326330993815087,1838365.0505258846,-0.7613896503610458
2026-05-23 00:00:00+00:00,448403.110907957,129428.12631512212,129428.1263151221,318974.9845928349,9,6,full,0.0222275581156548,1838365.0505258846,-0.7560859249474492
2026-05-24 00:00:00+00:00,449004.57299179933,169935.2785758758,169935.2785758758,279069.29441592353,8,7,full,0.0013413423529209378,1838365.0505258846,-0.7557587526681077
2026-05-25 00:00:00+00:00,454814.79032954894,101155.95619423297,101155.95619423297,353658.83413531596,11,4,full,0.012940218624133637,1838365.0505258846,-0.7525982175306019
2026-05-26 00:00:00+00:00,445365.38127027487,101155.95619423297,101155.95619423299,344209.4250760419,11,6,full,-0.020776389115286342,1838365.0505258846,-0.7577383332310015
2026-05-27 00:00:00+00:00,440382.64685259265,273144.4294741964,177235.83360612017,167238.21737839625,7,6,full,-0.011187969759729466,1838365.0505258846,-0.7604487494327548
2026-05-28 00:00:00+00:00,433287.67511647724,230467.48683327483,102978.59578701909,202820.1882832024,8,4,full,-0.016110924866869825,1838365.0505258846,-0.7643081416324083
2026-05-29 00:00:00+00:00,428182.62210775993,247614.7242120758,247614.72421207576,180567.89789568417,7,6,full,-0.011782132984384908,1838365.0505258846,-0.7670850944510321
2026-05-30 00:00:00+00:00,430754.63499568775,263430.0630573112,263430.0630573112,167324.57193837652,5,9,full,0.006006812876400591,1838365.0505258846,-0.765686018197275
2026-05-31 00:00:00+00:00,431939.51782004395,254778.36386077126,245939.55942557118,177161.1539592727,6,7,full,0.0027507140448252976,1838365.0505258846,-0.7650414874366314
2026-06-01 00:00:00+00:00,424623.06186996953,175777.50921559235,175777.50921559235,248845.55265437718,8,5,full,-0.016938612116344065,1838365.0505258846,-0.7690213585443754
2026-06-02 00:00:00+00:00,414046.23185583326,191277.3837058926,191277.3837058926,222768.84814994066,8,6,full,-0.02490875075780785,1838365.0505258846,-0.7747747479547706
2026-06-03 00:00:00+00:00,427867.7664368226,191277.3837058926,191277.3837058926,236590.38273092997,8,6,full,0.03338162146540635,1838365.0505258846,-0.7672563638465459
2026-06-04 00:00:00+00:00,403430.64516329765,69791.68846193931,69791.68846193928,333638.9567013584,12,3,full,-0.057113723422148044,1838365.0505258846,-0.7805492195100794
2026-06-05 00:00:00+00:00,396379.69083271,31435.583898249075,23470.913575979794,364944.1069344609,13,1,full,-0.0174774881757771,1838365.0505258846,-0.784384667931257
2026-06-06 00:00:00+00:00,394756.78279421746,94613.62560310635,78951.35655884122,300143.1571911111,11,2,full,-0.004094326919432123,1838365.0505258846,-0.7852674675895884
2026-06-07 00:00:00+00:00,408313.5794125524,149755.43925770448,149755.43925770448,258558.14015484793,9,6,full,0.03434214992425333,1838365.0505258846,-0.7778930907679354
2026-06-08 00:00:00+00:00,408913.8229692863,131968.15269650135,131968.15269650135,276945.67027278495,10,5,full,0.0014700553373645509,1838365.0505258846,-0.7775665813205532
2026-06-09 00:00:00+00:00,404960.5651495957,235554.1131101379,221557.72229558518,169406.45203945783,7,6,full,-0.0096677040433224,1838365.0505258846,-0.7797170017816906
2026-06-10 00:00:00+00:00,395748.9612739845,136692.59605123347,119645.84876975414,259056.36522275108,9,3,full,-0.022746915794648714,1838365.0505258846,-0.7847277605931552
2026-06-11 00:00:00+00:00,407539.24149948737,160137.32963068667,119645.84876975414,247401.9118688007,8,3,full,0.029792321343176553,1838365.0505258846,-0.7783143008604813
2026-06-12 00:00:00+00:00,403290.75266082434,166416.83733268638,160562.1219256434,236873.91532813793,8,4,full,-0.010424735598543289,1838365.0505258846,-0.7806253156599889
2026-06-13 00:00:00+00:00,405251.30422328523,174361.05128416012,174361.05128416012,230890.25293912512,7,5,full,0.004861384868176666,1838365.0505258846,-0.7795588508890774
2026-06-14 00:00:00+00:00,413603.94635761285,170084.24447792675,170084.24447792675,243519.7018796861,6,5,full,0.020611018514391954,1838365.0505258846,-0.7750153342834184
2026-06-15 00:00:00+00:00,412013.00226413226,331454.2329609212,295432.59507782804,80558.76930321105,2,8,full,-0.0038465399266404132,1838365.0505258846,-0.775880746782979
2026-06-16 00:00:00+00:00,407976.9483695115,290252.93273450795,290252.93273450795,117724.01563500357,3,9,full,-0.009795938168071006,1838365.0505258846,-0.7780762051297672
2026-06-17 00:00:00+00:00,405186.40998254734,330943.9725075001,330943.9725075001,74242.43747504726,2,10,full,-0.0068399413205001425,1838365.0505258846,-0.7795941508643023
2026-06-18 00:00:00+00:00,400764.79859426303,238070.22709371522,238070.22709371522,162694.57150054778,5,9,full,-0.01091253625331301,1838365.0505258846,-0.7819993376834379
2026-06-19 00:00:00+00:00,398921.80158206885,250243.3414130446,230423.32117302,148678.46016902424,6,6,full,-0.004598699832566999,1838365.0505258846,-0.7830018572927325
2026-06-20 00:00:00+00:00,398505.25817267946,210166.86155361828,152712.06237958197,188338.39661906118,7,4,full,-0.001044173087902056,1838365.0505258846,-0.7832284409134722
2026-06-21 00:00:00+00:00,394898.92397943593,203375.11651628246,158722.49077135968,191523.8074631535,7,4,full,-0.009049652719214207,1838365.0505258846,-0.7851901482426079
2026-06-22 00:00:00+00:00,393267.20602631685,163885.22411833887,163885.22411833887,229381.98190797796,8,7,full,-0.004131988855973767,1838365.0505258846,-0.7860777401562228
2026-06-23 00:00:00+00:00,394080.36166073434,182583.80663175852,128459.40033843422,211496.55502897582,8,4,full,0.0020676924542828434,1838365.0505258846,-0.7856354147137408
2026-06-24 00:00:00+00:00,398930.8282169128,157326.64608090892,119679.24846507149,241604.18213600386,8,3,full,0.01230831837378954,1838365.0505258846,-0.782996947149972
2026-06-25 00:00:00+00:00,402290.60306232853,158067.2288223638,158067.22882236377,244223.37423996476,8,5,full,0.008421948387475675,1838365.0505258846,-0.7811693586389445
2026-06-26 00:00:00+00:00,405237.1437165862,164260.8322852485,164260.8322852485,240976.31143133764,8,6,full,0.007324408355124046,1838365.0505258846,-0.7795665536610024
2026-06-27 00:00:00+00:00,402880.97955967835,163440.56487535915,163440.56487535918,239440.4146843192,8,6,full,-0.005814284779767531,1838365.0505258846,-0.780848216493003
2026-06-28 00:00:00+00:00,413137.3598919016,194098.87389199497,194098.87389199497,219038.4859999066,7,7,full,0.0254575938120305,1838365.0505258846,-0.7752691394052997
2026-06-29 00:00:00+00:00,434377.8657041578,202827.0857689891,202827.0857689891,231550.77993516868,7,6,full,0.05141269677913862,1838365.0505258846,-0.7637151198126296
2026-06-30 00:00:00+00:00,431972.35520233406,431972.35520233406,158386.97186596727,0.0,0,6,full,-0.005537829368732261,1838365.0505258846,-0.7650236251615186
