date,equity,cash,reserved,invested,open_positions,open_orders,mode,daily_return,peak,drawdown
2020-01-01 00:00:00+00:00,100000.0,100000.0,99999.99999999999,0.0,0,13,positive_momentum_correction,0.0,100000.0,0.0
2020-01-02 00:00:00+00:00,98423.46605489454,10000.000000000002,9999.999999999996,88423.46605489454,12,1,positive_momentum_correction,-0.015765339451054627,100000.0,-0.015765339451054627
2020-01-03 00:00:00+00:00,101656.02763491958,10000.000000000002,9999.999999999996,91656.02763491958,12,1,positive_momentum_correction,0.032843403200433,101656.02763491958,0.0
2020-01-04 00:00:00+00:00,103054.38530801576,10000.000000000002,10000.0,93054.38530801576,12,4,positive_momentum_correction,0.013755777258168456,103054.38530801576,0.0
2020-01-05 00:00:00+00:00,102094.39198674209,10000.000000000002,10000.0,92094.39198674209,12,4,positive_momentum_correction,-0.009315404855449572,103054.38530801576,-0.009315404855449572
2020-01-06 00:00:00+00:00,104644.65475364351,10000.000000000002,10000.0,94644.65475364351,12,4,positive_momentum_correction,0.024979459863305742,104644.65475364351,0.0
2020-01-07 00:00:00+00:00,104572.26981205196,104572.26981205196,104572.26981205196,0.0,0,32,positive_momentum_correction,-0.0006917213474683104,104644.65475364351,-0.0006917213474683104
2020-01-08 00:00:00+00:00,105308.38112622593,22252.278381489607,22252.278381489607,83056.10274473632,22,9,positive_momentum_correction,0.007039259217543892,105308.38112622593,0.0
2020-01-09 00:00:00+00:00,104117.97241576298,16546.13054565148,12994.353531721586,87571.8418701115,25,4,positive_momentum_correction,-0.011304026305713366,105308.38112622593,-0.011304026305713366
2020-01-10 00:00:00+00:00,109228.10032901564,15197.54776421954,15197.547764219533,94030.5525647961,26,5,positive_momentum_correction,0.049080171220074575,109228.10032901564,0.0
2020-01-11 00:00:00+00:00,109379.3533679641,15197.54776421954,15197.547764219533,94181.80560374456,26,5,positive_momentum_correction,0.0013847447542605362,109379.3533679641,0.0
2020-01-12 00:00:00+00:00,111880.14398080291,15197.54776421954,15197.54776421954,96682.59621658336,26,10,positive_momentum_correction,0.022863461300835164,111880.14398080291,0.0
2020-01-13 00:00:00+00:00,111612.62099596877,102133.97811213353,102133.97811213351,9478.642883835242,9,24,positive_momentum_correction,-0.0023911569588258574,111880.14398080291,-0.0023911569588258574
2020-01-14 00:00:00+00:00,111769.0192275367,107885.63735535694,107885.63735535696,3883.381872179764,6,32,positive_momentum_correction,0.0014012593752599223,111880.14398080291,-0.000993248214672282
2020-01-15 00:00:00+00:00,112049.65890337716,107604.01765537089,107604.01765537089,4445.641248006265,7,33,positive_momentum_correction,0.0025108896703220918,112049.65890337716,0.0
2020-01-16 00:00:00+00:00,112275.439406179,102554.65696624565,102554.65696624565,9720.782439933351,14,27,positive_momentum_correction,0.0020150039278257204,112275.439406179,0.0
2020-01-17 00:00:00+00:00,112878.77597796063,88186.66384297928,88186.66384297928,24692.112134981347,17,23,positive_momentum_correction,0.005373718196719279,112878.77597796063,0.0
2020-01-18 00:00:00+00:00,111742.00905655358,87950.25797220036,87950.25797220036,23791.751084353225,15,24,positive_momentum_correction,-0.010070687882272944,112878.77597796063,-0.010070687882272944
2020-01-19 00:00:00+00:00,112039.65864882042,59657.126007378814,59657.126007378814,52382.532641441605,26,14,positive_momentum_correction,0.002663721502592642,112878.77597796063,-0.0074337918875382325
2020-01-20 00:00:00+00:00,113412.17586626824,50645.05754746944,50645.05754746944,62767.1183187988,26,17,positive_momentum_correction,0.012250280248977452,113412.17586626824,0.0
2020-01-21 00:00:00+00:00,113933.53595831801,51192.69860209819,51192.69860209819,62740.83735621981,21,22,positive_momentum_correction,0.004597038087555516,113933.53595831801,0.0
2020-01-22 00:00:00+00:00,114170.61427866736,65218.00123912422,65218.00123912423,48952.61303954314,18,28,positive_momentum_correction,0.0020808475604239263,114170.61427866736,0.0
2020-01-23 00:00:00+00:00,111359.25896122764,14706.330919090731,14706.330919090731,96652.9280421369,35,10,positive_momentum_correction,-0.0246241586348811,114170.61427866736,-0.0246241586348811
2020-01-24 00:00:00+00:00,111579.42683854522,32923.26649496264,32923.26649496264,78656.16034358257,28,15,positive_momentum_correction,0.0019770953881279585,114170.61427866736,-0.02269574755722681
2020-01-25 00:00:00+00:00,110862.78586824224,43579.550896174565,43579.550896174565,67283.23497206767,27,18,positive_momentum_correction,-0.006422698078024314,114170.61427866736,-0.028972677701035954
2020-01-26 00:00:00+00:00,114326.68499025493,43722.894829270175,43722.894829270175,70603.79016098475,26,17,positive_momentum_correction,0.031244922224211935,114326.68499025493,0.0
2020-01-27 00:00:00+00:00,116488.17326993667,41641.80487455243,41641.80487455243,74846.36839538424,27,17,positive_momentum_correction,0.018906244678274176,116488.17326993667,0.0
2020-01-28 00:00:00+00:00,116813.77621914289,94810.71064260106,94810.71064260104,22003.065576541827,8,36,positive_momentum_correction,0.002795158856613744,116813.77621914289,0.0
2020-01-29 00:00:00+00:00,116578.99529013742,102302.55766336332,102302.55766336332,14276.437626774097,7,37,positive_momentum_correction,-0.0020098736348101998,116813.77621914289,-0.0020098736348101998
2020-01-30 00:00:00+00:00,117251.16074142104,100155.93283459503,100155.93283459505,17095.227906826014,7,38,positive_momentum_correction,0.0057657509366140225,117251.16074142104,0.0
2020-01-31 00:00:00+00:00,117288.22332882046,97351.5549348869,97351.5549348869,19936.66839393357,10,37,positive_momentum_correction,0.0003160956971772766,117288.22332882046,0.0
2020-02-01 00:00:00+00:00,118384.0228142979,91655.23895155574,91655.23895155577,26728.78386274216,10,37,positive_momentum_correction,0.009342792092649876,118384.0228142979,0.0
2020-02-02 00:00:00+00:00,120013.73835656865,89471.05602754939,89471.05602754939,30542.68232901925,11,35,positive_momentum_correction,0.013766347041840099,120013.73835656865,0.0
2020-02-03 00:00:00+00:00,122133.42268197244,87105.50210740772,87105.50210740772,35027.92057456471,10,36,positive_momentum_correction,0.017662013986316172,122133.42268197244,0.0
2020-02-04 00:00:00+00:00,128473.74062399068,41251.183552246446,41251.183552246446,87222.55707174423,26,21,positive_momentum_correction,0.0519130456085557,128473.74062399068,0.0
2020-02-05 00:00:00+00:00,128845.93824811428,38960.36434161729,38960.36434161729,89885.573906497,26,20,positive_momentum_correction,0.0028970715907845612,128845.93824811428,0.0
2020-02-06 00:00:00+00:00,132173.8130166267,46975.86426858102,46975.86426858102,85197.94874804567,27,23,positive_momentum_correction,0.025828325003959707,132173.8130166267,0.0
2020-02-07 00:00:00+00:00,133937.0650718769,41635.569605693134,41635.569605693134,92301.49546618375,27,23,positive_momentum_correction,0.013340403934842815,133937.0650718769,0.0
2020-02-08 00:00:00+00:00,132363.695589096,35890.44814941242,35890.44814941243,96473.24743968358,34,16,positive_momentum_correction,-0.01174708048094486,133937.0650718769,-0.01174708048094486
2020-02-09 00:00:00+00:00,134953.2624688382,87239.6271524749,87239.62715247489,47713.63531636329,18,32,positive_momentum_correction,0.019564026738730034,134953.2624688382,0.0
2020-02-10 00:00:00+00:00,135025.88415314065,41646.20701313899,41646.20701313898,93379.67714000167,34,16,positive_momentum_correction,0.0005381247031299718,135025.88415314065,0.0
2020-02-11 00:00:00+00:00,139856.27941042327,41486.39480073394,41486.394800733935,98369.88460968934,34,16,positive_momentum_correction,0.035773846530078535,139856.27941042327,0.0
2020-02-12 00:00:00+00:00,144611.66149037055,48113.99694677024,48113.99694677024,96497.6645436003,34,16,positive_momentum_correction,0.03400192039995642,144611.66149037055,0.0
2020-02-13 00:00:00+00:00,145258.28029204794,44312.30942725806,44312.30942725805,100945.9708647899,31,20,positive_momentum_correction,0.004471415341012808,145258.28029204794,0.0
2020-02-14 00:00:00+00:00,149880.98165148473,39462.66688054461,39462.66688054459,110418.31477094014,33,19,positive_momentum_correction,0.031824012718191685,149880.98165148473,0.0
2020-02-15 00:00:00+00:00,145598.08748662577,75586.27150652827,75586.27150652827,70011.81598009748,28,24,positive_momentum_correction,-0.02857530099994876,149880.98165148473,-0.02857530099994876
2020-02-16 00:00:00+00:00,143804.23212568925,6354.156710179366,6354.156710179366,137450.07541550987,50,1,positive_momentum_correction,-0.012320597007163925,149880.98165148473,-0.04054383323913391
2020-02-17 00:00:00+00:00,142172.90395467746,4932.370071343235,4932.3700713432345,137240.53388333422,49,2,positive_momentum_correction,-0.011344090134885354,149880.98165148473,-0.051427990475340746
2020-02-18 00:00:00+00:00,147178.77156822357,24769.185981926665,24769.18598192667,122409.5855862969,43,6,positive_momentum_correction,0.035209716298275184,149880.98165148473,-0.018029039131492675
2020-02-19 00:00:00+00:00,137528.31082454923,25908.623297784095,25908.623297784085,111619.68752676515,42,7,positive_momentum_correction,-0.06556965138957516,149880.98165148473,-0.0824165327103269
2020-02-20 00:00:00+00:00,137178.9952933879,46586.92698581588,46586.926985815866,90592.06830757204,29,15,positive_momentum_correction,-0.002539953621672586,149880.98165148473,-0.08474715216125617
2020-02-21 00:00:00+00:00,137055.35528297647,119427.75853916079,119427.75853916076,17627.596743815688,5,36,positive_momentum_correction,-0.0009013042422931772,149880.98165148473,-0.0855720734357841
2020-02-22 00:00:00+00:00,136863.35497418643,115599.73419857638,115599.73419857636,21263.620775610056,5,36,positive_momentum_correction,-0.0014008960714714247,149880.98165148473,-0.08685309192575175
2020-02-23 00:00:00+00:00,137923.65617076794,115599.73419857638,115599.73419857639,22323.921972191558,5,38,positive_momentum_correction,0.007747151871160041,149880.98165148473,-0.07977880414822025
2020-02-24 00:00:00+00:00,136377.6457987422,59350.338232189475,59350.33823218945,77027.30756655273,23,17,positive_momentum_correction,-0.011209174806906086,149880.98165148473,-0.09009372439354302
2020-02-25 00:00:00+00:00,128092.78846842516,18402.3454260684,18402.345426068394,109690.44304235677,34,3,positive_momentum_correction,-0.060749379282755145,149880.98165148473,-0.1453699658421188
2020-02-26 00:00:00+00:00,118865.78029821001,7.821654435247183e-11,7.639755494892597e-11,118865.78029820994,37,0,positive_momentum_correction,-0.07203378332644861,149880.98165148473,-0.20693220054692296
2020-02-27 00:00:00+00:00,123211.64287338917,8598.828574617655,8598.828574617655,114612.81429877151,36,1,positive_momentum_correction,0.03656109070479552,149880.98165148473,-0.17793677679606645
2020-02-28 00:00:00+00:00,122245.22986719382,8598.828574617655,8598.828574617655,113646.40129257616,36,1,positive_momentum_correction,-0.00784352017112877,149880.98165148473,-0.1843846462692097
2020-02-29 00:00:00+00:00,120493.2725480306,62709.234770176896,62709.234770176896,57784.03777785369,16,6,positive_momentum_correction,-0.01433149842383652,149880.98165148473,-0.19607363642565934
2020-03-01 00:00:00+00:00,120877.50084716588,80834.28051902013,36186.40459432278,40043.22032814575,5,3,positive_momentum_correction,0.0031887946190698457,149880.98165148473,-0.19351008036336503
2020-03-02 00:00:00+00:00,123568.39974949954,87737.23653289194,48812.334459506106,35831.1632166076,3,4,positive_momentum_correction,0.022261371086220283,149880.98165148473,-0.17555650898503794
2020-03-03 00:00:00+00:00,124561.16540920804,87737.23653289194,24912.23308184169,36823.9288763161,3,2,positive_momentum_correction,0.0080341386772107,149880.98165148473,-0.16893281564669993
2020-03-04 00:00:00+00:00,126925.17783192481,87737.23653289194,50297.26864822665,39187.94129903288,3,4,positive_momentum_correction,0.018978727558870645,149880.98165148473,-0.15316021797174106
2020-03-05 00:00:00+00:00,127213.87374975612,75044.71874969946,50326.13824000978,52169.155000056664,4,4,positive_momentum_correction,0.002274536248541681,149880.98165148473,-0.1512340501908106
2020-03-06 00:00:00+00:00,128834.1586877662,100214.53771500876,89830.98450205126,28619.620972757453,2,7,positive_momentum_correction,0.0127366999388554,149880.98165148473,-0.14042357296977337
2020-03-07 00:00:00+00:00,129184.03635486952,63225.22740852314,51441.610514726206,65958.80894634638,5,4,positive_momentum_correction,0.0027157212859305613,149880.98165148473,-0.13808920297000327
2020-03-08 00:00:00+00:00,121853.65529545327,24505.00426877261,12185.36552954539,97348.65102668066,8,1,positive_momentum_correction,-0.056743706623933354,149880.98165148473,-0.18699721637267397
2020-03-09 00:00:00+00:00,119955.60018739694,24505.00426877261,12185.36552954539,95450.59591862433,8,1,positive_momentum_correction,-0.015576513510851986,149880.98165148473,-0.19966096521620524
2020-03-10 00:00:00+00:00,122186.05874338026,41061.4990870677,36622.57727822145,81124.55965631256,7,3,positive_momentum_correction,0.018594034396884007,149880.98165148473,-0.18477943367426652
2020-03-11 00:00:00+00:00,117801.47334302057,16624.287338391645,16624.28733839164,101177.18600462892,9,2,positive_momentum_correction,-0.03588449816167949,149880.98165148473,-0.21403321458794555
2020-03-12 00:00:00+00:00,79428.99740453059,43210.841499802744,6.548361852765083e-11,36218.15590472785,7,0,positive_momentum_correction,-0.3257385060605734,149880.98165148473,-0.4700528610812995
2020-03-13 00:00:00+00:00,84430.1754774815,58734.14003680053,6.548361852765083e-11,25696.035440680975,4,0,positive_momentum_correction,0.06296413446439475,149880.98165148473,-0.43668519816740115
2020-03-14 00:00:00+00:00,81814.5208244142,58734.14003680053,6.548361852765083e-11,23080.38078761367,4,0,positive_momentum_correction,-0.030980092582715724,149880.98165148473,-0.45413674288138917
2020-03-15 00:00:00+00:00,81669.14435301715,58734.14003680053,8166.914435301781,22935.004316216622,4,1,positive_momentum_correction,-0.0017769030476758596,149880.98165148473,-0.4551066889665776
2020-03-16 00:00:00+00:00,80318.52966713611,63135.03702234085,6.548361852765083e-11,17183.49264479526,3,0,positive_momentum_correction,-0.016537637275137462,149880.98165148473,-0.464117936898097
2020-03-17 00:00:00+00:00,80562.67666231461,71486.9905926112,8056.267666231527,9075.686069703417,1,1,positive_momentum_correction,0.0030397343700179213,149880.98165148473,-0.46248899777261
2020-03-18 00:00:00+00:00,80528.17771988294,71486.9905926112,8056.267666231527,9041.187127271745,1,1,positive_momentum_correction,-0.0004282248785784093,149880.98165148473,-0.46271917335627344
2020-03-19 00:00:00+00:00,81536.0396809225,71486.9905926112,16209.87163432378,10049.049088311303,1,2,positive_momentum_correction,0.012515643462657433,149880.98165148473,-0.4559947580906787
2020-03-20 00:00:00+00:00,80878.09556454704,71486.9905926112,8087.80955645477,9391.104971935845,1,1,positive_momentum_correction,-0.0080693656320594,149880.98165148473,-0.46038453529340184
2020-03-21 00:00:00+00:00,80864.01360264163,80864.01360264163,16174.210916718934,0.0,0,2,positive_momentum_correction,-0.0001741134210333506,149880.98165148473,-0.4604784895880045
2020-03-22 00:00:00+00:00,80864.01360264163,80864.01360264163,8087.80955645477,0.0,0,1,positive_momentum_correction,0.0,149880.98165148473,-0.4604784895880045
2020-03-23 00:00:00+00:00,80864.01360264163,80864.01360264163,8086.40136026423,0.0,0,1,positive_momentum_correction,0.0,149880.98165148473,-0.4604784895880045
2020-03-24 00:00:00+00:00,80864.01360264163,80864.01360264163,6.639311322942376e-11,0.0,0,0,positive_momentum_correction,0.0,149880.98165148473,-0.4604784895880045
2020-03-25 00:00:00+00:00,80864.01360264163,80864.01360264163,6.639311322942376e-11,0.0,0,0,positive_momentum_correction,0.0,149880.98165148473,-0.4604784895880045
2020-03-26 00:00:00+00:00,80864.01360264163,80864.01360264163,6.639311322942376e-11,0.0,0,0,positive_momentum_correction,0.0,149880.98165148473,-0.4604784895880045
2020-03-27 00:00:00+00:00,80864.01360264163,80864.01360264163,8086.40136026423,0.0,0,1,positive_momentum_correction,0.0,149880.98165148473,-0.4604784895880045
2020-03-28 00:00:00+00:00,80864.01360264163,80864.01360264163,8086.40136026423,0.0,0,1,positive_momentum_correction,0.0,149880.98165148473,-0.4604784895880045
2020-03-29 00:00:00+00:00,80864.01360264163,80864.01360264163,8086.40136026423,0.0,0,1,positive_momentum_correction,0.0,149880.98165148473,-0.4604784895880045
2020-03-30 00:00:00+00:00,80864.01360264163,80864.01360264163,16172.802720528392,0.0,0,2,positive_momentum_correction,0.0,149880.98165148473,-0.4604784895880045
2020-03-31 00:00:00+00:00,80864.01360264163,80864.01360264163,24259.204080792555,0.0,0,3,positive_momentum_correction,0.0,149880.98165148473,-0.4604784895880045
2020-04-01 00:00:00+00:00,80864.01360264163,80864.01360264163,80864.01360264163,0.0,0,49,positive_momentum_correction,0.0,149880.98165148473,-0.4604784895880045
2020-04-02 00:00:00+00:00,80864.01360264163,80864.01360264163,77866.57267051471,0.0,0,44,positive_momentum_correction,0.0,149880.98165148473,-0.4604784895880045
2020-04-03 00:00:00+00:00,80864.01360264163,80864.01360264163,80864.01360264163,0.0,0,48,positive_momentum_correction,0.0,149880.98165148473,-0.4604784895880045
2020-04-04 00:00:00+00:00,80864.01360264163,80864.01360264163,80864.01360264163,0.0,0,47,positive_momentum_correction,0.0,149880.98165148473,-0.4604784895880045
2020-04-05 00:00:00+00:00,80932.26739611478,78312.49280843431,78312.49280843431,2619.7745876804715,2,47,positive_momentum_correction,0.0008440564650740168,149880.98165148473,-0.46002310296909465
2020-04-06 00:00:00+00:00,81239.02517385023,78312.49280843431,78312.49280843431,2926.5323654159197,2,46,positive_momentum_correction,0.003790302528335898,149880.98165148473,-0.4579764271710355
2020-04-07 00:00:00+00:00,81211.73021904432,75080.89233270171,75080.89233270171,6130.8378863426115,3,46,positive_momentum_correction,-0.0003359832881734137,149880.98165148473,-0.4581585380333021
2020-04-08 00:00:00+00:00,81468.69110853138,75080.89233270171,75080.89233270173,6387.798775829668,3,45,positive_momentum_correction,0.0031640858875188194,149880.98165148473,-0.4564441051102207
2020-04-09 00:00:00+00:00,81355.00234616379,74263.84501940948,74263.84501940948,7091.157326754307,4,44,positive_momentum_correction,-0.001395490228462526,149880.98165148473,-0.45720263205016254
2020-04-10 00:00:00+00:00,80519.20575588403,6628.982280101256,6628.982280101248,73890.22347578278,42,7,positive_momentum_correction,-0.01027345050920736,149880.98165148473,-0.46277903394632325
2020-04-11 00:00:00+00:00,80988.7414828591,6628.982280101256,6628.982280101248,74359.75920275784,42,7,positive_momentum_correction,0.00583135070157792,149880.98165148473,-0.4596463100890238
2020-04-12 00:00:00+00:00,81437.79925618094,9732.53960079074,9732.53960079074,71705.2596553902,41,8,positive_momentum_correction,0.005544693806815992,149880.98165148473,-0.4566502143310842
2020-04-13 00:00:00+00:00,81196.96293728997,4096.7544338562675,4096.7544338562675,77100.20850343369,44,5,positive_momentum_correction,-0.002957303869832839,149880.98165148473,-0.4582570647549157
2020-04-14 00:00:00+00:00,82013.0329150058,4900.463030490699,4900.463030490699,77112.56988451509,43,7,positive_momentum_correction,0.010050498789543338,149880.98165148473,-0.45281227803999125
2020-04-15 00:00:00+00:00,81522.42795733073,75800.71208570513,75800.71208570516,5721.715871625591,3,30,positive_momentum_correction,-0.005982036515873146,149880.98165148473,-0.45608557497379343
2020-04-16 00:00:00+00:00,82060.49467636022,74532.59952834464,74532.59952834465,7527.895148015584,7,42,positive_momentum_correction,0.006600229317398565,149880.98165148473,-0.45249561503957947
2020-04-17 00:00:00+00:00,82029.0390681166,74532.59952834464,74532.59952834465,7496.439539771964,7,42,positive_momentum_correction,-0.00038332218648784444,149880.98165148473,-0.4527054856175342
2020-04-18 00:00:00+00:00,82191.73362969208,79019.4972749855,79019.49727498551,3172.236354706589,5,45,positive_momentum_correction,0.001983377635819572,149880.98165148473,-0.4516199939175012
2020-04-19 00:00:00+00:00,82226.38567457639,35047.16291876315,35047.162918763155,47179.22275581324,22,27,positive_momentum_correction,0.00042160012149672355,149880.98165148473,-0.4513887968403104
2020-04-20 00:00:00+00:00,79245.32418892947,5202.690234723513,5202.69023472352,74042.63395420596,44,5,positive_momentum_correction,-0.0362543174090727,149880.98165148473,-0.4712783215338351
2020-04-21 00:00:00+00:00,80308.81913257104,5874.949956909372,5874.949956909371,74433.86917566166,41,7,positive_momentum_correction,0.01342028636422854,149880.98165148473,-0.46418272520184356
2020-04-22 00:00:00+00:00,84041.58675065475,5874.949956909372,5874.949956909372,78166.63679374538,41,10,positive_momentum_correction,0.04648017065126786,149880.98165148473,-0.439277846831328
2020-04-23 00:00:00+00:00,86770.05572210554,8078.14183659805,8078.14183659805,78691.91388550749,40,10,positive_momentum_correction,0.03246570033888041,149880.98165148473,-0.42107360943318195
2020-04-24 00:00:00+00:00,87799.89707447446,54165.28501759676,54165.28501759677,33634.61205687769,23,27,positive_momentum_correction,0.011868626149868389,149880.98165148473,-0.41420254853525174
2020-04-25 00:00:00+00:00,87897.29130639123,84478.73155525517,84478.73155525517,3418.5597511360584,2,47,positive_momentum_correction,0.0011092750124086503,149880.98165148473,-0.41355273806000914
2020-04-26 00:00:00+00:00,87930.9404984787,79699.81837308977,79699.81837308977,8231.122125388918,3,38,positive_momentum_correction,0.0003828239936334299,149880.98165148473,-0.41332823197713797
2020-04-27 00:00:00+00:00,88541.10827176714,60207.94507537787,60207.945075377866,28333.163196389265,10,35,positive_momentum_correction,0.006939170328776445,149880.98165148473,-0.40925721665174297
2020-04-28 00:00:00+00:00,89003.39118170597,57890.59899811964,57890.59899811963,31112.79218358633,11,30,positive_momentum_correction,0.005221110498412784,149880.98165148473,-0.4061728833037417
2020-04-29 00:00:00+00:00,90882.4370713616,57890.59899811964,57890.59899811963,32991.838073241954,11,37,positive_momentum_correction,0.021112070727950405,149880.98165148473,-0.39363596321587535
2020-04-30 00:00:00+00:00,89774.49049062247,52086.74561972459,52086.745619724585,37687.744870897885,19,31,positive_momentum_correction,-0.012190986690521433,149880.98165148473,-0.40102813911792157
2020-05-01 00:00:00+00:00,90922.41720068984,57591.707621653244,57591.70762165324,33330.70957903661,17,33,positive_momentum_correction,0.012786780563096345,149880.98165148473,-0.39336921736935293
2020-05-02 00:00:00+00:00,91282.38337961277,79080.96263664258,79080.9626366426,12201.420742970198,10,41,positive_momentum_correction,0.0039590476144995,149880.98165148473,-0.390967537216497
2020-05-03 00:00:00+00:00,91135.19167483112,60565.336432374104,60565.3364323741,30569.855242457023,20,31,positive_momentum_correction,-0.0016124875286125384,149880.98165148473,-0.3919495944672555
2020-05-04 00:00:00+00:00,92973.9190774272,18550.848188048334,18550.84818804833,74423.07088937887,43,8,positive_momentum_correction,0.020175821971787133,149880.98165148473,-0.379681677735354
2020-05-05 00:00:00+00:00,92490.25632777656,27996.756432980117,27996.756432980106,64493.49989479645,34,15,positive_momentum_correction,-0.005202133613920856,149880.98165148473,-0.38290865653093786
2020-05-06 00:00:00+00:00,90866.20792168812,22055.07559125504,22055.075591255038,68811.13233043309,38,13,positive_momentum_correction,-0.017559129691812725,149880.98165148473,-0.39374424346260617
2020-05-07 00:00:00+00:00,93232.53129563436,14664.270203752067,14664.270203752065,78568.26109188229,42,8,positive_momentum_correction,0.026041841384925046,149880.98165148473,-0.3779562272121615
2020-05-08 00:00:00+00:00,95209.00017473457,35355.08938738423,35355.08938738423,59853.91078735034,31,15,positive_momentum_correction,0.021199348034785848,149880.98165148473,-0.36476930477996095
2020-05-09 00:00:00+00:00,94654.71213264775,75901.15238448193,75901.15238448193,18753.559748165822,10,33,positive_momentum_correction,-0.005821802992044267,149880.98165148473,-0.3684674927420314
2020-05-10 00:00:00+00:00,90364.15671594358,7.003109203651547e-11,7.366907084360719e-11,90364.1567159435,43,0,positive_momentum_correction,-0.04532849258145166,149880.98165148473,-0.3970939093122198
2020-05-11 00:00:00+00:00,88361.75948171123,5482.07587426336,5482.07587426336,82879.68360744786,39,4,positive_momentum_correction,-0.02215919792763421,149880.98165148473,-0.41045382470754654
2020-05-12 00:00:00+00:00,92867.45116264722,12124.264892326188,12124.264892326188,80743.18627032104,35,10,positive_momentum_correction,0.050991421032857254,149880.98165148473,-0.3803920274648984
2020-05-13 00:00:00+00:00,95612.18208224661,9048.065400685377,9048.065400685377,86564.11668156124,36,9,positive_momentum_correction,0.029555359657629454,149880.98165148473,-0.3620792909898888
2020-05-14 00:00:00+00:00,96460.21076051173,13904.20150903676,13904.201509036759,82556.00925147497,34,8,positive_momentum_correction,0.008869462654200744,149880.98165148473,-0.3564212770849824
2020-05-15 00:00:00+00:00,96600.41607461155,86898.6287338453,86898.6287338453,9701.787340766256,4,26,positive_momentum_correction,0.0014535041235594903,149880.98165148473,-0.3554858327573903
2020-05-16 00:00:00+00:00,96505.71883445236,86898.6287338453,86898.6287338453,9607.09010060706,4,26,positive_momentum_correction,-0.0009802984708270346,149880.98165148473,-0.35611764900996457
2020-05-17 00:00:00+00:00,96735.43016423598,85386.0560200412,85386.0560200412,11349.374144194773,5,26,positive_momentum_correction,0.0023802872260623165,149880.98165148473,-0.35458502407481596
2020-05-18 00:00:00+00:00,96757.47621556229,85502.86497842362,85502.8649784236,11254.611237138666,5,33,positive_momentum_correction,0.00022790048370979754,149880.98165148473,-0.35443793368960896
2020-05-19 00:00:00+00:00,96960.08014735747,85408.17547432467,82813.86334981119,11551.904673032797,6,20,positive_momentum_correction,0.002093935680420156,149880.98165148473,-0.3530861682450358
2020-05-20 00:00:00+00:00,97047.26766531318,83403.42497115252,83403.4249711525,13643.842694160667,5,30,positive_momentum_correction,0.0008992104567489001,149880.98165148473,-0.3525044565629063
2020-05-21 00:00:00+00:00,97301.06349341862,16412.193994446454,16412.193994446454,80888.86949897217,30,5,positive_momentum_correction,0.0026151774718758958,149880.98165148473,-0.35081114080456954
2020-05-22 00:00:00+00:00,101796.1811235531,13985.553102945049,13985.553102945049,87810.62802060806,30,7,positive_momentum_correction,0.04619803184821847,149880.98165148473,-0.32081989321195037
2020-05-23 00:00:00+00:00,101796.54572179276,16304.637324175332,16304.63732417533,85491.90839761743,31,7,positive_momentum_correction,3.581649484551974e-06,149880.98165148473,-0.320817460626871
2020-05-24 00:00:00+00:00,103653.42941216985,9177.540265903088,9177.54026590309,94475.88914626675,34,4,positive_momentum_correction,0.018241126722039258,149880.98165148473,-0.3084284058587693
2020-05-25 00:00:00+00:00,109779.82670245755,17696.112534225842,17696.112534225842,92083.7141682317,32,6,positive_momentum_correction,0.05910462707342323,149880.98165148473,-0.26755332469247906
2020-05-26 00:00:00+00:00,108113.78235895159,90897.94900649584,90897.94900649582,17215.83335245575,7,26,positive_momentum_correction,-0.015176234045454762,149880.98165148473,-0.27866910686276114
2020-05-27 00:00:00+00:00,109706.15108110305,75969.11831573673,75969.11831573672,33737.03276536632,11,20,positive_momentum_correction,0.014728637620544882,149880.98165148473,-0.2680448855332388
2020-05-28 00:00:00+00:00,109387.7424127481,73244.34295302026,73244.34295302026,36143.39945972785,10,21,positive_momentum_correction,-0.00290237753505318,149880.98165148473,-0.2701692956141344
2020-05-29 00:00:00+00:00,110926.54811880406,69596.56660313706,69596.56660313706,41329.98151566699,8,26,positive_momentum_correction,0.014067441855136309,149880.98165148473,-0.25990244461609313
2020-05-30 00:00:00+00:00,110196.96626944547,69596.56660313706,69596.56660313706,40600.39966630841,8,39,positive_momentum_correction,-0.006577161750108584,149880.98165148473,-0.26477018594871304
2020-05-31 00:00:00+00:00,106859.17642517145,52158.14053585325,52158.14053585325,54701.0358893182,26,21,positive_momentum_correction,-0.030289307929881715,149880.98165148473,-0.28703978818574216
2020-06-01 00:00:00+00:00,108085.00983745168,73121.15733506621,73121.15733506621,34963.85250238547,21,26,positive_momentum_correction,0.0114714847455204,149880.98165148473,-0.2788610759917519
2020-06-02 00:00:00+00:00,108695.5745428983,37548.58985261736,37548.589852617355,71146.98469028095,35,12,positive_momentum_correction,0.005648930470236735,149880.98165148473,-0.27478741235064785
2020-06-03 00:00:00+00:00,111133.70801500196,46712.03305608065,46712.033056080654,64421.674958921314,34,15,positive_momentum_correction,0.02243084396358208,149880.98165148473,-0.25852028195665966
2020-06-04 00:00:00+00:00,112426.74317891018,46712.03305608065,46712.03305608065,65714.71012282954,34,16,positive_momentum_correction,0.011634950250500653,149880.98165148473,-0.24989320232547008
2020-06-05 00:00:00+00:00,112069.02389981071,63198.59754573032,63198.59754573032,48870.42635408039,17,33,positive_momentum_correction,-0.003181798822813997,149880.98165148473,-0.2522798912512958
2020-06-06 00:00:00+00:00,113062.20876857775,53746.67718978114,53746.67718978115,59315.5315787966,20,28,positive_momentum_correction,0.008862260366030661,149880.98165148473,-0.2456534009666479
2020-06-07 00:00:00+00:00,112964.64356958451,86874.71670021067,86874.71670021069,26089.926869373845,13,34,positive_momentum_correction,-0.0008629337782789515,149880.98165148473,-0.2463043521274837
2020-06-08 00:00:00+00:00,113513.70359660119,89093.53581455979,89093.53581455977,24420.167782041404,12,34,positive_momentum_correction,0.004860459075219037,149880.98165148473,-0.24264104527582864
2020-06-09 00:00:00+00:00,113654.30530319728,84016.63859356857,84016.63859356855,29637.666709628713,14,29,positive_momentum_correction,0.001238632007777296,149880.98165148473,-0.24170295623313054
2020-06-10 00:00:00+00:00,114303.01747306196,76242.81979398393,76242.81979398392,38060.19767907803,16,32,positive_momentum_correction,0.005707765914666485,149880.98165148473,-0.2373747742135257
2020-06-11 00:00:00+00:00,107657.42307223247,15293.501894336498,15293.5018943365,92363.92117789597,44,3,positive_momentum_correction,-0.058140148420803284,149880.98165148473,-0.28171391803019985
2020-06-12 00:00:00+00:00,112158.72234048194,21219.367910037865,21219.367910037858,90939.35443044407,37,12,positive_momentum_correction,0.04181132280334565,149880.98165148473,-0.25168142679181016
2020-06-13 00:00:00+00:00,113332.11898324398,19195.636349185777,19195.636349185777,94136.48263405821,38,10,positive_momentum_correction,0.010461929471699438,149880.98165148473,-0.2438525706565433
2020-06-14 00:00:00+00:00,110377.13327636963,16748.062129590828,16748.062129590828,93629.07114677879,39,9,positive_momentum_correction,-0.026073682671646226,149880.98165148473,-0.26356811878222564
2020-06-15 00:00:00+00:00,111322.29374662784,10682.170545788387,10682.170545788385,100640.12320083944,44,4,positive_momentum_correction,0.00856300976663027,149880.98165148473,-0.2572620453908999
2020-06-16 00:00:00+00:00,112289.73212247102,78872.53262254361,78872.53262254359,33417.1994999274,13,21,positive_momentum_correction,0.008690427975236448,149880.98165148473,-0.2508073346918951
2020-06-17 00:00:00+00:00,112775.95290506739,64821.004309322416,64821.004309322416,47954.94859574498,15,19,positive_momentum_correction,0.004330055592848492,149880.98165148473,-0.24756328880135658
2020-06-18 00:00:00+00:00,115995.77366204439,50948.43071037648,50948.43071037648,65047.34295166791,16,17,positive_momentum_correction,0.028550596772056513,149880.98165148473,-0.22608077166343188
2020-06-19 00:00:00+00:00,115542.38635313144,44558.74269335031,44558.7426933503,70983.64365978114,17,8,positive_momentum_correction,-0.003908653691417241,149880.98165148473,-0.2291057539121284
2020-06-20 00:00:00+00:00,115024.95371655011,66166.77487040343,66166.77487040343,48858.178846146686,9,18,positive_momentum_correction,-0.004478292797241545,149880.98165148473,-0.23255804406181868
2020-06-21 00:00:00+00:00,115161.70334871353,44781.688455450174,44781.688455450174,70380.01489326336,12,11,positive_momentum_correction,0.0011888692648414079,149880.98165148473,-0.2316456559078539
2020-06-22 00:00:00+00:00,116051.54073500786,63952.64002917517,63952.64002917516,52098.90070583269,9,22,positive_momentum_correction,0.0077268515523765124,149880.98165148473,-0.22570869595143028
2020-06-23 00:00:00+00:00,115946.30468992009,79505.32221517702,79505.32221517702,36440.98247474307,8,21,positive_momentum_correction,-0.0009068043769282497,149880.98165148473,-0.22641082669495904
2020-06-24 00:00:00+00:00,115384.73081059745,52256.71487290958,52256.71487290958,63128.015937687866,15,11,positive_momentum_correction,-0.004843396094636021,149880.98165148473,-0.23015762547579732
2020-06-25 00:00:00+00:00,114485.0641297863,25232.85393120909,25232.853931209087,89252.21019857722,19,7,positive_momentum_correction,-0.007797103433797803,149880.98165148473,-0.2361601660976831
2020-06-26 00:00:00+00:00,112422.7149480045,34214.6619135534,34214.6619135534,78208.0530344511,19,7,positive_momentum_correction,-0.01801413308764721,149880.98165148473,-0.24992007852324583
2020-06-27 00:00:00+00:00,108124.64431279461,9555.424786057705,9555.424786057705,98569.21952673691,25,1,positive_momentum_correction,-0.03823133640917453,149880.98165148473,-0.27859663633499077
2020-06-28 00:00:00+00:00,111527.02412112714,10898.32579302078,10898.325793020776,100628.69832810636,24,2,positive_momentum_correction,0.03146720000751868,149880.98165148473,-0.2558960924044472
2020-06-29 00:00:00+00:00,115133.77044223892,49114.257788859766,49114.25778885975,66019.51265337915,13,8,positive_momentum_correction,0.03233966251259934,149880.98165148473,-0.2318320231585006
2020-06-30 00:00:00+00:00,112237.34431741227,67169.64484543505,35303.746914669355,45067.69947197721,11,4,positive_momentum_correction,-0.02515705091304865,149880.98165148473,-0.2511568640616757
2020-07-01 00:00:00+00:00,112475.4640046948,79341.97462921841,79341.97462921838,33133.4893754764,8,20,positive_momentum_correction,0.0021215727147740893,149880.98165148473,-0.24956813889682306
2020-07-02 00:00:00+00:00,112046.21322457056,81653.1718143281,81653.1718143281,30393.04141024245,11,10,positive_momentum_correction,-0.003816394837067083,149880.98165148473,-0.25243208317710786
2020-07-03 00:00:00+00:00,113080.42325846062,77089.56284194677,77089.56284194677,35990.86041651385,12,12,positive_momentum_correction,0.009230209608398265,149880.98165148473,-0.24553187460831905
2020-07-04 00:00:00+00:00,113663.1319758512,77032.3231495412,77032.32314954119,36630.80882631,13,16,positive_momentum_correction,0.005153046836928743,149880.98165148473,-0.24164406502120583
2020-07-05 00:00:00+00:00,114579.3867552854,42257.37686971784,42257.37686971783,72322.00988556756,20,9,positive_momentum_correction,0.008061143164952433,149880.98165148473,-0.23553084925935053
2020-07-06 00:00:00+00:00,120704.20488150395,42257.37686971784,42257.376869717846,78446.8280117861,20,17,positive_momentum_correction,0.05345479932878083,149880.98165148473,-0.19466630421346565
2020-07-07 00:00:00+00:00,122173.06854806161,66639.86504864313,66639.86504864314,55533.20349941848,15,22,positive_momentum_correction,0.012169117621044334,149880.98165148473,-0.18486610374524892
2020-07-08 00:00:00+00:00,125041.27504403841,66364.07425630325,66364.07425630325,58677.20078773516,15,32,positive_momentum_correction,0.023476585552473672,149880.98165148473,-0.16572954309310306
2020-07-09 00:00:00+00:00,123071.47692917434,35859.95711060228,35859.95711060228,87211.51981857207,31,17,positive_momentum_correction,-0.01575318321226593,149880.98165148473,-0.17887195844933812
2020-07-10 00:00:00+00:00,122615.27597349163,72062.75378618801,72062.75378618801,50552.52218730362,29,19,positive_momentum_correction,-0.0037067967904963472,149880.98165148473,-0.18191571323834466
2020-07-11 00:00:00+00:00,124840.59589091156,55835.4719174494,55835.47191744941,69005.12397346215,31,18,positive_momentum_correction,0.018148798343046835,149880.98165148473,-0.16706846649029217
2020-07-12 00:00:00+00:00,124745.65985923616,56741.40599020076,56741.40599020076,68004.2538690354,27,16,positive_momentum_correction,-0.0007604580144615625,149880.98165148473,-0.1677018759504474
2020-07-13 00:00:00+00:00,123645.01150505836,47904.065441900246,47904.06544190024,75740.9460631581,31,14,positive_momentum_correction,-0.008823139461683671,149880.98165148473,-0.17504535837263435
2020-07-14 00:00:00+00:00,125457.13512464959,63485.121094567185,63485.121094567185,61972.0140300824,19,25,positive_momentum_correction,0.014655857098748282,149880.98165148473,-0.16295494103199448
2020-07-15 00:00:00+00:00,126332.57674133155,71220.98647414589,71220.98647414589,55111.59026718565,15,30,positive_momentum_correction,0.006978013771892222,149880.98165148473,-0.15711402908282135
2020-07-16 00:00:00+00:00,127732.17337870771,48666.91262097255,48666.91262097255,79065.26075773516,35,10,positive_momentum_correction,0.011078667699795819,149880.98165148473,-0.14777597550221022
2020-07-17 00:00:00+00:00,128434.9622367835,48666.91262097255,48666.912620972544,79768.04961581095,35,14,positive_momentum_correction,0.005502050419138538,149880.98165148473,-0.14308699595102226
2020-07-18 00:00:00+00:00,129887.82327503824,56858.97572412151,56858.975724121505,73028.84755091673,32,16,positive_momentum_correction,0.01131203694813454,149880.98165148473,-0.1333935643878833
2020-07-19 00:00:00+00:00,130892.06105207972,64741.68553067842,64741.68553067843,66150.3755214013,29,20,positive_momentum_correction,0.0077315775391431085,149880.98165148473,-0.12669332953502777
2020-07-20 00:00:00+00:00,128132.81446776091,45154.95953966264,45154.95953966265,82977.85492809827,32,17,positive_momentum_correction,-0.02108032039636809,149880.98165148473,-0.1451029139527149
2020-07-21 00:00:00+00:00,132083.3647446336,76438.45147983056,76438.45147983055,55644.913264803035,11,38,positive_momentum_correction,0.030831682682398887,149880.98165148473,-0.1187449982695975
2020-07-22 00:00:00+00:00,131977.8510871956,76438.45147983056,76438.45147983055,55539.39960736504,11,38,positive_momentum_correction,-0.0007988413805327665,149880.98165148473,-0.11944898123178116
2020-07-23 00:00:00+00:00,131060.03029112416,71718.40756992938,71718.40756992938,59341.622721194784,13,35,positive_momentum_correction,-0.006954354753549108,149880.98165148473,-0.12557264539489443
2020-07-24 00:00:00+00:00,128887.81607087617,58207.66223706856,58207.66223706854,70680.15383380762,19,27,positive_momentum_correction,-0.01657419287499662,149880.98165148473,-0.14006557302529254
2020-07-25 00:00:00+00:00,129204.3363383438,85475.6777686623,85475.6777686623,43728.6585696815,13,33,positive_momentum_correction,0.002455781136780022,149880.98165148473,-0.13795376228066036
2020-07-26 00:00:00+00:00,129282.56525535311,69886.76802817943,69886.76802817943,59395.79722717367,19,26,positive_momentum_correction,0.0006054666524848429,149880.98165148473,-0.13743182203082116
2020-07-27 00:00:00+00:00,125556.37116233964,43017.5396447466,43017.53964474659,82538.83151759305,31,15,positive_momentum_correction,-0.028822092798465593,149880.98165148473,-0.16229284210125228
2020-07-28 00:00:00+00:00,130352.30750520984,43051.262331749946,43051.26233174994,87301.0451734599,32,12,positive_momentum_correction,0.03819747495465009,149880.98165148473,-0.13029454391808382
2020-07-29 00:00:00+00:00,129750.00068883672,58392.681179224935,58392.68117922494,71357.31950961179,25,17,positive_momentum_correction,-0.004620607244325559,149880.98165148473,-0.13431311124888534
2020-07-30 00:00:00+00:00,132138.0325770252,54333.88384042798,54333.88384042799,77804.14873659723,26,16,positive_momentum_correction,0.01840486994613122,149880.98165148473,-0.11838025664735008
2020-07-31 00:00:00+00:00,132074.18477485905,76688.21960467283,76688.21960467283,55385.9651701862,20,21,positive_momentum_correction,-0.00048319019831732923,149880.98165148473,-0.11880624666598105
2020-08-01 00:00:00+00:00,134097.95066218718,101112.9151582973,101112.91515829728,32985.035503889885,9,30,positive_momentum_correction,0.015322948165668926,149880.98165148473,-0.10530376045973278
2020-08-02 00:00:00+00:00,133796.42553784553,26094.65800288855,26094.65800288855,107701.76753495698,30,10,positive_momentum_correction,-0.002248543865530417,149880.98165148473,-0.10731552420066415
2020-08-03 00:00:00+00:00,136739.16268769602,33385.95454427356,33385.954544273554,103353.20814342247,29,11,positive_momentum_correction,0.021994138767317928,149880.98165148473,-0.08768169796450309
2020-08-04 00:00:00+00:00,141120.16132755548,23894.75081097504,23894.75081097503,117225.41051658045,30,12,positive_momentum_correction,0.03203909219383916,149880.98165148473,-0.058451847775460974
2020-08-05 00:00:00+00:00,148653.18286734854,25725.83781457504,25725.837814575025,122927.34505277351,30,16,positive_momentum_correction,0.05338019365148039,149880.98165148473,-0.008191825077521586
2020-08-06 00:00:00+00:00,154773.84248827703,30740.885964944133,30740.88596494413,124032.9565233329,29,16,positive_momentum_correction,0.041174090610560876,154773.84248827703,0.0
2020-08-07 00:00:00+00:00,155223.07851805794,120708.45074495023,120708.45074495024,34514.62777310771,11,32,positive_momentum_correction,0.0029025319948035033,155223.07851805794,0.0
2020-08-08 00:00:00+00:00,156638.24560778445,120708.45074495023,120708.45074495021,35929.79486283423,11,33,positive_momentum_correction,0.009116988937710513,156638.24560778445,0.0
2020-08-09 00:00:00+00:00,158848.16734806076,119524.25886022055,119524.25886022057,39323.90848784021,13,38,positive_momentum_correction,0.014108442875502059,158848.16734806076,0.0
2020-08-10 00:00:00+00:00,163972.33078056993,96385.95367929897,96385.95367929895,67586.37710127098,22,29,positive_momentum_correction,0.032258247092529224,163972.33078056993,0.0
2020-08-11 00:00:00+00:00,157671.3599624923,859.8080690119441,859.8080690119441,156811.55189348035,49,2,positive_momentum_correction,-0.0384270369768035,163972.33078056993,-0.0384270369768035
2020-08-12 00:00:00+00:00,166422.6175813403,23348.755934525263,23348.755934525252,143073.86164681506,41,11,positive_momentum_correction,0.055503153019862195,166422.6175813403,0.0
2020-08-13 00:00:00+00:00,170657.85749507116,11083.412886182397,11083.412886182388,159574.44460888876,46,6,positive_momentum_correction,0.025448703879812795,170657.85749507116,0.0
2020-08-14 00:00:00+00:00,174824.50692988696,27320.71096983468,27320.71096983468,147503.7959600523,42,10,positive_momentum_correction,0.024415221754065186,174824.50692988696,0.0
2020-08-15 00:00:00+00:00,177220.20360447536,51375.78709204262,51375.787092042636,125844.41651243273,33,17,positive_momentum_correction,0.013703437330723878,177220.20360447536,0.0
2020-08-16 00:00:00+00:00,178738.12915076813,147144.3080983332,147144.30809833325,31593.821052434938,10,39,positive_momentum_correction,0.008565194686721567,178738.12915076813,0.0
2020-08-17 00:00:00+00:00,178905.13083719346,89464.5915443993,89464.5915443993,89440.53929279416,24,25,positive_momentum_correction,0.0009343372184704712,178905.13083719346,0.0
2020-08-18 00:00:00+00:00,176762.63648640848,66706.29862751858,66706.29862751857,110056.3378588899,28,22,positive_momentum_correction,-0.011975589189416214,178905.13083719346,-0.011975589189416214
2020-08-19 00:00:00+00:00,172519.25524195505,18451.425133477864,18451.425133477864,154067.83010847718,46,4,positive_momentum_correction,-0.024006098397269082,178905.13083719346,-0.035694200414238875
2020-08-20 00:00:00+00:00,184687.20300615698,21143.698927211535,21143.698927211535,163543.50407894544,45,5,positive_momentum_correction,0.07053095462959558,184687.20300615698,0.0
2020-08-21 00:00:00+00:00,171877.62298113186,31699.286019653868,31699.286019653864,140178.336961478,42,6,positive_momentum_correction,-0.06935824364938858,184687.20300615698,-0.06935824364938858
2020-08-22 00:00:00+00:00,178395.26132505736,73779.93243702849,73779.93243702847,104615.32888802889,30,16,positive_momentum_correction,0.03792022621025537,184687.20300615698,-0.03406809772786401
2020-08-23 00:00:00+00:00,179315.04380079484,86727.54596611913,86727.54596611913,92587.49783467571,26,19,positive_momentum_correction,0.0051558683168244634,184687.20300615698,-0.02908788003672913
2020-08-24 00:00:00+00:00,181399.98011467775,137391.62167454304,137391.621674543,44008.35844013472,8,34,positive_momentum_correction,0.011627224741941333,184687.20300615698,-0.017798866613241482
2020-08-25 00:00:00+00:00,177747.23711172992,37567.187709523125,37567.18770952312,140180.0494022068,34,9,positive_momentum_correction,-0.02013640244413828,184687.20300615698,-0.03757686391620596
2020-08-26 00:00:00+00:00,183685.4889109637,35101.41523614198,35101.41523614197,148584.07367482173,34,9,positive_momentum_correction,0.0334084056423396,184687.20300615698,-0.0054238413863459956
2020-08-27 00:00:00+00:00,176152.18137753586,30149.96542656546,30149.965426565464,146002.2159509704,37,7,positive_momentum_correction,-0.04101199053932558,184687.20300615698,-0.046213389394047955
2020-08-28 00:00:00+00:00,183215.3616412994,52128.315738827194,52128.31573882719,131087.0459024722,33,9,positive_momentum_correction,0.04009703546404264,184687.20300615698,-0.007969373843452088
2020-08-29 00:00:00+00:00,183882.18891975094,52128.315738827194,43810.11171781068,131753.87318092375,33,8,positive_momentum_correction,0.0036395817058019198,184687.20300615698,-0.004358797324897523
2020-08-30 00:00:00+00:00,184485.22864854612,155324.5830272297,155324.58302722973,29160.645621316427,7,27,positive_momentum_correction,0.003279489614181008,184687.20300615698,-0.0010936023412738693
2020-08-31 00:00:00+00:00,183042.49278453662,159314.7990839199,159314.7990839199,23727.693700616706,6,29,positive_momentum_correction,-0.007820332687762166,184687.20300615698,-0.008905382694899155
2020-09-01 00:00:00+00:00,184444.22554006957,146980.73433615785,146980.73433615785,37463.491203911704,9,25,positive_momentum_correction,0.007657963646632293,184687.20300615698,-0.0013156161452037018
2020-09-02 00:00:00+00:00,185266.53134517316,44508.59015832528,44508.59015832527,140757.9411868479,26,8,positive_momentum_correction,0.004458289776737789,185266.53134517316,0.0
2020-09-03 00:00:00+00:00,151088.71727333547,6331.315846586409,6331.315846586396,144757.40142674907,33,1,positive_momentum_correction,-0.18447915996311515,185266.53134517316,-0.18447915996311515
2020-09-04 00:00:00+00:00,162143.12286744337,1.064108801074326e-10,9.458744898438454e-11,162143.12286744325,34,0,positive_momentum_correction,0.07316499731816051,185266.53134517316,-0.12481157988891256
2020-09-05 00:00:00+00:00,137706.9882208154,1.064108801074326e-10,9.458744898438454e-11,137706.98822081528,34,0,positive_momentum_correction,-0.15070719136577382,185266.53134517316,-0.2567087685997035
2020-09-06 00:00:00+00:00,147109.8880125848,24115.513954638292,14710.988801258574,122994.3740579465,26,1,positive_momentum_correction,0.06828193625650791,185266.53134517316,-0.20595540411720714
2020-09-07 00:00:00+00:00,149352.4137216668,96222.76032465286,14935.241372166774,53129.65339701394,9,1,positive_momentum_correction,0.015243881559410477,185266.53134517316,-0.19385108234467985
2020-09-08 00:00:00+00:00,148493.25876961355,126959.07937481337,104031.19663393492,21534.179394800183,2,7,positive_momentum_correction,-0.005752534764214556,185266.53134517316,-0.198488482018626
2020-09-09 00:00:00+00:00,148885.81530346104,132963.6694156687,118951.62962922992,15922.145887792341,1,8,positive_momentum_correction,0.002643598349852061,185266.53134517316,-0.19636960749230303
2020-09-10 00:00:00+00:00,151497.18522525774,118075.0878853226,118075.0878853226,33422.09733993513,2,11,positive_momentum_correction,0.0175394137881717,185266.53134517316,-0.18227440150535978
2020-09-11 00:00:00+00:00,152745.43601970925,100517.98939352222,100517.98939352222,52227.44662618702,4,8,positive_momentum_correction,0.008239432254767642,185266.53134517316,-0.17553680683357387
2020-09-12 00:00:00+00:00,154395.8480782094,116650.59417958317,116650.59417958315,37745.253898626244,3,10,positive_momentum_correction,0.010804984433624654,185266.53134517316,-0.16662849486531417
2020-09-13 00:00:00+00:00,155831.09032003937,67604.78119262197,61571.78104376681,88226.30912741738,8,4,positive_momentum_correction,0.009295860346600238,185266.53134517316,-0.15888158973674604
2020-09-14 00:00:00+00:00,156910.00354903587,67604.78119262197,67604.78119262196,89305.2223564139,8,7,positive_momentum_correction,0.006923607007951249,185266.53134517316,-0.1530580164169305
2020-09-15 00:00:00+00:00,148543.89829482476,54421.12600501215,38371.70015311154,94122.7722898126,9,3,positive_momentum_correction,-0.053317857784616174,185266.53134517316,-0.19821514864943335
2020-09-16 00:00:00+00:00,146876.72927588626,70803.91403147765,58917.40861224844,76072.8152444086,7,4,positive_momentum_correction,-0.011223409632279635,185266.53134517316,-0.20721390847309717
2020-09-17 00:00:00+00:00,147385.75326961227,70803.91403147765,44229.73568465981,76581.8392381346,7,3,positive_momentum_correction,0.0034656544725331084,185266.53134517316,-0.20446638580923493
2020-09-18 00:00:00+00:00,148829.6574493966,118364.4495360128,74219.53590734735,30465.207913383776,2,5,positive_momentum_correction,0.009796769007537565,185266.53134517316,-0.19667272675327652
2020-09-19 00:00:00+00:00,148627.31639392368,103481.48379107314,59511.628874211434,45145.83260285054,3,4,positive_momentum_correction,-0.001359547948578066,185266.53134517316,-0.19776488869965592
2020-09-20 00:00:00+00:00,148729.40774622114,88300.95873789472,29735.672414014567,60428.44900832642,4,2,positive_momentum_correction,0.0006868949448490813,185266.53134517316,-0.1972138374571233
2020-09-21 00:00:00+00:00,144721.43822144702,58565.28632388023,14472.143822144786,86156.1518975668,6,1,positive_momentum_correction,-0.02694806350343948,185266.53134517316,-0.2188473699450113
2020-09-22 00:00:00+00:00,149340.13663269999,58565.28632388023,29406.157485414784,90774.85030881976,6,2,positive_momentum_correction,0.031914403753959375,185266.53134517316,-0.19391734951596906
2020-09-23 00:00:00+00:00,140444.23694814046,29159.128838465527,28088.847389628172,111285.10810967493,8,2,positive_momentum_correction,-0.05956804302676422,185266.53134517316,-0.24193411552312993
2020-09-24 00:00:00+00:00,149793.929789579,39859.023805571735,39859.023805571735,109934.90598400726,7,3,positive_momentum_correction,0.06657227839751778,185266.53134517316,-0.1914679424180753
2020-09-25 00:00:00+00:00,149629.60127365091,90271.02406644716,90271.02406644716,59358.57720720376,4,23,positive_momentum_correction,-0.001097030541617583,185266.53134517316,-0.19235492677911958
2020-09-26 00:00:00+00:00,149848.71694874341,119278.07952439903,119278.079524399,30570.637424344393,2,21,positive_momentum_correction,0.0014643872150121862,185266.53134517316,-0.19117222165962744
2020-09-27 00:00:00+00:00,150126.2899570653,96374.42335100316,96374.42335100316,53751.86660606215,6,16,positive_momentum_correction,0.0018523549215094803,185266.53134517316,-0.1896739855437649
2020-09-28 00:00:00+00:00,150042.51500574854,126922.31938346181,126922.3193834618,23120.19562228673,4,22,positive_momentum_correction,-0.0005580298516717486,185266.53134517316,-0.1901261716494177
2020-09-29 00:00:00+00:00,153278.5020821438,107593.43997884975,107593.43997884974,45685.06210329403,6,16,positive_momentum_correction,0.021567134330368054,185266.53134517316,-0.17265951400273127
2020-09-30 00:00:00+00:00,154661.68056548366,94399.81350520992,94399.81350520992,60261.86706027374,7,12,positive_momentum_correction,0.009023956161827718,185266.53134517316,-0.16519362972618667
2020-10-01 00:00:00+00:00,151834.83800842293,46609.483627405214,46609.483627405214,105225.3543810177,11,7,positive_momentum_correction,-0.01827758851917982,185266.53134517316,-0.18045187705524146
2020-10-02 00:00:00+00:00,150123.59164421866,25056.244515423958,25056.244515423954,125067.3471287947,14,2,positive_momentum_correction,-0.011270446141677604,185266.53134517316,-0.1896885500354034
2020-10-03 00:00:00+00:00,151067.00335611886,25056.244515423958,25056.244515423954,126010.7588406949,14,2,positive_momentum_correction,0.006284233554283869,185266.53134517316,-0.1845963636321155
2020-10-04 00:00:00+00:00,153665.7155538918,41938.95385589841,40422.81607081313,111726.76169799338,12,3,positive_momentum_correction,0.01720238132775309,185266.53134517316,-0.17056947934327849
2020-10-05 00:00:00+00:00,154039.07009866333,39790.32349544857,30770.47856525559,114248.74660321478,12,2,positive_momentum_correction,0.0024296541582211617,185266.53134517316,-0.1685542500298094
2020-10-06 00:00:00+00:00,148045.07414380572,58869.66822364197,29609.014828761225,89175.40592016373,10,2,positive_momentum_correction,-0.038912179559500104,185266.53134517316,-0.20090761634663268
2020-10-07 00:00:00+00:00,149013.0449807158,105184.74509837813,89407.82698842956,43828.29988233766,3,6,positive_momentum_correction,0.0065383522046118525,185266.53134517316,-0.19568286889828423
2020-10-08 00:00:00+00:00,150114.63795851675,90283.44060030655,90283.44060030654,59831.1973582102,4,7,positive_momentum_correction,0.007392594238601946,185266.53134517316,-0.1897368787088929
2020-10-09 00:00:00+00:00,151193.00853822034,90283.44060030655,90283.44060030654,60909.567937913795,4,7,positive_momentum_correction,0.007183647073788935,185266.53134517316,-0.1839162344086308
2020-10-10 00:00:00+00:00,151934.73849509802,103651.18229216088,103651.18229216087,48283.556202937136,3,16,positive_momentum_correction,0.004905848253493605,185266.53134517316,-0.1799126512924999
2020-10-11 00:00:00+00:00,151426.770480982,128080.17691083116,128080.17691083111,23346.593570150853,2,33,positive_momentum_correction,-0.0033433302952794453,185266.53134517316,-0.18265447417020908
2020-10-12 00:00:00+00:00,151626.29532869393,111075.51164503412,106132.89481539589,40550.78368365981,8,25,positive_momentum_correction,0.001317632589522777,185266.53134517316,-0.18157751306847514
2020-10-13 00:00:00+00:00,151417.6762584193,123779.88441428983,123779.88441428983,27637.79184412946,8,28,positive_momentum_correction,-0.00137587659068239,185266.53134517316,-0.18270356140953226
2020-10-14 00:00:00+00:00,150824.8675165436,87419.90722663105,87419.90722663105,63404.96028991253,18,14,positive_momentum_correction,-0.003915056395819794,185266.53134517316,-0.1859033230587166
2020-10-15 00:00:00+00:00,150744.52704443393,60955.75268852546,60955.75268852546,89788.77435590845,23,9,positive_momentum_correction,-0.0005326739113552525,185266.53134517316,-0.18633697111984415
2020-10-16 00:00:00+00:00,147572.35779578448,20783.322735824353,20783.322735824353,126789.03505996012,28,5,positive_momentum_correction,-0.02104334605603564,185266.53134517316,-0.2034591638095714
2020-10-17 00:00:00+00:00,147910.1205352018,36723.290064712695,36723.290064712695,111186.8304704891,22,5,positive_momentum_correction,0.0022887940835418785,185266.53134517316,-0.20163604585639927
2020-10-18 00:00:00+00:00,150167.11535241536,24622.045720696355,24622.045720696347,125545.06963171902,22,5,positive_momentum_correction,0.015259231816232788,185266.53134517316,-0.18945362520639786
2020-10-19 00:00:00+00:00,149323.29905156183,60770.121919982426,60770.12191998243,88553.1771315794,12,10,positive_momentum_correction,-0.005619181662198436,185266.53134517316,-0.1940082325319995
2020-10-20 00:00:00+00:00,145639.24937197904,26739.14307324868,26739.143073248677,118900.10629873036,16,3,positive_momentum_correction,-0.024671633314977015,185266.53134517316,-0.21389336587386032
2020-10-21 00:00:00+00:00,150153.30315133132,73564.33760784472,73564.3376078447,76588.96554348661,10,11,positive_momentum_correction,0.030994761362871825,185266.53134517316,-0.18952817834335012
2020-10-22 00:00:00+00:00,152911.28868125667,73564.33760784472,73564.3376078447,79346.95107341195,10,11,positive_momentum_correction,0.018367797924137008,185266.53134517316,-0.17464159569995352
2020-10-23 00:00:00+00:00,152196.47669352585,89264.611660467,89264.61166046698,62931.86503305886,9,20,positive_momentum_correction,-0.0046746842165514835,185266.53134517316,-0.1784998856055331
2020-10-24 00:00:00+00:00,152733.02823016577,89264.611660467,89264.61166046698,63468.41656969879,9,22,positive_momentum_correction,0.003525387369645694,185266.53134517316,-0.17560377947808437
2020-10-25 00:00:00+00:00,152649.0411514336,146157.1631179267,143868.8490631858,6491.878033506895,5,21,positive_momentum_correction,-0.000549894673767648,185266.53134517316,-0.17605711056882356
2020-10-26 00:00:00+00:00,152728.8355302962,43932.50484311611,43932.50484311612,108796.33068718009,18,13,positive_momentum_correction,0.0005227309537008118,185266.53134517316,-0.1756264101164362
2020-10-27 00:00:00+00:00,154418.15089707944,43932.50484311611,43932.50484311611,110485.64605396331,18,12,positive_momentum_correction,0.01106088029099217,185266.53134517316,-0.1665081125236786
2020-10-28 00:00:00+00:00,150049.91466433706,5.638867150992155e-11,5.775291356258094e-11,150049.914664337,30,0,positive_momentum_correction,-0.028288359932854168,185266.53134517316,-0.19008623103772282
2020-10-29 00:00:00+00:00,146056.006246833,5.638867150992155e-11,5.775291356258094e-11,146056.00624683296,30,0,positive_momentum_correction,-0.026617198859715807,185266.53134517316,-0.2116438668854137
2020-10-30 00:00:00+00:00,146364.55928011466,6098.943588848332,5.775291356258094e-11,140265.6156912663,25,0,positive_momentum_correction,0.0021125665503971547,185266.53134517316,-0.20997841208879542
2020-10-31 00:00:00+00:00,147344.4005693989,105444.00859142833,103141.08039857927,41900.39197797055,12,7,positive_momentum_correction,0.0066945256017134636,185266.53134517316,-0.20468959234261763
2020-11-01 00:00:00+00:00,146563.25138778568,105444.00859142833,103141.08039857927,41119.24279635735,12,7,positive_momentum_correction,-0.0053015192881068485,185266.53134517316,-0.20890594580884525
2020-11-02 00:00:00+00:00,146797.30558173207,102307.54075801681,73508.07178839947,44489.764823715275,3,5,positive_momentum_correction,0.0015969500657917468,185266.53134517316,-0.20764260810695723
2020-11-03 00:00:00+00:00,148287.45998781317,43479.199527790624,14828.74599878139,104808.26046002255,7,1,positive_momentum_correction,0.010151101889614988,185266.53134517316,-0.19959930748886134
2020-11-04 00:00:00+00:00,150300.77836982143,28650.453529009304,7.275957614183426e-11,121650.32484081214,8,0,positive_momentum_correction,0.01357713175594033,185266.53134517316,-0.1887321618290918
2020-11-05 00:00:00+00:00,157220.15410432086,28650.453529009304,28650.45352900929,128569.70057531157,8,7,positive_momentum_correction,0.04603685895407672,185266.53134517316,-0.15138393878923895
2020-11-06 00:00:00+00:00,164604.962238155,28650.453529009304,28650.45352900929,135954.5087091457,8,7,positive_momentum_correction,0.046971128961838415,185266.53134517316,-0.11152348433902093
2020-11-07 00:00:00+00:00,160400.79759354395,71325.5865469996,71325.5865469996,89075.21104654434,7,7,positive_momentum_correction,-0.025540935020709532,185266.53134517316,-0.13421600529294442
2020-11-08 00:00:00+00:00,160819.53354352812,138038.91387394746,138038.91387394746,22780.61966958067,3,18,positive_momentum_correction,0.0026105602731805178,185266.53134517316,-0.13195582399120664
2020-11-09 00:00:00+00:00,161588.31561383762,113433.3997462859,113433.39974628588,48154.91586755172,9,21,positive_momentum_correction,0.004780402314134458,185266.53134517316,-0.1278062236034433
2020-11-10 00:00:00+00:00,163317.38713291677,103492.555708609,103492.55570860898,59824.83142430776,11,20,positive_momentum_correction,0.010700473685308243,185266.53134517316,-0.11847333705062235
2020-11-11 00:00:00+00:00,160854.0611237666,90787.67236531916,90787.67236531916,70066.38875844741,13,11,positive_momentum_correction,-0.015083060367267587,185266.53134517316,-0.1317694569232437
2020-11-12 00:00:00+00:00,160694.44483965597,66400.65404635292,66400.65404635292,94293.79079330305,13,11,positive_momentum_correction,-0.0009923049688362884,185266.53134517316,-0.13263100640523418
2020-11-13 00:00:00+00:00,165560.83466130105,66400.65404635292,66400.65404635292,99160.18061494813,13,16,positive_momentum_correction,0.030283497519163483,185266.53134517316,-0.1063640396395078
2020-11-14 00:00:00+00:00,166132.68352235947,92041.57959051598,92041.57959051598,74091.10393184349,12,13,positive_momentum_correction,0.003454010498487037,185266.53134517316,-0.10327741165059712
2020-11-15 00:00:00+00:00,166611.60514549306,80850.8699084542,80850.8699084542,85760.73523703887,12,14,positive_momentum_correction,0.002882765828971401,185266.53134517316,-0.10069237041483659
2020-11-16 00:00:00+00:00,170863.23274507665,90454.3579209994,90454.35792099942,80408.87482407723,11,21,positive_momentum_correction,0.025518196021644846,185266.53134517316,-0.07774366203932159
2020-11-17 00:00:00+00:00,173421.20763913036,115246.34484059464,115246.34484059465,58174.8627985357,11,31,positive_momentum_correction,0.01497089135536922,185266.53134517316,-0.06393666260191155
2020-11-18 00:00:00+00:00,179655.38603435794,19116.107717534236,19116.107717534236,160539.2783168237,32,13,positive_momentum_correction,0.035948189267602126,185266.53134517316,-0.030286880582661713
2020-11-19 00:00:00+00:00,183430.0227750355,37544.26216358934,37544.26216358934,145885.76061144617,28,18,positive_momentum_correction,0.02101042904416839,185266.53134517316,-0.009912791893944561
2020-11-20 00:00:00+00:00,189666.41271701318,62433.749303026605,62433.749303026605,127232.66341398658,26,21,positive_momentum_correction,0.03399874157801408,189666.41271701318,0.0
2020-11-21 00:00:00+00:00,199116.04692767398,59979.586424412184,59979.586424412184,139136.4605032618,27,23,positive_momentum_correction,0.04982239119353138,199116.04692767398,0.0
2020-11-22 00:00:00+00:00,202916.76256604563,47308.158819392294,47308.1588193923,155608.60374665333,35,14,positive_momentum_correction,0.019087942418584802,202916.76256604563,0.0
2020-11-23 00:00:00+00:00,205130.72504896735,168686.43507469742,168686.4350746974,36444.28997426993,15,36,positive_momentum_correction,0.010910692911341613,205130.72504896735,0.0
2020-11-24 00:00:00+00:00,206778.59305854622,125358.46463394946,125358.46463394946,81420.12842459675,21,30,positive_momentum_correction,0.008033257861227217,206778.59305854622,0.0
2020-11-25 00:00:00+00:00,200816.52163968654,89581.88552379735,89581.88552379736,111234.63611588918,28,24,positive_momentum_correction,-0.02883311725199522,206778.59305854622,-0.02883311725199522
2020-11-26 00:00:00+00:00,187048.09103137662,16991.609292477973,16991.60929247797,170056.48173889864,48,3,positive_momentum_correction,-0.06856224027729063,206778.59305854622,-0.09541849441631134
2020-11-27 00:00:00+00:00,188545.0655511903,30852.822116663257,30852.822116663254,157692.24343452702,39,13,positive_momentum_correction,0.008003153154674925,206778.59305854622,-0.08817899008623864
2020-11-28 00:00:00+00:00,194025.20937468362,35065.401445976866,35065.401445976866,158959.80792870675,38,13,positive_momentum_correction,0.02906543222158975,206778.59305854622,-0.06167651832436871
2020-11-29 00:00:00+00:00,196666.44763795697,76885.56986674764,76885.56986674764,119780.87777120933,30,18,positive_momentum_correction,0.013612861296661949,206778.59305854622,-0.048903250916917496
2020-11-30 00:00:00+00:00,200993.40429623242,111660.78760223926,111660.78760223926,89332.61669399316,23,25,positive_momentum_correction,0.02200149903679005,206778.59305854622,-0.02797769670807182
2020-12-01 00:00:00+00:00,201833.83885944437,128975.14592990601,128975.14592990601,72858.69292953836,16,28,positive_momentum_correction,0.004181403694089703,206778.59305854622,-0.02391327905834928
2020-12-02 00:00:00+00:00,205385.663411934,134943.56322268615,134943.56322268615,70442.10018924782,15,34,positive_momentum_correction,0.017597765432005197,206778.59305854622,-0.006736333901923075
2020-12-03 00:00:00+00:00,206767.84806981438,132679.95353709985,132679.95353709985,74087.89453271452,16,33,positive_momentum_correction,0.006729703694596356,206778.59305854622,-5.1963738474603005e-05
2020-12-04 00:00:00+00:00,200674.2034711458,90444.59929353661,90444.59929353662,110229.60417760919,29,21,positive_momentum_correction,-0.029470948484268678,206778.59305854622,-0.029521380802083552
2020-12-05 00:00:00+00:00,208665.6634151993,88751.14549027175,88751.14549027175,119914.51792492754,30,21,positive_momentum_correction,0.03982305550898846,208665.6634151993,0.0
2020-12-06 00:00:00+00:00,207799.77139306077,159891.6486283909,159891.64862839092,47908.122764669875,15,34,positive_momentum_correction,-0.004149662229839812,208665.6634151993,-0.004149662229839812
2020-12-07 00:00:00+00:00,207775.76801278695,153939.8343734441,153939.8343734441,53835.93363934287,16,28,positive_momentum_correction,-0.00011551206294835303,208665.6634151993,-0.004264694956743531
2020-12-08 00:00:00+00:00,200656.4664020279,31719.094687178986,31719.094687178986,168937.3717148489,37,7,positive_momentum_correction,-0.03426434987510629,208665.6634151993,-0.0383829178317413
2020-12-09 00:00:00+00:00,208537.26033709903,47157.658490651156,47157.65849065114,161379.60184644788,28,11,positive_momentum_correction,0.039275055902167955,208665.6634151993,-0.0006153531731033501
2020-12-10 00:00:00+00:00,202633.37800706684,39117.076061355234,39117.076061355234,163516.3019457116,29,8,positive_momentum_correction,-0.028310923047941583,208665.6634151993,-0.028908855004713963
2020-12-11 00:00:00+00:00,199918.32375631173,5971.471014024717,5971.471014024717,193946.852742287,35,1,positive_momentum_correction,-0.013398850068325974,208665.6634151993,-0.041920359659184836
2020-12-12 00:00:00+00:00,210601.9761827167,11178.681327283755,11178.681327283753,199423.29485543293,34,3,positive_momentum_correction,0.05344008605948347,210601.9761827167,0.0
2020-12-13 00:00:00+00:00,213180.68686333334,139054.57769972473,139054.57769972473,74126.10916360859,12,11,positive_momentum_correction,0.012244475229327145,213180.68686333334,0.0
2020-12-14 00:00:00+00:00,213384.15255895915,160221.76937699103,160221.76937699103,53162.38318196812,9,12,positive_momentum_correction,0.0009544283706912626,213384.15255895915,0.0
2020-12-15 00:00:00+00:00,214062.38468792994,152630.62137009684,152630.62137009684,61431.76331783309,8,13,positive_momentum_correction,0.0031784559482850305,214062.38468792994,0.0
2020-12-16 00:00:00+00:00,216079.87193577114,173553.75665706128,173553.75665706128,42526.11527870986,5,42,positive_momentum_correction,0.0094247630230897,216079.87193577114,0.0
2020-12-17 00:00:00+00:00,214899.18000049653,154123.25852106235,154123.25852106238,60775.921479434175,12,34,positive_momentum_correction,-0.005464145848927404,216079.87193577114,-0.005464145848927404
2020-12-18 00:00:00+00:00,218428.0677887228,111303.82817634904,111303.82817634902,107124.23961237379,18,26,positive_momentum_correction,0.016421131938326283,218428.0677887228,0.0
2020-12-19 00:00:00+00:00,218317.34685256594,116154.75045417911,116154.75045417911,102162.59639838684,17,25,positive_momentum_correction,-0.0005068988490249948,218428.0677887228,-0.0005068988490249948
2020-12-20 00:00:00+00:00,215310.97208632794,95770.99662229922,95770.99662229922,119539.97546402871,27,11,positive_momentum_correction,-0.013770663713077558,218428.0677887228,-0.014270582228516182
2020-12-21 00:00:00+00:00,216321.26736591442,68926.0300317841,68926.03003178409,147395.2373341303,30,7,positive_momentum_correction,0.004692261011117527,218428.0677887228,-0.009645282513995435
2020-12-22 00:00:00+00:00,229652.18184839236,73691.61157065966,73691.61157065965,155960.5702777327,25,5,positive_momentum_correction,0.06162553800097825,229652.18184839236,0.0
2020-12-23 00:00:00+00:00,215778.52441600096,60691.34591105245,60691.34591105244,155087.1785049485,23,5,positive_momentum_correction,-0.06041160733038564,229652.18184839236,-0.06041160733038564
2020-12-24 00:00:00+00:00,238444.23682862116,26035.150107027064,26035.15010702706,212409.0867215941,26,2,positive_momentum_correction,0.10504155811596338,238444.23682862116,0.0
2020-12-25 00:00:00+00:00,234088.345165477,65325.8364076725,65325.83640767249,168762.5087578045,15,7,positive_momentum_correction,-0.0182679678950467,238444.23682862116,-0.0182679678950467
2020-12-26 00:00:00+00:00,244364.29103893787,120895.5718765929,120895.57187659293,123468.71916234495,9,11,positive_momentum_correction,0.043897725306216495,244364.29103893787,0.0
2020-12-27 00:00:00+00:00,234336.85981554736,103213.86559942662,103213.86559942662,131122.99421612074,11,11,positive_momentum_correction,-0.04103476486174773,244364.29103893787,-0.04103476486174773
2020-12-28 00:00:00+00:00,236396.880833084,161289.42632876633,161289.42632876636,75107.45450431766,7,23,positive_momentum_correction,0.008790853556534417,244364.29103893787,-0.032604641913839716
2020-12-29 00:00:00+00:00,241085.4663711637,108580.00407331999,108580.00407331997,132505.4622978437,20,10,positive_momentum_correction,0.01983353385017894,244364.29103893787,-0.013417773332731753
2020-12-30 00:00:00+00:00,238194.97877951743,50369.207501042074,50369.207501042074,187825.77127847535,24,7,positive_momentum_correction,-0.011989472593077033,244364.29103893787,-0.025246373900175922
2020-12-31 00:00:00+00:00,245479.01843093004,45732.84595862088,45732.84595862088,199746.17247230915,26,7,positive_momentum_correction,0.030580156175983086,245479.01843093004,0.0
2021-01-01 00:00:00+00:00,247426.60461372853,77713.07494617322,77713.0749461732,169713.5296675553,24,9,positive_momentum_correction,0.007933819335139924,247426.60461372853,0.0
2021-01-02 00:00:00+00:00,248991.4707807682,68084.24852599124,68084.24852599122,180907.22225477698,26,7,positive_momentum_correction,0.0063245671154994465,248991.4707807682,0.0
2021-01-03 00:00:00+00:00,257934.0391320745,177351.0214017581,177351.02140175807,80583.01773031641,10,21,positive_momentum_correction,0.03591515935571965,257934.0391320745,0.0
2021-01-04 00:00:00+00:00,267918.6531843402,110824.79813280379,110824.79813280381,157093.85505153643,20,13,positive_momentum_correction,0.03870995114046627,267918.6531843402,0.0
2021-01-05 00:00:00+00:00,284047.5298714761,66186.90288824684,66186.90288824684,217860.62698322925,23,11,positive_momentum_correction,0.06020064857536633,284047.5298714761,0.0
2021-01-06 00:00:00+00:00,293431.5998363057,67914.71666448958,67914.71666448956,225516.88317181612,22,17,positive_momentum_correction,0.0330369708515883,293431.5998363057,0.0
2021-01-07 00:00:00+00:00,288983.7241950096,62184.836334494175,62184.836334494175,226798.88786051545,26,16,positive_momentum_correction,-0.015158134446928706,293431.5998363057,-0.015158134446928706
2021-01-08 00:00:00+00:00,294474.0458807557,20969.828860188434,20969.828860188427,273504.2170205673,36,8,positive_momentum_correction,0.018998722855551264,294474.0458807557,0.0
2021-01-09 00:00:00+00:00,300094.0840971039,171201.90661284435,171201.90661284432,128892.17748425958,22,24,positive_momentum_correction,0.01908500356810383,300094.0840971039,0.0
2021-01-10 00:00:00+00:00,298496.69523822726,114784.49133414064,114784.49133414064,183712.2039040866,30,16,positive_momentum_correction,-0.005322960176581737,300094.0840971039,-0.005322960176581737
2021-01-11 00:00:00+00:00,278189.9574023454,8188.663097828396,8188.663097828394,270001.294304517,42,4,positive_momentum_correction,-0.06803002565799021,300094.0840971039,-0.07299086471718264
2021-01-12 00:00:00+00:00,282747.4507516165,24914.70871379402,24914.708713794007,257832.7420378225,36,13,positive_momentum_correction,0.016382666692312142,300094.0840971039,-0.057803983033115736
2021-01-13 00:00:00+00:00,306652.43552032486,61684.855941689806,61684.85594168981,244967.57957863502,27,19,positive_momentum_correction,0.08454535913644023,306652.43552032486,0.0
2021-01-14 00:00:00+00:00,319435.8314794328,60762.11436141071,60762.11436141071,258673.7171180221,28,18,positive_momentum_correction,0.04168692134278085,319435.8314794328,0.0
2021-01-15 00:00:00+00:00,322302.0404976372,165503.13355596914,165503.13355596914,156798.90694166804,21,27,positive_momentum_correction,0.008972722330271576,322302.0404976372,0.0
2021-01-16 00:00:00+00:00,323400.7156513099,279501.20905325306,279501.2090532531,43899.50659805684,9,38,positive_momentum_correction,0.0034088371019194152,323400.7156513099,0.0
2021-01-17 00:00:00+00:00,327354.9930389076,251061.05117218304,251061.0511721831,76293.94186672456,13,34,positive_momentum_correction,0.012227175748928287,327354.9930389076,0.0
2021-01-18 00:00:00+00:00,330016.57261253905,256052.92734749266,256052.9273474926,73963.64526504642,12,37,positive_momentum_correction,0.008130560493131433,330016.57261253905,0.0
2021-01-19 00:00:00+00:00,324442.7285860332,202226.48814808024,202226.48814808019,122216.240437953,18,30,positive_momentum_correction,-0.016889588248193532,330016.57261253905,-0.016889588248193532
2021-01-20 00:00:00+00:00,337049.79302572174,121812.7744579689,121812.77445796889,215237.01856775282,27,21,positive_momentum_correction,0.03885759589876425,337049.79302572174,0.0
2021-01-21 00:00:00+00:00,299263.4479062901,74749.09637009357,74749.09637009355,224514.35153619657,39,10,positive_momentum_correction,-0.11210908863115066,337049.79302572174,-0.11210908863115066
2021-01-22 00:00:00+00:00,327242.39272084885,60561.74007012644,60561.74007012641,266680.6526507224,40,11,positive_momentum_correction,0.0934926901708355,337049.79302572174,-0.02909777874904207
2021-01-23 00:00:00+00:00,341027.7580924881,60561.74007012644,60561.74007012643,280466.0180223617,40,11,positive_momentum_correction,0.04212585434613514,341027.7580924881,0.0
2021-01-24 00:00:00+00:00,353283.58458057616,115755.98034875415,115755.98034875415,237527.604231822,33,19,positive_momentum_correction,0.035937914721781095,353283.58458057616,0.0
2021-01-25 00:00:00+00:00,352529.556003036,217485.42462184117,217485.42462184117,135044.1313811948,20,29,positive_momentum_correction,-0.002134343656061355,353283.58458057616,-0.002134343656061355
2021-01-26 00:00:00+00:00,361853.2538754536,253645.02069990247,253645.02069990247,108208.23317555113,12,28,positive_momentum_correction,0.02644798915055313,361853.2538754536,0.0
2021-01-27 00:00:00+00:00,358811.46629953803,138845.93405276,138845.93405276,219965.53224677802,26,12,positive_momentum_correction,-0.008406135756243716,361853.2538754536,-0.008406135756243716
2021-01-28 00:00:00+00:00,381796.9541770836,138845.93405276,138845.93405276004,242951.0201243236,26,15,positive_momentum_correction,0.06406007063987507,381796.9541770836,0.0
2021-01-29 00:00:00+00:00,394128.3960480087,129472.0004579599,129472.00045795989,264656.3955900488,27,14,positive_momentum_correction,0.032298429141489615,394128.3960480087,0.0
2021-01-30 00:00:00+00:00,415531.2622521207,170399.31846368863,170399.3184636886,245131.94378843208,26,16,positive_momentum_correction,0.05430429884961896,415531.2622521207,0.0
2021-01-31 00:00:00+00:00,424224.0449329652,186457.42423914382,186457.42423914387,237766.62069382134,25,21,positive_momentum_correction,0.02091968395766619,424224.0449329652,0.0
2021-02-01 00:00:00+00:00,427138.5131667969,346688.2451927501,346688.24519275007,80450.26797404673,8,36,positive_momentum_correction,0.006870115611415262,427138.5131667969,0.0
2021-02-02 00:00:00+00:00,424297.11110252934,346688.2451927501,346688.2451927501,77608.86590977921,8,35,positive_momentum_correction,-0.006652179507770084,427138.5131667969,-0.006652179507770084
2021-02-03 00:00:00+00:00,435523.4384398959,319317.9892125439,319317.9892125439,116205.44922735204,8,35,positive_momentum_correction,0.026458646650209694,435523.4384398959,0.0
2021-02-04 00:00:00+00:00,447381.1834279867,302832.4863161931,302832.4863161931,144548.69711179353,15,30,positive_momentum_correction,0.027226422142897277,447381.1834279867,0.0
2021-02-05 00:00:00+00:00,461199.3943443993,311012.9487063077,311012.9487063077,150186.4456380916,11,34,positive_momentum_correction,0.03088688444724652,461199.3943443993,0.0
2021-02-06 00:00:00+00:00,459469.33843835496,292708.46464942413,292708.46464942413,166760.87378893082,16,27,positive_momentum_correction,-0.003751210273169603,461199.3943443993,-0.003751210273169603
2021-02-07 00:00:00+00:00,467948.73794495,160249.91163221712,160249.91163221712,307698.8263127329,28,17,positive_momentum_correction,0.0184547668303936,467948.73794495,0.0
2021-02-08 00:00:00+00:00,487469.6205000215,202806.58065962928,202806.58065962922,284663.03984039224,27,23,positive_momentum_correction,0.04171585682824941,487469.6205000215,0.0
2021-02-09 00:00:00+00:00,499965.84212874435,240275.76284015796,240275.76284015796,259690.07928858636,19,34,positive_momentum_correction,0.025634872622225968,499965.84212874435,0.0
2021-02-10 00:00:00+00:00,514371.16957504855,173472.54559492844,173472.54559492844,340898.6239801201,26,27,positive_momentum_correction,0.028812623248359426,514371.16957504855,0.0
2021-02-11 00:00:00+00:00,529352.2427304054,269158.74906341423,269158.7490634142,260193.4936669912,20,32,positive_momentum_correction,0.029125024965403146,529352.2427304054,0.0
2021-02-12 00:00:00+00:00,531774.7327581581,420078.45351566625,420078.45351566625,111696.27924249182,10,40,positive_momentum_correction,0.004576329015359315,531774.7327581581,0.0
2021-02-13 00:00:00+00:00,554112.3255384422,310597.97715824784,310597.9771582478,243514.34838019437,20,30,positive_momentum_correction,0.042005743041655386,554112.3255384422,0.0
2021-02-14 00:00:00+00:00,532086.232458851,239681.29140633772,239681.29140633772,292404.9410525132,27,23,positive_momentum_correction,-0.03975023125173782,554112.3255384422,-0.03975023125173782
2021-02-15 00:00:00+00:00,544440.5609563513,111786.14200287012,111786.14200287011,432654.41895348125,39,11,positive_momentum_correction,0.023218658450171015,554112.3255384422,-0.01745451984431612
2021-02-16 00:00:00+00:00,543421.7487076126,95896.27172873159,95896.27172873158,447525.47697888105,40,10,positive_momentum_correction,-0.0018713011516796607,554112.3255384422,-0.01929315833290901
2021-02-17 00:00:00+00:00,567799.2473602485,93819.41619574717,93819.41619574717,473979.83116450126,41,9,positive_momentum_correction,0.044859262093597474,567799.2473602485,0.0
2021-02-18 00:00:00+00:00,587551.9933820006,203178.77654205443,203178.7765420544,384373.21683994617,31,18,positive_momentum_correction,0.03478825678896991,587551.9933820006,0.0
2021-02-19 00:00:00+00:00,617497.5528552323,268103.1519819223,268103.1519819222,349394.40087331005,25,24,positive_momentum_correction,0.050966654543817436,617497.5528552323,0.0
2021-02-20 00:00:00+00:00,618278.0320208786,437146.0058714713,437146.00587147125,181132.02614940735,14,36,positive_momentum_correction,0.0012639388804660534,618278.0320208786,0.0
2021-02-21 00:00:00+00:00,624679.245512662,438287.21337949374,438287.21337949374,186392.03213316828,13,37,positive_momentum_correction,0.010353292791045243,624679.245512662,0.0
2021-02-22 00:00:00+00:00,622549.5924788214,108236.54930273586,108236.54930273583,514313.0431760856,41,8,positive_momentum_correction,-0.0034091944772277616,624679.245512662,-0.0034091944772277616
2021-02-23 00:00:00+00:00,559507.1285308077,17777.07411459992,17777.07411459992,541730.0544162077,47,3,positive_momentum_correction,-0.10126496701571353,624679.245512662,-0.10432892952665462
2021-02-24 00:00:00+00:00,582253.1763081963,22699.013236181574,22699.013236181574,559554.1630720147,46,3,positive_momentum_correction,0.04065372292416858,624679.245512662,-0.06791656599643792
2021-02-25 00:00:00+00:00,552094.5305124051,107905.0092868997,107905.00928689969,444189.52122550533,39,6,positive_momentum_correction,-0.05179644701470498,624679.245512662,-0.1161951761990877
2021-02-26 00:00:00+00:00,558731.1623148541,64451.63308303195,64451.63308303194,494279.5292318221,41,7,positive_momentum_correction,0.01202082512262792,624679.245512662,-0.10557111296964183
2021-02-27 00:00:00+00:00,554798.0991721046,383267.41079940554,383267.41079940554,171530.6883726991,11,31,positive_momentum_correction,-0.00703927650366698,624679.245512662,-0.1118672452183157
2021-02-28 00:00:00+00:00,575548.1819726521,167839.9669717905,167839.96697179048,407708.2150008616,30,9,positive_momentum_correction,0.03740114256251359,624679.245512662,-0.07865006544228792
2021-03-01 00:00:00+00:00,623990.0988394448,167839.9669717905,167839.9669717905,456150.1318676543,30,8,positive_momentum_correction,0.08416657090421409,624679.245512662,-0.0011032008477432909
2021-03-02 00:00:00+00:00,607266.5347210327,172320.34845294518,172320.3484529452,434946.18626808753,30,8,positive_momentum_correction,-0.02680100878125491,624679.245512662,-0.027874642733390353
2021-03-03 00:00:00+00:00,618825.5477357903,241272.20677260656,241272.20677260656,377553.34096318367,27,10,positive_momentum_correction,0.01903449696938675,624679.245512662,-0.009370725566634985
2021-03-04 00:00:00+00:00,599285.6892246993,233432.4625991672,233432.46259916716,365853.22662553214,27,9,positive_momentum_correction,-0.03157571399982595,624679.245512662,-0.040650552215998004
2021-03-05 00:00:00+00:00,599710.6340941776,559122.8085438352,559122.8085438352,40587.825550342444,3,16,positive_momentum_correction,0.0007090856283054059,624679.245512662,-0.03997029131005159
2021-03-06 00:00:00+00:00,604802.8309085612,481532.5180758438,481532.51807584387,123270.31283271743,5,18,positive_momentum_correction,0.008491089743764668,624679.245512662,-0.031818592896885156
2021-03-07 00:00:00+00:00,611548.3793000331,481779.64928856114,481779.64928856114,129768.73001147195,4,20,positive_momentum_correction,0.011153301616228184,624679.245512662,-0.021020173644239915
2021-03-08 00:00:00+00:00,636948.1140160952,480207.5055892184,480207.5055892183,156740.60842687672,5,23,positive_momentum_correction,0.041533483818784855,636948.1140160952,0.0
2021-03-09 00:00:00+00:00,654525.0735579089,474559.39463642985,474559.39463642985,179965.6789214791,5,22,positive_momentum_correction,0.027595590841752005,654525.0735579089,0.0
2021-03-10 00:00:00+00:00,666974.4664020478,490557.43412250065,490557.4341225006,176417.03227954716,5,16,positive_momentum_correction,0.019020497987136897,666974.4664020478,0.0
2021-03-11 00:00:00+00:00,672029.2422386622,524475.4789002232,524475.478900223,147553.7633384391,6,15,positive_momentum_correction,0.00757866468844326,672029.2422386622,0.0
2021-03-12 00:00:00+00:00,684019.2480006216,336249.2294257627,336249.22942576266,347770.0185748589,14,11,positive_momentum_correction,0.017841494102277977,684019.2480006216,0.0
2021-03-13 00:00:00+00:00,699112.395384924,297169.042744121,297169.042744121,401943.352640803,15,9,positive_momentum_correction,0.02206538402014191,699112.395384924,0.0
2021-03-14 00:00:00+00:00,698143.9079222281,321949.16114650597,321949.16114650597,376194.7467757222,14,15,positive_momentum_correction,-0.0013853101004777102,699112.395384924,-0.0013853101004777102
2021-03-15 00:00:00+00:00,689203.7232139055,292514.7667783882,292514.76677838824,396688.95643551723,18,25,positive_momentum_correction,-0.01280564738426182,699112.395384924,-0.014173217692075024
2021-03-16 00:00:00+00:00,703837.6360623153,223454.62580448034,223454.62580448034,480383.010257835,23,21,positive_momentum_correction,0.021233072828116484,703837.6360623153,0.0
2021-03-17 00:00:00+00:00,735312.5123742706,318975.2964575367,318975.2964575367,416337.2159167339,19,28,positive_momentum_correction,0.04471894468168025,735312.5123742706,0.0
2021-03-18 00:00:00+00:00,735368.05722825,314934.5316899547,314934.5316899547,420433.52553829533,20,27,positive_momentum_correction,7.553911166291449e-05,735368.05722825,0.0
2021-03-19 00:00:00+00:00,742660.1653541548,282320.1785223778,282320.17852237774,460339.98683177703,22,24,positive_momentum_correction,0.00991626989264427,742660.1653541548,0.0
2021-03-20 00:00:00+00:00,722003.6840908371,236760.72408810552,236760.72408810552,485242.96000273165,20,30,positive_momentum_correction,-0.027814176964058857,742660.1653541548,-0.027814176964058857
2021-03-21 00:00:00+00:00,733971.4154532263,418403.906203954,418403.90620395413,315567.50924927223,16,28,positive_momentum_correction,0.01657572063148005,742660.1653541548,-0.011699496359529493
2021-03-22 00:00:00+00:00,723939.0342506233,377719.06171344826,377719.0617134483,346219.97253717505,26,18,positive_momentum_correction,-0.013668626585965904,742660.1653541548,-0.025208206898513108
2021-03-23 00:00:00+00:00,728932.466507856,276480.4540993539,276480.4540993539,452452.01240850205,28,15,positive_momentum_correction,0.0068975867041092265,742660.1653541548,-0.018484495987141525
2021-03-24 00:00:00+00:00,713329.0620232422,165698.03477143103,165698.034771431,547631.0272518112,35,8,positive_momentum_correction,-0.02140583003438723,742660.1653541548,-0.03949465004215669
2021-03-25 00:00:00+00:00,717246.5900288699,206686.7887014377,206686.7887014377,510559.80132743216,35,8,positive_momentum_correction,0.005491894574596756,742660.1653541548,-0.034219655921851944
2021-03-26 00:00:00+00:00,781409.6454879837,234357.58037545535,234357.58037545526,547052.0651125284,31,13,positive_momentum_correction,0.08945745626553792,781409.6454879837,0.0
2021-03-27 00:00:00+00:00,790079.2940675311,403337.58984224015,403337.58984224015,386741.704225291,18,21,positive_momentum_correction,0.011094882984370225,790079.2940675311,0.0
2021-03-28 00:00:00+00:00,790680.8936087012,574510.0730258324,574510.0730258324,216170.82058286882,13,25,positive_momentum_correction,0.0007614419789092608,790680.8936087012,0.0
2021-03-29 00:00:00+00:00,795419.6885018366,720036.2924814635,720036.2924814635,75383.3960203731,5,30,positive_momentum_correction,0.005993308971344202,795419.6885018366,0.0
2021-03-30 00:00:00+00:00,798016.7589171064,747788.3898928779,747788.389892878,50228.36902422857,3,36,positive_momentum_correction,0.0032650315962903242,798016.7589171064,0.0
2021-03-31 00:00:00+00:00,815679.2332999893,531884.9054575226,531884.9054575226,283794.3278424666,16,22,positive_momentum_correction,0.022132961727333145,815679.2332999893,0.0
2021-04-01 00:00:00+00:00,809935.3117901464,524303.0459444578,524303.0459444578,285632.26584568864,16,26,positive_momentum_correction,-0.007041887638360889,815679.2332999893,-0.007041887638360889
2021-04-02 00:00:00+00:00,816242.214191162,451716.6402908941,451716.6402908941,364525.57390026795,18,23,positive_momentum_correction,0.007786921139511627,816242.214191162,0.0
2021-04-03 00:00:00+00:00,799487.3342365241,415156.7233788305,415156.7233788305,384330.6108576936,22,18,positive_momentum_correction,-0.02052684811363359,816242.214191162,-0.02052684811363359
2021-04-04 00:00:00+00:00,821773.704973317,448924.05927771976,448924.05927771964,372849.6456955972,21,25,positive_momentum_correction,0.02787582714875092,821773.704973317,0.0
2021-04-05 00:00:00+00:00,823970.396569739,651295.826837789,651295.8268377892,172674.56973194994,9,34,positive_momentum_correction,0.0026731101069890073,823970.396569739,0.0
2021-04-06 00:00:00+00:00,837966.56979109,375221.0711488125,375221.07114881254,462745.49864227755,19,20,positive_momentum_correction,0.016986257369947078,837966.56979109,0.0
2021-04-07 00:00:00+00:00,795173.2137763966,180369.21101151503,180369.21101151503,614804.0027648816,30,10,positive_momentum_correction,-0.05106809454864292,837966.56979109,-0.05106809454864292
2021-04-08 00:00:00+00:00,868883.5641804736,203407.82715365983,203407.82715365983,665475.7370268137,26,15,positive_momentum_correction,0.09269722511654477,868883.5641804736,0.0
2021-04-09 00:00:00+00:00,849328.9724921007,203407.82715365983,203407.82715365983,645921.1453384408,26,18,positive_momentum_correction,-0.022505422469139114,868883.5641804736,-0.022505422469139114
2021-04-10 00:00:00+00:00,847545.4072869411,194942.51700485108,194942.51700485108,652602.8902820899,27,17,positive_momentum_correction,-0.002099969814907232,868883.5641804736,-0.024558131576189468
2021-04-11 00:00:00+00:00,852039.724145931,485619.417693487,485619.41769348684,366420.306452444,16,31,positive_momentum_correction,0.005302744632144973,868883.5641804736,-0.019385612444435707
2021-04-12 00:00:00+00:00,848552.1388253178,693284.1700086811,693284.1700086814,155267.96881663674,8,38,positive_momentum_correction,-0.004093219156077521,868883.5641804736,-0.023399482040303288
2021-04-13 00:00:00+00:00,856868.2257291365,656955.9871688323,656955.9871688322,199912.23856030416,12,35,positive_momentum_correction,0.00980032519313534,868883.5641804736,-0.013828479380513903
2021-04-14 00:00:00+00:00,865961.4274010453,521661.6191282268,521661.6191282269,344299.80827281845,19,29,positive_momentum_correction,0.01061213544728079,868883.5641804736,-0.0033630936294489766
2021-04-15 00:00:00+00:00,878497.5098739259,532760.1987252448,532760.1987252448,345737.31114868104,18,30,positive_momentum_correction,0.014476490610562553,878497.5098739259,0.0
2021-04-16 00:00:00+00:00,895395.7607636759,281522.8424949197,281522.8424949197,613872.9182687561,30,18,positive_momentum_correction,0.019235399872875147,895395.7607636759,0.0
2021-04-17 00:00:00+00:00,890640.9771462369,349804.6005491215,349804.60054912145,540836.3765971154,28,22,positive_momentum_correction,-0.005310259246016136,895395.7607636759,-0.005310259246016136
2021-04-18 00:00:00+00:00,876288.98769941,143720.12636810204,143720.12636810204,732568.8613313079,42,6,positive_momentum_correction,-0.016114225389464054,895395.7607636759,-0.021338913921113423
2021-04-19 00:00:00+00:00,840915.6701263126,157576.47410956677,157576.4741095668,683339.1960167459,39,4,positive_momentum_correction,-0.040367182595738904,895395.7607636759,-0.06084470468220404
2021-04-20 00:00:00+00:00,868687.1335406074,85779.69902026748,85779.69902026746,782907.43452034,40,3,positive_momentum_correction,0.033025265672743664,895395.7607636759,-0.029828851546369717
2021-04-21 00:00:00+00:00,837106.6823765244,327557.29650693794,327557.2965069379,509549.38586958655,28,10,positive_momentum_correction,-0.03635422920950482,895395.7607636759,-0.06509867584970153
2021-04-22 00:00:00+00:00,798673.1694241047,235983.62971679698,235983.62971679692,562689.5397073078,31,7,positive_momentum_correction,-0.045912323675768474,895395.7607636759,-0.10802216804899456
2021-04-23 00:00:00+00:00,822454.1884361946,304820.73679914785,304820.73679914785,517633.45163704664,18,14,positive_momentum_correction,0.029775657831647706,895395.7607636759,-0.08146294133140641
2021-04-24 00:00:00+00:00,796159.4821268799,171411.72892066577,159231.89642537571,624747.753206214,24,2,positive_momentum_correction,-0.03197102851322475,895395.7607636759,-0.11082951582455358
2021-04-25 00:00:00+00:00,797852.3990565588,249343.34678871065,249343.34678871065,548509.0522678482,22,5,positive_momentum_correction,0.0021263540379579116,895395.7607636759,-0.10893882457509418
2021-04-26 00:00:00+00:00,871347.8773031284,249343.34678871065,249343.34678871065,622004.5305144177,22,5,positive_momentum_correction,0.09211663502356604,895395.7607636759,-0.026857267494808434
2021-04-27 00:00:00+00:00,902341.8033348366,404450.2685610312,404450.2685610312,497891.53477380547,16,19,positive_momentum_correction,0.0355700941484316,902341.8033348366,0.0
2021-04-28 00:00:00+00:00,906413.0531241815,612752.9513021021,612752.9513021021,293660.10182207933,13,16,positive_momentum_correction,0.004511870972062404,906413.0531241815,0.0
2021-04-29 00:00:00+00:00,910273.4834103307,726252.5840024793,726252.5840024793,184020.8994078514,7,22,positive_momentum_correction,0.004259018857730723,910273.4834103307,0.0
2021-04-30 00:00:00+00:00,917535.234875925,726252.5840024793,726252.5840024794,191282.65087344567,7,23,positive_momentum_correction,0.007977549162904607,917535.234875925,0.0
2021-05-01 00:00:00+00:00,921925.8905394694,659918.450777937,659918.4507779368,262007.43976153247,8,24,positive_momentum_correction,0.004785271994637075,921925.8905394694,0.0
2021-05-02 00:00:00+00:00,927063.1983429452,635865.6327476827,635865.6327476827,291197.56559526245,10,22,positive_momentum_correction,0.005572365258632361,927063.1983429452,0.0
2021-05-03 00:00:00+00:00,926723.1983995591,660321.086249369,660321.086249369,266402.1121501901,7,23,positive_momentum_correction,-0.0003667494772673363,927063.1983429452,-0.0003667494772673363
2021-05-04 00:00:00+00:00,910848.6441798329,620186.6091784852,620186.6091784852,290662.0350013476,15,14,positive_momentum_correction,-0.017129768896625652,927063.1983429452,-0.017490236040104468
2021-05-05 00:00:00+00:00,945511.3783005679,620186.6091784852,620186.6091784852,325324.7691220826,15,18,positive_momentum_correction,0.03805542703743803,945511.3783005679,0.0
2021-05-06 00:00:00+00:00,947810.3403758601,597049.3423683012,597049.3423683014,350760.99800755887,18,22,positive_momentum_correction,0.0024314483443068635,947810.3403758601,0.0
2021-05-07 00:00:00+00:00,949984.8930532419,610817.9472822045,610817.9472822046,339166.94577103737,18,18,positive_momentum_correction,0.002294290940653143,949984.8930532419,0.0
2021-05-08 00:00:00+00:00,963335.0642432254,499030.47413969226,499030.47413969226,464304.5901035332,20,18,positive_momentum_correction,0.014053035250988222,963335.0642432254,0.0
2021-05-09 00:00:00+00:00,956203.4108819081,710357.6278784609,710357.6278784609,245845.78300344723,12,30,positive_momentum_correction,-0.007403087073260095,963335.0642432254,-0.007403087073260095
2021-05-10 00:00:00+00:00,923438.3099179042,201002.59317528392,201002.59317528387,722435.7167426203,39,4,positive_momentum_correction,-0.03426582732410943,963335.0642432254,-0.041415241494051847
2021-05-11 00:00:00+00:00,990331.0969165165,226210.48665615037,226210.48665615031,764120.6102603662,36,7,positive_momentum_correction,0.07243882594015316,990331.0969165165,0.0
2021-05-12 00:00:00+00:00,872589.8225368677,38681.53916986349,38681.53916986344,833908.2833670042,40,4,positive_momentum_correction,-0.11889081817812919,990331.0969165165,-0.11889081817812919
2021-05-13 00:00:00+00:00,885114.49295319,93271.22872421143,93271.22872421144,791843.2642289785,39,6,positive_momentum_correction,0.014353445448068047,990331.0969165165,-0.1062438656030571
2021-05-14 00:00:00+00:00,967834.007385837,120012.49513577668,120012.49513577668,847821.5122500603,35,12,positive_momentum_correction,0.0934562873969591,990331.0969165165,-0.022716735444061276
2021-05-15 00:00:00+00:00,935929.3040789117,641251.6435570719,641251.643557072,294677.66052183975,11,31,positive_momentum_correction,-0.03296505708980135,990331.0969165165,-0.054932934053055216
2021-05-16 00:00:00+00:00,936064.595121577,637621.6669543528,637621.6669543529,298442.9281672243,13,28,positive_momentum_correction,0.00014455263028501086,990331.0969165165,-0.054796322122876995
2021-05-17 00:00:00+00:00,940785.3794956214,413553.05690274626,413553.05690274626,527232.3225928751,25,13,positive_momentum_correction,0.00504322500674359,990331.0969165165,-0.05002944729814107
2021-05-18 00:00:00+00:00,962994.4316848967,435994.2663642232,435994.26636422315,527000.1653206735,24,14,positive_momentum_correction,0.02360692743884063,990331.0969165165,-0.02760356139147302
2021-05-19 00:00:00+00:00,656790.9650603818,2.823981049004942e-10,2.864908310584724e-10,656790.9650603816,38,0,positive_momentum_correction,-0.3179701320689551,990331.0969165165,-0.33679658539920787
2021-05-20 00:00:00+00:00,781158.8486023289,16382.869895455624,2.864908310584724e-10,764775.9787068733,35,0,positive_momentum_correction,0.18935687327932937,990331.0969165165,-0.21121446046222714
2021-05-21 00:00:00+00:00,670805.2581980898,57054.389025399614,2.864908310584724e-10,613750.8691726902,32,0,positive_momentum_correction,-0.14126907811604106,990331.0969165165,-0.3226454664639924
2021-05-22 00:00:00+00:00,634753.8085555641,347310.52393067547,126950.76171111311,287443.2846248887,14,2,positive_momentum_correction,-0.05374354062066633,990331.0969165165,-0.35904889735167733
2021-05-23 00:00:00+00:00,608655.9268713989,220359.76221956263,2.837623469531536e-10,388296.1646518363,16,0,positive_momentum_correction,-0.04111496667275327,990331.0969165165,-0.38540158057592755
2021-05-24 00:00:00+00:00,649023.8950736155,475951.84913856577,129804.77901472338,173072.04593504977,2,2,positive_momentum_correction,0.06632313335009354,990331.0969165165,-0.34463948764770813
2021-05-25 00:00:00+00:00,655290.4542645521,475951.84913856577,129804.77901472338,179338.60512598633,2,2,positive_momentum_correction,0.009655359746386205,990331.0969165165,-0.3383117461373707
2021-05-26 00:00:00+00:00,668408.0976183312,475951.84913856577,129804.77901472338,192456.24847976543,2,2,positive_momentum_correction,0.02001805957710978,990331.0969165165,-0.32506603125007494
2021-05-27 00:00:00+00:00,655364.0450431167,475951.84913856577,131072.8090086236,179412.19590455084,2,2,positive_momentum_correction,-0.019515102557394304,990331.0969165165,-0.33823743686969887
2021-05-28 00:00:00+00:00,655164.4972180766,655164.4972180766,65536.40450431193,0.0,0,1,positive_momentum_correction,-0.0003044839376669106,990331.0969165165,-0.33843893294072136
2021-05-29 00:00:00+00:00,656845.0033676808,589628.0927137649,2.6193447411060333e-10,67216.91065391593,1,0,positive_momentum_correction,0.002565014064009663,990331.0969165165,-0.336742019499513
2021-05-30 00:00:00+00:00,663538.4285473044,589628.0927137649,2.6193447411060333e-10,73910.33583353952,1,0,positive_momentum_correction,0.010190265808989851,990331.0969165165,-0.3299832443782792
2021-05-31 00:00:00+00:00,663811.5729413319,589628.0927137649,2.6193447411060333e-10,74183.48022756702,1,0,positive_momentum_correction,0.0004116481913873926,990331.0969165165,-0.3297074331926283
2021-06-01 00:00:00+00:00,661971.713532505,589628.0927137649,66197.17135325076,72343.62081874015,1,1,positive_momentum_correction,-0.0027716591331400364,990331.0969165165,-0.3315652557072958
2021-06-02 00:00:00+00:00,660970.7126690515,589628.0927137649,2.6193447411060333e-10,71342.61995528662,1,0,positive_momentum_correction,-0.0015121505088364628,990331.0969165165,-0.33257602964600197
2021-06-03 00:00:00+00:00,660845.1298585295,660845.1298585295,66084.51298585322,0.0,0,1,positive_momentum_correction,-0.00018999754166837413,990331.0969165165,-0.3327028385596198
2021-06-04 00:00:00+00:00,660845.1298585295,660845.1298585295,66084.51298585322,0.0,0,1,positive_momentum_correction,0.0,990331.0969165165,-0.3327028385596198
2021-06-05 00:00:00+00:00,661856.4625506945,594760.6168726765,2.6193447411060333e-10,67095.84567801794,1,0,positive_momentum_correction,0.0015303626318339258,990331.0969165165,-0.33168163191942257
2021-06-06 00:00:00+00:00,664284.2452875718,594760.6168726765,2.6193447411060333e-10,69523.62841489523,1,0,positive_momentum_correction,0.003668140864744318,990331.0969165165,-0.329230146002807
2021-06-07 00:00:00+00:00,660016.287619611,594760.6168726765,2.6193447411060333e-10,65255.670746934455,1,0,positive_momentum_correction,-0.006424896718893569,990331.0969165165,-0.3335397730368862
2021-06-08 00:00:00+00:00,659775.8826310027,594760.6168726765,594760.6168726765,65015.26575832621,1,15,positive_momentum_correction,-0.00036424099392362574,990331.0969165165,-0.33378252517236584
2021-06-09 00:00:00+00:00,660260.2085861148,594760.6168726765,197932.76478930117,65499.59171343823,1,3,positive_momentum_correction,0.0007340764763645868,990331.0969165165,-0.3332934705959518
2021-06-10 00:00:00+00:00,660161.5531101297,660161.5531101297,660161.5531101297,0.0,0,11,positive_momentum_correction,-0.00014941908463084186,990331.0969165165,-0.3333930892752929
2021-06-11 00:00:00+00:00,657906.2754062726,462151.65422500344,462151.65422500344,195754.62118126912,3,12,positive_momentum_correction,-0.003416251208862575,990331.0969165165,-0.3356703859398922
2021-06-12 00:00:00+00:00,656648.3902809082,281671.81059361383,281671.81059361383,374976.5796872943,6,28,positive_momentum_correction,-0.0019119518575615446,990331.0969165165,-0.33694055217952756
2021-06-13 00:00:00+00:00,703901.7950368924,254856.50418149744,254856.50418149744,449045.29085539497,7,8,positive_momentum_correction,0.07196150246522293,990331.0969165165,-0.28922579809060533
2021-06-14 00:00:00+00:00,709362.8123621461,254856.50418149744,254856.50418149738,454506.3081806487,7,10,positive_momentum_correction,0.007758209119167692,990331.0969165165,-0.28371146319568274
2021-06-15 00:00:00+00:00,700983.8543414425,204724.00866217344,204724.0086621734,496259.84567926906,9,4,positive_momentum_correction,-0.011811949928418275,990331.0969165165,-0.29217222752671534
2021-06-16 00:00:00+00:00,688979.8171728889,211524.90669037047,211524.90669037047,477454.9104825184,10,6,positive_momentum_correction,-0.017124555857040535,990331.0969165165,-0.30429346375359867
2021-06-17 00:00:00+00:00,690223.0101605615,392322.78201769997,392322.7820177,297900.22814286157,8,13,positive_momentum_correction,0.001804396814951481,990331.0969165165,-0.3030381330954547
2021-06-18 00:00:00+00:00,668053.3398904873,168640.35321231466,168640.35321231466,499412.98667817254,17,7,positive_momentum_correction,-0.032119575765689246,990331.0969165165,-0.3254242525852915
2021-06-19 00:00:00+00:00,669332.2675336456,147988.65558073722,147988.65558073722,521343.6119529084,18,4,positive_momentum_correction,0.0019144094742016282,990331.0969165165,-0.32413283838337414
2021-06-20 00:00:00+00:00,672638.8318433373,131307.25730007477,90903.35732558058,541331.5745432625,18,2,positive_momentum_correction,0.004940093986318228,990331.0969165165,-0.320793991082722
2021-06-21 00:00:00+00:00,583227.6261178198,236499.22708872668,58322.76261178239,346728.3990290931,16,1,positive_momentum_correction,-0.13292602432792944,990331.0969165165,-0.4110781455477359
2021-06-22 00:00:00+00:00,582324.1046708354,185905.65721591536,4.0745362639427185e-10,396418.4474549201,16,0,positive_momentum_correction,-0.001549174638723061,990331.0969165165,-0.4119904883488431
2021-06-23 00:00:00+00:00,611409.8777328914,378369.5421837222,4.0745362639427185e-10,233040.33554916922,6,0,positive_momentum_correction,0.04994774014806924,990331.0969165165,-0.38262074205629804
2021-06-24 00:00:00+00:00,615086.6784639317,397251.2851732094,4.0745362639427185e-10,217835.39329072228,5,0,positive_momentum_correction,0.006013642999478375,990331.0969165165,-0.37890804360374175
2021-06-25 00:00:00+00:00,593714.7918687443,448088.07321806013,4.0745362639427185e-10,145626.71865068417,3,0,positive_momentum_correction,-0.03474613797287851,990331.0969165165,-0.4004885904145312
2021-06-26 00:00:00+00:00,599833.2026558418,522002.53998054145,4.0745362639427185e-10,77830.66267530037,1,0,positive_momentum_correction,0.010305302934831007,990331.0969165165,-0.39431044372586543
2021-06-27 00:00:00+00:00,599703.1392214678,599703.1392214678,239881.25568858755,0.0,0,4,positive_momentum_correction,-0.00021683266914562793,990331.0969165165,-0.39444177700902605
2021-06-28 00:00:00+00:00,599703.1392214678,599703.1392214678,299851.56961073435,0.0,0,5,positive_momentum_correction,0.0,990331.0969165165,-0.39444177700902605
2021-06-29 00:00:00+00:00,599703.1392214678,599703.1392214678,239881.25568858758,0.0,0,4,positive_momentum_correction,0.0,990331.0969165165,-0.39444177700902605
2021-06-30 00:00:00+00:00,599703.1392214678,599703.1392214678,299851.56961073435,0.0,0,5,positive_momentum_correction,0.0,990331.0969165165,-0.39444177700902605
2021-07-01 00:00:00+00:00,599184.4972935701,419792.1974550274,119940.62784429404,179392.29983854276,3,2,positive_momentum_correction,-0.0008648311038874645,990331.0969165165,-0.3949654825954835
2021-07-02 00:00:00+00:00,600145.6291096916,419792.1974550274,240014.00265505476,180353.43165466422,3,4,positive_momentum_correction,0.0016040665612391258,990331.0969165165,-0.3939949669577194
2021-07-03 00:00:00+00:00,605069.2053294103,419792.1974550274,120521.48344391069,185277.00787438295,3,2,positive_momentum_correction,0.008203969138328437,990331.0969165165,-0.3890233203689688
2021-07-04 00:00:00+00:00,612414.1247024937,419792.1974550274,181762.89591416006,192621.92724746626,3,3,positive_momentum_correction,0.012138974035349692,990331.0969165165,-0.3816066903187235
2021-07-05 00:00:00+00:00,610066.4717252543,419792.1974550274,183254.70681530074,190274.2742702269,3,3,positive_momentum_correction,-0.003833440285819334,990331.0969165165,-0.3839772641445369
2021-07-06 00:00:00+00:00,609912.0256047479,609912.0256047479,488195.27500562405,0.0,0,8,positive_momentum_correction,-0.00025316277432785306,990331.0969165165,-0.38413321816939505
2021-07-07 00:00:00+00:00,609838.204232872,548905.3784322225,548898.676632711,60932.82580064945,1,9,positive_momentum_correction,-0.00012103609828439943,990331.0969165165,-0.38420776028173087
2021-07-08 00:00:00+00:00,603682.7932024536,60997.904359986926,60997.90435998689,542684.8888424668,9,2,positive_momentum_correction,-0.010093514948217086,990331.0969165165,-0.3904232684583233
2021-07-09 00:00:00+00:00,644360.832082184,60997.904359986926,60997.90435998689,583362.9277221971,9,3,positive_momentum_correction,0.06738313454975087,990331.0969165165,-0.3493480775384531
2021-07-10 00:00:00+00:00,637625.5725598531,60997.904359986926,60997.90435998689,576627.6681998662,9,3,positive_momentum_correction,-0.010452620933781298,990331.0969165165,-0.3561490954437797
2021-07-11 00:00:00+00:00,661161.547607132,60997.904359986926,60997.90435998688,600163.6432471451,9,31,positive_momentum_correction,0.03691190576436543,990331.0969165165,-0.33238333152849897
2021-07-12 00:00:00+00:00,632631.497308445,121167.52619985452,121167.5261998545,511463.9711085905,19,27,positive_momentum_correction,-0.0431514058885345,990331.0969165165,-0.36119192936766387
2021-07-13 00:00:00+00:00,630828.3054057828,549056.0192093722,549056.0192093722,81772.2861964105,30,12,positive_momentum_correction,-0.002850303708136659,990331.0969165165,-0.3630127263801748
2021-07-14 00:00:00+00:00,660623.5696786332,145335.8776017361,145335.8776017361,515287.69207689713,39,3,positive_momentum_correction,0.0472319710728335,990331.0969165165,-0.3329265618988002
2021-07-15 00:00:00+00:00,635856.0735010828,63082.83054057887,63082.83054057888,572773.2429605039,41,1,positive_momentum_correction,-0.03749108768492593,990331.0969165165,-0.3579358706589373
2021-07-16 00:00:00+00:00,599486.8081437098,63082.83054057887,63082.83054057881,536403.977603131,41,5,positive_momentum_correction,-0.05719732321989235,990331.0969165165,-0.3946602201927568
2021-07-17 00:00:00+00:00,606784.6574577676,18343.53031475671,18343.530314756674,588441.127143011,32,5,positive_momentum_correction,0.012173494420428366,990331.0969165165,-0.38729111976081
2021-07-18 00:00:00+00:00,609831.1444917134,89518.95824817884,89518.95824817884,520312.18624353455,13,9,positive_momentum_correction,0.0050207054455027045,990331.0969165165,-0.3842148889492851
2021-07-19 00:00:00+00:00,598525.5350219489,393210.7537563444,181012.52395562595,205314.7812656045,12,4,positive_momentum_correction,-0.018538917816648404,990331.0969165165,-0.39563087851577006
2021-07-20 00:00:00+00:00,609143.096221884,285077.0970464034,5.966285243630409e-10,324065.99917548057,14,0,positive_momentum_correction,0.01773952919075672,990331.0969165165,-0.3849096548432086
2021-07-21 00:00:00+00:00,665721.8944674612,285077.0970464034,266288.7577869851,380644.7974210578,14,4,positive_momentum_correction,0.09288260606825949,990331.0969165165,-0.3277784606176206
2021-07-22 00:00:00+00:00,665665.4487111942,341453.5102285878,341453.5102285877,324211.93848260643,12,8,positive_momentum_correction,-8.478879354278934e-05,990331.0969165165,-0.32783545747093834
2021-07-23 00:00:00+00:00,695261.6846906417,340859.991387159,340859.9913871589,354401.6933034827,13,7,positive_momentum_correction,0.04446112688701098,990331.0969165165,-0.297950264456604
2021-07-24 00:00:00+00:00,685262.6581214888,448809.3065003248,448809.3065003248,236453.3516211639,5,12,positive_momentum_correction,-0.01438167353289721,990331.0969165165,-0.308046914557046
2021-07-25 00:00:00+00:00,706670.1178241123,547380.2797427909,547380.2797427907,159289.83808132148,3,16,positive_momentum_correction,0.031239787326669433,990331.0969165165,-0.28643044732777534
2021-07-26 00:00:00+00:00,696311.2813626244,327622.19770139887,301227.4519498812,368689.08366122545,7,8,positive_momentum_correction,-0.014658659253038109,990331.0969165165,-0.29689042025374024
2021-07-27 00:00:00+00:00,774533.1391023634,147624.50861869982,147624.50861869982,626908.6304836635,10,6,positive_momentum_correction,0.11233748444613045,990331.0969165165,-0.2179048587750695
2021-07-28 00:00:00+00:00,774540.6091629164,148244.73633603886,148244.7363360388,626295.8728268776,9,20,positive_momentum_correction,9.64459772734294e-06,990331.0969165165,-0.21789731578204796
2021-07-29 00:00:00+00:00,781573.0592984209,142085.70241551203,142085.70241551203,639487.3568829088,10,17,positive_momentum_correction,0.009079511199683532,990331.0969165165,-0.21079620570138835
2021-07-30 00:00:00+00:00,776887.9049910873,332801.3451525691,332801.34515256906,444086.55983851815,11,27,positive_momentum_correction,-0.005994518684586225,990331.0969165165,-0.21552710259225782
2021-07-31 00:00:00+00:00,772674.0457384007,561545.5304777648,561545.5304777648,211128.51526063585,7,30,positive_momentum_correction,-0.00542402478609183,990331.0969165165,-0.21978210303181467
2021-08-01 00:00:00+00:00,767260.3421883313,623205.7826104574,623205.7826104574,144054.55957787397,8,31,positive_momentum_correction,-0.007006451918409873,990331.0969165165,-0.22524866221280515
2021-08-02 00:00:00+00:00,778445.9559404056,515768.83158419526,515768.83158419514,262677.1243562103,13,33,positive_momentum_correction,0.014578641872941667,990331.0969165165,-0.21395383991862327
2021-08-03 00:00:00+00:00,774050.4912638466,403740.4017366632,403740.4017366632,370310.0895271834,27,18,positive_momentum_correction,-0.005646460930288977,990331.0969165165,-0.2183922188509264
2021-08-04 00:00:00+00:00,790257.5225113482,421406.85474478104,421406.85474478104,368850.6677665672,24,23,positive_momentum_correction,0.020937950986942955,990331.0969165165,-0.20202695343821386
2021-08-05 00:00:00+00:00,798969.8130898476,335640.60529087717,335640.60529087717,463329.20779897034,26,24,positive_momentum_correction,0.011024622139391482,990331.0969165165,-0.193229602122451
2021-08-06 00:00:00+00:00,807337.7300841802,457669.7605914347,457669.76059143466,349667.9694927455,23,27,positive_momentum_correction,0.010473383170725326,990331.0969165165,-0.18477998661468098
2021-08-07 00:00:00+00:00,818549.743756836,566311.8709470619,566311.8709470618,252237.87280977413,19,32,positive_momentum_correction,0.01388763742218102,990331.0969165165,-0.17345850664948004
2021-08-08 00:00:00+00:00,810440.5021015683,460380.82392993727,460380.82392993727,350059.67817163107,18,31,positive_momentum_correction,-0.009906840380951576,990331.0969165165,-0.18164692129233706
2021-08-09 00:00:00+00:00,834656.8001704463,411372.6568750208,411372.65687502094,423284.14329542546,22,28,positive_momentum_correction,0.02988041442410916,990331.0969165165,-0.1571941921553064
2021-08-10 00:00:00+00:00,847140.3614753218,455141.4857578251,455141.4857578251,391998.87571749673,22,29,positive_momentum_correction,0.014956520215645863,990331.0969165165,-0.14458875005241356
2021-08-11 00:00:00+00:00,862087.3729000378,459268.9516848428,459268.9516848427,402818.42121519503,21,31,positive_momentum_correction,0.01764407895603659,990331.0969165165,-0.12949580641845637
2021-08-12 00:00:00+00:00,864733.4409842644,181012.91232494987,181012.91232494984,683720.5286593145,40,11,positive_momentum_correction,0.0030693734387099436,990331.0969165165,-0.1268239039683916
2021-08-13 00:00:00+00:00,896859.4955357319,457100.9387700313,457100.9387700313,439758.5567657006,26,23,positive_momentum_correction,0.03715139605899909,990331.0969165165,-0.09438419299547063
2021-08-14 00:00:00+00:00,895996.6961843177,378537.65067311225,378537.65067311225,517459.04551120545,27,22,positive_momentum_correction,-0.0009620228761684224,990331.0969165165,-0.0952554161188287
2021-08-15 00:00:00+00:00,914694.311829611,289332.5779997395,289332.57799973944,625361.7338298715,33,18,positive_momentum_correction,0.020867951550400443,990331.0969165165,-0.07637524997690914
2021-08-16 00:00:00+00:00,903688.1704044673,134809.49189673996,134809.49189673993,768878.6785077273,40,10,positive_momentum_correction,-0.012032589776500013,990331.0969165165,-0.08748884770135934
2021-08-17 00:00:00+00:00,883623.6314041072,388620.4698756274,388620.4698756273,495003.16152847983,25,22,positive_momentum_correction,-0.02220294528297262,990331.0969165165,-0.10774928288594843
2021-08-18 00:00:00+00:00,905057.7385496229,205390.1919967337,205390.1919967337,699667.5465528893,34,13,positive_momentum_correction,0.02425705513495169,990331.0969165165,-0.08610590804671259
2021-08-19 00:00:00+00:00,937563.7365634993,342658.34502212866,342658.34502212866,594905.3915413707,29,20,positive_momentum_correction,0.035915938430588934,990331.0969165165,-0.05328254410803934
2021-08-20 00:00:00+00:00,956222.4453781866,504781.3796909287,504781.3796909288,451441.065687258,21,27,positive_momentum_correction,0.01990126973455486,990331.0969165165,-0.0344416646559218
2021-08-21 00:00:00+00:00,954143.1767724341,634497.0918378312,634497.0918378311,319646.08493460296,15,35,positive_momentum_correction,-0.0021744611996952212,990331.0969165165,-0.03654123379216978
2021-08-22 00:00:00+00:00,962508.455862659,512967.9988138947,512967.99881389464,449540.4570487644,21,29,positive_momentum_correction,0.008767320559291747,990331.0969165165,-0.0280942819431661
2021-08-23 00:00:00+00:00,970317.0200403676,736164.9484947775,736164.9484947775,234152.07154559006,12,37,positive_momentum_correction,0.008112722678067286,990331.0969165165,-0.020209480383343026
2021-08-24 00:00:00+00:00,940982.0036622018,206638.68079437452,206638.68079437452,734343.3228678273,39,10,positive_momentum_correction,-0.03023240422696638,990331.0969165165,-0.04983090343014318
2021-08-25 00:00:00+00:00,966247.3106408771,123328.04528674853,123328.04528674853,842919.2653541286,42,6,positive_momentum_correction,0.026849936428481547,990331.0969165165,-0.024318923590934793
2021-08-26 00:00:00+00:00,907405.3867873396,88525.07472595804,88525.07472595804,818880.3120613815,44,6,positive_momentum_correction,-0.06089737400097894,990331.0969165165,-0.08373533900669539
2021-08-27 00:00:00+00:00,969946.6068066312,240607.16391600695,240607.16391600692,729339.4428906243,34,16,positive_momentum_correction,0.06892313064254352,990331.0969165165,-0.020583510073907907
2021-08-28 00:00:00+00:00,969319.5308977666,240607.16391600695,240607.1639160069,728712.3669817597,34,16,positive_momentum_correction,-0.0006465055957349808,990331.0969165165,-0.021216708315200172
2021-08-29 00:00:00+00:00,963764.0000395753,760711.4429386987,760711.4429386987,203052.55710087655,8,36,positive_momentum_correction,-0.005731372041008931,990331.0969165165,-0.02682647950736905
2021-08-30 00:00:00+00:00,961789.8110565615,588199.6009031083,588199.6009031083,373590.2101534532,20,23,positive_momentum_correction,-0.0020484153619897416,990331.0969165165,-0.02881994309662783
2021-08-31 00:00:00+00:00,971409.6555422456,594638.8276293267,594638.8276293267,376770.8279129189,21,22,positive_momentum_correction,0.010002023701120688,990331.0969165165,-0.01910617714942464
2021-09-01 00:00:00+00:00,1003223.2096805159,552891.9034154167,552891.9034154166,450331.3062650992,22,25,positive_momentum_correction,0.03274988462052275,1003223.2096805159,0.0
2021-09-02 00:00:00+00:00,996142.6888958955,537775.0584179809,537775.0584179809,458367.6304779146,23,20,positive_momentum_correction,-0.007057772105247939,1003223.2096805159,-0.007057772105247939
2021-09-03 00:00:00+00:00,1003464.0844994278,550688.86546921,550688.86546921,452775.2190302178,23,22,positive_momentum_correction,0.007349745859849932,1003464.0844994278,0.0
2021-09-04 00:00:00+00:00,1007471.1367805912,835851.1430666496,835851.1430666498,171619.99371394163,8,33,positive_momentum_correction,0.003993219431627448,1007471.1367805912,0.0
2021-09-05 00:00:00+00:00,1009131.1461814472,901402.0472620622,901402.0472620622,107729.09891938504,4,42,positive_momentum_correction,0.0016476992146501335,1009131.1461814472,0.0
2021-09-06 00:00:00+00:00,1025860.9856259499,733375.3633328057,733375.3633328057,292485.6222931442,14,35,positive_momentum_correction,0.016578459110897947,1025860.9856259499,0.0
2021-09-07 00:00:00+00:00,943505.8661381343,83344.58391856993,83344.58391856993,860161.2822195643,47,4,positive_momentum_correction,-0.08027902478186655,1025860.9856259499,-0.08027902478186655
2021-09-08 00:00:00+00:00,975648.0599329147,44770.04313367907,44770.04313367907,930878.0167992356,49,3,positive_momentum_correction,0.034066766247402125,1025860.9856259499,-0.04894710530627777
2021-09-09 00:00:00+00:00,1028172.0318890623,44770.04313367907,44770.04313367907,983401.9887553832,49,3,positive_momentum_correction,0.053834957617564516,1028172.0318890623,0.0
2021-09-10 00:00:00+00:00,1022228.786401894,44770.04313367907,44770.04313367907,977458.7432682149,49,4,positive_momentum_correction,-0.00578039987748824,1028172.0318890623,-0.00578039987748824
2021-09-11 00:00:00+00:00,1024225.2877074417,284849.9597717416,284849.95977174153,739375.3279357001,37,8,positive_momentum_correction,0.0019530865615466908,1028172.0318890623,-0.0038386029372625696
2021-09-12 00:00:00+00:00,1023845.3247681316,964507.9520794011,964507.952079401,59337.37268873045,3,19,positive_momentum_correction,-0.00037097594042090343,1028172.0318890623,-0.004208154848348911
2021-09-13 00:00:00+00:00,1065275.5498727767,304090.0239336284,304090.0239336284,761185.5259391484,15,10,positive_momentum_correction,0.04046531649107021,1065275.5498727767,0.0
2021-09-14 00:00:00+00:00,1056256.3197258066,304090.0239336284,304090.02393362834,752166.2957921783,15,10,positive_momentum_correction,-0.008466570126430928,1065275.5498727767,-0.008466570126430928
2021-09-15 00:00:00+00:00,1072785.9590271544,304090.0239336284,304090.0239336284,768695.9350935259,15,20,positive_momentum_correction,0.015649269019889722,1072785.9590271544,0.0
2021-09-16 00:00:00+00:00,1068388.8152217166,296911.59551075666,296911.59551075666,771477.21971096,16,13,positive_momentum_correction,-0.004098808125178377,1072785.9590271544,-0.004098808125178377
2021-09-17 00:00:00+00:00,1020839.7356593458,119117.61600254413,119117.61600254412,901722.1196568016,23,7,positive_momentum_correction,-0.04450540747424736,1072785.9590271544,-0.048421796473655854
2021-09-18 00:00:00+00:00,1025730.795963393,832793.2899021785,832793.2899021785,192937.50606121452,9,20,positive_momentum_correction,0.004791212697934588,1072785.9590271544,-0.04386258290184275
2021-09-19 00:00:00+00:00,1017430.3011580119,585982.330696648,585982.330696648,431447.9704613639,15,14,positive_momentum_correction,-0.008092274150338863,1072785.9590271544,-0.05159990900639788
2021-09-20 00:00:00+00:00,906630.4539559757,6.948539521545172e-10,6.984919309616089e-10,906630.453955975,29,0,positive_momentum_correction,-0.1089016584978123,1072785.9590271544,-0.1548822518350773
2021-09-21 00:00:00+00:00,837501.10137701,5812.853259546871,5812.853259546871,831688.2481174631,28,1,positive_momentum_correction,-0.07624865487071153,1072785.9590271544,-0.2193213433400174
2021-09-22 00:00:00+00:00,976036.8094009148,144307.26132999663,144307.26132999666,831729.5480709182,22,5,positive_momentum_correction,0.16541555324061785,1072785.9590271544,-0.09018495144546412
2021-09-23 00:00:00+00:00,1005386.3546408564,149565.11463050725,149565.1146305072,855821.2400103492,21,6,positive_momentum_correction,0.03007012128769615,1072785.9590271544,-0.06282670258605794
2021-09-24 00:00:00+00:00,970646.4551448263,310707.10926466266,310707.10926466266,659939.3458801636,17,8,positive_momentum_correction,-0.034553780579645754,1072785.9590271544,-0.09520958307000238
2021-09-25 00:00:00+00:00,967228.4459122503,889511.789353584,889511.7893535842,77716.6565586663,3,12,positive_momentum_correction,-0.0035213740435141583,1072785.9590271544,-0.09839568855900005
2021-09-26 00:00:00+00:00,979647.4598935398,729550.9335971902,729550.9335971903,250096.52629634953,7,8,positive_momentum_correction,0.012839793984322334,1072785.9590271544,-0.08681927494472086
2021-09-27 00:00:00+00:00,977759.5929077368,654527.7888982447,654527.7888982447,323231.804009492,7,10,positive_momentum_correction,-0.001927088124138221,1072785.9590271544,-0.0885790546751668
2021-09-28 00:00:00+00:00,953599.3867373939,557804.9443070197,557804.9443070197,395794.44243037415,8,7,positive_momentum_correction,-0.024709761321280777,1072785.9590271544,-0.11110004869735957
2021-09-29 00:00:00+00:00,960980.1753204049,573614.1176078807,515774.98926341144,387366.0577125242,7,6,positive_momentum_correction,0.00773992589095851,1072785.9590271544,-0.10422002894980043
2021-09-30 00:00:00+00:00,984704.3600849116,573614.1176078807,573614.1176078807,411090.24247703084,7,9,positive_momentum_correction,0.024687486145691384,1072785.9590271544,-0.0821054733249107
2021-10-01 00:00:00+00:00,1002210.9788672752,746196.7482764835,746196.7482764835,256014.23059079167,3,17,positive_momentum_correction,0.017778553129239816,1072785.9590271544,-0.06578663671537932
2021-10-02 00:00:00+00:00,1005965.779204939,788327.3435593692,788327.3435593692,217638.43564556979,3,13,positive_momentum_correction,0.0037465168680426153,1072785.9590271544,-0.06228659059148256
2021-10-03 00:00:00+00:00,1013834.8365987485,798885.1514765262,798885.1514765263,214949.6851222223,3,19,positive_momentum_correction,0.00782239073781299,1072785.9590271544,-0.05495142990300239
2021-10-04 00:00:00+00:00,1006653.7834655775,743102.2682360923,743102.2682360924,263551.5152294853,4,17,positive_momentum_correction,-0.007083060153330489,1072785.9590271544,-0.06164526577281848
2021-10-05 00:00:00+00:00,1008128.651399397,695894.3084562822,695894.3084562822,312234.3429431147,6,13,positive_momentum_correction,0.0014651193469337187,1072785.9590271544,-0.06027046409741532
2021-10-06 00:00:00+00:00,1005424.9896427151,208114.89428650466,208114.89428650457,797310.0953562105,13,8,positive_momentum_correction,-0.002681861836709931,1072785.9590271544,-0.06279068887658157
2021-10-07 00:00:00+00:00,1022775.2344113097,201678.20082425186,201678.2008242519,821097.0335870578,13,15,positive_momentum_correction,0.017256627741827124,1072785.9590271544,-0.046617616678350626
2021-10-08 00:00:00+00:00,1056511.9366997322,284380.0497173141,284380.049717314,772131.8869824182,13,14,positive_momentum_correction,0.032985450911744874,1072785.9590271544,-0.015169868873172176
2021-10-09 00:00:00+00:00,1044137.2156204511,396623.1523147648,396623.15231476485,647514.0633056863,11,24,positive_momentum_correction,-0.011712807635601785,1072785.9590271544,-0.02670499475280519
2021-10-10 00:00:00+00:00,1009840.9137114632,392634.93638927164,392634.93638927164,617205.9773221916,17,24,positive_momentum_correction,-0.03284654679089116,1072785.9590271544,-0.05867437468399783
2021-10-11 00:00:00+00:00,1020676.0638283523,822813.1448320624,822813.1448320623,197862.9189962898,14,34,positive_momentum_correction,0.01072956142870729,1072785.9590271544,-0.048574363562753464
2021-10-12 00:00:00+00:00,1037213.135760936,637067.035677596,637067.035677596,400146.10008333996,32,12,positive_momentum_correction,0.016202076759355366,1072785.9590271544,-0.033159292370378624
2021-10-13 00:00:00+00:00,1040733.0347435259,653100.7544202195,653100.7544202193,387632.28032330645,31,11,positive_momentum_correction,0.0033936120371322875,1072785.9590271544,-0.029878210106977332
2021-10-14 00:00:00+00:00,1047015.4916401305,653100.7544202195,653100.7544202196,393914.7372199111,31,14,positive_momentum_correction,0.006036569117028989,1072785.9590271544,-0.024022002870352166
2021-10-15 00:00:00+00:00,1046347.1584078327,554218.1635510254,554218.1635510253,492128.9948568072,26,19,positive_momentum_correction,-0.0006383222002291911,1072785.9590271544,-0.024644991292855245
2021-10-16 00:00:00+00:00,1056528.0444410979,518606.9459320693,518606.9459320692,537921.0985090287,25,21,positive_momentum_correction,0.009729931363082978,1072785.9590271544,-0.015154854003495588
2021-10-17 00:00:00+00:00,1068012.2223368818,617341.5227984285,617341.5227984284,450670.69953845337,16,28,positive_momentum_correction,0.010869733137901738,1072785.9590271544,-0.004449850084355722
2021-10-18 00:00:00+00:00,1063986.3860527095,549312.8583826378,549312.8583826378,514673.5276700717,20,27,positive_momentum_correction,-0.003769466491088891,1072785.9590271544,-0.008202543014661279
2021-10-19 00:00:00+00:00,1063691.3000375447,536748.2533382537,536748.2533382536,526943.0466992911,23,23,positive_momentum_correction,-0.00027734002900126065,1072785.9590271544,-0.008477608150144977
2021-10-20 00:00:00+00:00,1085158.202443441,661135.2583345333,661135.2583345332,424022.9441089077,22,27,positive_momentum_correction,0.02018151545014857,1085158.202443441,0.0
2021-10-21 00:00:00+00:00,1073039.1264481884,505036.1071624012,505036.1071624012,568003.0192857871,27,18,positive_momentum_correction,-0.01116802689963925,1085158.202443441,-0.01116802689963925
2021-10-22 00:00:00+00:00,1078521.7083846524,673158.6230474141,673158.6230474142,405363.08533723827,17,24,positive_momentum_correction,0.005109396108053943,1085158.202443441,-0.006115692664760974
2021-10-23 00:00:00+00:00,1080636.130049347,744464.6099649732,744464.6099649732,336171.5200843739,13,26,positive_momentum_correction,0.0019604813220324147,1085158.202443441,-0.004167201043969171
2021-10-24 00:00:00+00:00,1080872.62226716,689556.2672465283,689556.2672465283,391316.3550206317,13,22,positive_momentum_correction,0.0002188453737914653,1085158.202443441,-0.003949267642847865
2021-10-25 00:00:00+00:00,1098589.139726585,743273.6446316695,743273.6446316694,355315.49509491556,11,28,positive_momentum_correction,0.01639093922303636,1098589.139726585,0.0
2021-10-26 00:00:00+00:00,1096344.7071026035,906530.5294037145,906530.5294037146,189814.17769888902,9,29,positive_momentum_correction,-0.0020430136643623253,1098589.139726585,-0.0020430136643623253
2021-10-27 00:00:00+00:00,1057350.5311764346,139075.35494406594,139075.3549440659,918275.1762323687,34,5,positive_momentum_correction,-0.035567441219488294,1098589.139726585,-0.03753779011543279
2021-10-28 00:00:00+00:00,1103086.7014746468,108036.58457492858,108036.5845749285,995050.1168997183,35,4,positive_momentum_correction,0.043255447412813064,1103086.7014746468,0.0
2021-10-29 00:00:00+00:00,1128445.284142691,176410.97470805046,176410.97470805037,952034.3094346406,32,8,positive_momentum_correction,0.022988748422172023,1128445.284142691,0.0
2021-10-30 00:00:00+00:00,1108037.760242561,56991.86815609074,56991.868156090735,1051045.8920864703,37,11,positive_momentum_correction,-0.01808463749807232,1128445.284142691,-0.01808463749807232
2021-10-31 00:00:00+00:00,1108850.8693758696,151012.49504266426,151012.49504266423,957838.3743332054,37,12,positive_momentum_correction,0.000733827999806147,1128445.284142691,-0.017364080511628632
2021-11-01 00:00:00+00:00,1113354.516751355,882591.7183624487,882591.7183624487,230762.79838890626,15,29,positive_momentum_correction,0.004061544703500397,1128445.284142691,-0.013373060797361336
2021-11-02 00:00:00+00:00,1122377.425063761,909805.5498375646,909805.5498375645,212571.87522619643,14,31,positive_momentum_correction,0.008104254464008198,1128445.284142691,-0.005377185021017583
2021-11-03 00:00:00+00:00,1124398.1202671854,816787.2063916618,816787.2063916617,307610.9138755237,17,29,positive_momentum_correction,0.0018003704977491708,1128445.284142691,-0.0035864954485411715
2021-11-04 00:00:00+00:00,1118738.987334323,865305.1265132183,865305.1265132182,253433.86082110496,17,26,positive_momentum_correction,-0.005033033078637228,1128445.284142691,-0.008601477576949512
2021-11-05 00:00:00+00:00,1114708.9209252193,608451.0127410374,608451.0127410375,506257.9081841819,15,28,positive_momentum_correction,-0.0036023294572994358,1128445.284142691,-0.012172821678197221
2021-11-06 00:00:00+00:00,1138981.0183097892,512661.1900149781,512661.19001497806,626319.8282948112,21,20,positive_momentum_correction,0.021774381570772716,1138981.0183097892,0.0
2021-11-07 00:00:00+00:00,1156476.5142662448,501857.78284258844,501857.78284258844,654618.7314236563,22,22,positive_momentum_correction,0.015360656301733888,1156476.5142662448,0.0
2021-11-08 00:00:00+00:00,1179747.1316866963,520405.3127799492,520405.3127799492,659341.8189067472,21,25,positive_momentum_correction,0.020121997406247427,1179747.1316866963,0.0
2021-11-09 00:00:00+00:00,1167081.1110024336,595167.3600603369,595167.3600603368,571913.7509420968,17,28,positive_momentum_correction,-0.01073621655358803,1179747.1316866963,-0.01073621655358803
2021-11-10 00:00:00+00:00,1153721.8426190629,422545.23262864305,422545.2326286431,731176.6099904197,36,10,positive_momentum_correction,-0.01144673515613337,1179747.1316866963,-0.02206005708225356
2021-11-11 00:00:00+00:00,1168513.0583991674,504504.6855152634,504504.6855152633,664008.372883904,28,17,positive_momentum_correction,0.012820434903552558,1179747.1316866963,-0.009522441704492568
2021-11-12 00:00:00+00:00,1182796.873059707,287292.35906799784,287292.3590679978,895504.5139917092,36,9,positive_momentum_correction,0.012223923864495001,1182796.873059707,0.0
2021-11-13 00:00:00+00:00,1194597.6074615223,305022.08883544686,305022.08883544675,889575.5186260756,35,12,positive_momentum_correction,0.009976974635795832,1194597.6074615223,0.0
2021-11-14 00:00:00+00:00,1212320.5383026605,244865.16620202144,244865.16620202144,967455.3721006389,37,11,positive_momentum_correction,0.014835900164573923,1212320.5383026605,0.0
2021-11-15 00:00:00+00:00,1184228.1931536098,708118.1085594547,708118.1085594547,476110.0845941551,15,26,positive_momentum_correction,-0.02317237418775575,1212320.5383026605,-0.02317237418775575
2021-11-16 00:00:00+00:00,1179412.191926333,173168.19994667527,173168.19994667527,1006243.9919796576,38,5,positive_momentum_correction,-0.004066784809819257,1212320.5383026605,-0.027144921938220823
2021-11-17 00:00:00+00:00,1202794.2605459425,383486.8568066213,383486.85680662125,819307.403739321,30,10,positive_momentum_correction,0.019825188157008622,1212320.5383026605,-0.007857886966144645
2021-11-18 00:00:00+00:00,1182188.6311436363,253734.7559624884,253734.75596248836,928453.875181148,36,4,positive_momentum_correction,-0.017131466351488434,1212320.5383026605,-0.02485473619147871
2021-11-19 00:00:00+00:00,1240376.7191567693,310145.6370440446,310145.6370440446,930231.0821127248,33,6,positive_momentum_correction,0.04922064591066366,1240376.7191567693,0.0
2021-11-20 00:00:00+00:00,1281913.4304362833,324910.6714820017,324910.67148200166,957002.7589542817,33,5,positive_momentum_correction,0.03348717420926084,1281913.4304362833,0.0
2021-11-21 00:00:00+00:00,1286027.8712666207,953090.0271086731,953090.0271086727,332937.84415794746,11,19,positive_momentum_correction,0.0032096089584903176,1286027.8712666207,0.0
2021-11-22 00:00:00+00:00,1278871.3095695537,857143.2929069189,857143.2929069189,421728.0166626348,14,13,positive_momentum_correction,-0.0055648573852590255,1286027.8712666207,-0.0055648573852590255
2021-11-23 00:00:00+00:00,1286075.2237655665,1030442.6806660893,1030442.6806660893,255632.5430994772,8,15,positive_momentum_correction,0.00563302510745789,1286075.2237655665,0.0
2021-11-24 00:00:00+00:00,1333322.274661676,733072.1379586273,733072.1379586271,600250.1367030486,11,13,positive_momentum_correction,0.03673739297906109,1333322.274661676,0.0
2021-11-25 00:00:00+00:00,1357504.438206722,453384.00756315637,453384.00756315637,904120.4306435657,14,12,positive_momentum_correction,0.018136773085248414,1357504.438206722,0.0
2021-11-26 00:00:00+00:00,1254146.3816487272,216407.30555895425,216407.30555895413,1037739.0760897731,22,4,positive_momentum_correction,-0.07613828260814526,1357504.438206722,-0.07613828260814526
2021-11-27 00:00:00+00:00,1249472.6662879868,321887.6913180963,321887.69131809624,927584.9749698906,18,5,positive_momentum_correction,-0.0037266107283236982,1357504.438206722,-0.07958115559566525
2021-11-28 00:00:00+00:00,1309014.5851561502,105879.42973680265,105879.42973680259,1203135.1554193476,21,2,positive_momentum_correction,0.04765363859063387,1357504.438206722,-0.03571984863241218
2021-11-29 00:00:00+00:00,1274927.9879711494,385809.05179005733,385809.05179005733,889118.9361810919,18,6,positive_momentum_correction,-0.026039891053570408,1357504.438206722,-0.060829598719144506
2021-11-30 00:00:00+00:00,1245423.2131685081,652388.3841777828,652388.3841777829,593034.8289907253,14,11,positive_momentum_correction,-0.023142306923227496,1357504.438206722,-0.08256416839879688
2021-12-01 00:00:00+00:00,1261067.208548599,854216.2756601247,854216.2756601246,406850.93288847426,6,13,positive_momentum_correction,0.012561188208697782,1357504.438206722,-0.07104008424865094
2021-12-02 00:00:00+00:00,1240191.1542579685,362312.6031600664,362312.6031600665,877878.5510979021,11,10,positive_momentum_correction,-0.01655427573496049,1357504.438206722,-0.08641834284072436
2021-12-03 00:00:00+00:00,1194051.9731139138,497391.5085603499,497391.50856034976,696660.464553564,12,11,positive_momentum_correction,-0.037203281917988495,1357504.438206722,-0.12040657878712402
2021-12-04 00:00:00+00:00,1212918.1976468752,9.404175216332078e-10,8.676579454913735e-10,1212918.1976468742,23,0,positive_momentum_correction,0.015800170308969852,1357504.438206722,-0.10650885292931112
2021-12-05 00:00:00+00:00,1121894.1892812583,9.404175216332078e-10,8.676579454913735e-10,1121894.1892812573,23,0,positive_momentum_correction,-0.07504546352936925,1357504.438206722,-0.17356131022061883
2021-12-06 00:00:00+00:00,1151981.0854981279,138970.86788265774,138970.86788265765,1013010.2176154702,21,3,positive_momentum_correction,0.026817944601482235,1357504.438206722,-0.15139792322159384
2021-12-07 00:00:00+00:00,1148701.921764247,541372.0584904103,541372.0584904103,607329.8632738366,16,7,positive_momentum_correction,-0.0028465430337017983,1357504.438206722,-0.1538135055516323
2021-12-08 00:00:00+00:00,1148674.1371349727,592749.5616382819,592749.5616382819,555924.5754966908,12,7,positive_momentum_correction,-2.4187849561041475e-05,1357504.438206722,-0.15383397298326063
2021-12-09 00:00:00+00:00,1136816.5871880793,827576.4500870575,827576.4500870578,309240.13710102165,5,9,positive_momentum_correction,-0.010322814420170245,1357504.438206722,-0.16256878784880713
2021-12-10 00:00:00+00:00,1118032.0478134453,713894.7913682496,566529.8396565772,404137.25644519576,6,5,positive_momentum_correction,-0.016523808313791077,1357504.438206722,-0.17640634067437921
2021-12-11 00:00:00+00:00,1143698.1098362256,713894.7913682496,713894.7913682496,429803.318467976,6,8,positive_momentum_correction,0.022956463612090472,1357504.438206722,-0.1574995428029221
2021-12-12 00:00:00+00:00,1148143.839138472,713894.7913682496,713894.7913682495,434249.04777022236,6,9,positive_momentum_correction,0.0038871527932164973,1357504.438206722,-0.15422461479744232
2021-12-13 00:00:00+00:00,1079808.8292647346,339269.13229876774,213830.03775252777,740539.6969659668,11,2,positive_momentum_correction,-0.05951781261572031,1357504.438206722,-0.20456331568891684
2021-12-14 00:00:00+00:00,1101518.1022018066,605247.2885266384,323981.8479727084,496270.81367516814,7,3,positive_momentum_correction,0.020104737383796145,1357504.438206722,-0.18857127004540486
2021-12-15 00:00:00+00:00,1120623.2190653165,717226.7582437604,334276.45403324475,403396.46082155616,6,3,positive_momentum_correction,0.01734435124154654,1357504.438206722,-0.17449756514559034
2021-12-16 00:00:00+00:00,1112540.179551837,717226.7582437604,334276.45403324475,395313.42130807665,6,3,positive_momentum_correction,-0.007212985931365323,1357504.438206722,-0.18045190259450306
2021-12-17 00:00:00+00:00,1108586.1278810978,607074.9480235798,334983.2566011739,501511.179857518,7,3,positive_momentum_correction,-0.003554075388389144,1357504.438206722,-0.18336463831709304
2021-12-18 00:00:00+00:00,1108151.6023078181,999526.5201556955,554119.2537112379,108625.08215212269,1,5,positive_momentum_correction,-0.0003919637476523796,1357504.438206722,-0.1836847297739237
2021-12-19 00:00:00+00:00,1115884.7166659264,999526.5201556955,443304.0934804561,116358.19651023079,1,4,positive_momentum_correction,0.006978390268987944,1357504.438206722,-0.17798816323575184
2021-12-20 00:00:00+00:00,1114396.048148326,777852.7471368038,221630.32046156446,336543.3010115223,3,2,positive_momentum_correction,-0.0013340701735284899,1357504.438206722,-0.17908478470946643
2021-12-21 00:00:00+00:00,1136065.698044567,777852.7471368038,340819.70941337093,358212.9509077631,3,3,positive_momentum_correction,0.019445196285689414,1357504.438206722,-0.16312192721423302
2021-12-22 00:00:00+00:00,1138128.2403175454,897039.9934510317,454838.7876724233,241088.2468665136,2,4,positive_momentum_correction,0.0018155132018584652,1357504.438206722,-0.1616025640247445
2021-12-23 00:00:00+00:00,1153868.0542757243,897039.9934510317,897039.9934510316,256828.0608246927,2,10,positive_momentum_correction,0.013829561028893878,1357504.438206722,-0.15000789551745664
2021-12-24 00:00:00+00:00,1145486.5093454765,672266.2314842409,672266.2314842411,473220.27786123566,5,15,positive_momentum_correction,-0.007263867735300855,1357504.438206722,-0.15618212574046786
2021-12-25 00:00:00+00:00,1164183.3136359453,863086.0344769722,863086.034476972,301097.27915897325,4,31,positive_momentum_correction,0.016322151450873124,1357504.438206722,-0.14240920259985002
2021-12-26 00:00:00+00:00,1167255.2087415624,828417.1507674595,828417.1507674595,338838.05797410285,5,28,positive_momentum_correction,0.00263866958891823,1357504.438206722,-0.14014630384301419
2021-12-27 00:00:00+00:00,1173972.1157926654,591960.2999121833,591960.2999121833,582011.8158804821,8,25,positive_momentum_correction,0.005754445986447587,1357504.438206722,-0.1351983221922315
2021-12-28 00:00:00+00:00,1131639.2748237762,96109.45368679617,96109.45368679617,1035529.82113698,28,4,positive_momentum_correction,-0.03605949442871226,1357504.438206722,-0.16638263347508175
2021-12-29 00:00:00+00:00,1142519.6509412103,287367.43652197195,287367.43652197195,855152.2144192383,26,8,positive_momentum_correction,0.009614703518600054,1357504.438206722,-0.15836764964798855
2021-12-30 00:00:00+00:00,1167032.1638735025,351566.4526970341,351566.452697034,815465.7111764685,27,13,positive_momentum_correction,0.021454784530050564,1357504.438206722,-0.14031060891766622
2021-12-31 00:00:00+00:00,1170591.884682085,256544.0779680591,211788.55731426337,914047.8067140258,29,5,positive_momentum_correction,0.0030502336771656147,1357504.438206722,-0.13768835538508484
2022-01-01 00:00:00+00:00,1200271.260665931,516233.270342375,516233.27034237504,684037.990323556,26,10,positive_momentum_correction,0.025354161746906856,1357504.438206722,-0.11582516647127705
2022-01-02 00:00:00+00:00,1196070.7068047929,952260.4853407715,952260.4853407715,243810.22146402136,7,38,positive_momentum_correction,-0.003499670448501524,1357504.438206722,-0.11891948700748622
2022-01-03 00:00:00+00:00,1195380.6715173577,631697.155437278,631697.155437278,563683.5160800797,22,23,positive_momentum_correction,-0.0005769184743923406,1357504.438206722,-0.11942779863285868
2022-01-04 00:00:00+00:00,1183887.6811964288,484860.6889231666,484860.68892316666,699026.9922732621,27,15,positive_momentum_correction,-0.009614502388046953,1357504.438206722,-0.12789406216575083
2022-01-05 00:00:00+00:00,1126472.5795333427,279738.0483321264,279738.04833212635,846734.5312012164,34,6,positive_momentum_correction,-0.048497085133162976,1357504.438206722,-0.1701886580780354
2022-01-06 00:00:00+00:00,1163270.4003036271,66313.89680747391,66313.89680747385,1096956.5034961533,38,2,positive_momentum_correction,0.0326664150010012,1357504.438206722,-0.1430816964102748
2022-01-07 00:00:00+00:00,1097736.2720925368,129685.48769889725,129685.48769889727,968050.7843936395,38,4,positive_momentum_correction,-0.056336109123025224,1357504.438206722,-0.19135713947082322
2022-01-08 00:00:00+00:00,1065198.8727963606,282127.47574928036,282127.4757492803,783071.3970470803,26,3,positive_momentum_correction,-0.029640452013262153,1357504.438206722,-0.21532567937420533
2022-01-09 00:00:00+00:00,1073058.1287463356,414463.8156173826,414463.8156173826,658594.313128953,19,5,positive_momentum_correction,0.00737820528230837,1357504.438206722,-0.2095361911568724
2022-01-10 00:00:00+00:00,1088546.1881308802,395843.25493040506,217709.23762617714,692702.9332004751,13,2,positive_momentum_correction,0.014433569784928046,1357504.438206722,-0.1981269766094751
2022-01-11 00:00:00+00:00,1140458.0272983196,601433.9339472859,601433.9339472859,539024.0933510339,9,7,positive_momentum_correction,0.04768914698656568,1357504.438206722,-0.1598863361324424
2022-01-12 00:00:00+00:00,1164859.0381855345,631362.1097298351,619110.3358390268,533496.9284556996,8,7,positive_momentum_correction,0.02139579914661094,1357504.438206722,-0.14191143292000885
2022-01-13 00:00:00+00:00,1139161.6441381867,574613.0874842633,574613.0874842633,564548.5566539232,6,7,positive_momentum_correction,-0.02206051823006483,1357504.438206722,-0.16084131139708724
2022-01-14 00:00:00+00:00,1162883.3551643046,574613.0874842633,574613.0874842633,588270.2676800413,6,8,positive_momentum_correction,0.020823832287703237,1357504.438206722,-0.14336681160285114
2022-01-15 00:00:00+00:00,1159951.4137335732,930451.5315921215,806603.3702309779,229499.8821414517,2,10,positive_momentum_correction,-0.0025212687220182994,1357504.438206722,-0.14552661406699974
2022-01-16 00:00:00+00:00,1164808.9313254314,816535.3671783027,816535.3671783028,348273.5641471287,3,9,positive_momentum_correction,0.0041876905656101915,1357504.438206722,-0.1419483439301631
2022-01-17 00:00:00+00:00,1134099.0171800433,700054.4740457595,700054.4740457595,434044.54313428386,4,14,positive_momentum_correction,-0.026364765344341512,1357504.438206722,-0.1645706744957679
2022-01-18 00:00:00+00:00,1138776.6516005208,465298.5008147715,443702.2433882829,673478.1507857493,10,6,positive_momentum_correction,0.004124537936827322,1357504.438206722,-0.16112491454918776
2022-01-19 00:00:00+00:00,1089791.5338996856,73708.19479800561,52111.93737151699,1016083.3391016801,14,2,positive_momentum_correction,-0.04301556203491519,1357504.438206722,-0.19720959782694192
2022-01-20 00:00:00+00:00,1038955.9958791072,39169.05242416503,39169.05242416503,999786.9434549421,15,1,positive_momentum_correction,-0.046647029674262264,1357504.438206722,-0.23465738553932158
2022-01-21 00:00:00+00:00,931011.6038230503,91022.03134515637,1.2369127944111824e-09,839989.5724778939,15,0,positive_momentum_correction,-0.1038969816664086,1357504.438206722,-0.3141741731224639
2022-01-22 00:00:00+00:00,828094.3187636237,173606.47598904814,1.2369127944111824e-09,654487.8427745756,14,0,positive_momentum_correction,-0.11054350411618197,1357504.438206722,-0.38998776323888473
2022-01-23 00:00:00+00:00,843663.6507069955,492105.4397527324,1.2369127944111824e-09,351558.21095426317,6,0,positive_momentum_correction,0.01880139929786906,1357504.438206722,-0.3785186795989527
2022-01-24 00:00:00+00:00,842499.2509136494,781192.6074729091,1.2369127944111824e-09,61306.64344074033,2,0,positive_momentum_correction,-0.001380170631234745,1357504.438206722,-0.37937642986523124
2022-01-25 00:00:00+00:00,843231.5783270054,810227.6356472581,1.2369127944111824e-09,33003.942679747284,1,0,positive_momentum_correction,0.0008692321240189038,1357504.438206722,-0.37883696392114685
2022-01-26 00:00:00+00:00,843200.1659600848,843200.1659600848,1.2369127944111824e-09,0.0,0,0,positive_momentum_correction,-3.7252360713169175e-05,1357504.438206722,-0.3788601037106285
2022-01-27 00:00:00+00:00,843200.1659600848,843200.1659600848,84320.01659600972,0.0,0,1,positive_momentum_correction,0.0,1357504.438206722,-0.3788601037106285
2022-01-28 00:00:00+00:00,843200.1659600848,843200.1659600848,84320.01659600972,0.0,0,1,positive_momentum_correction,0.0,1357504.438206722,-0.3788601037106285
2022-01-29 00:00:00+00:00,843200.1659600848,843200.1659600848,84320.01659600972,0.0,0,1,positive_momentum_correction,0.0,1357504.438206722,-0.3788601037106285
2022-01-30 00:00:00+00:00,843200.1659600848,843200.1659600848,168640.03319201822,0.0,0,2,positive_momentum_correction,0.0,1357504.438206722,-0.3788601037106285
2022-01-31 00:00:00+00:00,843200.1659600848,843200.1659600848,168640.03319201822,0.0,0,2,positive_momentum_correction,0.0,1357504.438206722,-0.3788601037106285
2022-02-01 00:00:00+00:00,843200.1659600848,843200.1659600848,168640.03319201822,0.0,0,2,positive_momentum_correction,0.0,1357504.438206722,-0.3788601037106285
2022-02-02 00:00:00+00:00,843200.1659600848,843200.1659600848,84320.01659600974,0.0,0,1,positive_momentum_correction,0.0,1357504.438206722,-0.3788601037106285
2022-02-03 00:00:00+00:00,843200.1659600848,843200.1659600848,1.2514647096395493e-09,0.0,0,0,positive_momentum_correction,0.0,1357504.438206722,-0.3788601037106285
2022-02-04 00:00:00+00:00,843200.1659600848,843200.1659600848,252960.04978802672,0.0,0,3,positive_momentum_correction,0.0,1357504.438206722,-0.3788601037106285
2022-02-05 00:00:00+00:00,843200.1659600848,843200.1659600848,252960.04978802672,0.0,0,3,positive_momentum_correction,0.0,1357504.438206722,-0.3788601037106285
2022-02-06 00:00:00+00:00,844144.1960829688,758880.1493640763,590712.1312335026,85264.0467188925,1,7,positive_momentum_correction,0.001119580096155648,1357504.438206722,-0.3781646878458148
2022-02-07 00:00:00+00:00,841182.3811400909,758880.1493640763,758880.1493640763,82302.23177601455,1,15,positive_momentum_correction,-0.0035086599619135184,1357504.438206722,-0.3803464965084742
2022-02-08 00:00:00+00:00,854760.8871520779,477769.13788221544,477769.13788221544,376991.74926986237,8,9,positive_momentum_correction,0.01614216645097044,1357504.438206722,-0.3703439465131869
2022-02-09 00:00:00+00:00,864196.0909445651,431088.287711003,431088.287711003,433107.80323356215,9,16,positive_momentum_correction,0.011038413121503332,1357504.438206722,-0.3633935428703442
2022-02-10 00:00:00+00:00,834941.412449497,247195.85488418356,247195.85488418356,587745.5575653134,16,21,positive_momentum_correction,-0.03385189866236582,1357504.438206722,-0.384943880144905
2022-02-11 00:00:00+00:00,791038.165001727,96813.43869988952,96813.43869988946,694224.7263018375,34,6,positive_momentum_correction,-0.05258242889039311,1357504.438206722,-0.41728502483078667
2022-02-12 00:00:00+00:00,800917.1662625518,32340.03548977724,32340.03548977722,768577.1307727746,37,3,positive_momentum_correction,0.01248865313698655,1357504.438206722,-0.41000769962817063
2022-02-13 00:00:00+00:00,784531.3194776801,275377.723954613,275377.723954613,509153.5955230671,32,8,positive_momentum_correction,-0.02045885326860397,1357504.438206722,-0.4220782655310841
2022-02-14 00:00:00+00:00,799329.7130558193,171131.08659958822,171131.08659958816,628198.6264562311,35,5,positive_momentum_correction,0.018862718684056423,1357504.438206722,-0.4111770904323949
2022-02-15 00:00:00+00:00,834180.0504819194,338694.22009666055,338694.2200966605,495485.8303852589,28,18,positive_momentum_correction,0.04359945196190451,1357504.438206722,-0.3855047342726332
2022-02-16 00:00:00+00:00,829958.2654567877,549167.3949511138,549167.3949511138,280790.8705056738,12,34,positive_momentum_correction,-0.005060999747827588,1357504.438206722,-0.38861469465752063
2022-02-17 00:00:00+00:00,792279.6069576342,69194.66644784322,69194.66644784319,723084.940509791,43,2,positive_momentum_correction,-0.04539825683694598,1357504.438206722,-0.41637052177579315
2022-02-18 00:00:00+00:00,780212.9468287047,93538.63525184151,93538.63525184151,686674.3115768632,41,4,positive_momentum_correction,-0.015230305087954643,1357504.438206722,-0.4252593767874716
2022-02-19 00:00:00+00:00,779683.5807583006,184256.94357321685,184256.9435732168,595426.6371850838,38,7,positive_momentum_correction,-0.0006784892157400968,1357504.438206722,-0.42564933210216904
2022-02-20 00:00:00+00:00,734293.4659826651,13010.730658392564,13010.730658392524,721282.7353242725,44,1,positive_momentum_correction,-0.05821607110347282,1357504.438206722,-0.45908577142283624
2022-02-21 00:00:00+00:00,681993.8350526451,36951.66418339565,36951.66418339565,645042.1708692494,41,2,positive_momentum_correction,-0.07122442640835736,1357504.438206722,-0.49761207708936384
2022-02-22 00:00:00+00:00,693527.9119984517,481455.0857485196,481455.0857485197,212072.8262499321,8,13,positive_momentum_correction,0.0169122891630189,1357504.438206722,-0.48911554726509066
2022-02-23 00:00:00+00:00,685405.2859109555,481455.0857485196,481455.0857485195,203950.2001624359,8,12,positive_momentum_correction,-0.011712039194053836,1357504.438206722,-0.49509904599915466
2022-02-24 00:00:00+00:00,714153.821804045,109404.86550291954,69352.79119984632,604748.9563011255,18,1,positive_momentum_correction,0.04194384911239846,1357504.438206722,-0.4739215565678372
2022-02-25 00:00:00+00:00,746397.4168332431,266495.015797291,74639.74168332547,479902.40103595215,12,1,positive_momentum_correction,0.04514936984828655,1357504.438206722,-0.45016944635610756
2022-02-26 00:00:00+00:00,746161.712714755,266495.015797291,74639.74168332547,479666.6969174639,12,1,positive_momentum_correction,-0.0003157890329901214,1357504.438206722,-0.4503430768149512
2022-02-27 00:00:00+00:00,727559.0929429522,270773.9431755483,74639.74168332547,456785.14976740396,11,1,positive_momentum_correction,-0.024931083242158092,1357504.438206722,-0.46404661932150615
2022-02-28 00:00:00+00:00,783965.9676877606,270773.9431755483,156793.19353755325,513192.0245122123,11,2,positive_momentum_correction,0.07752892554286483,1357504.438206722,-0.4224947295764365
2022-03-01 00:00:00+00:00,783203.3636207607,783203.3636207607,548318.6149412337,0.0,0,7,positive_momentum_correction,-0.0009727514948756344,1357504.438206722,-0.4230564986915396
2022-03-02 00:00:00+00:00,783045.5461306903,704883.0272586846,548302.8331922266,78162.51887200559,1,7,positive_momentum_correction,-0.00020150256932105481,1357504.438206722,-0.42317275428940637
2022-03-03 00:00:00+00:00,783417.3034036269,548242.3545345324,548242.3545345324,235174.9488690945,3,7,positive_momentum_correction,0.00047475817310194124,1357504.438206722,-0.42289890084003734
2022-03-04 00:00:00+00:00,750115.5325497932,156662.0667024398,150023.10650995967,593453.4658473535,8,2,positive_momentum_correction,-0.04250834224512412,1357504.438206722,-0.4474305118731664
2022-03-05 00:00:00+00:00,762335.5875912895,81650.51344746049,81650.51344746047,680685.074143829,9,4,positive_momentum_correction,0.016290897216803213,1357504.438206722,-0.4384286591369505
2022-03-06 00:00:00+00:00,711792.0714244423,75084.71518418397,75011.55325498036,636707.3562402584,11,1,positive_momentum_correction,-0.06630087456174882,1357504.438206722,-0.4756613301649847
2022-03-07 00:00:00+00:00,710001.7191290127,134582.48762601454,134582.4876260145,575419.2315029982,10,2,positive_momentum_correction,-0.0025152742876818346,1357504.438206722,-0.47698018573925804
2022-03-08 00:00:00+00:00,733682.8977839355,277933.6485229987,134582.4876260145,455749.2492609368,8,2,positive_momentum_correction,0.03335369199383553,1357504.438206722,-0.4595355439477321
2022-03-09 00:00:00+00:00,755422.8006217503,664320.7192928082,587836.1679990647,91102.08132894212,3,8,positive_momentum_correction,0.029631197488014793,1357504.438206722,-0.44352093491519484
2022-03-10 00:00:00+00:00,771572.8647308524,372167.5174834,307014.13948143186,399405.34724745236,7,4,positive_momentum_correction,0.021378841220849765,1357504.438206722,-0.43162405734001985
2022-03-11 00:00:00+00:00,756930.8843209511,301425.2862632379,301425.2862632379,455505.5980577131,6,4,positive_momentum_correction,-0.018976795425547976,1357504.438206722,-0.4424100113286813
2022-03-12 00:00:00+00:00,749202.1848265689,301425.2862632379,301425.2862632379,447776.898563331,6,4,positive_momentum_correction,-0.010210574907794423,1357504.438206722,-0.448103325675846
2022-03-13 00:00:00+00:00,742041.3382658511,224267.99979015262,224267.9997901526,517773.33847569855,7,11,positive_momentum_correction,-0.009557962731215786,1357504.438206722,-0.45337833352051815
2022-03-14 00:00:00+00:00,752674.3889094712,154314.57294617157,154314.5729461715,598359.8159632997,8,7,positive_momentum_correction,0.01432945861004109,1357504.438206722,-0.4455455409753487
2022-03-15 00:00:00+00:00,751549.2113079572,521583.2052175838,521583.20521758375,229966.00609037338,4,18,positive_momentum_correction,-0.0014949061879789838,1357504.438206722,-0.44637439837709714
2022-03-16 00:00:00+00:00,756703.0201714151,594566.7630800368,594566.7630800368,162136.25709137815,3,31,positive_momentum_correction,0.006857580030572352,1357504.438206722,-0.4425778665069944
2022-03-17 00:00:00+00:00,743908.5364572909,573001.3184421505,573001.3184421505,170907.21801514045,5,23,positive_momentum_correction,-0.016908196971681,1357504.438206722,-0.45200286973646875
2022-03-18 00:00:00+00:00,746999.1215491695,616064.3378930156,616064.3378930156,130934.78365615394,7,24,positive_momentum_correction,0.004154522956003381,1357504.438206722,-0.44972620307896494
2022-03-19 00:00:00+00:00,751205.0089750633,682057.4797733212,682057.4797733212,69147.52920174217,6,35,positive_momentum_correction,0.005630378007903669,1357504.438206722,-0.44662795359445506
2022-03-20 00:00:00+00:00,748336.1927627521,678529.2324199165,519025.71052918676,69806.96034283549,10,16,positive_momentum_correction,-0.003818952453772173,1357504.438206722,-0.4487412551289245
2022-03-21 00:00:00+00:00,761298.3773018207,585803.2803706779,585803.2803706779,175495.09693114273,12,13,positive_momentum_correction,0.017321338543327736,1357504.438206722,-0.4391927157840426
2022-03-22 00:00:00+00:00,760438.6821230701,606771.1763077283,606771.1763077282,153667.50581534186,10,22,positive_momentum_correction,-0.001129248668304661,1357504.438206722,-0.43982600666291904
2022-03-23 00:00:00+00:00,761389.2429663073,567660.695181105,567660.695181105,193728.54778520233,8,33,positive_momentum_correction,0.001250016425497158,1357504.438206722,-0.4391257799701114
2022-03-24 00:00:00+00:00,770309.8044459106,531621.0791637677,531621.0791637677,238688.72528214284,10,37,positive_momentum_correction,0.011716164316755373,1357504.438206722,-0.4325544854472092
2022-03-25 00:00:00+00:00,775421.5222552749,250287.15872291868,250287.15872291874,525134.3635323562,15,29,positive_momentum_correction,0.0066359246368949965,1357504.438206722,-0.42878895977709275
2022-03-26 00:00:00+00:00,776079.8585341171,364855.2812380011,364855.281238001,411224.57729611604,13,34,positive_momentum_correction,0.0008490043930267088,1357504.438206722,-0.42830399909459815
2022-03-27 00:00:00+00:00,795273.4771446944,352255.55310696934,352255.5531069693,443017.924037725,14,36,positive_momentum_correction,0.024731499470725504,1357504.438206722,-0.4141650997507903
2022-03-28 00:00:00+00:00,793319.1753414967,400126.8858263784,400126.8858263784,393192.2895151183,14,35,positive_momentum_correction,-0.0024573959265111744,1357504.438206722,-0.41560472804827076
2022-03-29 00:00:00+00:00,801013.1376747459,439576.2747735353,439576.2747735352,361436.8629012105,12,36,positive_momentum_correction,0.00969844492910088,1357504.438206722,-0.4099370026864201
2022-03-30 00:00:00+00:00,803594.5232508435,703061.3511397847,703061.3511397847,100533.17211105881,8,41,positive_momentum_correction,0.003222650734033161,1357504.438206722,-0.4080354357350017
2022-03-31 00:00:00+00:00,798119.9358044394,321250.73483034485,321250.73483034485,476869.2009740945,30,20,positive_momentum_correction,-0.006812624138175294,1357504.438206722,-0.4120682678144578
2022-04-01 00:00:00+00:00,820830.4951885354,195672.31815712643,195672.31815712643,625158.177031409,39,12,positive_momentum_correction,0.028455070930167414,1357504.438206722,-0.39533862867302194
2022-04-02 00:00:00+00:00,810084.9872202952,177232.46880212458,177232.46880212458,632852.5184181706,41,10,positive_momentum_correction,-0.013091019438516427,1357504.438206722,-0.4032542624387835
2022-04-03 00:00:00+00:00,833300.5054278957,144925.92198792935,144925.92198792935,688374.5834399663,43,9,positive_momentum_correction,0.028658126707497233,1357504.438206722,-0.3861526474795952
2022-04-04 00:00:00+00:00,817826.3294192962,83144.93431334877,83144.93431334873,734681.3951059475,45,7,positive_momentum_correction,-0.018569742737229666,1357504.438206722,-0.3975516348958287
2022-04-05 00:00:00+00:00,795414.3193182398,423586.2102656278,423586.2102656277,371828.109052612,27,24,positive_momentum_correction,-0.027404363609777938,1357504.438206722,-0.4140613489492596
2022-04-06 00:00:00+00:00,749670.9183199189,136144.04179119426,136144.04179119423,613526.8765287247,41,9,positive_momentum_correction,-0.05750889805143078,1357504.438206722,-0.4477580350969296
2022-04-07 00:00:00+00:00,774993.1268682186,124717.52767470406,124717.52767470406,650275.5991935146,39,9,positive_momentum_correction,0.03377776558953238,1357504.438206722,-0.42910453545773086
2022-04-08 00:00:00+00:00,740816.3527397979,120951.94605251579,120951.94605251576,619864.4066872821,39,5,positive_momentum_correction,-0.04409945449004249,1357504.438206722,-0.45428071401488435
2022-04-09 00:00:00+00:00,755882.1325969696,233860.13074414627,233860.1307441463,522022.0018528233,31,13,positive_momentum_correction,0.02033672691140409,1357504.438206722,-0.44318256992551863
2022-04-10 00:00:00+00:00,736132.5023678349,278845.430209227,278845.430209227,457287.0721586079,27,13,positive_momentum_correction,-0.02612792309467782,1357504.438206722,-0.4577310529162808
2022-04-11 00:00:00+00:00,721147.2693330685,548813.7616872857,548813.7616872857,172333.50764578278,12,12,positive_momentum_correction,-0.020356706145381542,1357504.438206722,-0.4687698625238296
2022-04-12 00:00:00+00:00,725825.0706252551,578773.0412684593,578773.0412684593,147052.0293567958,11,13,positive_momentum_correction,0.0064866102821310445,1357504.438206722,-0.46532397965189876
2022-04-13 00:00:00+00:00,729089.202695831,608785.8544039383,608785.8544039383,120303.34829189269,9,13,positive_momentum_correction,0.004497133266234465,1357504.438206722,-0.4629194703341334
2022-04-14 00:00:00+00:00,727099.7867342099,585133.9799947006,585133.9799947004,141965.80673950928,10,11,positive_momentum_correction,-0.002728631769974288,1357504.438206722,-0.4643849653304143
2022-04-15 00:00:00+00:00,728102.5737655673,585133.9799947006,585133.9799947006,142968.59377086657,10,10,positive_momentum_correction,0.0013791601230712658,1357504.438206722,-0.46364626643328066
2022-04-16 00:00:00+00:00,727669.5365070155,703869.2377438009,612712.8654278566,23800.29876321464,1,9,positive_momentum_correction,-0.0005947476003446139,1357504.438206722,-0.4639652615292553
2022-04-17 00:00:00+00:00,726795.2777794882,703869.2377438009,612591.061845968,22926.040035687412,1,9,positive_momentum_correction,-0.0012014502238527625,1357504.438206722,-0.4646092805857839
2022-04-18 00:00:00+00:00,734453.0068922469,631189.709965852,583908.3927029244,103263.29692639489,2,8,positive_momentum_correction,0.010536294534211343,1357504.438206722,-0.4589682462751523
2022-04-19 00:00:00+00:00,740586.2808274957,654629.2864344777,293476.3117213977,85956.99439301809,1,4,positive_momentum_correction,0.008350805126662975,1357504.438206722,-0.45445019553245947
2022-04-20 00:00:00+00:00,736914.9591348028,580570.6583517281,516207.6035636321,156344.3007830747,2,7,positive_momentum_correction,-0.004957317989459309,1357504.438206722,-0.4571546593922924
2022-04-21 00:00:00+00:00,721383.2599359805,433187.6665247675,73691.4959134812,288195.593411213,4,1,positive_momentum_correction,-0.02107665071293674,1357504.438206722,-0.46859602102742615
2022-04-22 00:00:00+00:00,728219.036716798,433187.6665247675,9.167706593871117e-10,295031.37019203044,4,0,positive_momentum_correction,0.00947592931588681,1357504.438206722,-0.463560474484501
2022-04-23 00:00:00+00:00,734814.5096379713,509909.1293581237,146962.9019275952,224905.3802798476,3,2,positive_momentum_correction,0.00905699053255904,1357504.438206722,-0.4587019467806167
2022-04-24 00:00:00+00:00,736865.9200085073,436427.6783943266,73481.45096379807,300438.24161418073,4,1,positive_momentum_correction,0.0027917390628917627,1357504.438206722,-0.45719078386077683
2022-04-25 00:00:00+00:00,756356.3809889776,437243.8260637148,75635.6380988987,319112.5549252628,4,1,positive_momentum_correction,0.026450485022085468,1357504.438206722,-0.4428332168194363
2022-04-26 00:00:00+00:00,750519.8953674601,606875.5204979725,150687.6276356447,143644.37486948763,2,2,positive_momentum_correction,-0.007716581453158344,1357504.438206722,-0.4471326396848434
2022-04-27 00:00:00+00:00,759343.8462271143,606875.5204979725,150687.6276356447,152468.32572914188,2,2,positive_momentum_correction,0.011757117851398213,1357504.438206722,-0.44063251297342665
2022-04-28 00:00:00+00:00,756407.9119938605,606875.5204979725,377615.1543342911,149532.391495888,2,5,positive_momentum_correction,-0.00386640946369865,1357504.438206722,-0.4427952567189515
2022-04-29 00:00:00+00:00,748758.6579596233,463403.858568501,149751.73159192555,285354.7993911222,4,2,positive_momentum_correction,-0.010112604472994113,1357504.438206722,-0.44843004789822893
2022-04-30 00:00:00+00:00,719010.59853865,448136.75398799864,218677.98550369323,270873.8445506514,4,3,positive_momentum_correction,-0.03972983698383825,1357504.438206722,-0.47034383218041576
2022-05-01 00:00:00+00:00,720958.4785815885,301359.8283381713,288188.60342834244,419598.65024341724,6,4,positive_momentum_correction,0.0027091117250530594,1357504.438206722,-0.46890893444592907
2022-05-02 00:00:00+00:00,694256.4367246358,301359.8283381713,143996.90771202475,392896.60838646453,6,2,positive_momentum_correction,-0.037036865020973475,1357504.438206722,-0.48857888255470017
2022-05-03 00:00:00+00:00,693727.8315587214,229263.98048001243,69372.78315587304,464463.851078709,7,1,positive_momentum_correction,-0.0007613975729318101,1357504.438206722,-0.4889682773522691
2022-05-04 00:00:00+00:00,710359.3127386316,441962.5561088993,424552.4395251889,268396.7566297324,4,6,positive_momentum_correction,0.023974072285007475,1357504.438206722,-0.4767167658935805
2022-05-05 00:00:00+00:00,674687.840473977,142709.99510296065,136841.56720327068,531977.8453710164,8,2,positive_momentum_correction,-0.05021609715670683,1357504.438206722,-0.5029940076179442
2022-05-06 00:00:00+00:00,658030.1989447448,203130.98007458844,131606.03978894977,454899.2188701563,7,2,positive_momentum_correction,-0.024689405277454002,1357504.438206722,-0.515264789989188
2022-05-07 00:00:00+00:00,639411.2163236798,137327.96018011397,129744.14152684328,502083.2561435659,8,2,positive_momentum_correction,-0.02829502757004687,1357504.438206722,-0.5289803861206164
2022-05-08 00:00:00+00:00,630281.3464027676,131245.4109057737,63028.134640277574,499035.9354969939,8,1,positive_momentum_correction,-0.014278557660287405,1357504.438206722,-0.5357058668365196
2022-05-09 00:00:00+00:00,496780.92578875937,68217.27626549693,8.149072527885437e-10,428563.64952326246,9,0,positive_momentum_correction,-0.21181083872454898,1357504.438206722,-0.6340483965967638
2022-05-10 00:00:00+00:00,510821.68879433384,279607.4902461386,8.149072527885437e-10,231214.19854819524,4,0,positive_momentum_correction,0.028263490558300575,1357504.438206722,-0.6237053269091815
2022-05-11 00:00:00+00:00,471331.0110775649,337967.5372970001,8.149072527885437e-10,133363.47378056476,3,0,positive_momentum_correction,-0.07730814603815417,1357504.438206722,-0.6527959704498659
2022-05-12 00:00:00+00:00,479299.60129123734,399554.30633549247,47929.96012912455,79745.29495574487,2,1,positive_momentum_correction,0.016906568900387997,1357504.438206722,-0.6469259416017842
2022-05-13 00:00:00+00:00,484091.9619195169,443481.3218516436,47929.96012912455,40610.64006787328,1,1,positive_momentum_correction,0.009998674347670766,1357504.438206722,-0.6433956690712499
2022-05-14 00:00:00+00:00,484031.0662647351,484031.0662647351,47929.96012912455,0.0,0,1,positive_momentum_correction,-0.00012579356728070756,1357504.438206722,-0.6434405276021451
2022-05-15 00:00:00+00:00,484031.0662647351,484031.0662647351,48403.10662647433,0.0,0,1,positive_momentum_correction,0.0,1357504.438206722,-0.6434405276021451
2022-05-16 00:00:00+00:00,484031.0662647351,484031.0662647351,48403.10662647433,0.0,0,1,positive_momentum_correction,0.0,1357504.438206722,-0.6434405276021451
2022-05-17 00:00:00+00:00,484031.0662647351,484031.0662647351,48403.10662647433,0.0,0,1,positive_momentum_correction,0.0,1357504.438206722,-0.6434405276021451
2022-05-18 00:00:00+00:00,484031.0662647351,484031.0662647351,48403.10662647433,0.0,0,1,positive_momentum_correction,0.0,1357504.438206722,-0.6434405276021451
2022-05-19 00:00:00+00:00,484031.0662647351,484031.0662647351,48403.10662647433,0.0,0,1,positive_momentum_correction,0.0,1357504.438206722,-0.6434405276021451
2022-05-20 00:00:00+00:00,484031.0662647351,484031.0662647351,48403.10662647433,0.0,0,1,positive_momentum_correction,0.0,1357504.438206722,-0.6434405276021451
2022-05-21 00:00:00+00:00,484031.0662647351,484031.0662647351,48403.10662647433,0.0,0,1,positive_momentum_correction,0.0,1357504.438206722,-0.6434405276021451
2022-05-22 00:00:00+00:00,484031.0662647351,484031.0662647351,48403.10662647433,0.0,0,1,positive_momentum_correction,0.0,1357504.438206722,-0.6434405276021451
2022-05-23 00:00:00+00:00,484031.0662647351,484031.0662647351,48403.10662647433,0.0,0,1,positive_momentum_correction,0.0,1357504.438206722,-0.6434405276021451
2022-05-24 00:00:00+00:00,484031.0662647351,484031.0662647351,8.149072527885437e-10,0.0,0,0,positive_momentum_correction,0.0,1357504.438206722,-0.6434405276021451
2022-05-25 00:00:00+00:00,484031.0662647351,484031.0662647351,48403.10662647433,0.0,0,1,positive_momentum_correction,0.0,1357504.438206722,-0.6434405276021451
2022-05-26 00:00:00+00:00,484031.0662647351,484031.0662647351,8.149072527885437e-10,0.0,0,0,positive_momentum_correction,0.0,1357504.438206722,-0.6434405276021451
2022-05-27 00:00:00+00:00,484031.0662647351,484031.0662647351,8.149072527885437e-10,0.0,0,0,positive_momentum_correction,0.0,1357504.438206722,-0.6434405276021451
2022-05-28 00:00:00+00:00,484031.0662647351,484031.0662647351,8.149072527885437e-10,0.0,0,0,positive_momentum_correction,0.0,1357504.438206722,-0.6434405276021451
2022-05-29 00:00:00+00:00,484031.0662647351,484031.0662647351,193612.42650589487,0.0,0,4,positive_momentum_correction,0.0,1357504.438206722,-0.6434405276021451
2022-05-30 00:00:00+00:00,484031.0662647351,484031.0662647351,338821.74638531543,0.0,0,7,positive_momentum_correction,0.0,1357504.438206722,-0.6434405276021451
2022-05-31 00:00:00+00:00,484031.0662647351,484031.0662647351,484031.0662647352,0.0,0,36,positive_momentum_correction,0.0,1357504.438206722,-0.6434405276021451
2022-06-01 00:00:00+00:00,481654.5860199959,154097.05679470592,154097.05679470592,327557.52922529,32,7,positive_momentum_correction,-0.004909768009476068,1357504.438206722,-0.6451911518931999
2022-06-02 00:00:00+00:00,492819.0379801075,145209.31987942138,144689.83923044457,347609.7181006861,33,5,positive_momentum_correction,0.02317937435697548,1357504.438206722,-0.6369669047777651
2022-06-03 00:00:00+00:00,478889.2321227883,105894.0421559269,60492.679317191665,372995.1899668614,34,2,positive_momentum_correction,-0.02826555953360188,1357504.438206722,-0.6472282383434369
2022-06-04 00:00:00+00:00,481036.2668785639,105894.0421559269,105894.04215592687,375142.22472263704,34,3,positive_momentum_correction,0.004483364026078407,1357504.438206722,-0.6456466341178095
2022-06-05 00:00:00+00:00,478138.1112021635,105894.0421559269,105894.04215592687,372244.0690462366,34,3,positive_momentum_correction,-0.0060248174118066045,1357504.438206722,-0.6477815484465088
2022-06-06 00:00:00+00:00,477949.427554374,428719.0074850405,428719.0074850405,49230.42006933346,2,12,positive_momentum_correction,-0.0003946216446020223,1357504.438206722,-0.6479205414711201
2022-06-07 00:00:00+00:00,491210.3656976888,195082.4527617098,195082.45276170986,296127.91293597897,8,16,positive_momentum_correction,0.027745483891820744,1357504.438206722,-0.6381519265258662
2022-06-08 00:00:00+00:00,467356.65325698943,169117.4935571621,169117.49355716206,298239.1596998273,12,6,positive_momentum_correction,-0.04856109338576109,1357504.438206722,-0.6557236646133013
2022-06-09 00:00:00+00:00,474016.21522361715,169117.4935571621,169117.4935571621,304898.72166645504,12,10,positive_momentum_correction,0.014249421550367458,1357504.438206722,-0.6508179259805605
2022-06-10 00:00:00+00:00,450414.88761881524,66780.84480365877,66780.84480365877,383634.04281515646,20,2,positive_momentum_correction,-0.0497901271028629,1357504.438206722,-0.6682037458280297
2022-06-11 00:00:00+00:00,416709.9225698947,1.051375875249505e-09,1.0550138540565968e-09,416709.92256989365,22,0,positive_momentum_correction,-0.07483093027210275,1357504.438206722,-0.6930323681885173
2022-06-12 00:00:00+00:00,399338.26029738976,208965.42412751453,79867.652059479,190372.83616987523,15,2,positive_momentum_correction,-0.04168766168410876,1357504.438206722,-0.7058291309714464
2022-06-13 00:00:00+00:00,382565.04610559694,173984.65066923693,76513.00922112043,208580.39543635998,12,2,positive_momentum_correction,-0.04200252232105606,1357504.438206722,-0.7181850494640227
2022-06-14 00:00:00+00:00,369774.18884589674,173984.65066923693,113490.4281057101,195789.53817665981,12,3,positive_momentum_correction,-0.03343446399483552,1357504.438206722,-0.7276073812809243
2022-06-15 00:00:00+00:00,385359.6203648184,212936.2831469647,192120.89533056592,172423.3372178537,5,5,positive_momentum_correction,0.04214851114288254,1357504.438206722,-0.7161264379556043
2022-06-16 00:00:00+00:00,361253.44567907625,149918.36218715765,108376.03370372391,211335.08349191857,6,3,positive_momentum_correction,-0.06255500942968784,1357504.438206722,-0.7338841513061306
2022-06-17 00:00:00+00:00,372907.0021305467,149918.36218715765,145666.73391677858,222988.6399433891,6,4,positive_momentum_correction,0.03225867210640554,1357504.438206722,-0.7252996074007972
2022-06-18 00:00:00+00:00,382948.32492408354,224780.50019536074,147836.2218412793,158167.82472872283,4,4,positive_momentum_correction,0.026927150029812497,1357504.438206722,-0.7179027087160301
2022-06-19 00:00:00+00:00,392255.343763151,224780.50019536074,116745.90124503957,167474.8435677902,4,3,positive_momentum_correction,0.024303589370478385,1357504.438206722,-0.7110467319861403
2022-06-20 00:00:00+00:00,390724.3173787417,270895.5649792605,155665.2303444728,119828.75239948122,3,4,positive_momentum_correction,-0.003903137098710263,1357504.438206722,-0.7121745562063188
2022-06-21 00:00:00+00:00,390544.6341645187,390544.6341645187,234533.78810142004,0.0,0,6,positive_momentum_correction,-0.0004598721047833765,1357504.438206722,-0.7123069190989664
2022-06-22 00:00:00+00:00,390544.6341645187,390544.6341645187,234362.71714155682,0.0,0,6,positive_momentum_correction,0.0,1357504.438206722,-0.7123069190989664
2022-06-23 00:00:00+00:00,390544.6341645187,390544.6341645187,273381.24391516414,0.0,0,7,positive_momentum_correction,0.0,1357504.438206722,-0.7123069190989664
2022-06-24 00:00:00+00:00,390544.6341645187,390544.6341645187,390544.63416451873,0.0,0,10,positive_momentum_correction,0.0,1357504.438206722,-0.7123069190989664
2022-06-25 00:00:00+00:00,391642.7479473282,351490.1707480668,351490.17074806674,40152.57719926138,1,11,positive_momentum_correction,0.0028117497636568345,1357504.438206722,-0.7114979981467372
2022-06-26 00:00:00+00:00,387217.12186804606,297757.17009054543,148662.07134923548,89459.95177750064,3,4,positive_momentum_correction,-0.011300160931046577,1357504.438206722,-0.7147581171966082
2022-06-27 00:00:00+00:00,393891.0132114684,297757.17009054543,234999.82965819753,96133.84312092297,3,6,positive_momentum_correction,0.01723552747674373,1357504.438206722,-0.7098418228880322
2022-06-28 00:00:00+00:00,384861.1776197603,180257.2552614471,38486.117761976944,204603.9223583132,6,1,positive_momentum_correction,-0.022924705791295352,1357504.438206722,-0.7164936137312626
2022-06-29 00:00:00+00:00,383411.8672270584,180257.2552614471,76827.30448468278,203154.61196561126,6,2,positive_momentum_correction,-0.003765800441773326,1357504.438206722,-0.717561242205919
2022-06-30 00:00:00+00:00,380850.7782398264,179163.07444904608,76170.1556479662,201687.7037907803,6,2,positive_momentum_correction,-0.006679733222016648,1357504.438206722,-0.7194478577595412
2022-07-01 00:00:00+00:00,375520.5944587655,228425.71140777165,226378.39343147242,147094.88305099387,4,6,positive_momentum_correction,-0.013995465115485106,1357504.438206722,-0.7233743154793422
2022-07-02 00:00:00+00:00,378557.1355024,228425.71140777165,228425.71140777165,150131.42409462837,4,18,positive_momentum_correction,0.00808621707688495,1357504.438206722,-0.7211374601452663
2022-07-03 00:00:00+00:00,384279.63061978633,336759.4932199447,336759.4932199446,47520.13739984165,2,28,positive_momentum_correction,0.015116595569627078,1357504.438206722,-0.7169220079107632
2022-07-04 00:00:00+00:00,384801.3379365984,336759.4932199447,336759.4932199447,48041.84471665367,2,34,positive_momentum_correction,0.0013576241758395113,1357504.438206722,-0.7165376943850548
2022-07-05 00:00:00+00:00,385863.74700957024,330504.071158697,330504.071158697,55359.67585087326,5,19,positive_momentum_correction,0.002760928739667934,1357504.438206722,-0.7157550751588699
2022-07-06 00:00:00+00:00,388122.5088275453,330504.071158697,330504.07115869696,57618.43766884824,5,39,positive_momentum_correction,0.005853780863012803,1357504.438206722,-0.7140911676574264
2022-07-07 00:00:00+00:00,392047.39274406235,316469.5047175692,316469.5047175692,75577.88802649316,6,40,positive_momentum_correction,0.010112487235985235,1357504.438206722,-0.7111999182397066
2022-07-08 00:00:00+00:00,392922.05673997465,290626.7459973105,290626.7459973105,102295.31074266412,9,38,positive_momentum_correction,0.002231015974345052,1357504.438206722,-0.7105556006439073
2022-07-09 00:00:00+00:00,404008.1236208533,260900.64635044153,260900.64635044156,143107.47727041173,11,34,positive_momentum_correction,0.028214417314360807,1357504.438206722,-0.70238909557117
2022-07-10 00:00:00+00:00,405102.49039174314,194160.1651671966,194160.1651671966,210942.3252245465,27,16,positive_momentum_correction,0.0027087741728601955,1357504.438206722,-0.7015829348396916
2022-07-11 00:00:00+00:00,384646.2965223873,17456.52578588221,17456.5257858822,367189.7707365051,42,1,positive_momentum_correction,-0.050496341924667565,1357504.438206722,-0.7166519049981823
2022-07-12 00:00:00+00:00,375510.2646151631,31150.314799969605,31150.31479996961,344359.9498151935,41,3,positive_momentum_correction,-0.02375177400594697,1357504.438206722,-0.7233819249156812
2022-07-13 00:00:00+00:00,396209.8626796481,41975.527895063155,41975.527895063155,354234.33478458493,38,5,positive_momentum_correction,0.05512392074208328,1357504.438206722,-0.7081336520689054
2022-07-14 00:00:00+00:00,414385.4486536068,84736.05216990053,84736.05216990052,329649.3964837063,37,5,positive_momentum_correction,0.04587363335943606,1357504.438206722,-0.6947446822339569
2022-07-15 00:00:00+00:00,413693.29437257955,172288.74573058737,172288.74573058734,241404.54864199215,18,8,positive_momentum_correction,-0.0016703151215279322,1357504.438206722,-0.6952545548071483
2022-07-16 00:00:00+00:00,407904.6428464404,334805.0085376329,334805.0085376329,73099.6343088075,4,23,positive_momentum_correction,-0.013992616280905423,1357504.438206722,-0.6995187408850856
2022-07-17 00:00:00+00:00,403852.0610842203,327638.20074279746,327638.20074279746,76213.86034142283,5,21,positive_momentum_correction,-0.00993512045840017,1357504.438206722,-0.7025040583898841
2022-07-18 00:00:00+00:00,415985.549765936,273202.59932994057,273202.5993299405,142782.95043599544,7,38,positive_momentum_correction,0.030044389643922864,1357504.438206722,-0.6935659744026639
2022-07-19 00:00:00+00:00,418973.10595988855,200031.75590438687,200031.75590438684,218941.3500555017,16,30,positive_momentum_correction,0.007181874936842414,1357504.438206722,-0.6913652035544307
2022-07-20 00:00:00+00:00,413394.31018275814,148371.8403984209,148371.8403984209,265022.4697843372,26,21,positive_momentum_correction,-0.013315403059938946,1357504.438206722,-0.6954748002674256
2022-07-21 00:00:00+00:00,426545.0051741962,120400.90840499334,120400.90840499334,306144.09676920285,31,17,positive_momentum_correction,0.03181150457930659,1357504.438206722,-0.6857873954816187
2022-07-22 00:00:00+00:00,415095.6868770107,110715.213946282,110715.21394628198,304380.4729307287,33,15,positive_momentum_correction,-0.026841993595751457,1357504.438206722,-0.6942214881998054
2022-07-23 00:00:00+00:00,417871.0571909256,166911.90400592404,166911.90400592404,250959.15318500157,33,14,positive_momentum_correction,0.006686097691825044,1357504.438206722,-0.6921770231978485
2022-07-24 00:00:00+00:00,418113.2179447446,243887.1117494134,243887.11174941334,174226.10619533126,23,24,positive_momentum_correction,0.000579510711861575,1357504.438206722,-0.6919986364854345
2022-07-25 00:00:00+00:00,403105.6707348943,119966.85760334924,119966.85760334924,283138.81313154503,31,13,positive_momentum_correction,-0.03589350100822131,1357504.438206722,-0.7030538837372781
2022-07-26 00:00:00+00:00,411403.79356772435,133455.82921370445,133455.82921370445,277947.9643540199,28,10,positive_momentum_correction,0.02058547779221742,1357504.438206722,-0.6969411060554667
2022-07-27 00:00:00+00:00,440902.4421126492,150242.40430255135,150242.40430255132,290660.03781009786,25,17,positive_momentum_correction,0.07170242230658697,1357504.438206722,-0.6752110492580885
2022-07-28 00:00:00+00:00,474958.91508548096,164469.16243037733,164469.1624303773,310489.7526551036,22,21,positive_momentum_correction,0.07724264989244589,1357504.438206722,-0.6501234900469963
2022-07-29 00:00:00+00:00,482450.78827375046,164469.16243037733,164469.16243037733,317981.6258433731,22,21,positive_momentum_correction,0.01577372894857887,1357504.438206722,-0.6446046328135228
2022-07-30 00:00:00+00:00,467738.2875985336,387585.9061410787,387585.9061410787,80152.38145745495,6,41,positive_momentum_correction,-0.030495339696426704,1357504.438206722,-0.6554425352624107
2022-07-31 00:00:00+00:00,465531.9621757166,412511.5009488342,412511.5009488342,53020.46122688243,4,44,positive_momentum_correction,-0.004717008381214138,1357504.438206722,-0.6570678157113878
2022-08-01 00:00:00+00:00,467106.994029416,308631.10729295283,308631.1072929529,158475.88673646314,14,34,positive_momentum_correction,0.0033832947717238326,1357504.438206722,-0.6559075750452283
2022-08-02 00:00:00+00:00,475632.60624252283,137506.5220790962,137506.52207909618,338126.08416342665,30,18,positive_momentum_correction,0.01825194724566659,1357504.438206722,-0.6496272182573203
2022-08-03 00:00:00+00:00,485354.08044253837,100522.05695327002,100522.05695327002,384832.0234892683,34,13,positive_momentum_correction,0.020439040705839684,1357504.438206722,-0.6424659347090633
2022-08-04 00:00:00+00:00,481977.44018790673,129918.84443127157,129918.84443127154,352058.5957566352,31,16,positive_momentum_correction,-0.006957065760223702,1357504.438206722,-0.6449533227128126
2022-08-05 00:00:00+00:00,502860.0723377984,158684.3100896339,158684.31008963386,344175.7622481645,30,17,positive_momentum_correction,0.043326990868598036,1357504.438206722,-0.6295702185680645
2022-08-06 00:00:00+00:00,497042.91939541313,266937.3001205246,266937.30012052465,230105.61927488857,20,28,positive_momentum_correction,-0.0115681344819073,1357504.438206722,-0.6338554000957727
2022-08-07 00:00:00+00:00,495658.47339003516,460435.9438716697,460435.94387166976,35222.52951836544,4,41,positive_momentum_correction,-0.0027853651090371523,1357504.438206722,-0.6348752464892082
2022-08-08 00:00:00+00:00,495605.62039048213,495605.62039048213,495605.62039048213,0.0,0,43,positive_momentum_correction,-0.00010663188947734881,1357504.438206722,-0.6349141804315701
2022-08-09 00:00:00+00:00,495339.12860952376,260194.08108060123,260194.08108060123,235145.0475289225,21,21,positive_momentum_correction,-0.00053770936001174,1357504.438206722,-0.6351104904939595
2022-08-10 00:00:00+00:00,515949.11561077,146256.41343189706,146256.41343189706,369692.70217887295,26,18,positive_momentum_correction,0.04160783150545955,1357504.438206722,-0.6199282292643225
2022-08-11 00:00:00+00:00,507025.3140974043,146256.41343189706,146256.41343189706,360768.90066550724,26,20,positive_momentum_correction,-0.01729589458216607,1357504.438206722,-0.6265019105446239
2022-08-12 00:00:00+00:00,520442.66370557726,135049.09109840172,135049.09109840172,385393.5726071755,27,20,positive_momentum_correction,0.026462879140577433,1357504.438206722,-0.6166180757441297
2022-08-13 00:00:00+00:00,512776.9207997065,135049.09109840172,135049.0910984017,377727.8297013048,27,21,positive_momentum_correction,-0.014729274597302111,1357504.438206722,-0.6222650133821365
2022-08-14 00:00:00+00:00,511503.1587693631,370248.69299936545,370248.69299936545,141254.46576999765,7,42,positive_momentum_correction,-0.0024840471142049125,1357504.438206722,-0.6232033248855788
2022-08-15 00:00:00+00:00,511302.59175674414,301453.1449303268,301453.1449303267,209849.44682641735,22,28,positive_momentum_correction,-0.0003921129501947007,1357504.438206722,-0.6233510717414814
2022-08-16 00:00:00+00:00,511953.207632344,248733.13191933092,248733.13191933095,263220.07571301307,28,20,positive_momentum_correction,0.0012724673922821506,1357504.438206722,-0.6228717982619345
2022-08-17 00:00:00+00:00,497974.8149692884,108321.0866582638,108321.08665826378,389653.7283110246,39,8,positive_momentum_correction,-0.027304043523239452,1357504.438206722,-0.6331689230960316
2022-08-18 00:00:00+00:00,476661.1320703252,61303.56311692854,61303.56311692853,415357.56895339664,44,3,positive_momentum_correction,-0.042800724571337434,1357504.438206722,-0.6488695589828055
2022-08-19 00:00:00+00:00,439426.6241212801,8750.225653089718,6.730260793119669e-10,430676.3984681904,46,0,positive_momentum_correction,-0.07811525934015451,1357504.438206722,-0.6762982044450865
2022-08-20 00:00:00+00:00,435566.56719563424,165222.26650523426,130669.97015869095,270344.3006904,26,3,positive_momentum_correction,-0.008784303712513597,1357504.438206722,-0.6791416993295267
2022-08-21 00:00:00+00:00,439858.2033867266,207702.16777597443,130669.97015869095,232156.03561075218,20,3,positive_momentum_correction,0.009852997255330731,1357504.438206722,-0.6759802833736706
2022-08-22 00:00:00+00:00,443674.7375595277,338185.0679739279,308139.865182502,105489.6695855998,8,7,positive_momentum_correction,0.00867673751089626,1357504.438206722,-0.6731688493441489
2022-08-23 00:00:00+00:00,445129.4078636401,379376.9995336329,379376.9995336329,65752.40833000722,3,10,positive_momentum_correction,0.003278686346024573,1357504.438206722,-0.6720972725130381
2022-08-24 00:00:00+00:00,447264.7994599771,400470.38096248574,367910.2904098528,46794.418497491366,1,9,positive_momentum_correction,0.004797237743930705,1357504.438206722,-0.6705242451723998
2022-08-25 00:00:00+00:00,445674.9272636174,355743.90101648803,173585.02071880578,89931.02624712935,2,4,positive_momentum_correction,-0.0035546553144339965,1357504.438206722,-0.671695417915275
2022-08-26 00:00:00+00:00,431339.4345956757,226671.82108404697,43133.94345956825,204667.6135116287,5,1,positive_momentum_correction,-0.032165804695273414,1357504.438206722,-0.6822555989831756
2022-08-27 00:00:00+00:00,432857.5872229458,226671.82108404697,43133.94345956825,206185.76613889885,5,1,positive_momentum_correction,0.0035196240025983094,1357504.438206722,-0.6811372581626656
2022-08-28 00:00:00+00:00,427012.55003812077,226671.82108404697,85835.19846338034,200340.7289540738,5,2,positive_momentum_correction,-0.013503372373173894,1357504.438206722,-0.6854429805016262
2022-08-29 00:00:00+00:00,435142.55132243934,264251.5057319189,129729.76526830065,170891.04559052043,4,3,positive_momentum_correction,0.0190392560677497,1357504.438206722,-0.6794540488594886
2022-08-30 00:00:00+00:00,434851.639059264,263177.86567230005,86999.41903817102,171673.7733869639,4,2,positive_momentum_correction,-0.0006685447384799925,1357504.438206722,-0.6796683481685646
2022-08-31 00:00:00+00:00,434007.8796523714,390896.90444423194,217201.78293388244,43110.97520813945,1,5,positive_momentum_correction,-0.0019403385686159735,1357504.438206722,-0.6802899000273617
2022-09-01 00:00:00+00:00,437367.58420245943,390896.90444423194,261161.0446421304,46470.67975822752,1,6,positive_momentum_correction,0.007741114176956998,1357504.438206722,-0.6778149876399471
2022-09-02 00:00:00+00:00,439471.3244347576,390896.90444423194,261623.01317967978,48574.419990525654,1,6,positive_momentum_correction,0.00481000492099648,1357504.438206722,-0.6762652761450239
2022-09-03 00:00:00+00:00,438529.35119641514,390896.90444423194,262979.45464289293,47632.446752183205,1,6,positive_momentum_correction,-0.0021434236683224306,1357504.438206722,-0.6769591768143925
2022-09-04 00:00:00+00:00,438457.92634251027,438457.92634251027,350889.10833940515,0.0,0,8,positive_momentum_correction,-0.00016287359947519953,1357504.438206722,-0.6770117916360421
2022-09-05 00:00:00+00:00,439540.6497232157,394510.7938990345,263096.1832616783,45029.85582418124,1,6,positive_momentum_correction,0.0024693894571303776,1357504.438206722,-0.6762142079595308
2022-09-06 00:00:00+00:00,439078.8990230315,219113.33839124933,87753.68253655487,219965.5606317822,5,2,positive_momentum_correction,-0.0010505301397606415,1357504.438206722,-0.6765543546928956
2022-09-07 00:00:00+00:00,458355.94716029975,219113.33839124933,181414.67405039375,239242.60876905045,5,4,positive_momentum_correction,0.0439033808733702,1357504.438206722,-0.6623539973351447
2022-09-08 00:00:00+00:00,458591.0427983916,219113.33839124933,219113.33839124936,239477.70440714227,5,19,positive_momentum_correction,0.0005129106310246545,1357504.438206722,-0.662180815110855
2022-09-09 00:00:00+00:00,471920.2772553041,219113.33839124933,219113.33839124936,252806.93886405477,5,30,positive_momentum_correction,0.029065623208808233,1357504.438206722,-0.6523618899701604
2022-09-10 00:00:00+00:00,475092.7363103789,248983.99336995822,248983.9933699582,226108.7429404207,8,22,positive_momentum_correction,0.00672244700635849,1357504.438206722,-0.6500249111980941
2022-09-11 00:00:00+00:00,474310.9277843496,409498.4372325322,409498.43723253225,64812.49055181742,6,24,positive_momentum_correction,-0.0016455914104284153,1357504.438206722,-0.6506008271980905
2022-09-12 00:00:00+00:00,466617.82210834854,242405.94988097495,242405.94988097495,224211.8722273736,14,17,positive_momentum_correction,-0.016219541286847217,1357504.438206722,-0.6562679215069414
2022-09-13 00:00:00+00:00,446729.28392594896,33523.855665321695,33523.855665321695,413205.42826062726,29,2,positive_momentum_correction,-0.042622757297473,1357504.438206722,-0.6709187304639068
2022-09-14 00:00:00+00:00,439522.20640716003,6.293703336268663e-10,6.366462912410498e-10,439522.2064071594,31,0,positive_momentum_correction,-0.016132986526989357,1357504.438206722,-0.6762277941516173
2022-09-15 00:00:00+00:00,427380.0671062744,18372.91621989963,18372.916219899605,409007.1508863748,27,2,positive_momentum_correction,-0.027625769810678213,1357504.438206722,-0.6851722505814801
2022-09-16 00:00:00+00:00,435600.9449084775,62650.49748244348,62650.49748244346,372950.447426034,25,4,positive_momentum_correction,0.01923551993864714,1357504.438206722,-0.6791163751303009
2022-09-17 00:00:00+00:00,439812.4933681464,184870.36115927028,184870.36115927022,254942.13220887614,18,21,positive_momentum_correction,0.009668363920913414,1357504.438206722,-0.6760139554687987
2022-09-18 00:00:00+00:00,428139.8732138608,264770.89036368363,105485.41987322939,163368.98285017716,21,4,positive_momentum_correction,-0.02653999222462977,1357504.438206722,-0.6846125425715454
2022-09-19 00:00:00+00:00,438765.7462417338,250338.29084568843,250338.29084568843,188427.45539604532,20,8,positive_momentum_correction,0.02481869522712099,1357504.438206722,-0.676785037387172
2022-09-20 00:00:00+00:00,436831.25562998996,250338.29084568843,174056.81307155802,186492.96478430153,20,4,positive_momentum_correction,-0.004408937179608441,1357504.438206722,-0.6782100718528414
2022-09-21 00:00:00+00:00,430445.9218719791,163841.17796130333,87559.70018717294,266604.74391067575,22,2,positive_momentum_correction,-0.014617392129604112,1357504.438206722,-0.6829138014159255
2022-09-22 00:00:00+00:00,459698.07612029987,177586.5119413785,177586.51194137847,282111.5641789214,21,8,positive_momentum_correction,0.06795779158762905,1357504.438206722,-0.6613653236172354
2022-09-23 00:00:00+00:00,461069.1082952619,301774.1131623485,301774.11316234857,159294.9951329134,3,15,positive_momentum_correction,0.002982462285970655,1357504.438206722,-0.6603553584662021
2022-09-24 00:00:00+00:00,458488.5031011596,313324.5745034558,287567.2652888453,145163.92859770378,4,12,positive_momentum_correction,-0.005597003025519909,1357504.438206722,-0.6622563505524683
2022-09-25 00:00:00+00:00,460369.72822396696,313324.5745034558,313324.5745034558,147045.15372051118,4,11,positive_momentum_correction,0.004103102062719133,1357504.438206722,-0.6608705538877498
2022-09-26 00:00:00+00:00,463607.2789890353,324418.7352899099,324418.7352899099,139188.5436991254,5,19,positive_momentum_correction,0.007032501414804715,1357504.438206722,-0.6584856255781635
2022-09-27 00:00:00+00:00,464089.49189124536,232209.15708089038,159239.60808776913,231880.33481035498,7,8,positive_momentum_correction,0.0010401322931374857,1357504.438206722,-0.6581304054487567
2022-09-28 00:00:00+00:00,460439.3707974993,203630.85914060514,203630.85914060514,256808.51165689414,9,9,positive_momentum_correction,-0.007865123338326785,1357504.438206722,-0.660819251975526
2022-09-29 00:00:00+00:00,465578.1943494092,224080.8237620478,185717.39538457346,241497.3705873614,8,4,positive_momentum_correction,0.011160695365839857,1357504.438206722,-0.6570337589728672
2022-09-30 00:00:00+00:00,462275.96676144097,224080.8237620478,139673.45830482352,238195.14299939317,8,3,positive_momentum_correction,-0.007092745382078491,1357504.438206722,-0.6594663311951212
2022-10-01 00:00:00+00:00,460333.2454720582,306017.8222423414,185182.28796429423,154315.4232297168,5,4,positive_momentum_correction,-0.004202514145376979,1357504.438206722,-0.6608974287552508
2022-10-02 00:00:00+00:00,454004.0121452522,352467.0963791377,228267.85273798803,101536.91576611449,4,5,positive_momentum_correction,-0.013749242291452468,1357504.438206722,-0.6655598321689493
2022-10-03 00:00:00+00:00,454889.12599230185,333529.3564313361,333529.3564313361,121359.76956096577,3,12,positive_momentum_correction,0.0019495727424683196,1357504.438206722,-0.6649078167337594
2022-10-04 00:00:00+00:00,458427.4135855088,365683.8655788493,365683.8655788492,92743.54800665952,2,16,positive_momentum_correction,0.007778351670835182,1357504.438206722,-0.6623013518901666
2022-10-05 00:00:00+00:00,461536.0903365746,315086.56954212877,315086.56954212877,146449.5207944458,4,19,positive_momentum_correction,0.006781175512065918,1357504.438206722,-0.6600113580871465
2022-10-06 00:00:00+00:00,461746.88768536254,285741.8992420201,285741.8992420201,176004.98844334244,5,13,positive_momentum_correction,0.00045672993553824703,1357504.438206722,-0.659856075096642
2022-10-07 00:00:00+00:00,459030.96353950247,250546.4745528474,250546.4745528474,208484.48898665505,8,7,positive_momentum_correction,-0.005881846133223401,1357504.438206722,-0.6618567493260742
2022-10-08 00:00:00+00:00,451325.0804717905,217727.76417873095,217727.76417873098,233597.31629305956,10,18,positive_momentum_correction,-0.016787283821320775,1357504.438206722,-0.6675332560474014
2022-10-09 00:00:00+00:00,452742.0259330007,172821.076266908,172821.076266908,279920.9496660927,11,13,positive_momentum_correction,0.003139522979155096,1357504.438206722,-0.6664894690649573
2022-10-10 00:00:00+00:00,440832.14519916486,147375.3043769428,147375.3043769428,293456.84082222206,15,9,positive_momentum_correction,-0.02630610822861479,1357504.438206722,-0.6752628331871173
2022-10-11 00:00:00+00:00,438557.51671237743,128905.45521972276,128905.45521972279,309652.06149265467,18,10,positive_momentum_correction,-0.0051598516840457576,1357504.438206722,-0.6769384288041691
2022-10-12 00:00:00+00:00,438306.07768445025,203021.96856241694,203021.96856241697,235284.10912203332,15,9,positive_momentum_correction,-0.0005733319310362583,1357504.438206722,-0.6771236503186264
2022-10-13 00:00:00+00:00,442109.62042767624,128374.56037016035,128374.56037016032,313735.0600575159,19,4,positive_momentum_correction,0.008677823413537622,1357504.438206722,-0.6743217863716837
2022-10-14 00:00:00+00:00,448599.25753912696,169395.67406528472,169395.67406528472,279203.58347384224,18,7,positive_momentum_correction,0.014678796415180884,1357504.438206722,-0.6695412221769739
2022-10-15 00:00:00+00:00,446862.628446091,189180.95654943073,189180.95654943073,257681.6718966603,14,6,positive_momentum_correction,-0.0038712259635973467,1357504.438206722,-0.6708205027775811
2022-10-16 00:00:00+00:00,448361.75471203506,234198.78358491207,234198.78358491205,214162.971127123,10,7,positive_momentum_correction,0.003354781023324982,1357504.438206722,-0.6697161776470317
2022-10-17 00:00:00+00:00,455572.7677842563,217987.11422037432,217987.11422037432,237585.653563882,10,9,positive_momentum_correction,0.016083024469499163,1357504.438206722,-0.6644042148502491
2022-10-18 00:00:00+00:00,456965.6055522022,359679.18495983066,359679.18495983066,97286.42059237158,7,10,positive_momentum_correction,0.0030573332438639245,1357504.438206722,-0.6633781866998102
2022-10-19 00:00:00+00:00,453855.66768311174,224176.59991332586,224176.59991332586,229679.06776978588,11,7,positive_momentum_correction,-0.006805627888191723,1357504.438206722,-0.6656691095001797
2022-10-20 00:00:00+00:00,444621.49046902894,234958.7892465014,234958.78924650137,209662.70122252757,11,7,positive_momentum_correction,-0.02034606565832342,1357504.438206722,-0.6724714277498947
2022-10-21 00:00:00+00:00,450246.04926883173,169598.27898148188,169598.27898148188,280647.7702873498,13,6,positive_momentum_correction,0.01265021804022437,1357504.438206722,-0.6683281198965274
2022-10-22 00:00:00+00:00,446581.05031006585,155053.06912813266,155053.06912813266,291527.9811819332,13,8,positive_momentum_correction,-0.008139991377420386,1357504.438206722,-0.6710279261407026
2022-10-23 00:00:00+00:00,453138.59397177945,178532.91537315017,178532.91537315014,274605.6785986293,9,9,positive_momentum_correction,0.0146838824826101,1357504.438206722,-0.6661973388680921
2022-10-24 00:00:00+00:00,451527.5932099866,276198.35052786616,276198.3505278661,175329.2426821204,8,8,positive_momentum_correction,-0.003555205368124592,1357504.438206722,-0.6673840758808425
2022-10-25 00:00:00+00:00,451394.68260245526,286873.9289486448,286873.9289486448,164520.75365381045,7,11,positive_momentum_correction,-0.0002943576639169443,1357504.438206722,-0.6674819839272478
2022-10-26 00:00:00+00:00,457528.9752601411,356275.32349221146,356275.3234922115,101253.65176792961,5,18,positive_momentum_correction,0.013589643152904118,1357504.438206722,-0.6629631827469074
2022-10-27 00:00:00+00:00,459383.3637649693,265934.60392698675,265934.60392698675,193448.7598379825,11,11,positive_momentum_correction,0.0040530515117076504,1357504.438206722,-0.6615971551652386
2022-10-28 00:00:00+00:00,463303.2648566641,258341.52403597138,258341.52403597132,204961.74082069276,12,17,positive_momentum_correction,0.008532962664491217,1357504.438206722,-0.658709576324706
2022-10-29 00:00:00+00:00,465900.3625343902,271978.17138829216,271978.17138829216,193922.19114609802,11,19,positive_momentum_correction,0.005605610568122366,1357504.438206722,-0.6567964351189528
2022-10-30 00:00:00+00:00,466171.7319959742,222953.07576029358,222953.07576029364,243218.65623568062,16,22,positive_momentum_correction,0.0005824624391959077,1357504.438206722,-0.6565965319334115
2022-10-31 00:00:00+00:00,467921.09287190565,153757.24638220147,153757.24638220144,314163.8464897042,20,20,positive_momentum_correction,0.003752610370520104,1357504.438206722,-0.6553078725178723
2022-11-01 00:00:00+00:00,469879.60707648844,219840.56691145792,219840.56691145792,250039.0401650305,19,21,positive_momentum_correction,0.004185565118602019,1357504.438206722,-0.6538651411724263
2022-11-02 00:00:00+00:00,465096.5118489899,73947.67132851164,73947.67132851164,391148.8405204782,32,8,positive_momentum_correction,-0.010179405863681046,1357504.438206722,-0.6573885883840002
2022-11-03 00:00:00+00:00,474363.9255363799,95852.66315987476,95852.66315987475,378511.2623765052,30,11,positive_momentum_correction,0.01992578626433361,1357504.438206722,-0.6505617866244182
2022-11-04 00:00:00+00:00,501438.72657848115,167205.0010050627,167205.00100506266,334233.72557341843,26,16,positive_momentum_correction,0.05707601186470246,1357504.438206722,-0.630617247011813
2022-11-05 00:00:00+00:00,502282.8099910349,215221.66952630546,215221.6695263055,287061.14046472945,25,18,positive_momentum_correction,0.0016833231416195638,1357504.438206722,-0.629995456475593
2022-11-06 00:00:00+00:00,490915.64901161427,196721.12614763953,196721.12614763956,294194.52286397474,27,13,positive_momentum_correction,-0.02263099742478447,1357504.438206722,-0.6383690283472523
2022-11-07 00:00:00+00:00,490522.97978335514,304621.66893844254,304621.66893844254,185901.31084491257,17,22,positive_momentum_correction,-0.0007998710757126659,1357504.438206722,-0.6386582865015593
2022-11-08 00:00:00+00:00,423160.12043083075,7.839844329282641e-10,8.549250196665525e-10,423160.12043083,39,0,positive_momentum_correction,-0.1373286515185811,1357504.438206722,-0.6882808567537135
2022-11-09 00:00:00+00:00,346766.39038076974,19582.930016087175,19582.93001608718,327183.46036468254,37,2,positive_momentum_correction,-0.18053149708976002,1357504.438206722,-0.7445559803555031
2022-11-10 00:00:00+00:00,419587.9656767536,40094.82928591198,19582.93001608718,379493.1363908416,34,2,positive_momentum_correction,0.21000182634776543,1357504.438206722,-0.6909122697005441
2022-11-11 00:00:00+00:00,414856.92933245166,104646.57448886044,104646.57448886044,310210.3548435912,26,5,positive_momentum_correction,-0.011275433833454307,1357504.438206722,-0.6943973679522683
2022-11-12 00:00:00+00:00,399644.2481793334,149998.37692611164,149998.37692611164,249645.87125322176,23,6,positive_momentum_correction,-0.03666970484884291,1357504.438206722,-0.7056037262704882
2022-11-13 00:00:00+00:00,399305.2885620367,397151.9787812496,349651.02120712993,2153.309780787109,1,11,positive_momentum_correction,-0.0008481533735088531,1357504.438206722,-0.7058534194632002
2022-11-14 00:00:00+00:00,402391.881354216,347132.2401178481,297755.5915065172,55259.64123636793,3,9,positive_momentum_correction,0.007729907117670853,1357504.438206722,-0.7035796937166703
2022-11-15 00:00:00+00:00,402380.04755827325,306893.0519824265,306893.05198242643,95486.99557584675,4,8,positive_momentum_correction,-2.9408634943051126e-05,1357504.438206722,-0.7035884110332474
2022-11-16 00:00:00+00:00,406822.91606235766,306893.0519824265,268157.3893470691,99929.86407993115,4,7,positive_momentum_correction,0.011041473181994776,1357504.438206722,-0.7003155904228386
2022-11-17 00:00:00+00:00,409737.58103686536,270433.42971572845,230957.51354777778,139304.1513211369,4,6,positive_momentum_correction,0.007164456227586102,1357504.438206722,-0.6981685145883331
2022-11-18 00:00:00+00:00,413982.26603963325,270433.42971572845,270433.42971572845,143548.8363239048,4,7,positive_momentum_correction,0.010359520823123969,1357504.438206722,-0.6950416850301364
2022-11-19 00:00:00+00:00,410211.382836174,290108.7055642407,290108.70556424063,120102.67727193327,3,8,positive_momentum_correction,-0.009108803716481595,1357504.438206722,-0.6978194904629058
2022-11-20 00:00:00+00:00,396162.49766342156,230566.3962575304,202673.0027038833,165596.10140589115,5,5,positive_momentum_correction,-0.034247916465943384,1357504.438206722,-0.7081685433111684
2022-11-21 00:00:00+00:00,394371.0837357679,108530.78160360752,80637.38804996043,285840.3021321604,8,2,positive_momentum_correction,-0.004521916986639174,1357504.438206722,-0.7094881809324054
2022-11-22 00:00:00+00:00,404728.60344367573,142183.8107884932,142183.8107884932,262544.79265518254,7,4,positive_momentum_correction,0.02626338526089156,1357504.438206722,-0.7018583571053907
2022-11-23 00:00:00+00:00,414253.2043518536,120561.97045507818,81898.1807795538,293691.2338967754,8,2,positive_momentum_correction,0.023533303124950278,1357504.438206722,-0.6948420994489812
2022-11-24 00:00:00+00:00,409505.41996014625,153094.08617870582,122848.72277556843,256411.33378144042,7,3,positive_momentum_correction,-0.011461068597250268,1357504.438206722,-0.6983395350801893
2022-11-25 00:00:00+00:00,407220.5277178734,248699.60007568932,82375.86243120086,158520.92764218408,4,2,positive_momentum_correction,-0.0055796385857243,1357504.438206722,-0.7000226914500434
2022-11-26 00:00:00+00:00,405757.1179950579,386522.3805072588,162677.6773945329,19234.73748779906,1,4,positive_momentum_correction,-0.0035936541092774776,1357504.438206722,-0.701100706137604
2022-11-27 00:00:00+00:00,405624.06620211416,386522.3805072588,202851.9486389411,19101.68569485533,1,5,positive_momentum_correction,-0.000327909941792659,1357504.438206722,-0.7011987181876562
2022-11-28 00:00:00+00:00,407257.5302091888,324450.99185075995,243877.78410268616,82806.5383584289,2,6,positive_momentum_correction,0.004027039180315217,1357504.438206722,-0.6999954337186696
2022-11-29 00:00:00+00:00,408472.2197026338,324450.99185075995,324450.99185075995,84021.22785187385,2,36,positive_momentum_correction,0.002982607817763494,1357504.438206722,-0.6991006377539141
2022-11-30 00:00:00+00:00,411099.4313478316,324450.99185075995,309869.13143066666,86648.4394970717,2,15,positive_momentum_correction,0.006431800055118675,1357504.438206722,-0.6971653132192346
2022-12-01 00:00:00+00:00,410389.2393493303,283341.04871597677,283341.04871597677,127048.19063335354,3,15,positive_momentum_correction,-0.001727543130314868,1357504.438206722,-0.6976884732020037
2022-12-02 00:00:00+00:00,413149.2588321761,242302.12478104373,242302.12478104376,170847.13405113237,4,31,positive_momentum_correction,0.006725370010241427,1357504.438206722,-0.6956553163259263
2022-12-03 00:00:00+00:00,410796.2309954796,297038.6215596934,297038.62155969336,113757.60943578617,15,22,positive_momentum_correction,-0.005695345656307471,1357504.438206722,-0.6973886644981095
2022-12-04 00:00:00+00:00,413685.8458450354,291670.1397206647,291670.1397206647,122015.7061243707,16,21,positive_momentum_correction,0.007034180529245315,1357504.438206722,-0.6952600417339933
2022-12-05 00:00:00+00:00,413629.75874481816,206168.40581114523,206168.40581114526,207461.35293367293,22,14,positive_momentum_correction,-0.00013557896839000438,1357504.438206722,-0.6953013580631622
2022-12-06 00:00:00+00:00,413470.86842662457,203763.41471960256,203763.4147196025,209707.45370702204,23,14,positive_momentum_correction,-0.0003841365734316149,1357504.438206722,-0.6954184039554051
2022-12-07 00:00:00+00:00,409230.8418436968,94844.32838643239,94844.32838643237,314386.5134572644,31,6,positive_momentum_correction,-0.010254716611746595,1357504.438206722,-0.6985418019079959
2022-12-08 00:00:00+00:00,416898.4339997624,124738.18270072438,124738.18270072438,292160.251299038,18,15,positive_momentum_correction,0.018736594049268307,1357504.438206722,-0.6928935020275222
2022-12-09 00:00:00+00:00,414515.97808144434,130286.53628043225,130286.53628043225,284229.4418010121,17,14,positive_momentum_correction,-0.005714715441505924,1357504.438206722,-0.6946485282736723
2022-12-10 00:00:00+00:00,414088.44039267907,211582.75990590238,211582.75990590238,202505.68048677672,12,26,positive_momentum_correction,-0.0010314142551128835,1357504.438206722,-0.6949634721344304
2022-12-11 00:00:00+00:00,410965.0875776957,141218.19121303325,141218.19121303325,269746.89636466245,25,15,positive_momentum_correction,-0.0075427191641028735,1357504.438206722,-0.6972642769989135
2022-12-12 00:00:00+00:00,411081.11088638264,226927.776740353,226927.7767403529,184153.33414602967,25,14,positive_momentum_correction,0.00028231913657372765,1357504.438206722,-0.6971788089109858
2022-12-13 00:00:00+00:00,421574.0629284627,99240.53766717862,99240.5376671786,322333.5252612841,32,6,positive_momentum_correction,0.025525259527140243,1357504.438206722,-0.689449219418121
2022-12-14 00:00:00+00:00,415899.07391141925,79325.23218440327,79325.23218440327,336573.84172701597,33,5,positive_momentum_correction,-0.01346142829001895,1357504.438206722,-0.6936296764813333
2022-12-15 00:00:00+00:00,405973.8172898978,64349.34964507523,64349.34964507521,341624.4676448226,34,5,positive_momentum_correction,-0.02386457976012557,1357504.438206722,-0.70094107550308
2022-12-16 00:00:00+00:00,374499.1882408753,110423.18121664842,37449.918824088374,264076.0070242269,24,1,positive_momentum_correction,-0.07752871665254979,1357504.438206722,-0.724126730122818
2022-12-17 00:00:00+00:00,383734.5262908551,165598.94042375672,152570.2767113449,218135.58586709836,15,4,positive_momentum_correction,0.024660502185226862,1357504.438206722,-0.7173235567481662
2022-12-18 00:00:00+00:00,380703.17264391005,247083.1898636769,190957.85705134488,133619.98278023317,9,5,positive_momentum_correction,-0.007899611422109598,1357504.438206722,-0.7195565908080397
2022-12-19 00:00:00+00:00,376955.65321170073,113686.5805646105,113461.447906732,263269.07264709024,12,3,positive_momentum_correction,-0.00984367796617902,1357504.438206722,-0.7223171854158627
2022-12-20 00:00:00+00:00,388265.4712146417,94351.46192240543,75765.88258556192,293914.0092922363,11,2,positive_momentum_correction,0.030003046529691657,1357504.438206722,-0.713985855009399
2022-12-21 00:00:00+00:00,386732.8145768547,148776.90465388432,148776.9046538843,237955.9099229704,6,4,positive_momentum_correction,-0.003947445115302872,1357504.438206722,-0.7151148801489497
2022-12-22 00:00:00+00:00,388639.87872813176,110103.62319619884,110103.62319619884,278536.2555319329,7,3,positive_momentum_correction,0.004931218865830367,1357504.438206722,-0.7137100492713458
2022-12-23 00:00:00+00:00,387660.46461119835,149598.77880873522,115227.65824341061,238061.68580246312,6,3,positive_momentum_correction,-0.002520107097960911,1357504.438206722,-0.714431530608252
2022-12-24 00:00:00+00:00,387463.6065149668,311252.6727334271,192720.37954640397,76210.93378153973,2,5,positive_momentum_correction,-0.000507810607999426,1357504.438206722,-0.7145765453063193
2022-12-25 00:00:00+00:00,387860.3468112032,349140.920253271,155064.48825485754,38719.426557932224,1,4,positive_momentum_correction,0.0010239420930520104,1357504.438206722,-0.7142842882167141
2022-12-26 00:00:00+00:00,388287.3012046746,349140.920253271,194018.58569402024,39146.38095140357,1,5,positive_momentum_correction,0.0011007941311391711,1357504.438206722,-0.7139697740380089
2022-12-27 00:00:00+00:00,388255.24584239785,388255.24584239785,232920.06867477545,0.0,0,6,positive_momentum_correction,-8.255578324933843e-05,1357504.438206722,-0.7139933874873461
2022-12-28 00:00:00+00:00,384897.9117030084,310600.9911376906,116144.04587500893,74296.92056531778,2,3,positive_momentum_correction,-0.00864723445553206,1357504.438206722,-0.7164665537215755
2022-12-29 00:00:00+00:00,385336.3746776032,310600.9911376906,38825.52458424063,74735.38353991257,2,1,positive_momentum_correction,0.0011391669356031198,1357504.438206722,-0.7161435617944376
2022-12-30 00:00:00+00:00,384110.805772103,310600.9911376906,153644.32230884206,73509.81463441241,2,4,positive_momentum_correction,-0.003180517039237607,1357504.438206722,-0.7170463720328476
2022-12-31 00:00:00+00:00,384599.69860328943,310600.9911376906,76822.16115442145,73998.70746559883,2,2,positive_momentum_correction,0.0012727911421384075,1357504.438206722,-0.7166862311615351
2023-01-01 00:00:00+00:00,386142.2675000034,310600.9911376906,115436.3879044218,75541.27636231277,2,3,positive_momentum_correction,0.004010842708187079,1357504.438206722,-0.7155499041976603
2023-01-02 00:00:00+00:00,386028.87930434244,386028.87930434244,193025.7784717382,0.0,0,5,positive_momentum_correction,-0.0002936435744138599,1357504.438206722,-0.7156334311405341
2023-01-03 00:00:00+00:00,386028.87930434244,386028.87930434244,154422.89054130393,0.0,0,4,positive_momentum_correction,0.0,1357504.438206722,-0.7156334311405341
2023-01-04 00:00:00+00:00,386028.87930434244,386028.87930434244,347425.99137390906,0.0,0,9,positive_momentum_correction,0.0,1357504.438206722,-0.7156334311405341
2023-01-05 00:00:00+00:00,386033.10006513074,308823.1034434739,308823.1034434739,77209.99662165681,2,28,positive_momentum_correction,1.0933795409062697e-05,1357504.438206722,-0.7156303219346489
2023-01-06 00:00:00+00:00,398100.76499880577,174355.20909274396,174355.20909274396,223745.5559060618,15,16,positive_momentum_correction,0.0312607000063958,1357504.438206722,-0.7067407267377327
2023-01-07 00:00:00+00:00,398313.3763964691,174355.20909274396,174355.209092744,223958.1673037251,15,18,positive_momentum_correction,0.0005340642780828908,1357504.438206722,-0.7065841074356668
2023-01-08 00:00:00+00:00,412413.9379035019,94692.5338134501,94692.53381345009,317721.4040900518,17,28,positive_momentum_correction,0.03540067279336756,1357504.438206722,-0.696196987430623
2023-01-09 00:00:00+00:00,414791.1875605751,94692.5338134501,94692.53381345008,320098.653747125,17,30,positive_momentum_correction,0.005764232094477295,1357504.438206722,-0.6944457963551716
2023-01-10 00:00:00+00:00,425496.5374540414,170601.96457608664,170601.96457608664,254894.5728779548,17,32,positive_momentum_correction,0.02580900996577462,1357504.438206722,-0.6865597448682179
2023-01-11 00:00:00+00:00,429450.1797362841,257391.06274668186,257391.06274668188,172059.1169896022,11,37,positive_momentum_correction,0.009291831858137423,1357504.438206722,-0.6836473107199617
2023-01-12 00:00:00+00:00,444172.88114576053,115533.00170370711,115533.0017037071,328639.87944205344,30,18,positive_momentum_correction,0.034282676091828224,1357504.438206722,-0.6728018939425954
2023-01-13 00:00:00+00:00,456147.1899911428,207188.7599073266,207188.7599073266,248958.43008381617,28,22,positive_momentum_correction,0.02695866711739381,1357504.438206722,-0.6639810691199521
2023-01-14 00:00:00+00:00,476167.5935081127,154406.00268991,154406.00268990998,321761.5908182027,31,20,positive_momentum_correction,0.043890226567785406,1357504.438206722,-0.6492331221125618
2023-01-15 00:00:00+00:00,485057.7848138318,114329.8349111357,114329.8349111357,370727.94990269607,39,12,positive_momentum_correction,0.018670298917701666,1357504.438206722,-0.6426841996519743
2023-01-16 00:00:00+00:00,482351.9482046725,171280.813692584,171280.81369258396,311071.1345120885,34,17,positive_momentum_correction,-0.005578379924770838,1357504.438206722,-0.6446774429394393
2023-01-17 00:00:00+00:00,487458.2934784605,288086.84066402004,288086.84066402004,199371.45281444048,18,33,positive_momentum_correction,0.01058634736066466,1357504.438206722,-0.6409158749253165
2023-01-18 00:00:00+00:00,468590.37751652254,39134.3334397502,39134.33343975021,429456.04407677235,47,4,positive_momentum_correction,-0.03870672878965331,1357504.438206722,-0.6548148467672522
2023-01-19 00:00:00+00:00,479632.89654204145,88241.12468156044,88241.12468156044,391391.771860481,45,7,positive_momentum_correction,0.02356539859833018,1357504.438206722,-0.6466804210410968
2023-01-20 00:00:00+00:00,513130.8087609451,127966.6410118251,127966.64101182508,385164.16774912004,36,16,positive_momentum_correction,0.0698407312350966,1357504.438206722,-0.6220043232869306
2023-01-21 00:00:00+00:00,511745.9390758007,146029.04245668816,146029.04245668813,365716.8966191126,36,17,positive_momentum_correction,-0.0026988628659589953,1357504.438206722,-0.6230244817823045
2023-01-22 00:00:00+00:00,517325.2762612861,193530.4201409305,193530.4201409305,323794.8561203556,35,18,positive_momentum_correction,0.01090255292608977,1357504.438206722,-0.618914486243096
2023-01-23 00:00:00+00:00,518566.77411674673,470747.46672759624,470747.46672759624,47819.307389150505,6,46,positive_momentum_correction,0.0023998399313347463,1357504.438206722,-0.6179999420099289
2023-01-24 00:00:00+00:00,511248.1767773946,132939.9984443431,132939.9984443431,378308.1783330515,42,9,positive_momentum_correction,-0.014113124296900037,1357504.438206722,-0.6233911563097658
2023-01-25 00:00:00+00:00,534490.9493694318,112435.47960820101,112435.47960820101,422055.4697612308,44,7,positive_momentum_correction,0.04546279800652964,1357504.438206722,-0.606269464521604
2023-01-26 00:00:00+00:00,537077.069335194,128796.51716332117,128796.51716332114,408280.5521718728,42,9,positive_momentum_correction,0.00483847288492556,1357504.438206722,-0.6043644100017245
2023-01-27 00:00:00+00:00,556163.460724707,127561.08695652298,127561.08695652295,428602.37376818404,41,9,positive_momentum_correction,0.0355375279997312,1357504.438206722,-0.5903044991444706
2023-01-28 00:00:00+00:00,548486.6603656297,114566.02040687116,114566.02040687118,433920.6399587585,42,8,positive_momentum_correction,-0.013803136849504738,1357504.438206722,-0.5959595822094059
2023-01-29 00:00:00+00:00,549658.8225205352,471542.2716146433,471542.2716146433,78116.55090589187,6,44,positive_momentum_correction,0.0021370841619450243,1357504.438206722,-0.59509611383176
2023-01-30 00:00:00+00:00,535493.1133788705,63115.66566173115,63115.66566173111,472377.44771713944,45,6,positive_momentum_correction,-0.025771821648756355,1357504.438206722,-0.6055312245709762
2023-01-31 00:00:00+00:00,545828.6626675323,63115.66566173115,63115.66566173111,482712.9970058012,45,6,positive_momentum_correction,0.01930099385115569,1357504.438206722,-0.5979175851619477
2023-02-01 00:00:00+00:00,576927.9400481116,73403.11859285325,73403.11859285325,503524.82145525835,44,8,positive_momentum_correction,0.05697626289647961,1357504.438206722,-0.5750084317880835
2023-02-02 00:00:00+00:00,570149.6232193445,77961.06909498313,77961.06909498312,492188.55412436137,44,9,positive_momentum_correction,-0.011748983466118523,1357504.438206722,-0.580001650696245
2023-02-03 00:00:00+00:00,591783.8733783189,79236.00688466887,79236.00688466884,512547.86649365,44,9,positive_momentum_correction,0.03794486443193046,1357504.438206722,-0.5640648702702794
2023-02-04 00:00:00+00:00,591161.4892842241,564029.8761700965,564029.8761700965,27131.61311412761,2,46,positive_momentum_correction,-0.0010517084396736154,1357504.438206722,-0.5645233469253663
2023-02-05 00:00:00+00:00,602782.3827595154,123801.69292591616,123801.69292591613,478980.6898335993,36,11,positive_momentum_correction,0.019657730900843884,1357504.438206722,-0.5559628640656251
2023-02-06 00:00:00+00:00,600440.545517469,86829.29285697365,86829.2928569736,513611.25266049546,39,11,positive_momentum_correction,-0.0038850459287239625,1357504.438206722,-0.5576879687327891
2023-02-07 00:00:00+00:00,634541.1329672282,95486.99382894732,95486.9938289473,539054.1391382809,38,14,positive_momentum_correction,0.05679261286456039,1357504.438206722,-0.5325679127756932
2023-02-08 00:00:00+00:00,611587.0334040364,71715.03825026703,71715.03825026703,539871.9951537694,42,11,positive_momentum_correction,-0.036174328771807596,1357504.438206722,-0.5494769547774374
2023-02-09 00:00:00+00:00,541554.8532424032,10741.847296633734,10741.847296633734,530813.0059457695,50,4,positive_momentum_correction,-0.11450893550152719,1357504.438206722,-0.6010658691047794
2023-02-10 00:00:00+00:00,541464.1490884738,406957.31748208846,406957.31748208846,134506.83160638536,18,15,positive_momentum_correction,-0.00016748839639502133,1357504.438206722,-0.6011326859426304
2023-02-11 00:00:00+00:00,544408.4124255272,440872.14809345396,440872.14809345384,103536.26433207332,15,19,positive_momentum_correction,0.005437596084634677,1357504.438206722,-0.5989638065974232
2023-02-12 00:00:00+00:00,543871.9221744955,440872.14809345396,440872.14809345396,102999.77408104156,15,14,positive_momentum_correction,-0.000985455475681296,1357504.438206722,-0.5993590099101582
2023-02-13 00:00:00+00:00,543900.3112951607,260856.31592250915,260856.31592250915,283043.9953726515,18,15,positive_momentum_correction,5.219817296620022e-05,1357504.438206722,-0.5993380971824602
2023-02-14 00:00:00+00:00,559017.3315571297,312431.79029688163,312431.7902968817,246585.5412602481,11,18,positive_momentum_correction,0.027793733425104605,1357504.438206722,-0.5882022070619544
2023-02-15 00:00:00+00:00,581090.7191193528,315751.7747038757,315751.7747038757,265338.94441547705,9,35,positive_momentum_correction,0.039486052249467996,1357504.438206722,-0.5719419378937871
2023-02-16 00:00:00+00:00,569598.8463371049,283096.6492391266,283096.6492391266,286502.19709797826,24,16,positive_momentum_correction,-0.019776383280847853,1357504.438206722,-0.5804073781964565
2023-02-17 00:00:00+00:00,584366.6560814563,283096.6492391266,283096.6492391266,301270.00684232975,24,19,positive_momentum_correction,0.02592668478758009,1357504.438206722,-0.5695287325517617
2023-02-18 00:00:00+00:00,584381.4480442582,543254.9478695618,543254.9478695618,41126.50017469634,16,25,positive_momentum_correction,2.5312811139821534e-05,1357504.438206722,-0.5695178361138676
2023-02-19 00:00:00+00:00,583154.7593909451,549520.2224682063,549520.2224682062,33634.53692273874,15,31,positive_momentum_correction,-0.0020991231967038004,1357504.438206722,-0.5704214712098483
2023-02-20 00:00:00+00:00,590805.6608946598,449825.11049751577,449825.1104975157,140980.550397144,19,26,positive_momentum_correction,0.013119847485606462,1357504.438206722,-0.5647854664290303
2023-02-21 00:00:00+00:00,585870.3111658925,314935.00948940834,314935.0094894083,270935.3016764841,13,20,positive_momentum_correction,-0.008353592484699024,1357504.438206722,-0.5684210712859006
2023-02-22 00:00:00+00:00,591026.6443396035,182396.39333373492,182396.39333373494,408630.25100586854,21,10,positive_momentum_correction,0.008801151168506438,1357504.438206722,-0.5646226798931456
2023-02-23 00:00:00+00:00,595012.8250514731,182396.39333373492,182396.39333373492,412616.43171773816,21,8,positive_momentum_correction,0.006744502553389431,1357504.438206722,-0.5616862764459971
2023-02-24 00:00:00+00:00,559047.8816290217,47103.77695414131,47103.776954141314,511944.1046748804,26,4,positive_momentum_correction,-0.06044398021057806,1357504.438206722,-0.58817970247852
2023-02-25 00:00:00+00:00,549308.9666961508,138401.62274025797,138401.62274025797,410907.34395589284,23,4,positive_momentum_correction,-0.017420538120084594,1357504.438206722,-0.5953538336701176
2023-02-26 00:00:00+00:00,562536.3179851063,292803.49501346325,292803.49501346314,269732.82297164307,14,13,positive_momentum_correction,0.024079984291012213,1357504.438206722,-0.5856099603414757
2023-02-27 00:00:00+00:00,560260.3375309049,409923.0897187749,409923.08971877483,150337.24781213008,7,9,positive_momentum_correction,-0.004045926247665976,1357504.438206722,-0.5872865518797015
2023-02-28 00:00:00+00:00,545159.2443057031,268665.32398456166,268250.3517455169,276493.92032114137,10,6,positive_momentum_correction,-0.026953707434927643,1357504.438206722,-0.5984107094147962
2023-03-01 00:00:00+00:00,550929.2281526708,388451.1486465396,388451.1486465396,162478.07950613118,5,32,positive_momentum_correction,0.010584033761210643,1357504.438206722,-0.5941602748051018
2023-03-02 00:00:00+00:00,545561.9212746471,240900.30485088364,240900.3048508836,304661.6164237635,23,13,positive_momentum_correction,-0.009742280140084159,1357504.438206722,-0.5981140790999253
2023-03-03 00:00:00+00:00,520813.00978312123,5.602487362921238e-10,5.493347998708487e-10,520813.00978312065,36,0,positive_momentum_correction,-0.04536407422589661,1357504.438206722,-0.616345261845979
2023-03-04 00:00:00+00:00,490347.9945085159,15873.578547854246,15873.578547854244,474474.41596066166,35,2,positive_momentum_correction,-0.05849511187766154,1357504.438206722,-0.6387871886766935
2023-03-05 00:00:00+00:00,498340.4783144809,137899.14445162553,137899.14445162556,360441.3338628554,32,5,positive_momentum_correction,0.016299615569909776,1357504.438206722,-0.6328995587131973
2023-03-06 00:00:00+00:00,496958.7361732729,137899.14445162553,115541.67421075044,359059.59172164736,32,4,positive_momentum_correction,-0.0027726869506595753,1357504.438206722,-0.6339174133163346
2023-03-07 00:00:00+00:00,491698.1812658826,260124.24896632897,148173.6840846252,231573.93229955365,14,3,positive_momentum_correction,-0.010585496389293958,1357504.438206722,-0.6377925792158579
2023-03-08 00:00:00+00:00,486060.4287131518,386250.2249320061,243593.98961184954,99810.20378114568,3,5,positive_momentum_correction,-0.01146588042733121,1357504.438206722,-0.6419456061924609
2023-03-09 00:00:00+00:00,478775.9777195555,289038.13918937574,145653.45876985957,189737.83853017975,5,3,positive_momentum_correction,-0.014986718858973846,1357504.438206722,-0.6473116667286748
2023-03-10 00:00:00+00:00,493711.09242396685,191262.2781914723,47877.59777195612,302448.81423249457,7,1,positive_momentum_correction,0.031194369390771026,1357504.438206722,-0.6363097765807937
2023-03-11 00:00:00+00:00,485285.66475006024,191262.2781914723,5.675246939063072e-10,294023.38655858795,7,0,positive_momentum_correction,-0.017065502078432937,1357504.438206722,-0.6425163328444599
2023-03-12 00:00:00+00:00,523705.81474266236,196429.3228207271,5.675246939063072e-10,327276.49192193523,6,0,positive_momentum_correction,0.07917017291740924,1357504.438206722,-0.6142142891006063
2023-03-13 00:00:00+00:00,555315.3267567547,298963.0581056832,277657.6633783779,256352.2686510715,4,5,positive_momentum_correction,0.06035738218722009,1357504.438206722,-0.5909292735054832
2023-03-14 00:00:00+00:00,578668.1400838793,368855.1324407077,368855.1324407077,209813.00764317164,3,8,positive_momentum_correction,0.04205324831121393,1357504.438206722,-0.5737265206673606
2023-03-15 00:00:00+00:00,567517.3894276728,255733.92958377738,163331.16618083924,311783.4598438955,7,3,positive_momentum_correction,-0.019269681331669952,1357504.438206722,-0.5819406747742428
2023-03-16 00:00:00+00:00,576514.2734043789,255733.92958377738,255733.92958377738,320780.34382060147,7,6,positive_momentum_correction,0.015853054275181355,1357504.438206722,-0.5753131576011932
2023-03-17 00:00:00+00:00,608485.425878325,255733.92958377738,255733.9295837773,352751.4962945477,7,19,positive_momentum_correction,0.05545595998023267,1357504.438206722,-0.5517617410649936
2023-03-18 00:00:00+00:00,592595.7895824087,230802.56700937173,230802.56700937173,361793.22257303697,16,10,positive_momentum_correction,-0.026113421324726382,1357504.438206722,-0.5634667755744253
2023-03-19 00:00:00+00:00,605564.0014792612,285723.59432199964,285723.59432199964,319840.40715726156,15,12,positive_momentum_correction,0.02188373951490763,1357504.438206722,-0.5539137962014933
2023-03-20 00:00:00+00:00,604473.0689112728,532901.290580268,532901.290580268,71571.77833100484,12,14,positive_momentum_correction,-0.0018015148940879744,1357504.438206722,-0.5547174271416835
2023-03-21 00:00:00+00:00,609759.9620173576,376424.90374464483,376424.90374464483,233335.05827271278,15,10,positive_momentum_correction,0.00874628395870003,1357504.438206722,-0.5508228593176041
2023-03-22 00:00:00+00:00,602668.9755332626,218378.5010060625,218378.50100606243,384290.47452720016,20,6,positive_momentum_correction,-0.011629144131790614,1357504.438206722,-0.5560464050273053
2023-03-23 00:00:00+00:00,625191.8001888164,234099.64916484122,234099.6491648412,391092.15102397517,12,17,positive_momentum_correction,0.03737180039112653,1357504.438206722,-0.5394550598930627
2023-03-24 00:00:00+00:00,608134.1784113693,12511.533168251965,12511.533168251954,595622.6452431174,27,2,positive_momentum_correction,-0.02728382197638457,1357504.438206722,-0.5520204860510651
2023-03-25 00:00:00+00:00,590398.515184966,48169.13636116688,48169.136361166835,542229.3788237992,25,3,positive_momentum_correction,-0.029164062563847737,1357504.438206722,-0.5650853886231939
2023-03-26 00:00:00+00:00,604775.6886300738,202399.42596925702,202399.42596925702,402376.2626608168,22,7,positive_momentum_correction,0.024351642281152275,1357504.438206722,-0.5544945035840996
2023-03-27 00:00:00+00:00,592360.9821009608,262683.32959664357,262683.3295966435,329677.6525043173,22,6,positive_momentum_correction,-0.020527787016760835,1357504.438206722,-0.5636397455293214
2023-03-28 00:00:00+00:00,622027.7884392408,168223.03720833044,168223.0372083305,453804.7512309103,23,14,positive_momentum_correction,0.050082310001342334,1357504.438206722,-0.5417858159926563
2023-03-29 00:00:00+00:00,629428.1024131115,394220.8625867226,394220.86258672265,235207.2398263889,8,37,positive_momentum_correction,0.011897079377175768,1357504.438206722,-0.5363344054737731
2023-03-30 00:00:00+00:00,625960.5750332306,398777.453188754,398777.4531887539,227183.1218444766,10,36,positive_momentum_correction,-0.005509012652258449,1357504.438206722,-0.5388887451004349
2023-03-31 00:00:00+00:00,632262.7305413035,370361.3554727796,370361.3554727796,261901.37506852395,12,36,positive_momentum_correction,0.010067975140029217,1357504.438206722,-0.5342462884493185
2023-04-01 00:00:00+00:00,626566.3605437673,459980.92993802496,459980.929938025,166585.43060574235,8,32,positive_momentum_correction,-0.009009498302484653,1357504.438206722,-0.5384424957229104
2023-04-02 00:00:00+00:00,626341.7760912231,504875.53306486487,504875.5330648648,121466.24302635824,12,20,positive_momentum_correction,-0.0003584368180080677,1357504.438206722,-0.5386079349260712
2023-04-03 00:00:00+00:00,633673.7795179319,362907.0524232197,362907.05242321966,270766.7270947122,19,11,positive_momentum_correction,0.011706074393544652,1357504.438206722,-0.5332068450877245
2023-04-04 00:00:00+00:00,639749.8753797773,303114.56376915105,303114.56376915105,336635.3116106262,17,23,positive_momentum_correction,0.009588681208283267,1357504.438206722,-0.528730914335062
2023-04-05 00:00:00+00:00,634279.40578456,331765.6576899632,331765.6576899632,302513.74809459684,15,20,positive_momentum_correction,-0.008550950622647324,1357504.438206722,-0.532760713016563
2023-04-06 00:00:00+00:00,629830.3724428896,262132.00795384712,231030.22620644094,367698.3644890425,16,8,positive_momentum_correction,-0.0070143115180718585,1357504.438206722,-0.5360380749289466
2023-04-07 00:00:00+00:00,625865.1792283487,320180.58678398497,320180.586783985,305684.59244436363,11,12,positive_momentum_correction,-0.0062956525884284575,1357504.438206722,-0.5389590180234525
2023-04-08 00:00:00+00:00,621496.4007149979,384893.6600070249,384893.6600070249,236602.74070797296,7,8,positive_momentum_correction,-0.0069803827698757814,1357504.438206722,-0.5421772605502482
2023-04-09 00:00:00+00:00,624451.0092770851,373129.24865838006,373129.24865838006,251321.760618705,7,19,positive_momentum_correction,0.004754023609288893,1357504.438206722,-0.5400007604380347
2023-04-10 00:00:00+00:00,621817.6243146902,373129.24865838006,373129.24865838006,248688.37565631018,7,21,positive_momentum_correction,-0.004217120195615376,1357504.438206722,-0.5419406325211592
2023-04-11 00:00:00+00:00,618099.5787840422,464248.38878438796,464248.38878438785,153851.1899996542,6,31,positive_momentum_correction,-0.00597931834876142,1357504.438206722,-0.5446795153019475
2023-04-12 00:00:00+00:00,614026.8053764671,280878.6956393891,280878.6956393891,333148.1097370779,20,15,positive_momentum_correction,-0.0065891865119650506,1357504.438206722,-0.5476797068983412
2023-04-13 00:00:00+00:00,618829.1566267759,346530.10587587423,346530.1058758741,272299.0507509017,18,27,positive_momentum_correction,0.00782107752993677,1357504.438206722,-0.5441420748176294
2023-04-14 00:00:00+00:00,627799.955842956,375255.5254938398,375255.52549383976,252544.43034911613,19,29,positive_momentum_correction,0.01449640683557929,1357504.438206722,-0.5375337728749627
2023-04-15 00:00:00+00:00,628575.721693747,349476.47058732033,349476.4705873204,279099.2511064266,20,28,positive_momentum_correction,0.001235689559342834,1357504.438206722,-0.5369623081865558
2023-04-16 00:00:00+00:00,630687.9715428854,351498.4101080445,351498.41010804445,279189.5614348409,19,30,positive_momentum_correction,0.003360374536017341,1357504.438206722,-0.5354063281177696
2023-04-17 00:00:00+00:00,628826.3840969605,462600.8865272913,462600.88652729127,166225.49756966927,18,29,positive_momentum_correction,-0.0029516774219916497,1357504.438206722,-0.5367776587694646
2023-04-18 00:00:00+00:00,633429.0599496115,414019.8093122557,414019.8093122557,219409.25063735584,20,27,positive_momentum_correction,0.0073194699984810985,1357504.438206722,-0.5333871167402016
2023-04-19 00:00:00+00:00,603679.5611506313,76521.45797136468,76521.45797136468,527158.1031792666,41,6,positive_momentum_correction,-0.04696579408804957,1357504.438206722,-0.5553019613342123
2023-04-20 00:00:00+00:00,590251.0046079298,70958.50532763252,70958.50532763253,519292.4992802973,44,5,positive_momentum_correction,-0.022244510841324838,1357504.438206722,-0.5651940516764293
2023-04-21 00:00:00+00:00,556212.1133681239,27344.388258984374,27344.3882589844,528867.7251091395,47,2,positive_momentum_correction,-0.05766850200012119,1357504.438206722,-0.5902686593769917
2023-04-22 00:00:00+00:00,570625.0688965721,121429.31944157038,121429.31944157032,449195.7494550018,33,10,positive_momentum_correction,0.025912696221538578,1357504.438206722,-0.5796514156149839
2023-04-23 00:00:00+00:00,558008.7546504942,121755.1927823708,121755.19278237078,436253.5618681234,35,5,positive_momentum_correction,-0.022109638944665222,1357504.438206722,-0.5889451710466378
2023-04-24 00:00:00+00:00,558272.4539663218,434081.9769497771,233409.68357563514,124190.47701654465,12,7,positive_momentum_correction,0.0004725720047040749,1357504.438206722,-0.588750918042076
2023-04-25 00:00:00+00:00,562863.2839696535,381273.26931052393,303191.8304151203,181590.01465912967,11,6,positive_momentum_correction,0.00822327874269213,1357504.438206722,-0.5853691022084598
2023-04-26 00:00:00+00:00,568682.5105466875,257256.3194356083,257256.31943560825,311426.19111107924,11,6,positive_momentum_correction,0.010338614620575726,1357504.438206722,-0.5810823931464097
2023-04-27 00:00:00+00:00,574536.2776707441,257256.3194356083,257256.31943560828,317279.95823513577,11,11,positive_momentum_correction,0.010293559262846363,1357504.438206722,-0.5767702399340124
2023-04-28 00:00:00+00:00,572448.650838302,314798.8814150138,314798.8814150138,257649.76942328812,6,12,positive_momentum_correction,-0.0036335857518096093,1357504.438206722,-0.5783080815599301
2023-04-29 00:00:00+00:00,571823.0739668628,314798.8814150138,314798.88141501375,257024.19255184892,6,12,positive_momentum_correction,-0.0010928087096075956,1357504.438206722,-0.5787689101611726
2023-04-30 00:00:00+00:00,573631.0816170005,369011.253966576,369011.25396657595,204619.82765042453,5,11,positive_momentum_correction,0.003161830524947451,1357504.438206722,-0.5774370488432632
2023-05-01 00:00:00+00:00,572418.6832794715,344104.52638446464,344104.5263844646,228314.1568950069,8,8,positive_momentum_correction,-0.002113550636258066,1357504.438206722,-0.5783301570375396
2023-05-02 00:00:00+00:00,574131.8511125547,248977.89128231665,248977.89128231665,325153.959830238,10,6,positive_momentum_correction,0.0029928579955988965,1357504.438206722,-0.5770681590765265
2023-05-03 00:00:00+00:00,582541.9776056634,170971.5134882795,170971.5134882795,411570.4641173838,12,4,positive_momentum_correction,0.01464842348810902,1357504.438206722,-0.5708728743640739
2023-05-04 00:00:00+00:00,576531.4804725855,113729.64516033235,113729.64516033234,462801.8353122532,13,3,positive_momentum_correction,-0.010317706472899868,1357504.438206722,-0.5753004820859445
2023-05-05 00:00:00+00:00,580951.2773142084,141860.78887285173,141860.7888728517,439090.48844135675,11,4,positive_momentum_correction,0.007666184746754734,1357504.438206722,-0.5720446571197577
2023-05-06 00:00:00+00:00,562192.735512645,259911.80715971545,101923.25411504324,302280.9283529296,7,2,positive_momentum_correction,-0.0322893546052363,1357504.438206722,-0.5858630589412233
2023-05-07 00:00:00+00:00,555558.8775138245,355836.37063562224,167331.0490540298,199722.5068782023,5,3,positive_momentum_correction,-0.011799971041552615,1357504.438206722,-0.5907498628529542
2023-05-08 00:00:00+00:00,542455.3544522111,256042.96917033635,3.92901711165905e-10,286412.3852818747,6,0,positive_momentum_correction,-0.023586200476631514,1357504.438206722,-0.6004025186327933
2023-05-09 00:00:00+00:00,538236.8219142023,301352.05983568163,53823.68219142062,236884.7620785206,5,1,positive_momentum_correction,-0.00777673683812885,1357504.438206722,-0.6035100830865652
2023-05-10 00:00:00+00:00,529005.6158621453,301352.05983568163,53823.68219142062,227653.55602646372,5,1,positive_momentum_correction,-0.017150825949118098,1357504.438206722,-0.6103102126421278
2023-05-11 00:00:00+00:00,515978.9553808108,372805.5363856931,157019.47326758277,143173.41899511765,3,3,positive_momentum_correction,-0.024624805655615534,1357504.438206722,-0.6199062479217935
2023-05-12 00:00:00+00:00,523324.4598128612,321207.64084761206,103930.34151936759,202116.81896524917,4,2,positive_momentum_correction,0.01423605431083752,1357504.438206722,-0.6144952126239982
2023-05-13 00:00:00+00:00,521810.530349618,469568.7099983638,208292.4475892912,52241.8203512542,1,4,positive_momentum_correction,-0.0028929078984472056,1357504.438206722,-0.6156104424682873
2023-05-14 00:00:00+00:00,521978.54134955315,469568.7099983638,208892.40618616546,52409.83135118932,1,4,positive_momentum_correction,0.00032197702070635437,1357504.438206722,-0.6154866778637627
2023-05-15 00:00:00+00:00,521402.50363548985,469568.7099983638,156519.15753346652,51833.79363712606,1,3,positive_momentum_correction,-0.001103565890992364,1357504.438206722,-0.6159110136507044
2023-05-16 00:00:00+00:00,521834.5319210373,469568.7099983638,260888.46407481594,52265.82192267351,1,5,positive_momentum_correction,0.0008285888206043257,1357504.438206722,-0.6155927618104982
2023-05-17 00:00:00+00:00,521751.36620485166,521751.36620485166,208725.4961967968,0.0,0,4,positive_momentum_correction,-0.00015937181443226311,1357504.438206722,-0.6156540254895293
2023-05-18 00:00:00+00:00,521751.36620485166,521751.36620485166,313075.7694377671,0.0,0,6,positive_momentum_correction,0.0,1357504.438206722,-0.6156540254895293
2023-05-19 00:00:00+00:00,523181.1192043735,417392.7763922627,156954.33576131242,105788.34281211077,2,3,positive_momentum_correction,0.0027402956506308307,1357504.438206722,-0.6146008038872408
2023-05-20 00:00:00+00:00,523643.089269778,417392.7763922627,104636.22384087507,106250.31287751527,2,2,positive_momentum_correction,0.0008830021735246607,1357504.438206722,-0.6142604955593987
2023-05-21 00:00:00+00:00,520479.2048357171,417392.7763922627,156684.1443244468,103086.42844345441,2,3,positive_momentum_correction,-0.006042062807461002,1357504.438206722,-0.6165911578725476
2023-05-22 00:00:00+00:00,517476.58029581606,417392.7763922627,259038.5526018985,100083.80390355337,2,5,positive_momentum_correction,-0.005768961587713672,1357504.438206722,-0.6188030287551707
2023-05-23 00:00:00+00:00,517083.6449033961,417392.7763922627,310707.62355299614,99690.86851113336,2,6,positive_momentum_correction,-0.0007593298081148836,1357504.438206722,-0.6190924829782
2023-05-24 00:00:00+00:00,517316.50518485944,309987.46179583116,206942.60958503987,207329.0433890283,4,4,positive_momentum_correction,0.0004503338749126673,1357504.438206722,-0.6189209474200761
2023-05-25 00:00:00+00:00,514507.61148762295,309987.46179583116,154914.0621857346,204520.1496917918,4,3,positive_momentum_correction,-0.005429739181108784,1357504.438206722,-0.6209901072829691
2023-05-26 00:00:00+00:00,516817.8466265059,309987.46179583116,309959.41617368633,206830.38483067474,4,6,positive_momentum_correction,0.0044901865148374576,1357504.438206722,-0.6192882821737011
2023-05-27 00:00:00+00:00,510673.47366075986,258536.70064706885,258536.70064706885,252136.77301369098,5,9,positive_momentum_correction,-0.011888856017362781,1357504.438206722,-0.6238145089710609
2023-05-28 00:00:00+00:00,512912.2204189495,258536.70064706885,258536.70064706885,254375.51977188064,5,9,positive_momentum_correction,0.004383910411757119,1357504.438206722,-0.6221653454801871
2023-05-29 00:00:00+00:00,508249.0358469931,472201.65670299606,472201.656702996,36047.379143997015,1,32,positive_momentum_correction,-0.009091584069000125,1357504.438206722,-0.6256004610059356
2023-05-30 00:00:00+00:00,509550.2502920255,420670.3369411188,420670.33694111876,88879.91335090669,6,24,positive_momentum_correction,0.002560190680664931,1357504.438206722,-0.6246419267953578
2023-05-31 00:00:00+00:00,509498.14333857805,181620.06135484413,181620.06135484413,327878.0819837339,21,9,positive_momentum_correction,-0.00010226067677832074,1357504.438206722,-0.6246803111659579
2023-06-01 00:00:00+00:00,515124.7215876634,97457.4556906126,97457.4556906126,417667.2658970508,26,7,positive_momentum_correction,0.011043373410972945,1357504.438206722,-0.6205355156936734
2023-06-02 00:00:00+00:00,526539.481640674,83285.57886929729,83285.5788692973,443253.9027713768,27,6,positive_momentum_correction,0.022159216156097727,1357504.438206722,-0.6121268801623674
2023-06-03 00:00:00+00:00,510210.0369339541,83285.57886929729,83285.57886929729,426924.4580646568,27,6,positive_momentum_correction,-0.031012764049218378,1357504.438206722,-0.6241558977089261
2023-06-04 00:00:00+00:00,506638.5347965829,136468.74666904088,136468.74666904088,370169.788127542,22,12,positive_momentum_correction,-0.007000062481784419,1357504.438206722,-0.6267868299083738
2023-06-05 00:00:00+00:00,484597.5246405229,229934.04358936695,229934.04358936695,254663.48105115592,19,5,positive_momentum_correction,-0.04350440924299126,1357504.438206722,-0.6430232483949139
2023-06-06 00:00:00+00:00,493277.23847878317,297164.29214872787,297164.2921487278,196112.9463300553,14,11,positive_momentum_correction,0.017911180715788788,1357504.438206722,-0.6366293732855801
2023-06-07 00:00:00+00:00,478135.20178709785,126364.76223673663,124509.4724530785,351770.4395503612,21,3,positive_momentum_correction,-0.0306968080229727,1357504.438206722,-0.6477836916550199
2023-06-08 00:00:00+00:00,480151.5861288574,30091.48959397454,28236.199810316422,450060.09653488285,23,1,positive_momentum_correction,0.004217184457917078,1357504.438206722,-0.6462983305136425
2023-06-09 00:00:00+00:00,474760.6261450573,1855.2897836583033,1.8917489796876907e-10,472905.33636139904,24,0,positive_momentum_correction,-0.011227620900440605,1357504.438206722,-0.6502695587704883
2023-06-10 00:00:00+00:00,429905.77730585315,127625.17027367372,85981.15546117083,302280.6070321794,12,2,positive_momentum_correction,-0.09447887286571088,1357504.438206722,-0.6833116966646803
2023-06-11 00:00:00+00:00,440403.3736529589,164581.9746738162,42990.57773058551,275821.3989791427,11,1,positive_momentum_correction,0.024418365375065143,1357504.438206722,-0.675578685963829
2023-06-12 00:00:00+00:00,443933.16279862047,331125.2129392783,131777.2102903096,112807.94985934219,3,3,positive_momentum_correction,0.008014900331901442,1357504.438206722,-0.6729784814662846
2023-06-13 00:00:00+00:00,447036.17238914006,328541.5490743212,134110.8517167422,118494.62331481883,3,3,positive_momentum_correction,0.0069898125451086646,1357504.438206722,-0.6706926623535171
2023-06-14 00:00:00+00:00,447756.63724580273,310519.2616522634,89407.2344778282,137237.37559353933,3,2,positive_momentum_correction,0.0016116477841428,1357504.438206722,-0.6701619349124972
2023-06-15 00:00:00+00:00,445795.5708581882,310519.2616522634,89407.2344778282,135276.30920592477,3,2,positive_momentum_correction,-0.004379759504353209,1357504.438206722,-0.6716065463129617
2023-06-16 00:00:00+00:00,440796.48422912747,310519.2616522634,132238.94526873843,130277.22257686406,3,3,positive_momentum_correction,-0.011213854411871171,1357504.438206722,-0.6752891026924197
2023-06-17 00:00:00+00:00,438389.3774556359,310519.2616522634,132238.94526873843,127870.1158033725,3,3,positive_momentum_correction,-0.005460812097222489,1357504.438206722,-0.6770622878885368
2023-06-18 00:00:00+00:00,438910.8616195668,395772.42482410284,88159.29684582568,43138.43679546393,1,2,positive_momentum_correction,0.0011895456202828392,1357504.438206722,-0.6766781387474705
2023-06-19 00:00:00+00:00,438846.175533592,438846.175533592,87769.23510671858,0.0,0,2,positive_momentum_correction,-0.00014737864024627623,1357504.438206722,-0.6767257894837437
2023-06-20 00:00:00+00:00,438846.175533592,438846.175533592,175538.470213437,0.0,0,4,positive_momentum_correction,0.0,1357504.438206722,-0.6767257894837437
2023-06-21 00:00:00+00:00,438846.175533592,438846.175533592,307192.32287351455,0.0,0,7,positive_momentum_correction,0.0,1357504.438206722,-0.6767257894837437
2023-06-22 00:00:00+00:00,439554.0818166966,394961.5579802328,263520.07720508677,44592.52383646382,1,6,positive_momentum_correction,0.0016131080149983656,1357504.438206722,-0.6762043132637177
2023-06-23 00:00:00+00:00,440573.5274206276,394961.5579802328,351980.25306661945,45611.96944039478,1,8,positive_momentum_correction,0.0023192722945890587,1357504.438206722,-0.6754533428983629
2023-06-24 00:00:00+00:00,437909.81471358216,394961.5579802328,307664.8375322443,42948.25673334937,1,7,positive_momentum_correction,-0.006046011712597332,1357504.438206722,-0.6774155557884837
2023-06-25 00:00:00+00:00,437716.9888334007,351170.5765088746,351170.5765088746,86546.4123245261,2,17,positive_momentum_correction,-0.00044033240110763483,1357504.438206722,-0.6775576001713632
2023-06-26 00:00:00+00:00,435318.3338267443,251749.67399881236,251749.67399881236,183568.65982793193,8,8,positive_momentum_correction,-0.005479922113713953,1357504.438206722,-0.6793245594085833
2023-06-27 00:00:00+00:00,438456.80370642117,293845.4650893853,293845.4650893853,144611.3386170359,7,17,positive_momentum_correction,0.007209597289614678,1357504.438206722,-0.6770126186212493
2023-06-28 00:00:00+00:00,428715.80474176654,127718.28287959515,127718.28287959512,300997.5218621714,20,4,positive_momentum_correction,-0.02221655333503947,1357504.438206722,-0.6841882850061951
2023-06-29 00:00:00+00:00,426754.16260339954,98234.38625032686,98234.38625032688,328519.77635307267,21,6,positive_momentum_correction,-0.004575623563839892,1357504.438206722,-0.6856333205310574
2023-06-30 00:00:00+00:00,434735.98630123626,102517.5815616931,102517.58156169309,332218.40473954316,22,25,positive_momentum_correction,0.018703563778133647,1357504.438206722,-0.67975354329189
2023-07-01 00:00:00+00:00,437007.6735976576,205052.97786608743,205052.97786608746,231954.69573157016,16,31,positive_momentum_correction,0.005225441113695162,1357504.438206722,-0.6780801142904922
2023-07-02 00:00:00+00:00,439054.2695320619,142424.67807145964,142424.67807145964,296629.59146060224,20,26,positive_momentum_correction,0.004683203655340362,1357504.438206722,-0.6765724979050107
2023-07-03 00:00:00+00:00,439643.8551923237,294457.884063192,294457.8840631918,145185.9711291317,8,39,positive_momentum_correction,0.0013428537225936843,1357504.438206722,-0.6761381820798332
2023-07-04 00:00:00+00:00,438017.7657714287,215841.83961702825,215841.8396170282,222175.92615440048,22,26,positive_momentum_correction,-0.003698651537353159,1357504.438206722,-0.6773360340905736
2023-07-05 00:00:00+00:00,435236.9588584517,70223.89439976582,70223.89439976582,365013.06445868587,41,7,positive_momentum_correction,-0.0063486167235238256,1357504.438206722,-0.6793845039406248
2023-07-06 00:00:00+00:00,423334.08454432985,44559.60040948608,44559.60040948608,378774.48413484375,43,6,positive_momentum_correction,-0.027348032081974227,1357504.438206722,-0.6881527068128346
2023-07-07 00:00:00+00:00,428946.9164833701,106218.25472059348,106218.25472059347,322728.6617627766,39,8,positive_momentum_correction,0.013258634596082342,1357504.438206722,-0.6840180375026887
2023-07-08 00:00:00+00:00,428224.0412755911,125754.61113206777,125754.61113206779,302469.4301435233,38,10,positive_momentum_correction,-0.0016852323212982467,1357504.438206722,-0.6845505405188363
2023-07-09 00:00:00+00:00,426147.3989297289,206460.74997116634,206460.7499711663,219686.64895856255,24,23,positive_momentum_correction,-0.0048494296109026225,1357504.438206722,-0.6860802904683876
2023-07-10 00:00:00+00:00,427341.21679090185,316598.58206296555,316598.58206296555,110742.63472793628,7,29,positive_momentum_correction,0.002801420034878044,1357504.438206722,-0.6852008695047626
2023-07-11 00:00:00+00:00,428075.51361233054,322449.69132592785,322449.69132592785,105625.82228640269,6,23,positive_momentum_correction,0.0017182915959823575,1357504.438206722,-0.68465995280441
2023-07-12 00:00:00+00:00,427897.55433978926,285959.4480959904,285959.44809599034,141938.10624379886,9,22,positive_momentum_correction,-0.0004157193459620734,1357504.438206722,-0.6847910457625859
2023-07-13 00:00:00+00:00,436007.10104848846,285959.4480959904,285959.4480959904,150047.65295249806,9,27,positive_momentum_correction,0.018952075389193412,1357504.438206722,-0.6788171818985296
2023-07-14 00:00:00+00:00,437530.1309771997,160971.79670638934,160971.79670638934,276558.33427081036,21,19,positive_momentum_correction,0.0034931310179322494,1357504.438206722,-0.6776952482341924
2023-07-15 00:00:00+00:00,436528.2737764324,216680.9163716579,216680.91637165786,219847.35740477452,18,24,positive_momentum_correction,-0.0022898016155590284,1357504.438206722,-0.678433262175488
2023-07-16 00:00:00+00:00,434749.6532905272,190779.5004699905,190779.50046999054,243970.15282053666,23,17,positive_momentum_correction,-0.004074468007577714,1357504.438206722,-0.6797434755610552
2023-07-17 00:00:00+00:00,435095.1484224305,171019.1520910594,171019.1520910594,264075.9963313711,25,15,positive_momentum_correction,0.000794699039524005,1357504.438206722,-0.6794889680086822
2023-07-18 00:00:00+00:00,430855.05491908424,135333.2096032226,135333.2096032226,295521.84531586163,30,12,positive_momentum_correction,-0.009745209797718979,1357504.438206722,-0.682612415257921
2023-07-19 00:00:00+00:00,433232.6194383091,272482.8345490201,272482.8345490201,160749.784889289,18,24,positive_momentum_correction,0.005518246779468328,1357504.438206722,-0.6808609922405748
2023-07-20 00:00:00+00:00,436484.0505103257,262878.9582851846,262878.9582851846,173605.09222514112,18,19,positive_momentum_correction,0.0075050467719446345,1357504.438206722,-0.6784658390605884
2023-07-21 00:00:00+00:00,435702.73155254446,310659.5379800919,310659.5379800918,125043.19357245258,12,19,positive_momentum_correction,-0.0017900286548104827,1357504.438206722,-0.6790413944221704
2023-07-22 00:00:00+00:00,434419.9673189497,320477.20173029276,320477.2017302927,113942.76558865694,10,20,positive_momentum_correction,-0.0029441271323313867,1357504.438206722,-0.6799863373612074
2023-07-23 00:00:00+00:00,434111.59221699333,356024.00198156724,356024.00198156724,78087.59023542608,5,19,positive_momentum_correction,-0.0007098548067657751,1357504.438206722,-0.6802135005978622
2023-07-24 00:00:00+00:00,428594.2989928616,91799.91895961139,91799.91895961139,336794.3800332502,18,6,positive_momentum_correction,-0.0127093892977036,1357504.438206722,-0.6842777917109139
2023-07-25 00:00:00+00:00,432023.12051996373,86827.64084563596,86827.64084563595,345195.47967432777,19,5,positive_momentum_correction,0.008000156640345812,1357504.438206722,-0.6817519645897652
2023-07-26 00:00:00+00:00,439216.0063105686,86827.64084563596,86827.64084563595,352388.36546493263,19,5,positive_momentum_correction,0.016649307523050716,1357504.438206722,-0.6764533551796135
2023-07-27 00:00:00+00:00,438893.4862987463,131807.43110143277,131807.4311014328,307086.05519731354,16,14,positive_momentum_correction,-0.0007343084204318728,1357504.438206722,-0.6766909382053076
2023-07-28 00:00:00+00:00,439479.63460590126,131807.43110143277,131807.43110143277,307672.2035044685,16,15,positive_momentum_correction,0.0013355137987989263,1357504.438206722,-0.676259154492004
2023-07-29 00:00:00+00:00,439601.1209500838,408476.2172425552,408476.21724255517,31124.903707528523,2,28,positive_momentum_correction,0.00027643224990714366,1357504.438206722,-0.6761696620816934
2023-07-30 00:00:00+00:00,441136.90202243405,229343.25841828875,229343.25841828872,211793.64360414527,14,15,positive_momentum_correction,0.0034935786083327702,1357504.438206722,-0.6750383353404128
2023-07-31 00:00:00+00:00,437537.84929845773,159953.0249638875,159953.02496388747,277584.82433457026,17,12,positive_momentum_correction,-0.008158584574258332,1357504.438206722,-0.6776895625649298
2023-08-01 00:00:00+00:00,440988.97673757805,146162.53020363871,146162.53020363871,294826.44653393934,19,12,positive_momentum_correction,0.007887608911214983,1357504.438206722,-0.6751473038864394
2023-08-02 00:00:00+00:00,430303.16033240483,90618.15010771895,73425.47936138447,339685.0102246859,23,4,positive_momentum_correction,-0.024231481893780105,1357504.438206722,-0.6830189661104609
2023-08-03 00:00:00+00:00,426355.0548330186,90618.15010771895,90618.15010771895,335736.9047252997,23,5,positive_momentum_correction,-0.009175171979532548,1357504.438206722,-0.6859273216106474
2023-08-04 00:00:00+00:00,425764.7354438575,289992.8787723688,175771.09719649045,135771.85667148873,9,7,positive_momentum_correction,-0.0013845722771888003,1357504.438206722,-0.6863621779341678
2023-08-05 00:00:00+00:00,426325.2271570277,359013.9782832742,303270.87202606106,67311.2488737535,6,10,positive_momentum_correction,0.0013164352669694512,1357504.438206722,-0.6859492940441447
2023-08-06 00:00:00+00:00,425252.6782286948,372587.4742209444,372587.47422094434,52665.20400775039,4,9,positive_momentum_correction,-0.0025157998166922546,1357504.438206722,-0.6867393827526206
2023-08-07 00:00:00+00:00,423829.8998489135,339907.037894462,339907.037894462,83922.86195445148,2,12,positive_momentum_correction,-0.003345724677637718,1357504.438206722,-0.6877874665302772
2023-08-08 00:00:00+00:00,419220.8935290819,339907.037894462,339907.03789446206,79313.85563461989,2,11,positive_momentum_correction,-0.010874660616144838,1357504.438206722,-0.6911826718718672
2023-08-09 00:00:00+00:00,417127.8401507171,263732.8271050914,257751.31386138432,153395.0130456257,4,8,positive_momentum_correction,-0.004992722000912275,1357504.438206722,-0.6927245109402755
2023-08-10 00:00:00+00:00,417305.95996861195,263732.8271050914,263732.8271050914,153573.13286352053,4,7,positive_momentum_correction,0.0004270149358298614,1357504.438206722,-0.6925932997170325
2023-08-11 00:00:00+00:00,418209.74695963215,197656.095369987,197656.09536998696,220553.6515896452,6,6,positive_momentum_correction,0.002165765835427269,1357504.438206722,-0.6919275287879783
2023-08-12 00:00:00+00:00,415669.045831145,278761.68031540065,197364.3365060725,136907.36551574437,4,6,positive_momentum_correction,-0.00607518391658235,1357504.438206722,-0.6937991257102273
2023-08-13 00:00:00+00:00,413172.4614295374,278761.68031540065,278761.6803154006,134410.7811141367,4,15,positive_momentum_correction,-0.006006183108043572,1357504.438206722,-0.6956382242290546
2023-08-14 00:00:00+00:00,412657.0323954639,340548.24198753276,340548.2419875327,72108.79040793116,3,21,positive_momentum_correction,-0.0012474912589530707,1357504.438206722,-0.6960179128838884
2023-08-15 00:00:00+00:00,405946.010581222,110456.39243234978,110456.39243234979,295489.6181488722,20,6,positive_momentum_correction,-0.01626295273652445,1357504.438206722,-0.7009615591994078
2023-08-16 00:00:00+00:00,397645.9251875972,62051.31366954691,44623.08995801509,335594.6115180503,23,2,positive_momentum_correction,-0.02044627900577456,1357504.438206722,-0.7070757825934686
2023-08-17 00:00:00+00:00,367236.7475811218,17428.22371153214,3.2014213502407074e-10,349808.52386958967,25,0,positive_momentum_correction,-0.07647300193540096,1357504.438206722,-0.729476576838124
2023-08-18 00:00:00+00:00,387815.3466829617,17428.22371153214,17428.223711532133,370387.12297142955,25,1,positive_momentum_correction,0.05603632870998054,1357504.438206722,-0.7143174373740759
2023-08-19 00:00:00+00:00,394001.19349727634,8240.082413592398,3.2014213502407074e-10,385761.11108368397,25,0,positive_momentum_correction,0.01595049517050584,1357504.438206722,-0.7097606590386134
2023-08-20 00:00:00+00:00,391398.9219140813,218756.31809610451,156559.56876563287,172642.60381797684,8,4,positive_momentum_correction,-0.006604730204232245,1357504.438206722,-0.7116776115803176
2023-08-21 00:00:00+00:00,393234.8429147146,328411.1371388198,328411.13713881985,64823.70577589483,3,9,positive_momentum_correction,0.00469066442915822,1357504.438206722,-0.7103251880088274
2023-08-22 00:00:00+00:00,396511.5716006172,238328.2190389129,196253.65425914418,158183.3525617043,5,5,positive_momentum_correction,0.008332752666612597,1357504.438206722,-0.7079113994467574
2023-08-23 00:00:00+00:00,407060.28788208927,238328.2190389129,238328.2190389129,168732.06884317633,5,10,positive_momentum_correction,0.026603804370423756,1357504.438206722,-0.7001407314588082
2023-08-24 00:00:00+00:00,393562.3918443378,249929.61176584577,248035.04571590858,143632.78007849207,6,7,positive_momentum_correction,-0.03315945190325542,1357504.438206722,-0.7100839004517452
2023-08-25 00:00:00+00:00,391766.85308006674,169867.34379320304,169867.343793203,221899.50928686373,8,6,positive_momentum_correction,-0.0045622722126895665,1357504.438206722,-0.7114065766167255
2023-08-26 00:00:00+00:00,391893.3159257358,129161.3150049941,129161.3150049941,262732.0009207417,9,5,positive_momentum_correction,0.0003228012902949384,1357504.438206722,-0.7113134182872867
2023-08-27 00:00:00+00:00,391390.078895663,218471.76127366658,207004.86819439175,172918.31762199645,6,7,positive_momentum_correction,-0.0012841174105866493,1357504.438206722,-0.7116841257530668
2023-08-28 00:00:00+00:00,393278.801063651,179332.75338410027,126832.28636532198,213946.04767955074,7,4,positive_momentum_correction,0.0048256771692249956,1357504.438206722,-0.7102928064211882
2023-08-29 00:00:00+00:00,399590.42401996325,190247.84846269825,190247.84846269825,209342.57555726497,5,5,positive_momentum_correction,0.01604872405845925,1357504.438206722,-0.7056433756136912
2023-08-30 00:00:00+00:00,401099.8585912582,245728.61858348374,245728.61858348374,155371.24000777444,4,7,positive_momentum_correction,0.0037774543146196216,1357504.438206722,-0.7045314569128662
2023-08-31 00:00:00+00:00,396637.2615038514,259203.8880384273,257103.84742377052,137433.3734654241,4,7,positive_momentum_correction,-0.01112590042559558,1357504.438206722,-0.7078188105021495
2023-09-01 00:00:00+00:00,401064.31087927485,258133.73711781838,258133.73711781838,142930.57376145647,4,8,positive_momentum_correction,0.011161456083672805,1357504.438206722,-0.7045576429870939
2023-09-02 00:00:00+00:00,392547.1859413718,220828.2145453698,197125.3054644765,171718.971396002,5,5,positive_momentum_correction,-0.021236307262619603,1357504.438206722,-0.7108317476590126
2023-09-03 00:00:00+00:00,387559.6539803903,142318.77735709545,142318.77735709545,245240.87662329484,7,4,positive_momentum_correction,-0.01270556034944137,1357504.438206722,-0.7145057923402736
2023-09-04 00:00:00+00:00,380575.4448457541,150935.41363541994,150935.41363541994,229640.03121033413,7,5,positive_momentum_correction,-0.018020991253619,1357504.438206722,-0.7196506809594683
2023-09-05 00:00:00+00:00,382902.3650032672,117785.39799194368,117785.39799194367,265116.9670113235,8,7,positive_momentum_correction,0.006114215168181003,1357504.438206722,-0.7179365649006015
2023-09-06 00:00:00+00:00,383666.95272550476,144914.39614012637,144914.3961401263,238752.55658537842,9,17,positive_momentum_correction,0.001996821623786671,1357504.438206722,-0.7173733345341154
2023-09-07 00:00:00+00:00,381351.0082880093,201599.18943994454,201599.18943994452,179751.81884806478,8,17,positive_momentum_correction,-0.006036340688306274,1357504.438206722,-0.7190793653744675
2023-09-08 00:00:00+00:00,378436.3531335951,223930.23133278327,223930.23133278324,154506.12180081182,13,10,positive_momentum_correction,-0.007642972199021991,1357504.438206722,-0.721226433975042
2023-09-09 00:00:00+00:00,376389.7424888982,150759.7195463035,150759.7195463035,225630.02294259472,16,7,positive_momentum_correction,-0.00540807094178497,1357504.438206722,-0.7227340611967994
2023-09-10 00:00:00+00:00,365610.9908469813,135734.9487499556,135734.9487499556,229876.0420970257,17,6,positive_momentum_correction,-0.02863720878959619,1357504.438206722,-0.73067418377655
2023-09-11 00:00:00+00:00,359571.0542358456,91180.9606379839,91180.96063798385,268390.0935978617,17,6,positive_momentum_correction,-0.01652011772715989,1357504.438206722,-0.7351234779675249
2023-09-12 00:00:00+00:00,360776.7821268438,87934.17613112163,87934.17613112163,272842.6059957222,17,5,positive_momentum_correction,0.003353239580312195,1357504.438206722,-0.7342352835299502
2023-09-13 00:00:00+00:00,366163.62401433435,149920.49959870125,149920.49959870125,216243.1244156331,10,11,positive_momentum_correction,0.01493123214785097,1357504.438206722,-0.730267088851628
2023-09-14 00:00:00+00:00,368806.3745905488,209039.88440893817,209039.88440893817,159766.4901816106,7,13,positive_momentum_correction,0.007217403376232223,1357504.438206722,-0.7283203176280248
2023-09-15 00:00:00+00:00,393235.67586801935,250111.2979763389,250111.2979763389,143124.37789168046,5,18,positive_momentum_correction,0.06623882600888376,1357504.438206722,-0.7103245744172388
2023-09-16 00:00:00+00:00,418683.73605904577,308506.18309346604,308506.18309346604,110177.55296557974,3,21,positive_momentum_correction,0.06471452554464441,1357504.438206722,-0.6915783666887074
2023-09-17 00:00:00+00:00,361439.8792963904,137669.09730668555,137669.09730668552,223770.78198970485,12,12,positive_momentum_correction,-0.1367233829082447,1357504.438206722,-0.7337468157571136
2023-09-18 00:00:00+00:00,376132.00169675663,108586.65425540286,108586.65425540286,267545.3474413538,14,8,positive_momentum_correction,0.04064886926414202,1357504.438206722,-0.722923924879663
2023-09-19 00:00:00+00:00,392633.54280528985,124048.41146562586,124048.41146562586,268585.131339664,13,10,positive_momentum_correction,0.04387167545992798,1357504.438206722,-0.7107681332342729
2023-09-20 00:00:00+00:00,391976.58936514147,131327.69851556473,131327.69851556473,260648.89084957674,14,15,positive_momentum_correction,-0.0016731974437399488,1357504.438206722,-0.7112520752543934
2023-09-21 00:00:00+00:00,375171.4420123302,76464.21882683404,76464.21882683405,298707.2231854962,22,8,positive_momentum_correction,-0.04287283426806032,1357504.438206722,-0.7236315171772583
2023-09-22 00:00:00+00:00,375468.38750212477,265716.86132751737,265716.86132751725,109751.52617460742,12,16,positive_momentum_correction,0.0007914927858094778,1357504.438206722,-0.7234127735168788
2023-09-23 00:00:00+00:00,377658.49672958866,283782.3283355266,283782.3283355266,93876.16839406207,12,15,positive_momentum_correction,0.00583300565470779,1357504.438206722,-0.7217994386607829
2023-09-24 00:00:00+00:00,373153.44975336234,228626.1003613472,228626.1003613472,144527.3493920151,15,13,positive_momentum_correction,-0.011928890823955207,1357504.438206722,-0.7251180627841615
2023-09-25 00:00:00+00:00,381954.02760273183,235171.44479042594,235171.44479042594,146782.5828123059,14,12,positive_momentum_correction,0.02358434004880916,1357504.438206722,-0.7186351537035878
2023-09-26 00:00:00+00:00,385189.9737338309,259471.55410022844,259471.5541002284,125718.41963360248,8,16,positive_momentum_correction,0.008472082756683985,1357504.438206722,-0.716251407440943
2023-09-27 00:00:00+00:00,392016.6848177187,259471.55410022844,259471.55410022842,132545.13071749028,8,15,positive_momentum_correction,0.017722971908414875,1357504.438206722,-0.7112225391059664
2023-09-28 00:00:00+00:00,397491.8562529071,233979.86306718242,233979.86306718242,163511.99318572466,7,22,positive_momentum_correction,0.01396667960123743,1357504.438206722,-0.7071892768336006
2023-09-29 00:00:00+00:00,393349.101604738,276474.7116494899,276474.7116494899,116874.38995524809,6,26,positive_momentum_correction,-0.01042223779682483,1357504.438206722,-0.710241019819901
2023-09-30 00:00:00+00:00,392386.4710837103,279184.8682607312,279184.8682607312,113201.60282297907,6,33,positive_momentum_correction,-0.0024472676233413537,1357504.438206722,-0.7109501375906682
2023-10-01 00:00:00+00:00,402001.95240913786,290955.8599077499,290955.85990775,111046.0925013879,5,41,positive_momentum_correction,0.024505129595500774,1357504.438206722,-0.7038669332527658
2023-10-02 00:00:00+00:00,396788.0488955324,81315.55798315408,81315.55798315408,315472.4909123783,32,15,positive_momentum_correction,-0.01296984624666453,1357504.438206722,-0.7077077335970308
2023-10-03 00:00:00+00:00,385835.4030155308,90640.81314192465,90640.81314192462,295194.58987360616,36,12,positive_momentum_correction,-0.027603265548164835,1357504.438206722,-0.7157759546442268
2023-10-04 00:00:00+00:00,380905.3644126138,76870.57247011547,76870.57247011544,304034.79194249836,40,8,positive_momentum_correction,-0.012777569306460346,1357504.438206722,-0.7194076470823227
2023-10-05 00:00:00+00:00,377702.2744491081,83819.70705683822,83819.7070568382,293882.5673922699,40,7,positive_momentum_correction,-0.008409148998059113,1357504.438206722,-0.7217671899857234
2023-10-06 00:00:00+00:00,384465.8142082556,95947.03046198089,95947.03046198089,288518.7837462747,40,9,positive_momentum_correction,0.01790706653544083,1357504.438206722,-0.7167848565444551
2023-10-07 00:00:00+00:00,381864.3824232421,293255.63504384493,293255.63504384493,88608.74737939719,13,28,positive_momentum_correction,-0.00676635396145886,1357504.438206722,-0.7187011904523206
2023-10-08 00:00:00+00:00,380830.8248527271,265354.9116805314,265354.9116805314,115475.91317219571,13,22,positive_momentum_correction,-0.002706608990228898,1357504.438206722,-0.7194625563391832
2023-10-09 00:00:00+00:00,375975.94867253746,124178.25782999382,124178.2578299938,251797.69084254367,22,9,positive_momentum_correction,-0.012748117703095918,1357504.438206722,-0.7230388806910968
2023-10-10 00:00:00+00:00,372367.0098056598,89839.57599975825,89839.57599975825,282527.43380590156,24,6,positive_momentum_correction,-0.009598855670475137,1357504.438206722,-0.7256973905016763
2023-10-11 00:00:00+00:00,372560.9508749658,83935.0449906962,83935.04499069617,288625.9058842696,24,8,positive_momentum_correction,0.000520833114102226,1357504.438206722,-0.7255545246193649
2023-10-12 00:00:00+00:00,367602.8214921969,81206.24585116454,81206.24585116451,286396.57564103237,25,6,positive_momentum_correction,-0.013308236870033463,1357504.438206722,-0.7292069100136394
2023-10-13 00:00:00+00:00,369987.6776576028,126061.73343655985,126061.73343655984,243925.94422104294,21,8,positive_momentum_correction,0.006487589392609072,1357504.438206722,-0.727450115635452
2023-10-14 00:00:00+00:00,370518.73038759467,266273.92531032476,266273.92531032476,104244.8050772699,7,18,positive_momentum_correction,0.001435325450171554,1357504.438206722,-0.7270589178499822
2023-10-15 00:00:00+00:00,373479.0646313048,278734.88873982406,278734.88873982406,94744.17589148076,5,16,positive_momentum_correction,0.007989702006733657,1357504.438206722,-0.7248781999382081
2023-10-16 00:00:00+00:00,373636.1792443578,228507.16470238476,228507.1647023848,145129.01454197304,6,18,positive_momentum_correction,0.000420678500970606,1357504.438206722,-0.7247624621117739
2023-10-17 00:00:00+00:00,361502.5535168331,207348.5756984486,207348.57569844858,154153.97781838448,12,10,positive_momentum_correction,-0.032474440114615644,1357504.438206722,-0.7337006470532192
2023-10-18 00:00:00+00:00,341445.4698966482,132988.6586312776,132988.65863127756,208456.81126537063,15,7,positive_momentum_correction,-0.05548255033072946,1357504.438206722,-0.7484756143061297
2023-10-19 00:00:00+00:00,327888.5081577599,169402.359698638,165777.50944705354,158486.14845912193,14,8,positive_momentum_correction,-0.03970461738148656,1357504.438206722,-0.7584622938022183
2023-10-20 00:00:00+00:00,327609.2599794882,188433.443657628,188433.443657628,139175.8163218602,13,11,positive_momentum_correction,-0.0008516558870594881,1357504.438206722,-0.7586680008116484
2023-10-21 00:00:00+00:00,331899.98084570584,211653.93446109144,211653.9344610914,120246.04638461437,12,11,positive_momentum_correction,0.013097068338319362,1357504.438206722,-0.7555072591260554
2023-10-22 00:00:00+00:00,332352.78281902906,203926.93431680935,203926.9343168094,128425.8485022197,6,18,positive_momentum_correction,0.0013642723695537207,1357504.438206722,-0.7551737044351245
2023-10-23 00:00:00+00:00,340683.5970946828,258220.67220906264,258220.6722090626,82462.92488562016,4,32,positive_momentum_correction,0.025066178790475124,1357504.438206722,-0.7490368447378857
2023-10-24 00:00:00+00:00,339908.647421586,160725.8950404997,160725.8950404997,179182.75238108626,15,25,positive_momentum_correction,-0.0022746902982870854,1357504.438206722,-0.749607708192388
2023-10-25 00:00:00+00:00,347294.5856191771,143572.27741203416,143572.27741203416,203722.3082071429,20,26,positive_momentum_correction,0.021729185925742023,1357504.438206722,-0.7441668875293277
2023-10-26 00:00:00+00:00,348523.67074466957,146080.22447278793,146080.22447278793,202443.44627188164,25,23,positive_momentum_correction,0.0035390276047673197,1357504.438206722,-0.7432614870820805
2023-10-27 00:00:00+00:00,343443.89255812904,137649.60968292883,137649.60968292883,205794.2828752002,31,19,positive_momentum_correction,-0.014575131082737891,1357504.438206722,-0.7470034845618463
2023-10-28 00:00:00+00:00,345120.3060868975,161257.81757575396,161257.81757575393,183862.4885111435,29,19,positive_momentum_correction,0.0048811860251225525,1357504.438206722,-0.7457685615062849
2023-10-29 00:00:00+00:00,347506.696473541,263049.5266765377,263049.5266765377,84457.16979700325,18,31,positive_momentum_correction,0.0069146623497795545,1357504.438206722,-0.7440106369504021
2023-10-30 00:00:00+00:00,349134.8962955822,248425.8324173173,248425.83241731726,100709.06387826492,17,32,positive_momentum_correction,0.004685376824573373,1357504.438206722,-0.7428112303214323
2023-10-31 00:00:00+00:00,351779.1994623047,164597.05454447833,164597.05454447833,187182.14491782634,24,25,positive_momentum_correction,0.007573872433776607,1357504.438206722,-0.7408633153884868
2023-11-01 00:00:00+00:00,356912.03133863385,174588.1911769542,174588.1911769542,182323.84016167966,25,25,positive_momentum_correction,0.014591061336698408,1357504.438206722,-0.7370822361287316
2023-11-02 00:00:00+00:00,351223.80320173607,27698.56483999992,27698.56483999992,323525.2383617361,42,8,positive_momentum_correction,-0.015937339280952534,1357504.438206722,-0.7412724457345373
2023-11-03 00:00:00+00:00,361227.6508097439,26170.116505950882,26170.116505950864,335057.53430379304,43,7,positive_momentum_correction,0.02848282922972012,1357504.438206722,-0.733903152989371
2023-11-04 00:00:00+00:00,379340.54957909975,59425.65141323026,59425.65141323027,319914.89816586947,39,9,positive_momentum_correction,0.050142614300852095,1357504.438206722,-0.7205603614230442
2023-11-05 00:00:00+00:00,378415.4312761001,171944.25814836877,171944.25814836883,206471.17312773134,26,22,positive_momentum_correction,-0.002438754053649461,1357504.438206722,-0.7212418459743741
2023-11-06 00:00:00+00:00,384384.65865930624,211236.5320907412,211236.5320907412,173148.126568565,19,30,positive_momentum_correction,0.015774270523473577,1357504.438206722,-0.7168446394421498
2023-11-07 00:00:00+00:00,385746.8082278265,279426.9856169103,279426.98561691033,106319.82261091622,15,34,positive_momentum_correction,0.0035437147082593157,1357504.438206722,-0.7158412176262184
2023-11-08 00:00:00+00:00,387367.2163330445,276222.431383428,276222.43138342793,111144.78494961653,15,35,positive_momentum_correction,0.004200703857181409,1357504.438206722,-0.714647550733049
2023-11-09 00:00:00+00:00,395549.79565503146,118729.87070958552,118729.87070958549,276819.92494544596,38,13,positive_momentum_correction,0.021123572096384713,1357504.438206722,-0.7086198876980785
2023-11-10 00:00:00+00:00,409180.7220400651,118729.87070958552,118729.87070958552,290450.85133047955,38,15,positive_momentum_correction,0.03446070895438291,1357504.438206722,-0.6985787224529467
2023-11-11 00:00:00+00:00,404761.44552963827,61795.54110777591,61795.54110777591,342965.90442186233,43,10,positive_momentum_correction,-0.010800304785605563,1357504.438206722,-0.7018341641193214
2023-11-12 00:00:00+00:00,407345.11513741885,158946.29101133475,158946.29101133472,248398.82412608413,32,20,positive_momentum_correction,0.0063831909790712515,1357504.438206722,-0.6999309146454606
2023-11-13 00:00:00+00:00,391824.35460476356,53042.94777004467,53042.947770044666,338781.4068347189,44,8,positive_momentum_correction,-0.0381022380185394,1357504.438206722,-0.7113642183576447
2023-11-14 00:00:00+00:00,392296.72850056645,191238.07609229925,191238.07609229925,201058.6524082672,25,21,positive_momentum_correction,0.001205575636765488,1357504.438206722,-0.711016246091398
2023-11-15 00:00:00+00:00,407980.86363155046,191238.07609229925,191238.07609229922,216742.78753925124,25,20,positive_momentum_correction,0.03998028530834752,1357504.438206722,-0.6994625931606547
2023-11-16 00:00:00+00:00,401060.47460412944,204530.13295666725,204530.13295666722,196530.34164746216,23,22,positive_momentum_correction,-0.01696253340370113,1357504.438206722,-0.7045604689632288
2023-11-17 00:00:00+00:00,401215.5522146315,153979.29239973653,153979.29239973653,247236.259814895,28,16,positive_momentum_correction,0.0003866688948970243,1357504.438206722,-0.7044462316862539
2023-11-18 00:00:00+00:00,402057.2563367328,183317.86254673026,183317.86254673023,218739.39379000256,23,21,positive_momentum_correction,0.0020978850831061546,1357504.438206722,-0.7038261938444528
2023-11-19 00:00:00+00:00,409709.54338830814,191758.2161030582,191758.2161030582,217951.32728524995,21,23,positive_momentum_correction,0.019032829108216243,1357504.438206722,-0.6981891684055642
2023-11-20 00:00:00+00:00,402238.88705191587,167174.29247539755,167174.29247539752,235064.59457651834,24,23,positive_momentum_correction,-0.01823403056372508,1357504.438206722,-0.7036923963333205
2023-11-21 00:00:00+00:00,380538.9929335301,83720.51314483173,83720.5131448317,296818.47978869843,37,9,positive_momentum_correction,-0.05394777784273497,1357504.438206722,-0.7196775331090437
2023-11-22 00:00:00+00:00,401262.05907275586,143677.58772663755,143677.58772663752,257584.4713461183,30,18,positive_momentum_correction,0.054457142432301264,1357504.438206722,-0.7044119726025888
2023-11-23 00:00:00+00:00,399966.99418801756,229537.19575231362,229537.1957523136,170429.79843570394,22,26,positive_momentum_correction,-0.0032274790388380215,1357504.438206722,-0.7053659767651455
2023-11-24 00:00:00+00:00,403083.37828807335,249424.4031718559,249424.40317185587,153658.97511621748,20,28,positive_momentum_correction,0.007791603170612671,1357504.438206722,-0.7030703053755383
2023-11-25 00:00:00+00:00,406026.36970475747,249345.99386468047,249345.99386468047,156680.375840077,18,30,positive_momentum_correction,0.007301197655887659,1357504.438206722,-0.7009023629851828
2023-11-26 00:00:00+00:00,406582.95430548245,331206.39073501085,331206.39073501085,75376.56357047158,9,30,positive_momentum_correction,0.0013708089972819248,1357504.438206722,-0.7004923572532972
2023-11-27 00:00:00+00:00,404022.8355791484,220007.1962962417,220007.1962962417,184015.6392829067,21,20,positive_momentum_correction,-0.006296670087183598,1357504.438206722,-0.7023782580682632
2023-11-28 00:00:00+00:00,418120.5931740212,153878.7331677044,153878.7331677044,264241.8600063168,26,17,positive_momentum_correction,0.03489346728301723,1357504.438206722,-0.6919932035534535
2023-11-29 00:00:00+00:00,409317.7409361716,153878.7331677044,153878.73316770437,255439.00776846724,26,17,positive_momentum_correction,-0.02105338120523015,1357504.438206722,-0.6984777880528444
2023-11-30 00:00:00+00:00,411426.5959704056,174046.87105213446,174046.87105213446,237379.72491827115,26,15,positive_momentum_correction,0.005152122234943324,1357504.438206722,-0.6969243087603422
2023-12-01 00:00:00+00:00,418880.2868399855,219834.7909339503,219834.79093395034,199045.4959060352,18,17,positive_momentum_correction,0.01811669673906069,1357504.438206722,-0.6914335783731721
2023-12-02 00:00:00+00:00,420999.5980618921,335072.05958171556,335072.05958171556,85927.53848017653,6,26,positive_momentum_correction,0.005059467557890107,1357504.438206722,-0.689872396573497
2023-12-03 00:00:00+00:00,420600.6279845236,412763.04045476904,412763.04045476887,7837.587529754555,1,35,positive_momentum_correction,-0.0009476732975641777,1357504.438206722,-0.6901662962221018
2023-12-04 00:00:00+00:00,424897.70595732867,324892.8366973349,324892.8366973349,100004.86925999381,12,28,positive_momentum_correction,0.010216527715130264,1357504.438206722,-0.6870008716003735
2023-12-05 00:00:00+00:00,429110.0446089095,277635.79501282796,277635.79501282796,151474.24959608156,18,20,positive_momentum_correction,0.009913771226629953,1357504.438206722,-0.6838978698472851
2023-12-06 00:00:00+00:00,424474.4006664917,207613.94754919384,207613.9475491938,216860.4531172979,22,21,positive_momentum_correction,-0.01080292573119035,1357504.438206722,-0.6873126976827959
2023-12-07 00:00:00+00:00,428826.41535145976,172292.28063441164,172292.28063441164,256534.1347170481,25,21,positive_momentum_correction,0.010252714128660578,1357504.438206722,-0.6841068041604754
2023-12-08 00:00:00+00:00,441613.7666163674,139093.26545681385,139093.26545681385,302520.50115955353,27,20,positive_momentum_correction,0.0298194113215422,1357504.438206722,-0.6746870550200603
2023-12-09 00:00:00+00:00,436903.9986296714,201284.5020517361,201284.50205173605,235619.49657793532,19,25,positive_momentum_correction,-0.010664903005135229,1357504.438206722,-0.6781564860245861
2023-12-10 00:00:00+00:00,442377.8700282152,237844.28586154326,237844.28586154323,204533.584166672,14,32,positive_momentum_correction,0.012528773862707565,1357504.438206722,-0.674124181418809
2023-12-11 00:00:00+00:00,438407.91313528566,112705.80859240197,112705.80859240198,325702.1045428837,38,11,positive_momentum_correction,-0.00897413085486476,1357504.438206722,-0.6770486336571928
2023-12-12 00:00:00+00:00,449043.4502809956,132573.9957540847,132573.99575408467,316469.4545269109,36,11,positive_momentum_correction,0.024259455240325467,1357504.438206722,-0.6692140094405976
2023-12-13 00:00:00+00:00,464568.54037813144,111774.24067503713,111774.24067503713,352794.2997030943,39,9,positive_momentum_correction,0.03457369233961849,1357504.438206722,-0.657777516372741
2023-12-14 00:00:00+00:00,471215.2567823336,148373.76663594958,148373.76663594955,322841.49014638405,36,12,positive_momentum_correction,0.014307289079006802,1357504.438206722,-0.65288124037015
2023-12-15 00:00:00+00:00,452989.2751708209,103665.77172662305,103665.77172662303,349323.5034441978,39,8,positive_momentum_correction,-0.03867867465915209,1357504.438206722,-0.6663073339419614
2023-12-16 00:00:00+00:00,454250.79108826246,301318.4996350932,301318.4996350931,152932.29145316928,11,32,positive_momentum_correction,0.0027848692818739362,1357504.438206722,-0.6653780434866698
2023-12-17 00:00:00+00:00,451091.2781812906,169821.0326194777,169821.0326194777,281270.2455618129,23,22,positive_momentum_correction,-0.006955437324396296,1357504.438206722,-0.6677054855325651
2023-12-18 00:00:00+00:00,471805.4984644928,109791.60462207173,109791.60462207171,362013.89384242106,35,11,positive_momentum_correction,0.04592024116874471,1357504.438206722,-0.6524464412891696
2023-12-19 00:00:00+00:00,465125.09358934563,75910.10274416395,75910.10274416395,389214.9908451817,38,9,positive_momentum_correction,-0.014159234889989158,1357504.438206722,-0.6573675337638079
2023-12-20 00:00:00+00:00,484865.73658788507,136484.27960592625,136484.27960592628,348381.4569819588,34,12,positive_momentum_correction,0.04244157812729887,1357504.438206722,-0.6428256711790954
2023-12-21 00:00:00+00:00,500087.35670876235,136484.27960592625,136484.27960592628,363603.0771028361,34,15,positive_momentum_correction,0.03139347446572627,1357504.438206722,-0.6316127280074435
2023-12-22 00:00:00+00:00,505638.8699247136,260393.00179318138,260393.00179318135,245245.86813153228,24,24,positive_momentum_correction,0.011101086923067882,1357504.438206722,-0.6275232288797022
2023-12-23 00:00:00+00:00,512757.58475439996,376259.4623730608,376259.46237306076,136498.12238133914,10,36,positive_momentum_correction,0.01407865425920729,1357504.438206722,-0.6222792571995137
2023-12-24 00:00:00+00:00,509896.528643455,357494.9621274194,357494.9621274194,152401.56651603556,15,25,positive_momentum_correction,-0.005579744105229212,1357504.438206722,-0.6243868422875775
2023-12-25 00:00:00+00:00,518477.4508946954,366650.0034520451,366650.00345204514,151827.44744265033,14,29,positive_momentum_correction,0.016828752049105722,1357504.438206722,-0.6180657415900535
2023-12-26 00:00:00+00:00,523351.4067966109,160166.34381695968,160166.34381695965,363185.06297965127,30,15,positive_momentum_correction,0.009400516634821665,1357504.438206722,-0.6144753622404626
2023-12-27 00:00:00+00:00,527384.3697622323,159323.87248927902,159323.87248927896,368060.49727295333,32,14,positive_momentum_correction,0.007706032530430784,1357504.438206722,-0.611504496840605
2023-12-28 00:00:00+00:00,510556.2137561526,69612.92724736367,69612.92724736367,440943.28650878894,39,6,positive_momentum_correction,-0.031908712072120315,1357504.438206722,-0.6239008879922316
2023-12-29 00:00:00+00:00,515669.29228768696,130513.00165274486,130513.00165274483,385156.2906349421,32,8,positive_momentum_correction,0.010014721971391749,1357504.438206722,-0.6201343599517866
2023-12-30 00:00:00+00:00,514918.62054432335,130513.00165274486,130513.00165274483,384405.61889157846,32,8,positive_momentum_correction,-0.0014557231826494155,1357504.438206722,-0.6206873391702967
2023-12-31 00:00:00+00:00,510508.9794634201,311020.84681995487,311020.84681995487,199488.13264346521,18,26,positive_momentum_correction,-0.00856376309763629,1357504.438206722,-0.6239356829375763
2024-01-01 00:00:00+00:00,517221.30143650173,348068.90066436876,348068.90066436876,169152.40077213297,14,31,positive_momentum_correction,0.013148293650264042,1357504.438206722,-0.6189910788654536
2024-01-02 00:00:00+00:00,516437.28482446197,470442.3144517292,470442.31445172924,45994.970372732765,4,33,positive_momentum_correction,-0.001515824290032719,1357504.438206722,-0.6195686214428284
2024-01-03 00:00:00+00:00,517901.6431124736,72885.04560795469,72885.04560795467,445016.5975045189,33,4,positive_momentum_correction,0.0028355007104285956,1357504.438206722,-0.6184899079986602
2024-01-04 00:00:00+00:00,537133.142832713,66691.67232705845,66691.67232705843,470441.4705056545,34,3,positive_momentum_correction,0.037133498176723956,1357504.438206722,-0.6043231036929266
2024-01-05 00:00:00+00:00,518926.1025767724,38219.960708806415,38219.96070880641,480706.141867966,34,6,positive_momentum_correction,-0.03389669860981015,1357504.438206722,-0.6177352441939126
2024-01-06 00:00:00+00:00,497136.94697455066,21676.621441247247,21676.621441247233,475460.32553330343,38,2,positive_momentum_correction,-0.04198893733428666,1357504.438206722,-0.6337861350705609
2024-01-07 00:00:00+00:00,479986.3881063725,21676.621441247247,21676.621441247233,458309.76666512527,38,2,positive_momentum_correction,-0.03449866072628904,1357504.438206722,-0.6464200229500245
2024-01-08 00:00:00+00:00,490570.22933487623,377906.0147509806,377906.01475098054,112664.21458389563,10,22,positive_momentum_correction,0.022050294530765235,1357504.438206722,-0.6386234803158914
2024-01-09 00:00:00+00:00,483943.8742385901,186509.5891575623,157711.0007250719,297434.28508102783,21,8,positive_momentum_correction,-0.013507454590691803,1357504.438206722,-0.6435047572456667
2024-01-10 00:00:00+00:00,505930.5480658455,177944.8442738146,177944.84427381455,327985.7037920309,22,8,positive_momentum_correction,0.0454322804722922,1357504.438206722,-0.6273083653898139
2024-01-11 00:00:00+00:00,516250.00483527884,185468.5745972795,185468.5745972795,330781.43023799936,18,12,positive_momentum_correction,0.020396982963144294,1357504.438206722,-0.6197065804681636
2024-01-12 00:00:00+00:00,504437.0501468803,46929.6753296704,46929.67532967041,457507.37481720996,26,4,positive_momentum_correction,-0.022882236470230577,1357504.438206722,-0.6284085444219636
2024-01-13 00:00:00+00:00,514885.8831026724,54185.41756270703,54185.417562707036,460700.4655399654,26,7,positive_momentum_correction,0.020713849136873685,1357504.438206722,-0.6207114550705689
2024-01-14 00:00:00+00:00,504736.99581697676,245620.56387601374,245620.56387601368,259116.43194096306,16,7,positive_momentum_correction,-0.01971094492732839,1357504.438206722,-0.6281875906912395
2024-01-15 00:00:00+00:00,513734.35410023155,301567.3696082985,301567.3696082985,212166.98449193302,13,12,positive_momentum_correction,0.017825834757152048,1357504.438206722,-0.6215597241222429
2024-01-16 00:00:00+00:00,515836.1648862991,333017.05899643875,333017.0589964387,182819.10588986037,12,11,positive_momentum_correction,0.004091240481179703,1357504.438206722,-0.620011433945863
2024-01-17 00:00:00+00:00,514219.3872810357,482288.1078472106,482288.10784721066,31931.279433825133,4,19,positive_momentum_correction,-0.0031342850992616134,1357504.438206722,-0.6212024264463363
2024-01-18 00:00:00+00:00,510680.75501655764,214373.86081370103,214373.86081370106,296306.8942028566,17,5,positive_momentum_correction,-0.0068815613568924405,1357504.438206722,-0.6238091451905878
2024-01-19 00:00:00+00:00,512498.4083642808,125423.11792717144,125423.1179271714,387075.2904371094,17,5,positive_momentum_correction,0.003559275202497547,1357504.438206722,-0.6224701784096582
2024-01-20 00:00:00+00:00,502552.53963916365,125423.11792717144,125423.1179271714,377129.42171199224,17,5,positive_momentum_correction,-0.01940663339201576,1357504.438206722,-0.6297967612518152
2024-01-21 00:00:00+00:00,493406.2803601129,74355.04242551565,74355.04242551565,419051.23793459724,18,3,positive_momentum_correction,-0.018199608115835653,1357504.438206722,-0.6365343151202453
2024-01-22 00:00:00+00:00,471361.250264424,37223.523270196834,37223.523270196805,434137.7269942272,20,1,positive_momentum_correction,-0.04467926528944732,1357504.438206722,-0.6527736948785985
2024-01-23 00:00:00+00:00,476689.04994749255,293733.22432504187,293733.22432504187,182955.8256224507,5,7,positive_momentum_correction,0.011303007364478423,1357504.438206722,-0.6488489933946706
2024-01-24 00:00:00+00:00,475540.04555490636,384089.08476730454,370446.25647640706,91450.9607876018,3,8,positive_momentum_correction,-0.0024103855389855378,1357504.438206722,-0.6496954027029924
2024-01-25 00:00:00+00:00,470199.0568009439,336535.0802118139,336535.0802118139,133663.97658913003,4,8,positive_momentum_correction,-0.011231417425066836,1357504.438206722,-0.653629819861155
2024-01-26 00:00:00+00:00,475383.13783589227,387279.79709182924,387279.7970918293,88103.34074406305,3,17,positive_momentum_correction,0.011025290161615464,1357504.438206722,-0.6498109881217932
2024-01-27 00:00:00+00:00,476973.8075563446,424500.8818506414,424500.8818506414,52472.9257057032,1,27,positive_momentum_correction,0.0033460793912329923,1357504.438206722,-0.6486392278861113
2024-01-28 00:00:00+00:00,477352.714404088,334035.75880158733,277349.4334061531,143316.95560250065,4,13,positive_momentum_correction,0.0007943975994921804,1357504.438206722,-0.6483601077321883
2024-01-29 00:00:00+00:00,490176.24968212657,334035.75880158733,334035.75880158716,156140.49088053926,4,24,positive_momentum_correction,0.026863857460299734,1357504.438206722,-0.6389137037889506
2024-01-30 00:00:00+00:00,487994.48774713976,389151.1179286763,389151.1179286763,98843.36981846348,3,15,positive_momentum_correction,-0.004450974392173568,1357504.438206722,-0.6405208896467508
2024-01-31 00:00:00+00:00,484329.63070236606,257577.7388536065,213551.36824673807,226751.89184875955,9,6,positive_momentum_correction,-0.007510037790985691,1357504.438206722,-0.6432205913505736
2024-02-01 00:00:00+00:00,488334.1912239668,208778.29007889252,208778.2900788925,279555.9011450743,10,10,positive_momentum_correction,0.00826825423791111,1357504.438206722,-0.6402706484930086
2024-02-02 00:00:00+00:00,489788.734601332,305910.2161058715,305910.2161058715,183878.51849546048,8,12,positive_momentum_correction,0.0029785818881933324,1357504.438206722,-0.6391991651619584
2024-02-03 00:00:00+00:00,487141.2731628669,305910.2161058715,296983.88864052074,181231.0570569954,8,11,positive_momentum_correction,-0.005405313049145599,1357504.438206722,-0.6411494066226511
2024-02-04 00:00:00+00:00,482590.47830722434,301120.6286193576,301120.6286193576,181469.84968786672,9,9,positive_momentum_correction,-0.009341837997210889,1357504.438206722,-0.6445017307311853
2024-02-05 00:00:00+00:00,482500.311883381,382157.261212933,318447.90877191187,100343.05067044799,4,7,positive_momentum_correction,-0.00018683838139454956,1357504.438206722,-0.644568151452404
2024-02-06 00:00:00+00:00,480849.63894516684,429285.8441452703,429285.8441452703,51563.79479989657,3,9,positive_momentum_correction,-0.0034210815984158094,1357504.438206722,-0.6457841128089612
2024-02-07 00:00:00+00:00,484225.17130426946,382263.12769545615,382263.1276954561,101962.04360881333,3,23,positive_momentum_correction,0.007019933230078879,1357504.438206722,-0.6432975409318469
2024-02-08 00:00:00+00:00,481786.2400586668,369416.75315238547,369416.7531523855,112369.48690628131,5,23,positive_momentum_correction,-0.005036770887051123,1357504.438206722,-0.6450941694930209
2024-02-09 00:00:00+00:00,486507.8873024462,374230.837543604,374230.837543604,112277.04975884216,4,33,positive_momentum_correction,0.009800294925825348,1357504.438206722,-0.6416159876831575
2024-02-10 00:00:00+00:00,487792.7255772713,390069.7773882942,390069.7773882942,97722.94818897707,4,34,positive_momentum_correction,0.0026409402773492907,1357504.438206722,-0.640669516910272
2024-02-11 00:00:00+00:00,492381.5271137369,365652.1030781691,365652.1030781691,126729.42403556779,10,36,positive_momentum_correction,0.0094072775091818,1357504.438206722,-0.6372891953383385
2024-02-12 00:00:00+00:00,496244.38428758044,360952.87888862187,360952.8788886218,135291.50539895857,16,34,positive_momentum_correction,0.007845252027400385,1357504.438206722,-0.6344436376627065
2024-02-13 00:00:00+00:00,492930.4360902668,289699.2133985916,289699.2133985916,203231.22269167518,24,27,positive_momentum_correction,-0.006678056824907408,1357504.438206722,-0.6368848438231014
2024-02-14 00:00:00+00:00,499493.0183227644,289699.2133985916,289699.2133985916,209793.80492417276,24,26,positive_momentum_correction,0.013313404391397388,1357504.438206722,-0.632050544908273
2024-02-15 00:00:00+00:00,502181.68586665683,262368.8559236252,262368.8559236252,239812.82994303165,26,23,positive_momentum_correction,0.0053827930426748605,1357504.438206722,-0.6300699491413493
2024-02-16 00:00:00+00:00,498546.6180557611,199285.21158093834,199285.21158093828,299261.4064748228,27,21,positive_momentum_correction,-0.007238551132390247,1357504.438206722,-0.6327477067298972
2024-02-17 00:00:00+00:00,501948.14382914826,147446.59820473593,147446.59820473596,354501.5456244123,34,14,positive_momentum_correction,0.006822884059774603,1357504.438206722,-0.6302419869122291
2024-02-18 00:00:00+00:00,511436.3769870829,236414.53864622372,236414.53864622375,275021.83834085916,24,25,positive_momentum_correction,0.018902815509094006,1357504.438206722,-0.6232525194078218
2024-02-19 00:00:00+00:00,513974.02530401084,234638.396900994,234638.396900994,279335.62840301683,25,24,positive_momentum_correction,0.004961806455531015,1357504.438206722,-0.6213831713265143
2024-02-20 00:00:00+00:00,509366.4272059974,156149.87842807535,156149.87842807535,353216.54877792206,40,11,positive_momentum_correction,-0.008964651657811129,1357504.438206722,-0.6247773393073572
2024-02-21 00:00:00+00:00,509902.52146068716,148743.05889379606,148743.05889379606,361159.4625668911,41,10,positive_momentum_correction,0.0010524726916738558,1357504.438206722,-0.6243824277036811
2024-02-22 00:00:00+00:00,513184.0767327222,183494.36557214064,183494.3655721406,329689.71116058156,31,19,positive_momentum_correction,0.006435652176487672,1357504.438206722,-0.6219650836570052
2024-02-23 00:00:00+00:00,509802.67471594585,36908.47967691891,36908.47967691888,472894.19503902696,46,6,positive_momentum_correction,-0.00658906261921588,1357504.438206722,-0.6244559793930393
2024-02-24 00:00:00+00:00,525616.4440763324,32429.55201516873,32429.55201516871,493186.8920611637,46,6,positive_momentum_correction,0.0310193926879605,1357504.438206722,-0.6128068319462164
2024-02-25 00:00:00+00:00,529175.1145026785,177579.56850001783,177579.56850001786,351595.54600266065,29,22,positive_momentum_correction,0.006770470114571436,1357504.438206722,-0.610185352173342
2024-02-26 00:00:00+00:00,535362.6951913446,241835.19222432494,241835.19222432494,293527.5029670197,27,24,positive_momentum_correction,0.011692879198375028,1357504.438206722,-0.6056272965865479
2024-02-27 00:00:00+00:00,530064.0375314169,206464.22463698787,206464.22463698784,323599.812894429,30,23,positive_momentum_correction,-0.009897323267983649,1357504.438206722,-0.6095305307202994
2024-02-28 00:00:00+00:00,558006.5790114885,262508.8573954452,262508.8573954452,295497.72161604324,28,22,positive_momentum_correction,0.052715407010450965,1357504.438206722,-0.5889467737220653
2024-02-29 00:00:00+00:00,554475.2905204479,126999.48968427672,126999.48968427669,427475.8008361712,37,10,positive_momentum_correction,-0.006328399384280203,1357504.438206722,-0.5915480827061488
2024-03-01 00:00:00+00:00,585053.965867748,129905.42857728696,129905.42857728695,455148.537290461,36,12,positive_momentum_correction,0.055148851301557666,1357504.438206722,-0.5690224286554741
2024-03-02 00:00:00+00:00,598891.5689527971,178714.68517705615,178714.68517705615,420176.8837757409,30,20,positive_momentum_correction,0.023651840500773735,1357504.438206722,-0.5588290158786227
2024-03-03 00:00:00+00:00,602666.9969934318,246260.15971530398,246260.15971530395,356406.8372781279,35,14,positive_momentum_correction,0.006304026031350496,1357504.438206722,-0.556047862510445
2024-03-04 00:00:00+00:00,623850.0494722605,303587.16906374454,303587.1690637445,320262.88040851604,25,23,positive_momentum_correction,0.03514885099815679,1357504.438206722,-0.5404434549795114
2024-03-05 00:00:00+00:00,607546.1167693817,165823.96013606107,165823.96013606104,441722.1566333206,37,9,positive_momentum_correction,-0.026134377510542817,1357504.438206722,-0.5524536792145176
2024-03-06 00:00:00+00:00,668558.1150444141,135134.46461862017,135134.46461862017,533423.6504257938,39,7,positive_momentum_correction,0.10042364948271398,1357504.438206722,-0.5075094443686781
2024-03-07 00:00:00+00:00,676251.5484886477,135134.46461862017,135134.46461862017,541117.0838700274,39,8,positive_momentum_correction,0.011507501399070641,1357504.438206722,-0.5018421086107215
2024-03-08 00:00:00+00:00,709344.2981584802,209949.7925319869,209949.7925319869,499394.5056264933,28,19,positive_momentum_correction,0.04893556213481709,1357504.438206722,-0.47746447216369203
2024-03-09 00:00:00+00:00,748264.4243610381,287006.26899599016,287006.26899599016,461258.155365048,25,21,positive_momentum_correction,0.05486775082790962,1357504.438206722,-0.4487941230236393
2024-03-10 00:00:00+00:00,749611.4058958704,582617.3279359066,582617.3279359066,166994.07795996385,12,34,positive_momentum_correction,0.0018001410878012436,1357504.438206722,-0.44780187467665655
2024-03-11 00:00:00+00:00,773633.2219994945,407459.13138425734,407459.13138425734,366174.09061523713,23,24,positive_momentum_correction,0.0320456918273746,1357504.438206722,-0.4301063037248908
2024-03-12 00:00:00+00:00,771091.2314202782,277669.66166862624,277669.66166862624,493421.56975165196,33,14,positive_momentum_correction,-0.00328578259946799,1357504.438206722,-0.431978850515658
2024-03-13 00:00:00+00:00,776678.8793891463,293269.88902644115,293269.88902644115,483408.9903627052,32,17,positive_momentum_correction,0.007246416171243775,1357504.438206722,-0.42786273287242615
2024-03-14 00:00:00+00:00,777786.5111380277,224783.58403903118,224783.58403903118,553002.9270989965,38,11,positive_momentum_correction,0.0014261128740264972,1357504.438206722,-0.4270468005500653
2024-03-15 00:00:00+00:00,761153.5399536025,211210.78449214724,211210.78449214724,549942.7554614552,36,13,positive_momentum_correction,-0.021385008541853545,1357504.438206722,-0.4392994096143844
2024-03-16 00:00:00+00:00,721321.6663059419,211003.02100802417,211003.02100802414,510318.6452979177,36,13,positive_momentum_correction,-0.05233093135202216,1357504.438206722,-0.46864139371889235
2024-03-17 00:00:00+00:00,759631.8622446717,284228.5473173015,284228.5473173014,475403.31492737023,29,17,positive_momentum_correction,0.053111112182343545,1357504.438206722,-0.4404203471716427
2024-03-18 00:00:00+00:00,730265.0750340893,203113.69385035246,203113.69385035243,527151.3811837368,35,11,positive_momentum_correction,-0.038659235703732975,1357504.438206722,-0.46205326886534726
2024-03-19 00:00:00+00:00,695391.3280462357,85659.95048126932,85659.95048126928,609731.3775649664,39,4,positive_momentum_correction,-0.0477549155506658,1357504.438206722,-0.4877428695814393
2024-03-20 00:00:00+00:00,756968.3914442268,199580.81551138163,199580.8155113816,557387.5759328452,33,11,positive_momentum_correction,0.088550231955002,1357504.438206722,-0.4423823818622721
2024-03-21 00:00:00+00:00,746342.3800673608,429026.8116161741,429026.81161617406,317315.56845118676,20,20,positive_momentum_correction,-0.014037589279775053,1357504.438206722,-0.45020998896085584
2024-03-22 00:00:00+00:00,739138.9934613599,408168.7181176336,408168.71811763354,330970.2753437263,21,15,positive_momentum_correction,-0.009651584578850847,1357504.438206722,-0.4555163337530075
2024-03-23 00:00:00+00:00,742328.3794243971,484006.36410511204,484006.3641051119,258322.01531928516,15,16,positive_momentum_correction,0.004315001631968407,1357504.438206722,-0.45316688584457154
2024-03-24 00:00:00+00:00,745835.1296068642,668965.4525900125,668965.4525900123,76869.67701685167,5,24,positive_momentum_correction,0.004723987765611559,1357504.438206722,-0.45058365290347013
2024-03-25 00:00:00+00:00,748068.1115912246,676498.4215367282,676498.4215367282,71569.69005449644,4,34,positive_momentum_correction,0.002993935114771862,1357504.438206722,-0.44893873600926815
2024-03-26 00:00:00+00:00,749416.808108999,676498.4215367282,676498.4215367283,72918.38657227089,4,27,positive_momentum_correction,0.0018029060414106457,1357504.438206722,-0.44794522432723183
2024-03-27 00:00:00+00:00,748550.5208455552,544702.406549419,544702.4065494189,203848.11429613616,6,19,positive_momentum_correction,-0.0011559485376765322,1357504.438206722,-0.44858337123788816
2024-03-28 00:00:00+00:00,753666.6253584055,506267.0702474013,506267.07024740137,247399.55511100416,7,20,positive_momentum_correction,0.006834681655249142,1357504.438206722,-0.4448146141208884
2024-03-29 00:00:00+00:00,747918.2236491137,387421.3409495425,351053.8491771254,360496.88269957126,10,13,positive_momentum_correction,-0.0076272472680586345,1357504.438206722,-0.44904915033860093
2024-03-30 00:00:00+00:00,742556.0614711393,362648.09286465455,362648.0928646545,379907.96860648476,12,11,positive_momentum_correction,-0.007169449825426444,1357504.438206722,-0.45299916481152436
2024-03-31 00:00:00+00:00,759299.8155573793,362648.09286465455,362648.0928646545,396651.7226927248,12,8,positive_momentum_correction,0.022548808036214174,1357504.438206722,-0.44066494798321065
2024-04-01 00:00:00+00:00,748171.6054035677,439858.2303179005,381591.22135065746,308313.3750856671,10,6,positive_momentum_correction,-0.014655884178824352,1357504.438206722,-0.44886249772272535
2024-04-02 00:00:00+00:00,725344.0903217517,232661.36034412443,232661.36034412443,492682.7299776272,13,4,positive_momentum_correction,-0.03051106847272389,1357504.438206722,-0.46567829179259335
2024-04-03 00:00:00+00:00,734329.4057845415,265222.5386324293,265222.5386324293,469106.8671521121,11,5,positive_momentum_correction,0.01238765929533403,1357504.438206722,-0.4590592965172191
2024-04-04 00:00:00+00:00,740555.828965489,286652.93267208943,286652.9326720894,453902.8962933997,9,8,positive_momentum_correction,0.008479060121929116,1357504.438206722,-0.45447262776999
2024-04-05 00:00:00+00:00,723223.0094716167,165075.33175349102,165075.33175349093,558147.6777181257,13,8,positive_momentum_correction,-0.02340514896504864,1357504.438206722,-0.4672407771815449
2024-04-06 00:00:00+00:00,732285.961128072,248634.46324910145,248634.46324910148,483651.4978789705,10,8,positive_momentum_correction,0.01253133755116087,1357504.438206722,-0.46056459152691265
2024-04-07 00:00:00+00:00,735692.4983132543,486105.62236638257,486105.62236638257,249586.8759468718,6,18,positive_momentum_correction,0.0046519220168232955,1357504.438206722,-0.4580551800735826
2024-04-08 00:00:00+00:00,740616.6499346003,569055.241931842,569055.241931842,171561.40800275822,5,34,positive_momentum_correction,0.006693219833878716,1357504.438206722,-0.4544278242559834
2024-04-09 00:00:00+00:00,724659.3010084026,458851.67967959435,458851.67967959435,265807.6213288082,21,14,positive_momentum_correction,-0.021546030497163193,1357504.438206722,-0.4661827389929676
2024-04-10 00:00:00+00:00,732581.6577255891,416168.169667344,416168.16966734396,316413.48805824504,23,13,positive_momentum_correction,0.010932526093520245,1357504.438206722,-0.4603467678578367
2024-04-11 00:00:00+00:00,727795.2778953984,366081.520305513,366081.520305513,361713.7575898854,24,13,positive_momentum_correction,-0.006533578584332456,1357504.438206722,-0.4638726346583265
2024-04-12 00:00:00+00:00,660344.6460644846,57942.2969988207,57942.296998820704,602402.3490656639,35,2,positive_momentum_correction,-0.09267802894512334,1357504.438206722,-0.5135598621417349
2024-04-13 00:00:00+00:00,584578.3224460328,-1.673470251262188e-10,-1.5279510989785194e-10,584578.3224460329,37,0,positive_momentum_correction,-0.11473754511375722,1357504.438206722,-0.5693728094043898
2024-04-14 00:00:00+00:00,632739.6804305022,80011.34607068331,-1.5279510989785194e-10,552728.3343598188,21,0,positive_momentum_correction,0.08238649319555558,1357504.438206722,-0.5338949452965633
2024-04-15 00:00:00+00:00,613872.929049664,217634.205795114,61387.29290496624,396238.7232545499,15,1,positive_momentum_correction,-0.029817556831589376,1357504.438206722,-0.5477930592546743
2024-04-16 00:00:00+00:00,601217.4211931108,226700.5806695731,60121.742119310926,374516.8405235377,14,1,positive_momentum_correction,-0.020615842884854296,1357504.438206722,-0.5571156864965204
2024-04-17 00:00:00+00:00,593750.723783403,484539.26460744697,119496.81449765124,109211.4591759561,3,2,positive_momentum_correction,-0.012419296491592235,1357504.438206722,-0.5626159980973955
2024-04-18 00:00:00+00:00,596241.862127372,473126.5615989335,59375.07237834016,123115.3005284385,2,1,positive_momentum_correction,0.004195596306974192,1357504.438206722,-0.5607809113942832
2024-04-19 00:00:00+00:00,596458.0681420619,413751.4892205932,59645.80681420605,182706.57892146875,3,1,positive_momentum_correction,0.00036261461736120104,1357504.438206722,-0.5606216441325308
2024-04-20 00:00:00+00:00,615594.5883010931,413751.4892205932,-1.4551915228366852e-10,201843.0990804999,3,0,positive_momentum_correction,0.032083596787684465,1357504.438206722,-0.5465248061256431
2024-04-21 00:00:00+00:00,603748.7146087815,480792.3179826426,60374.87146087801,122956.39662613883,2,1,positive_momentum_correction,-0.019242978930343768,1357504.438206722,-0.555251019726801
2024-04-22 00:00:00+00:00,612762.9507045646,480792.3179826426,244203.75667224737,131970.63272192195,2,4,positive_momentum_correction,0.014930443539948879,1357504.438206722,-0.5486107201873822
2024-04-23 00:00:00+00:00,610937.5091115364,540669.5886174459,488578.7603168619,70267.92049409047,1,8,positive_momentum_correction,-0.0029790338840316455,1357504.438206722,-0.5499554241468327
2024-04-24 00:00:00+00:00,611222.8302288172,427185.8013126889,366830.64596140874,184037.02891612833,3,6,positive_momentum_correction,0.0004670217706810309,1357504.438206722,-0.5497452435321323
2024-04-25 00:00:00+00:00,616154.3469569073,366092.05040153523,183338.31695691694,250062.296555372,4,3,positive_momentum_correction,0.00806827965873591,1357504.438206722,-0.5461124622392736
2024-04-26 00:00:00+00:00,609872.3093189714,366092.05040153523,244219.02790955757,243780.25891743612,4,4,positive_momentum_correction,-0.010195558416429273,1357504.438206722,-0.5507400991450022
2024-04-27 00:00:00+00:00,605270.592149053,243847.4843557718,121514.29014680229,361423.1077932812,6,2,positive_momentum_correction,-0.007545378105552891,1357504.438206722,-0.5541299349646165
2024-04-28 00:00:00+00:00,601176.322849731,243847.4843557718,60987.230931896986,357328.8384939591,6,1,positive_momentum_correction,-0.006764361844815658,1357504.438206722,-0.5571459614202873
2024-04-29 00:00:00+00:00,601006.205111261,417345.0347608298,60100.62051112595,183661.1703504312,3,1,positive_momentum_correction,-0.00028297478128136433,1357504.438206722,-0.557271277944994
2024-04-30 00:00:00+00:00,593603.5345268357,421302.8461330438,59360.35345268342,172300.68839379185,3,1,positive_momentum_correction,-0.01231712837815857,1357504.438206722,-0.5627244244512435
2024-05-01 00:00:00+00:00,597415.8854093663,361942.4926803602,-1.5279510989785194e-10,235473.39272900618,4,0,positive_momentum_correction,0.006422385752081983,1357504.438206722,-0.5599160720251057
2024-05-02 00:00:00+00:00,604299.8358699734,475988.10607603966,475988.10607603984,128311.72979393374,2,10,positive_momentum_correction,0.011522878163659822,1357504.438206722,-0.5548450385412662
2024-05-03 00:00:00+00:00,609484.4740260119,475988.10607603966,475988.10607603984,133496.36794997225,2,10,positive_momentum_correction,0.008579578957810696,1357504.438206722,-0.5510257964009698
2024-05-04 00:00:00+00:00,610101.9633470187,475988.10607603966,475988.1060760396,134113.85727097897,2,20,positive_momentum_correction,0.0010131337996650558,1357504.438206722,-0.550570925460126
2024-05-05 00:00:00+00:00,609417.7038121447,548156.9071869786,548156.9071869786,61260.79662516612,1,37,positive_momentum_correction,-0.0011215494720262509,1357504.438206722,-0.5510749824013894
2024-05-06 00:00:00+00:00,609072.5339343235,544274.3594973523,544274.3594973523,64798.1744369712,4,33,positive_momentum_correction,-0.000566392928301962,1357504.438206722,-0.5513292503566951
2024-05-07 00:00:00+00:00,603241.0145284361,313478.2732661563,313478.2732661563,289762.7412622798,18,20,positive_momentum_correction,-0.009574425180886803,1357504.438206722,-0.5556250148800073
2024-05-08 00:00:00+00:00,595322.9896329604,143706.31141724734,143706.31141724729,451616.6782157131,26,11,positive_momentum_correction,-0.013125806609262769,1357504.438206722,-0.5614577949966864
2024-05-09 00:00:00+00:00,626937.7491569052,118316.1106001798,118316.1106001798,508621.6385567254,28,10,positive_momentum_correction,0.05310522199627554,1357504.438206722,-0.5381689138452492
2024-05-10 00:00:00+00:00,612112.912844239,91958.91844235356,91958.91844235356,520153.99440188543,31,5,positive_momentum_correction,-0.02364642475684764,1357504.438206722,-0.5490895678743808
2024-05-11 00:00:00+00:00,610155.1406291653,151334.9021931317,151334.9021931317,458820.2384360336,27,6,positive_momentum_correction,-0.0031983841118082834,1357504.438206722,-0.5505317526363399
2024-05-12 00:00:00+00:00,609224.9065348255,380993.29028152855,375260.9204179909,228231.61625329684,13,8,positive_momentum_correction,-0.001524586178821119,1357504.438206722,-0.5512170057140895
2024-05-13 00:00:00+00:00,623183.2820965416,388041.73212361865,388041.73212361865,235141.54997292292,8,9,positive_momentum_correction,0.02291169551998329,1357504.438206722,-0.5409346263944643
2024-05-14 00:00:00+00:00,602429.8370916,319540.9693851127,319540.96938511275,282888.86770648736,9,7,positive_momentum_correction,-0.0333023134624566,1357504.438206722,-0.5562225653660356
2024-05-15 00:00:00+00:00,633361.742069117,301828.4164629558,301828.41646295576,331533.32560616126,7,14,positive_momentum_correction,0.05134524067873114,1357504.438206722,-0.5334367061769649
2024-05-16 00:00:00+00:00,621173.7207937238,176884.39930079333,176884.39930079336,444289.32149293047,11,14,positive_momentum_correction,-0.019243380939897636,1357504.438206722,-0.5424149613725749
2024-05-17 00:00:00+00:00,631071.7385438817,176884.39930079333,176884.39930079333,454187.3392430883,11,19,positive_momentum_correction,0.015934379415649458,1357504.438206722,-0.5351236277521609
2024-05-18 00:00:00+00:00,632240.5697366467,317637.61672184814,317637.6167218482,314602.9530147986,10,22,positive_momentum_correction,0.0018521368037522912,1357504.438206722,-0.5342626131139259
2024-05-19 00:00:00+00:00,627148.0514123342,352722.6657847874,352722.6657847874,274425.3856275468,15,15,positive_momentum_correction,-0.008054716144574092,1357504.438206722,-0.538013995563209
2024-05-20 00:00:00+00:00,652037.3464381148,378783.223196341,378783.223196341,273254.1232417737,15,32,positive_momentum_correction,0.03968647430176975,1357504.438206722,-0.519679399870351
2024-05-21 00:00:00+00:00,655110.3985813371,470856.26368870045,470856.2636887005,184254.1348926366,14,32,positive_momentum_correction,0.004713000198546036,1357504.438206722,-0.5174156487865742
2024-05-22 00:00:00+00:00,662921.9467144128,362158.7637519904,362158.76375199034,300763.1829624224,22,23,positive_momentum_correction,0.01192401792124187,1357504.438206722,-0.5116613043341944
2024-05-23 00:00:00+00:00,662501.7067760201,100276.34108420061,100276.3410842006,562225.3656918195,35,9,positive_momentum_correction,-0.0006339206907772788,1357504.438206722,-0.5119708723374843
2024-05-24 00:00:00+00:00,658925.0542118174,128766.52405378647,128766.52405378642,530158.530158031,31,10,positive_momentum_correction,-0.005398706943123166,1357504.438206722,-0.5146055985774423
2024-05-25 00:00:00+00:00,667857.2294107749,133533.31669015854,133533.3166901585,534323.9127206163,31,13,positive_momentum_correction,0.013555676995226307,1357504.438206722,-0.5080257488564668
2024-05-26 00:00:00+00:00,664678.6468005843,168032.88970828563,168032.88970828563,496645.75709229865,29,12,positive_momentum_correction,-0.0047593744144911465,1357504.438206722,-0.5103672385199478
2024-05-27 00:00:00+00:00,680489.5389646348,287049.72170203645,287049.72170203645,393439.81726259826,21,23,positive_momentum_correction,0.023787272601814236,1357504.438206722,-0.49872021054784266
2024-05-28 00:00:00+00:00,685544.5248193636,510168.68686450575,510168.6868645057,175375.8379548579,18,24,positive_momentum_correction,0.00742845490677202,1357504.438206722,-0.4949964762362211
2024-05-29 00:00:00+00:00,678891.0596385405,408175.9751693637,408175.97516936366,270715.0844691767,18,17,positive_momentum_correction,-0.009705372794825085,1357504.438206722,-0.4998977236970489
2024-05-30 00:00:00+00:00,682667.2124134921,201488.6193772341,201488.61937723408,481178.59303625807,27,12,positive_momentum_correction,0.005562236711383672,1357504.438206722,-0.49711603645635005
2024-05-31 00:00:00+00:00,687001.724574201,159583.26073427123,159583.26073427123,527418.4638399298,27,15,positive_momentum_correction,0.006349377972005854,1357504.438206722,-0.49392303609575106
2024-06-01 00:00:00+00:00,682710.9206344833,159583.26073427123,159583.26073427123,523127.65990021214,27,17,positive_momentum_correction,-0.0062456960240924175,1357504.438206722,-0.4970838389770925
2024-06-02 00:00:00+00:00,671520.9780602606,226991.83754613393,226991.837546134,444529.1405141267,18,24,positive_momentum_correction,-0.016390454929039677,1357504.438206722,-0.5053268636474242
2024-06-03 00:00:00+00:00,676013.8396830459,293953.9364728138,293953.93647281366,382059.90321023215,17,28,positive_momentum_correction,0.00669057523081884,1357504.438206722,-0.5020172158139922
2024-06-04 00:00:00+00:00,674182.2986311303,514688.2461679668,514688.2461679668,159494.0524631635,9,30,positive_momentum_correction,-0.0027093247865670467,1357504.438206722,-0.503366412914471
2024-06-05 00:00:00+00:00,679077.0396061485,567378.9205276059,567378.9205276062,111698.11907854256,8,35,positive_momentum_correction,0.007260263262557576,1357504.438206722,-0.4997607223272017
2024-06-06 00:00:00+00:00,676994.353121401,473198.96358925017,473198.9635892501,203795.38953215088,18,22,positive_momentum_correction,-0.003066936979573609,1357504.438206722,-0.5012949246665316
2024-06-07 00:00:00+00:00,650307.7503534117,102047.87170261728,102047.87170261725,548259.8786507944,35,6,positive_momentum_correction,-0.03941923982814055,1357504.438206722,-0.5209534996346125
2024-06-08 00:00:00+00:00,636060.1920156028,97918.34067482094,97918.34067482094,538141.8513407819,36,6,positive_momentum_correction,-0.021908947463821438,1357504.438206722,-0.5314489042438453
2024-06-09 00:00:00+00:00,640737.2042002565,93409.83474964598,93409.83474964598,547327.3694506105,35,5,positive_momentum_correction,0.007353096834802342,1357504.438206722,-0.5280036026646975
2024-06-10 00:00:00+00:00,618309.4453186698,50700.03396771736,50700.03396771736,567609.4113509525,38,2,positive_momentum_correction,-0.03500305388006952,1357504.438206722,-0.5445249179918239
2024-06-11 00:00:00+00:00,585761.7860276339,81721.4361193993,58576.17860276294,504040.34990823467,30,1,positive_momentum_correction,-0.05263975754771322,1357504.438206722,-0.568501015877759
2024-06-12 00:00:00+00:00,589536.657771841,425282.17050956737,294390.8417114994,164254.4872622737,10,5,positive_momentum_correction,0.006444380350938417,1357504.438206722,-0.5657202723030318
2024-06-13 00:00:00+00:00,581608.8229813189,315783.2572493233,174897.94319902675,265825.56573199556,9,3,positive_momentum_correction,-0.013447568842428592,1357504.438206722,-0.571560278838108
2024-06-14 00:00:00+00:00,582267.8080044345,210169.07930195276,58226.78080044301,372098.72870248166,10,1,positive_momentum_correction,0.0011330382158536434,1357504.438206722,-0.5710748402608419
2024-06-15 00:00:00+00:00,581021.5183162888,247723.9082654754,116328.9326320719,333297.6100508134,7,2,positive_momentum_correction,-0.0021404063061926104,1357504.438206722,-0.5719929143776321
2024-06-16 00:00:00+00:00,589602.4546877617,292679.02259676065,234249.42356962425,296923.4320910011,5,4,positive_momentum_correction,0.014768706667421139,1357504.438206722,-0.5656718032784976
2024-06-17 00:00:00+00:00,569480.5517116749,58429.599027135955,-4.220055416226387e-10,511050.9526845389,9,0,positive_momentum_correction,-0.034127915879764936,1357504.438206722,-0.580494519440419
2024-06-18 00:00:00+00:00,548565.4673497084,218482.2296479129,54856.54673497043,330083.23770179553,6,1,positive_momentum_correction,-0.036726599879666644,1357504.438206722,-0.595901529372258
2024-06-19 00:00:00+00:00,544234.4343544185,335133.4157658303,163703.43360585414,209101.01858858822,4,3,positive_momentum_correction,-0.007895198026617423,1357504.438206722,-0.5990919668201173
2024-06-20 00:00:00+00:00,544470.9990103834,335133.4157658303,109279.99017041229,209337.5832445531,4,2,positive_momentum_correction,0.0004346741790519637,1357504.438206722,-0.5989177024499195
2024-06-21 00:00:00+00:00,543427.2217833677,335133.4157658303,54423.44343544144,208293.80601753737,4,1,positive_momentum_correction,-0.0019170483440125174,1357504.438206722,-0.5996865966042506
2024-06-22 00:00:00+00:00,543120.7907618628,543120.7907618628,162936.23722855843,0.0,0,3,positive_momentum_correction,-0.0005638860351885322,1357504.438206722,-0.5999123277421242
2024-06-23 00:00:00+00:00,543080.9998602325,488808.7116856765,108624.15815237217,54272.28817455598,1,2,positive_momentum_correction,-7.326344766600545e-05,1357504.438206722,-0.5999416395443625
2024-06-24 00:00:00+00:00,548058.1761694667,380184.5535333039,54805.81761694628,167873.62263616285,3,1,positive_momentum_correction,0.009164703442976485,1357504.438206722,-0.5962752233109032
2024-06-25 00:00:00+00:00,546842.3501551282,380184.5535333039,54805.81761694628,166657.7966218243,3,1,positive_momentum_correction,-0.0022184251001167166,1357504.438206722,-0.5971708564890492
2024-06-26 00:00:00+00:00,544027.5839117907,380184.5535333039,109208.57600812535,163843.03037848687,3,2,positive_momentum_correction,-0.00514730843823441,1357504.438206722,-0.5992443423386099
2024-06-27 00:00:00+00:00,543287.5222718319,380184.5535333039,108731.51061836188,163102.96873852794,3,2,positive_momentum_correction,-0.001360338449454157,1357504.438206722,-0.599789505668563
2024-06-28 00:00:00+00:00,532495.2114850515,376261.9464343188,54402.758391178686,156233.2650507328,3,1,positive_momentum_correction,-0.01986482358669084,1357504.438206722,-0.6077396165359994
2024-06-29 00:00:00+00:00,533510.2289039231,486253.1758661318,160053.06867117656,47257.05303779123,1,3,positive_momentum_correction,0.0019061531389941155,1357504.438206722,-0.6069919081747565
2024-06-30 00:00:00+00:00,534788.7756042171,486253.1758661318,106702.04578078425,48535.59973808527,1,2,positive_momentum_correction,0.0023964802004279306,1357504.438206722,-0.6060500720640893
2024-07-01 00:00:00+00:00,535550.9861370847,486253.1758661318,320922.44023561804,49297.81027095287,1,6,positive_momentum_correction,0.00142525529262727,1357504.438206722,-0.6054885928442685
2024-07-02 00:00:00+00:00,526328.3745431076,432698.07725242333,105265.67490862109,93630.29729068423,2,2,positive_momentum_correction,-0.017220790984812773,1357504.438206722,-0.6122823913280218
2024-07-03 00:00:00+00:00,520097.2960339471,426956.8240726774,52632.837454310335,93140.4719612697,2,1,positive_momentum_correction,-0.011838766083188124,1357504.438206722,-0.6168724894034223
2024-07-04 00:00:00+00:00,512000.57813174045,374323.9866183666,-4.2928149923682213e-10,137676.59151337383,3,0,positive_momentum_correction,-0.015567698513237693,1357504.438206722,-0.6228369029805172
2024-07-05 00:00:00+00:00,508481.0511345901,374323.9866183666,-4.2928149923682213e-10,134157.0645162235,3,0,positive_momentum_correction,-0.006874068404361666,1357504.438206722,-0.6254295479090299
2024-07-06 00:00:00+00:00,521073.0584395918,374323.9866183666,-4.2928149923682213e-10,146749.07182122514,3,0,positive_momentum_correction,0.024763965691356082,1357504.438206722,-0.6161536980844535
2024-07-07 00:00:00+00:00,513790.84189898334,419944.69912490743,-4.2928149923682213e-10,93846.14277407591,2,0,positive_momentum_correction,-0.013975423259102726,1357504.438206722,-0.6215181126201645
2024-07-08 00:00:00+00:00,514327.57379487733,462448.8400661617,308596.54427692597,51878.73372871562,1,6,positive_momentum_correction,0.0010446505700845155,1357504.438206722,-0.6211227313007466
2024-07-09 00:00:00+00:00,514249.7816336511,514249.7816336511,411446.50060365617,0.0,0,8,positive_momentum_correction,-0.00015125022493400753,1357504.438206722,-0.6211800365728597
2024-07-10 00:00:00+00:00,515393.7747535721,462824.803470286,462824.803470286,52568.97128328609,1,9,positive_momentum_correction,0.0022245864962486817,1357504.438206722,-0.6203373187977103
2024-07-11 00:00:00+00:00,512566.1564419452,411392.0460907983,359254.7217701377,101174.1103511469,2,7,positive_momentum_correction,-0.005486326087230986,1357504.438206722,-0.6224202720699384
2024-07-12 00:00:00+00:00,512210.3332716103,411392.0460907983,411392.0460907982,100818.28718081204,2,10,positive_momentum_correction,-0.0006941995015918856,1357504.438206722,-0.6226823877288787
2024-07-13 00:00:00+00:00,509230.4261324724,411392.0460907983,411392.04609079834,97838.38004167411,2,13,positive_momentum_correction,-0.005817741161339929,1357504.438206722,-0.6248775239326869
2024-07-14 00:00:00+00:00,512051.0932114802,411392.0460907983,411392.04609079834,100659.0471206819,2,18,positive_momentum_correction,0.0055390780563335795,1357504.438206722,-0.6227996912570649
2024-07-15 00:00:00+00:00,519459.5685402076,459992.8926588001,459992.8926588002,59466.675881407464,1,27,positive_momentum_correction,0.014468234570622629,1357504.438206722,-0.6173422687100609
2024-07-16 00:00:00+00:00,520422.31172223727,434462.58877732704,434462.58877732715,85959.7229449102,7,28,positive_momentum_correction,0.0018533553722674956,1357504.438206722,-0.616633067948035
2024-07-17 00:00:00+00:00,519427.044743606,431112.96150703816,431112.96150703816,88314.08323656782,9,21,positive_momentum_correction,-0.0019124218086223888,1357504.438206722,-0.6173662272295959
2024-07-18 00:00:00+00:00,519847.3813242364,331277.0729341412,331277.07293414127,188570.30839009516,15,18,positive_momentum_correction,0.0008092312190595141,1357504.438206722,-0.6170565880352035
2024-07-19 00:00:00+00:00,526296.3654029611,263242.9450237808,263242.9450237808,263053.42037918034,17,20,positive_momentum_correction,0.012405533451562034,1357504.438206722,-0.612305970728019
2024-07-20 00:00:00+00:00,529369.296732635,263242.9450237808,263242.9450237808,266126.3517088542,17,18,positive_momentum_correction,0.0058387850110290795,1357504.438206722,-0.6100423086410403
2024-07-21 00:00:00+00:00,532980.1575560663,329618.1007238177,329618.10072381765,203362.05683224864,13,25,positive_momentum_correction,0.0068210620557673796,1357504.438206722,-0.6073823830291569
2024-07-22 00:00:00+00:00,525055.2980948068,276143.6776469593,276143.6776469593,248911.62044784753,18,18,positive_momentum_correction,-0.01486895778183972,1357504.438206722,-0.6132201978003029
2024-07-23 00:00:00+00:00,519598.34519920265,222439.29391880886,222439.29391880886,297159.0512803938,23,18,positive_momentum_correction,-0.010393101289340456,1357504.438206722,-0.6172400394612354
2024-07-24 00:00:00+00:00,512224.8421829826,189626.43095107723,189626.43095107723,322598.41123190534,30,20,positive_momentum_correction,-0.014190774632650616,1357504.438206722,-0.6226716997996433
2024-07-25 00:00:00+00:00,505689.7828124525,58673.9740042075,58673.9740042075,447015.808808245,47,3,positive_momentum_correction,-0.01275818514127347,1357504.438206722,-0.6274857241126415
2024-07-26 00:00:00+00:00,523733.1970198704,77107.14677800031,77107.14677800029,446626.0502418701,44,6,positive_momentum_correction,0.03568079645008315,1357504.438206722,-0.6141941180599545
2024-07-27 00:00:00+00:00,521090.8668751721,133513.9433440121,133513.94334401208,387576.92353116005,37,12,positive_momentum_correction,-0.005045183615882243,1357504.438206722,-0.6161405795744295
2024-07-28 00:00:00+00:00,518131.10043968685,272443.9261152355,272443.9261152355,245687.17432445136,27,21,positive_momentum_correction,-0.005679943026509204,1357504.438206722,-0.6183208792126356
2024-07-29 00:00:00+00:00,518321.2049753507,346535.44461034815,346535.44461034815,171785.76036500256,21,23,positive_momentum_correction,0.00036690431341135366,1357504.438206722,-0.6181808394968795
2024-07-30 00:00:00+00:00,518741.9909545269,213396.25863527047,213396.2586352705,305345.7323192564,20,17,positive_momentum_correction,0.0008118247433002157,1357504.438206722,-0.6178708692549171
2024-07-31 00:00:00+00:00,505456.22530005476,101349.36802840006,101349.36802840006,404106.8572716547,28,12,positive_momentum_correction,-0.025611509933917698,1357504.438206722,-0.6276577732830341
2024-08-01 00:00:00+00:00,495967.85686067486,3014.6710848472517,3014.671084847256,492953.1857758276,39,1,positive_momentum_correction,-0.018771889561251975,1357504.438206722,-0.6346473404419556
2024-08-02 00:00:00+00:00,456565.4508061034,10870.507247386991,3014.671084847256,445694.94355871645,38,1,positive_momentum_correction,-0.07944548322945089,1357504.438206722,-0.6636729590297095
2024-08-03 00:00:00+00:00,433671.34432327485,30397.271105015236,-3.133209247607738e-10,403274.0732182596,36,0,positive_momentum_correction,-0.050144193877147636,1357504.438206722,-0.6805378073782511
2024-08-04 00:00:00+00:00,421330.08385149576,251801.9516257812,-3.133209247607738e-10,169528.13222571454,20,0,positive_momentum_correction,-0.02845763418156455,1357504.438206722,-0.6896289455907214
2024-08-05 00:00:00+00:00,413505.58582768176,338154.4843808498,-3.133209247607738e-10,75351.10144683195,12,0,positive_momentum_correction,-0.01857094549785787,1357504.438206722,-0.6953928295262688
2024-08-06 00:00:00+00:00,413369.0244710655,410370.7075955423,41336.90244710624,2998.316875523167,1,1,positive_momentum_correction,-0.0003302527494106755,1357504.438206722,-0.6954934268818078
2024-08-07 00:00:00+00:00,412744.65244918945,369033.80514843576,41274.46524491863,43710.84730075371,2,1,positive_momentum_correction,-0.001510447045893093,1357504.438206722,-0.6959533679356293
2024-08-08 00:00:00+00:00,414041.3750736071,371713.8121136159,82678.60275227934,42327.56295999117,1,2,positive_momentum_correction,0.003141706662274091,1357504.438206722,-0.6949981426060307
2024-08-09 00:00:00+00:00,412595.99781494413,330439.346868697,82663.73728885481,82156.65094624713,2,2,positive_momentum_correction,-0.0034909005371890345,1357504.438206722,-0.696062873753851
2024-08-10 00:00:00+00:00,411617.0695090068,330439.346868697,41259.5997814941,81177.72264030985,2,1,positive_momentum_correction,-0.00237260737167011,1357504.438206722,-0.6967839972201069
2024-08-11 00:00:00+00:00,408456.3065417214,330439.346868697,41259.5997814941,78016.95967302444,2,1,positive_momentum_correction,-0.007678891866791826,1357504.438206722,-0.6991123601177345
2024-08-12 00:00:00+00:00,409527.4719113098,368420.367154225,245716.48314678558,41107.10475708482,1,6,positive_momentum_correction,0.0026224723487748847,1357504.438206722,-0.6983232906020551
2024-08-13 00:00:00+00:00,410149.4302169237,368420.367154225,245778.67897734695,41729.06306269869,1,6,positive_momentum_correction,0.001518721815440438,1357504.438206722,-0.697865127602282
2024-08-14 00:00:00+00:00,410347.3299178989,328119.1672740378,163810.98876452362,82228.16264386116,2,4,positive_momentum_correction,0.00048250634133650827,1357504.438206722,-0.6977193456104113
2024-08-15 00:00:00+00:00,403292.29461119644,246213.6728917758,80658.458922239,157078.62171942065,4,2,positive_momentum_correction,-0.017192838340422623,1357504.438206722,-0.7029164080347686
2024-08-16 00:00:00+00:00,398273.46695968317,246213.6728917758,80658.458922239,152059.79406790738,4,2,positive_momentum_correction,-0.01244464057105732,1357504.438206722,-0.7066135065563346
2024-08-17 00:00:00+00:00,399824.8733052472,246213.6728917758,80658.458922239,153611.20041347144,4,2,positive_momentum_correction,0.003895329401195413,1357504.438206722,-0.7054706695225099
2024-08-18 00:00:00+00:00,398511.8579914585,246213.6728917758,119553.55739743727,152298.1850996827,4,3,positive_momentum_correction,-0.003283976064156202,1357504.438206722,-0.7064378967939899
2024-08-19 00:00:00+00:00,395888.56856077106,278722.5760010279,158880.08531044563,117165.9925597432,3,4,positive_momentum_correction,-0.006582713608345503,1357504.438206722,-0.7083703320456587
2024-08-20 00:00:00+00:00,398619.3758345668,355358.0791432237,198742.02289390232,43261.29669134304,1,5,positive_momentum_correction,0.0068979189869597946,1357504.438206722,-0.7063586942219156
2024-08-21 00:00:00+00:00,401945.7463618806,355358.0791432237,320012.5244765509,46587.667218656905,1,8,positive_momentum_correction,0.008344728653366662,1357504.438206722,-0.7039083372037772
2024-08-22 00:00:00+00:00,404976.4395089888,355358.0791432237,355358.07914322376,49618.3603657651,1,20,positive_momentum_correction,0.0075400552799471665,1357504.438206722,-0.7016757896983622
2024-08-23 00:00:00+00:00,406282.52547958156,315163.50450703566,315163.5045070356,91119.02097254593,2,43,positive_momentum_correction,0.0032250912477187477,1357504.438206722,-0.7007136668987357
2024-08-24 00:00:00+00:00,404321.6405894364,362322.78347821423,362322.7834782142,41998.85711122219,2,48,positive_momentum_correction,-0.0048264071604617875,1357504.438206722,-0.7021581445998442
2024-08-25 00:00:00+00:00,403681.8791862484,302857.7040161725,302857.70401617256,100824.17517007588,6,44,positive_momentum_correction,-0.0015823080907945153,1357504.438206722,-0.702629422177421
2024-08-26 00:00:00+00:00,391816.3003390683,118913.04792852091,118913.04792852091,272903.2524105474,27,23,positive_momentum_correction,-0.02939338984226647,1357504.438206722,-0.7113701514989801
2024-08-27 00:00:00+00:00,374852.33503752144,8376.06579523223,8376.06579523225,366476.2692422892,47,3,positive_momentum_correction,-0.043295710992285574,1357504.438206722,-0.7238665860034275
2024-08-28 00:00:00+00:00,365749.25817625667,36225.390021175284,36225.39002117526,329523.8681550814,49,1,positive_momentum_correction,-0.02428443419020876,1357504.438206722,-0.7305723297233448
2024-08-29 00:00:00+00:00,361342.4241472513,36714.8660705188,36225.39002117526,324627.5580767325,48,1,positive_momentum_correction,-0.01204878459898806,1357504.438206722,-0.7338186056875154
2024-08-30 00:00:00+00:00,374798.35526006017,50326.61563287632,37479.83552600595,324471.7396271838,45,1,positive_momentum_correction,0.03723872485929136,1357504.438206722,-0.7239063499820503
2024-08-31 00:00:00+00:00,371155.92765734694,222866.61352422443,222866.61352422446,148289.31413312248,24,13,positive_momentum_correction,-0.009718366026942316,1357504.438206722,-0.7265895291306392
2024-09-01 00:00:00+00:00,366196.52757448104,166310.32656727041,166310.32656727041,199886.20100721062,15,10,positive_momentum_correction,-0.01336203927596824,1357504.438206722,-0.7302428505808566
2024-09-02 00:00:00+00:00,377430.95967289153,173800.36614829625,173800.3661482962,203630.59352459532,12,13,positive_momentum_correction,0.030678696416982065,1357504.438206722,-0.7219670528875162
2024-09-03 00:00:00+00:00,360695.9917169466,118855.93530963012,118855.93530963012,241840.05640731647,17,8,positive_momentum_correction,-0.044339150053955945,1357504.438206722,-0.7342947974494802
2024-09-04 00:00:00+00:00,366674.729461976,64092.18440452202,64092.18440452201,302582.545057454,23,6,positive_momentum_correction,0.01657555914766351,1357504.438206722,-0.7298905851487623
2024-09-05 00:00:00+00:00,358795.5884981375,54296.792122011255,26155.57368012247,304498.79637612624,25,3,positive_momentum_correction,-0.021488093753828097,1357504.438206722,-0.7356947215788773
2024-09-06 00:00:00+00:00,354759.4697230817,187670.42159925864,39209.76082705629,167089.04812382304,16,2,positive_momentum_correction,-0.011249075809294018,1357504.438206722,-0.738667911692633
2024-09-07 00:00:00+00:00,358769.6916436397,187670.42159925864,187670.4215992586,171099.2700443811,16,6,positive_momentum_correction,0.01130405884214536,1357504.438206722,-0.7357137983890658
2024-09-08 00:00:00+00:00,361066.8050919311,236309.12004688117,236309.12004688111,124757.68504504992,11,10,positive_momentum_correction,0.006402752244113907,1357504.438206722,-0.734021639318613
2024-09-09 00:00:00+00:00,364219.68160079996,292446.9960237284,292446.99602372834,71772.68557707156,5,19,positive_momentum_correction,0.008732114014375014,1357504.438206722,-0.7316990859477865
2024-09-10 00:00:00+00:00,366001.83243747335,302955.68879092636,302955.6887909263,63046.143646546996,3,15,positive_momentum_correction,0.004893065714737244,1357504.438206722,-0.7303862719440051
2024-09-11 00:00:00+00:00,365666.1401652262,191872.29080492762,191872.2908049276,173793.8493602986,8,7,positive_momentum_correction,-0.0009171874086300047,1357504.438206722,-0.7306335582605719
2024-09-12 00:00:00+00:00,372553.373841481,191872.29080492762,110388.56541719311,180681.08303655338,8,3,positive_momentum_correction,0.01883475914161159,1357504.438206722,-0.7255601062095767
2024-09-13 00:00:00+00:00,377949.08516412915,155305.676788405,36566.614016522384,222643.40837572416,9,1,positive_momentum_correction,0.0144830558558946,1357504.438206722,-0.7215853778987242
2024-09-14 00:00:00+00:00,377992.21991585987,192942.20152449002,151196.88796634373,185050.01839136987,8,4,positive_momentum_correction,0.00011412847238934098,1357504.438206722,-0.721553602863213
2024-09-15 00:00:00+00:00,372847.81489805016,79544.53554973206,79544.53554973204,293303.2793483181,11,5,positive_momentum_correction,-0.013609817204583874,1357504.438206722,-0.7253432074295196
2024-09-16 00:00:00+00:00,368778.3583961986,214174.6731342293,214174.67313422926,154603.68526196934,6,11,positive_momentum_correction,-0.010914524208662124,1357504.438206722,-0.7283409556411036
2024-09-17 00:00:00+00:00,372182.9919288896,214174.6731342293,214174.67313422926,158008.3187946603,6,19,positive_momentum_correction,0.009232194501590518,1357504.438206722,-0.725832946505466
2024-09-18 00:00:00+00:00,379827.6649377459,205914.8158955736,205914.81589557364,173912.84904217228,12,19,positive_momentum_correction,0.02054009230576792,1357504.438206722,-0.7202015299194879
2024-09-19 00:00:00+00:00,383822.07660745236,205914.8158955736,205914.81589557353,177907.26071187877,12,29,positive_momentum_correction,0.010516378975083729,1357504.438206722,-0.7172590631714726
2024-09-20 00:00:00+00:00,384177.581992158,326559.8894741932,326559.88947419316,57617.69251796483,9,36,positive_momentum_correction,0.0009262244315073609,1357504.438206722,-0.7169971816079947
2024-09-21 00:00:00+00:00,385492.84069954604,326147.7755886526,326147.7755886526,59345.06511089345,9,37,positive_momentum_correction,0.003423569643412616,1357504.438206722,-0.7160283017499477
2024-09-22 00:00:00+00:00,383024.644283724,226841.1031257183,226841.10312571833,156183.54115800568,21,25,positive_momentum_correction,-0.0064027036438421,1357504.438206722,-0.7178464883770813
2024-09-23 00:00:00+00:00,391166.6003609651,224314.21243242285,224314.21243242294,166852.38792854227,17,30,positive_momentum_correction,0.021257003168730693,1357504.438206722,-0.7118487502864445
2024-09-24 00:00:00+00:00,401883.55485851236,181767.93498572992,181767.93498572992,220115.61987278244,21,26,positive_momentum_correction,0.02739741707921306,1357504.438206722,-0.7039541503161457
2024-09-25 00:00:00+00:00,400993.7920891675,162062.62108272503,162062.621082725,238931.17100644246,24,24,positive_momentum_correction,-0.0022139815341737368,1357504.438206722,-0.7046095903606144
2024-09-26 00:00:00+00:00,411837.25487092603,133612.08082115804,133612.08082115807,278225.17404976796,25,23,positive_momentum_correction,0.0270414729496542,1357504.438206722,-0.6966217985887637
2024-09-27 00:00:00+00:00,415675.92778635584,249122.301573896,249122.301573896,166553.62621245984,13,35,positive_momentum_correction,0.00932084912190101,1357504.438206722,-0.6937940561465359
2024-09-28 00:00:00+00:00,413220.9505329614,230289.55196320495,230289.55196320493,182931.39856975648,20,28,positive_momentum_correction,-0.005905988510011118,1357504.438206722,-0.6956025049326315
2024-09-29 00:00:00+00:00,417025.35362506506,215578.5893915271,215578.5893915271,201446.76423353795,22,26,positive_momentum_correction,0.009206704275755762,1357504.438206722,-0.6928000072132655
2024-09-30 00:00:00+00:00,405074.43260536593,91829.71477148826,91829.71477148826,313244.71783387766,36,12,positive_momentum_correction,-0.028657540640667722,1357504.438206722,-0.7016036034913642
2024-10-01 00:00:00+00:00,383755.0459540274,59128.82467845247,59128.82467845245,324626.22127557494,43,5,positive_momentum_correction,-0.05263078815963795,1357504.438206722,-0.7173084410236095
2024-10-02 00:00:00+00:00,372080.30190006644,42412.74619008308,42412.746190083075,329667.55570998334,44,4,positive_momentum_correction,-0.030422385782412742,1357504.438206722,-0.7259085926882209
2024-10-03 00:00:00+00:00,364135.06022619875,70230.02037623967,70230.02037623967,293905.0398499591,36,4,positive_momentum_correction,-0.021353567048012168,1357504.438206722,-0.731761421931537
2024-10-04 00:00:00+00:00,380755.27174258116,121622.65299250801,121622.652992508,259132.61875007316,30,14,positive_momentum_correction,0.04564298616578699,1357504.438206722,-0.7195182122236279
2024-10-05 00:00:00+00:00,378486.8510479597,237847.41439159572,237847.41439159575,140639.43665636398,15,27,positive_momentum_correction,-0.005957686900143755,1357504.438206722,-0.721189234896392
2024-10-06 00:00:00+00:00,383863.06836580223,287642.6470405235,287642.6470405235,96220.42132527877,6,39,positive_momentum_correction,0.01420450222499614,1357504.438206722,-0.7172288667631249
2024-10-07 00:00:00+00:00,390003.3644752302,293232.54247351957,293232.54247351957,96770.82200171068,8,35,positive_momentum_correction,0.01599605853089403,1357504.438206722,-0.7127056431650206
2024-10-08 00:00:00+00:00,388654.7546762038,290718.7486050002,290718.7486050002,97936.00607120359,12,28,positive_momentum_correction,-0.0034579440124600236,1357504.438206722,-0.7136990909660517
2024-10-09 00:00:00+00:00,379511.31390540354,84519.14510335178,84519.14510335178,294992.16880205175,31,7,positive_momentum_correction,-0.023525868809756045,1357504.438206722,-0.7204345685920983
2024-10-10 00:00:00+00:00,378377.62772141845,62397.610991663576,45665.21629060404,315980.01672975486,33,3,positive_momentum_correction,-0.002987226315649849,1357504.438206722,-0.7212696938057459
2024-10-11 00:00:00+00:00,403450.37470413826,54455.03015798428,54455.030157984285,348995.34454615397,33,5,positive_momentum_correction,0.06626381991373886,1357504.438206722,-0.7027999589915885
2024-10-12 00:00:00+00:00,416458.11552872823,69869.11587289075,69869.11587289075,346588.9996558375,30,9,positive_momentum_correction,0.03224124115420368,1357504.438206722,-0.6932178607983972
2024-10-13 00:00:00+00:00,417926.48852637806,110943.26589748592,110943.2658974859,306983.22262889217,25,10,positive_momentum_correction,0.00352585996741972,1357504.438206722,-0.6921361899350669
2024-10-14 00:00:00+00:00,423428.1575596862,342418.3702763995,342418.37027639954,81009.78728328676,6,26,positive_momentum_correction,0.013164202758976229,1357504.438206722,-0.6880834083172211
2024-10-15 00:00:00+00:00,423465.20772575494,208206.19941504774,208206.1994150477,215259.00831070717,16,19,positive_momentum_correction,8.750047772498881e-05,1357504.438206722,-0.6880561154664385
2024-10-16 00:00:00+00:00,419692.5101441287,192317.91636378074,192317.91636378074,227374.593780348,18,14,positive_momentum_correction,-0.008909108736199878,1357504.438206722,-0.6908352574533406
2024-10-17 00:00:00+00:00,412556.16753711214,143614.17634651516,143614.17634651513,268941.991190597,21,10,positive_momentum_correction,-0.017003740678064094,1357504.438206722,-0.6960922145624044
2024-10-18 00:00:00+00:00,428173.93039927783,151439.42219274232,151439.42219274232,276734.50820653554,20,12,positive_momentum_correction,0.03785608867612145,1357504.438206722,-0.6845874544875152
2024-10-19 00:00:00+00:00,428828.3850068797,117926.43441394376,117926.43441394372,310901.95059293596,21,11,positive_momentum_correction,0.0015284784082758573,1357504.438206722,-0.6841053532220001
2024-10-20 00:00:00+00:00,427908.01814366796,300087.3561465839,300087.3561465839,127820.66199708407,7,30,positive_momentum_correction,-0.002146235872881763,1357504.438206722,-0.6847833376449664
2024-10-21 00:00:00+00:00,424880.7360381769,147166.2168261575,147166.21682615747,277714.51921201946,26,16,positive_momentum_correction,-0.007074609442056845,1357504.438206722,-0.6870133724207569
2024-10-22 00:00:00+00:00,426166.4867094678,148707.4182139958,148707.4182139958,277459.06849547196,26,19,positive_momentum_correction,0.0030261448972244143,1357504.438206722,-0.6860662295348086
2024-10-23 00:00:00+00:00,419932.3776796607,94626.85696443902,94626.85696443902,325305.52071522165,37,10,positive_momentum_correction,-0.014628341796517397,1357504.438206722,-0.6906585600306427
2024-10-24 00:00:00+00:00,424770.7223912759,128514.56701073216,128514.56701073212,296256.1553805438,36,10,positive_momentum_correction,0.011521723422112773,1357504.438206722,-0.6870944135163177
2024-10-25 00:00:00+00:00,396016.31266542466,40365.184064846435,40365.18406484643,355651.12860057823,43,3,positive_momentum_correction,-0.06769395396174283,1357504.438206722,-0.7082762298821164
2024-10-26 00:00:00+00:00,398665.9211692093,200286.9522600093,200286.9522600093,198378.96890919996,22,11,positive_momentum_correction,0.006690654952951736,1357504.438206722,-0.7063244067946832
2024-10-27 00:00:00+00:00,402067.1404025702,245069.22066806458,245069.22066806455,156997.91973450562,19,12,positive_momentum_correction,0.008531502325018758,1357504.438206722,-0.7038189127884509
2024-10-28 00:00:00+00:00,402209.0178486883,290882.95246089477,290882.9524608947,111326.06538779353,9,18,positive_momentum_correction,0.0003528700355270864,1357504.438206722,-0.703714399357684
2024-10-29 00:00:00+00:00,406876.2118022635,290882.95246089477,290882.9524608947,115993.25934136876,9,28,positive_momentum_correction,0.011603901818360018,1357504.438206722,-0.7002763303376368
2024-10-30 00:00:00+00:00,405610.8097823835,336166.5442130513,336166.5442130513,69444.26556933219,7,27,positive_momentum_correction,-0.003110041784637363,1357504.438206722,-0.7012084834741317
2024-10-31 00:00:00+00:00,402122.27209100645,147152.42227658528,147152.42227658528,254969.84981442118,23,8,positive_momentum_correction,-0.008600701971549274,1357504.438206722,-0.7037783002593978
2024-11-01 00:00:00+00:00,399951.91249292716,107742.7870913259,86748.58457248259,292209.12540160125,25,4,positive_momentum_correction,-0.0053972628444417525,1357504.438206722,-0.7053770866331251
2024-11-02 00:00:00+00:00,395521.1228782626,89099.00047999894,89099.00047999894,306422.12239826366,25,4,positive_momentum_correction,-0.011078305856939585,1357504.438206722,-0.7086410093798661
2024-11-03 00:00:00+00:00,383838.81196323084,23898.435061585034,23898.435061585034,359940.3769016458,28,1,positive_momentum_correction,-0.029536503208774212,1357504.438206722,-0.7172467351412228
2024-11-04 00:00:00+00:00,377676.8233441474,42321.43899261128,42321.43899261128,335355.3843515361,24,3,positive_momentum_correction,-0.016053584022852063,1357504.438206722,-0.721785938436369
2024-11-05 00:00:00+00:00,380586.761852495,227771.9468029786,156497.46754835977,152814.8150495164,7,6,positive_momentum_correction,0.007704837386052654,1357504.438206722,-0.7196423443335078
2024-11-06 00:00:00+00:00,404716.48963507725,265958.0995667064,265958.0995667064,138758.39006837085,5,21,positive_momentum_correction,0.0634013849171513,1357504.438206722,-0.7018672806921264
2024-11-07 00:00:00+00:00,409513.19113992783,277742.6749295569,277742.6749295569,131770.5162103709,6,17,positive_momentum_correction,0.011852004125593396,1357504.438206722,-0.6983338104729151
2024-11-08 00:00:00+00:00,410076.5205853787,327134.9517829998,327134.95178299985,82941.56880237891,6,20,positive_momentum_correction,0.0013756075692770153,1357504.438206722,-0.6979188361792068
2024-11-09 00:00:00+00:00,412521.2994667034,355889.6514176476,355889.6514176476,56631.64804905578,5,21,positive_momentum_correction,0.005961762643310609,1357504.438206722,-0.6961178999814921
2024-11-10 00:00:00+00:00,414732.5418836929,355889.6514176476,355889.65141764755,58842.890466045304,5,34,positive_momentum_correction,0.005360310897517762,1357504.438206722,-0.6944889974492023
2024-11-11 00:00:00+00:00,417574.96775775123,341865.38257947535,341865.38257947535,75709.5851782759,7,36,positive_momentum_correction,0.006853635987058571,1357504.438206722,-0.6923951362476779
2024-11-12 00:00:00+00:00,417899.204700833,171704.02091489485,171704.02091489488,246195.18378593816,26,18,positive_momentum_correction,0.0007764760057884512,1357504.438206722,-0.6921562884517105
2024-11-13 00:00:00+00:00,426200.48899739643,84345.1898944051,84345.1898944051,341855.2991029913,36,8,positive_momentum_correction,0.0198643218345107,1357504.438206722,-0.686041181890785
2024-11-14 00:00:00+00:00,412295.0382616167,58990.062934774345,58990.06293477432,353304.9753268424,40,7,positive_momentum_correction,-0.032626548056036264,1357504.438206722,-0.6962845743574415
2024-11-15 00:00:00+00:00,438247.6910154944,47211.192822112775,47211.19282211276,391036.49819338165,42,5,positive_momentum_correction,0.06294679864037023,1357504.438206722,-0.6771666606155451
2024-11-16 00:00:00+00:00,446791.4805779569,60402.235936371595,60402.235936371595,386389.2446415853,40,7,positive_momentum_correction,0.01949534415723919,1357504.438206722,-0.6708729135588144
2024-11-17 00:00:00+00:00,445813.58607221505,241083.437256182,241083.43725618196,204730.14881603306,21,23,positive_momentum_correction,-0.0021887044589051774,1357504.438206722,-0.6715932754804548
2024-11-18 00:00:00+00:00,445840.282517924,361577.6125442876,361577.61254428746,84262.66997363638,9,37,positive_momentum_correction,5.9882530597965555e-05,1357504.438206722,-0.6715736096547251
2024-11-19 00:00:00+00:00,448225.61241636437,328467.76526907744,328467.7652690775,119757.8471472869,14,31,positive_momentum_correction,0.005350189276233763,1357504.438206722,-0.6698164663030677
2024-11-20 00:00:00+00:00,449190.9538921531,175726.1676229437,175726.16762294367,273464.7862692094,30,15,positive_momentum_correction,0.00215369548068578,1357504.438206722,-0.6691053515187477
2024-11-21 00:00:00+00:00,470997.2700358704,159305.22731418072,159305.22731418067,311692.0427216897,33,14,positive_momentum_correction,0.04854575978160236,1357504.438206722,-0.6530418194005592
2024-11-22 00:00:00+00:00,478065.9497302143,176977.327275351,176977.32727535098,301088.6224548633,32,15,positive_momentum_correction,0.015007899501849664,1357504.438206722,-0.6478347058947781
2024-11-23 00:00:00+00:00,487133.3044122571,201567.78266251314,201567.7826625131,285565.52174974396,31,20,positive_momentum_correction,0.0189667444149908,1357504.438206722,-0.6411552767696542
2024-11-24 00:00:00+00:00,493353.45482795255,199092.44172299,199092.44172299,294261.01310496253,30,21,positive_momentum_correction,0.012768887611164903,1357504.438206722,-0.6365732288288665
2024-11-25 00:00:00+00:00,489543.2495188009,300440.797865197,300440.797865197,189102.45165360384,21,30,positive_momentum_correction,-0.007723074140588371,1357504.438206722,-0.6393800007272958
2024-11-26 00:00:00+00:00,496732.8303830391,167800.70841291212,167800.7084129121,328932.121970127,34,15,positive_momentum_correction,0.014686303756216157,1357504.438206722,-0.6340838258774104
2024-11-27 00:00:00+00:00,512165.4621115413,170382.82072759455,170382.82072759455,341782.64138394676,33,17,positive_momentum_correction,0.031068274099382176,1357504.438206722,-0.6227154418823725
2024-11-28 00:00:00+00:00,515004.30790148734,157573.73842427766,157573.73842427763,357430.5694772097,35,14,positive_momentum_correction,0.005542829417356954,1357504.438206722,-0.6206242179349236
2024-11-29 00:00:00+00:00,525006.2054448584,235105.68158915118,235105.68158915118,289900.5238557072,27,20,positive_momentum_correction,0.019420997824515895,1357504.438206722,-0.6132563616967638
2024-11-30 00:00:00+00:00,530417.7022425836,335352.34162163653,335352.34162163653,195065.36062094706,18,30,positive_momentum_correction,0.010307491114585732,1357504.438206722,-0.6092700050813307
2024-12-01 00:00:00+00:00,530016.8723299883,507072.84242936206,507072.84242936224,22944.029900626185,4,40,positive_momentum_correction,-0.0007556872836269601,1357504.438206722,-0.6095652747698224
2024-12-02 00:00:00+00:00,542021.3852603419,314941.3558078141,314941.3558078141,227080.02945252784,24,25,positive_momentum_correction,0.022649303365723128,1357504.438206722,-0.6007222002335713
2024-12-03 00:00:00+00:00,550517.5572587874,207889.55282717673,207889.55282717673,342628.0044316107,33,19,positive_momentum_correction,0.015674975618101605,1357504.438206722,-0.5944635304573832
2024-12-04 00:00:00+00:00,555620.200339203,207889.55282717673,207889.55282717673,347730.64751202625,33,19,positive_momentum_correction,0.009268810800191929,1357504.438206722,-0.5907046896486149
2024-12-05 00:00:00+00:00,561806.963394775,144817.49919722896,144817.49919722896,416989.46419754607,38,14,positive_momentum_correction,0.011134877838845814,1357504.438206722,-0.5861472363678397
2024-12-06 00:00:00+00:00,581947.7060464235,154675.50466961428,154675.50466961425,427272.2013768093,36,16,positive_momentum_correction,0.035849934165902875,1357504.438206722,-0.5713106420372498
2024-12-07 00:00:00+00:00,581425.6798072604,376566.7822114621,376566.78221146204,204858.89759579825,16,32,positive_momentum_correction,-0.0008970329013058276,1357504.438206722,-0.5716951904957821
2024-12-08 00:00:00+00:00,583548.9340440966,492010.14658477984,492010.14658477984,91538.78745931677,9,38,positive_momentum_correction,0.0036518067752702166,1357504.438206722,-0.5701311040905538
2024-12-09 00:00:00+00:00,524966.2415952196,-1.8189894035458565e-10,-1.7826096154749393e-10,524966.2415952198,47,0,positive_momentum_correction,-0.1003903683670343,1357504.438206722,-0.6132858009004334
2024-12-10 00:00:00+00:00,519542.8294717107,61043.11700965327,61043.117009653266,458499.7124620574,42,5,positive_momentum_correction,-0.010330973106058572,1357504.438206722,-0.617280934891062
2024-12-11 00:00:00+00:00,558986.1514305825,35587.1583339031,35587.15833390309,523398.99309667945,43,4,positive_momentum_correction,0.07591928850019758,1357504.438206722,-0.5882251757725306
2024-12-12 00:00:00+00:00,563660.0480348397,35587.1583339031,35587.15833390309,528072.8897009366,43,4,positive_momentum_correction,0.008361381748537955,1357504.438206722,-0.5847821692727276
2024-12-13 00:00:00+00:00,568634.0085687295,52500.176175385364,52500.176175385364,516133.83239334414,39,8,positive_momentum_correction,0.008824397881721735,1357504.438206722,-0.5811181219268048
2024-12-14 00:00:00+00:00,568396.950266058,514576.3824010137,514576.38240101375,53820.567865044286,4,32,positive_momentum_correction,-0.00041689082801821264,1357504.438206722,-0.5812927499397965
2024-12-15 00:00:00+00:00,568447.6830796329,509455.8717878652,509455.8717878652,58991.811291767786,5,36,positive_momentum_correction,8.925595668873854e-05,1357504.438206722,-0.5812553778236199
2024-12-16 00:00:00+00:00,567802.2206721059,522196.45299930975,522196.4529993097,45605.76767279621,6,34,positive_momentum_correction,-0.001135482519745934,1357504.438206722,-0.5817308550223388
2024-12-17 00:00:00+00:00,566355.4097648188,480175.1074279492,480175.1074279492,86180.3023368696,13,23,positive_momentum_correction,-0.0025480895540959114,1357504.438206722,-0.582796642261457
2024-12-18 00:00:00+00:00,550158.7293652397,50934.442028255624,50934.442028255704,499224.2873369841,34,2,positive_momentum_correction,-0.02859808544303455,1357504.438206722,-0.5947278595331849
2024-12-19 00:00:00+00:00,510501.85269871133,72029.12265914047,72029.12265914047,438472.73003957083,31,3,positive_momentum_correction,-0.07208260916314746,1357504.438206722,-0.6239409328391664
2024-12-20 00:00:00+00:00,540756.2895451802,3652.794065424976,3652.7940654249396,537103.4954797552,33,1,positive_momentum_correction,0.05926410783140579,1357504.438206722,-0.6016541277319689
2024-12-21 00:00:00+00:00,506916.94217949605,17706.799253866553,17706.799253866542,489210.1429256295,31,1,positive_momentum_correction,-0.06257781558887787,1357504.438206722,-0.6265817422673485
2024-12-22 00:00:00+00:00,513151.38754325523,51136.3364567345,17706.799253866542,462015.0510865207,24,1,positive_momentum_correction,0.012298751225307436,1357504.438206722,-0.6219891640125068
2024-12-23 00:00:00+00:00,520030.77501022455,440584.41020852735,277722.1867589789,79446.3648016972,3,6,positive_momentum_correction,0.013406155832306865,1357504.438206722,-0.616921491838958
2024-12-24 00:00:00+00:00,526066.6017242494,440584.41020852735,313225.63034893957,85482.19151572205,3,6,positive_momentum_correction,0.011606672151097674,1357504.438206722,-0.6124752251866012
2024-12-25 00:00:00+00:00,525939.91810143,525939.91810143,471007.60577936855,0.0,0,9,positive_momentum_correction,-0.0002408128978425017,1357504.438206722,-0.6125685461506097
2024-12-26 00:00:00+00:00,517563.70217090345,107526.30413220412,52593.991810142674,410037.3980386993,8,1,positive_momentum_correction,-0.015926184041636482,1357504.438206722,-0.618738850788134
2024-12-27 00:00:00+00:00,503804.34074198705,54932.31232206111,-3.346940502524376e-10,448872.02841992595,9,0,positive_momentum_correction,-0.026584865536750768,1357504.438206722,-0.6288746271743184
2024-12-28 00:00:00+00:00,515632.3830491121,54932.31232206111,-3.346940502524376e-10,460700.070727051,9,0,positive_momentum_correction,0.023477452158719103,1357504.438206722,-0.6201615489889167
2024-12-29 00:00:00+00:00,498040.8437765019,54932.31232206111,54932.3123220611,443108.5314544408,9,2,positive_momentum_correction,-0.03411643614891946,1357504.438206722,-0.6331202832497409
2024-12-30 00:00:00+00:00,493815.01378758927,54932.31232206111,54932.3123220611,438882.70146552817,9,2,positive_momentum_correction,-0.008484906492546629,1357504.438206722,-0.6362332233403787
2024-12-31 00:00:00+00:00,488566.4990201079,422335.39656154934,48856.64990201046,66231.10245855854,2,1,positive_momentum_correction,-0.010628503834310243,1357504.438206722,-0.6400995199209002
2025-01-01 00:00:00+00:00,490904.03575040796,461224.5785082504,196361.61430016288,29679.457242157543,1,4,positive_momentum_correction,0.0047844801782117585,1357504.438206722,-0.6383775832078329
2025-01-02 00:00:00+00:00,491774.34650467057,461224.5785082504,147445.2728759746,30549.767996420152,1,3,positive_momentum_correction,0.0017728734964099768,1357504.438206722,-0.6377364724093944
2025-01-03 00:00:00+00:00,501119.90457967593,412047.14385778335,348827.7905153455,89072.76072189258,2,7,positive_momentum_correction,0.01900375271998178,1357504.438206722,-0.6308521059115941
2025-01-04 00:00:00+00:00,498793.192551623,412047.14385778335,250094.60988422704,86746.04869383965,2,5,positive_momentum_correction,-0.004643024567153264,1357504.438206722,-0.6325660686527594
2025-01-05 00:00:00+00:00,497491.0051997337,447323.4094420302,447323.4094420302,50167.59575770354,1,9,positive_momentum_correction,-0.0026106758699487864,1357504.438206722,-0.6335253195511281
2025-01-06 00:00:00+00:00,499898.90496002766,447323.4094420302,447323.4094420302,52575.4955179975,1,12,positive_momentum_correction,0.004840087026954931,1357504.438206722,-0.6317515502045802
2025-01-07 00:00:00+00:00,471864.25845811004,49879.31925516184,49879.31925516184,421984.9392029482,12,2,positive_momentum_correction,-0.05608063195129287,1357504.438206722,-0.6524031559841912
2025-01-08 00:00:00+00:00,458686.3623500468,67736.46736277603,67736.46736277603,390949.89498727076,12,14,positive_momentum_correction,-0.0279273029729441,1357504.438206722,-0.66211059835946
2025-01-09 00:00:00+00:00,440182.88013580913,38323.688474588336,26489.0855164219,401859.1916612208,22,2,positive_momentum_correction,-0.04034016210867142,1357504.438206722,-0.6757411115964413
2025-01-10 00:00:00+00:00,450736.1474004093,38323.688474588336,38323.68847458833,412412.45892582095,22,7,positive_momentum_correction,0.023974733550164773,1357504.438206722,-0.6679670911456934
2025-01-11 00:00:00+00:00,456181.0124477508,38323.688474588336,38323.68847458832,417857.32397316245,22,12,positive_momentum_correction,0.01207993873742863,1357504.438206722,-0.6639561539479231
2025-01-12 00:00:00+00:00,453833.98063057417,397276.85560424253,205119.04663879654,56557.125026331654,12,6,positive_momentum_correction,-0.005144957271638773,1357504.438206722,-0.6656850851772582
2025-01-13 00:00:00+00:00,460830.0684091014,263008.9243848239,45383.39806305696,197821.1440242775,16,1,positive_momentum_correction,0.015415522144918814,1357504.438206722,-0.6605314462044316
2025-01-14 00:00:00+00:00,463727.40110404766,293154.22407836816,92745.48022080907,170573.17702567947,6,2,positive_momentum_correction,0.00628720409878758,1357504.438206722,-0.6583971381215987
2025-01-15 00:00:00+00:00,482146.5800046427,293154.22407836816,293154.22407836816,188992.35592627458,6,25,positive_momentum_correction,0.03971984156369124,1357504.438206722,-0.644828726570085
2025-01-16 00:00:00+00:00,484586.11472451355,214567.80561317125,214567.80561317125,270018.3091113423,16,15,positive_momentum_correction,0.005059736646576107,1357504.438206722,-0.6430316534621006
2025-01-17 00:00:00+00:00,493222.2284169278,214826.05720693548,214826.05720693548,278396.1712099923,15,21,positive_momentum_correction,0.017821628457769245,1357504.438206722,-0.6366698962189179
2025-01-18 00:00:00+00:00,490319.1565564068,283836.3475600087,283836.3475600087,206482.80899639812,23,13,positive_momentum_correction,-0.005885930708838583,1357504.438206722,-0.6388084320342085
2025-01-19 00:00:00+00:00,461680.89551196917,8008.364035226827,8008.364035226812,453672.53147674236,35,1,positive_momentum_correction,-0.05840738764026465,1357504.438206722,-0.6599046879567815
2025-01-20 00:00:00+00:00,468240.6166014496,8008.364035226827,8008.364035226812,460232.2525662228,35,1,positive_momentum_correction,0.014208344233534342,1357504.438206722,-0.6550724966910602
2025-01-21 00:00:00+00:00,474246.3569946555,82085.36529968423,82085.36529968423,392160.9916949713,25,6,positive_momentum_correction,0.012826184188796663,1357504.438206722,-0.650648393001838
2025-01-22 00:00:00+00:00,465941.1700802487,10005.218207486496,10005.218207486496,455935.9518727622,28,1,positive_momentum_correction,-0.0175123894826259,1357504.438206722,-0.656766374409971
2025-01-23 00:00:00+00:00,464370.0426636584,117052.98334003455,92874.00853273121,347317.05932362383,16,2,positive_momentum_correction,-0.003371943750580586,1357504.438206722,-0.6579237388887684
2025-01-24 00:00:00+00:00,463967.0632296454,382143.1737870357,278460.8338245894,81823.88944260972,4,6,positive_momentum_correction,-0.0008677980855557044,1357504.438206722,-0.6582205920132749
2025-01-25 00:00:00+00:00,463838.97192415735,335706.16952066985,185627.123235259,128132.80240348753,5,4,positive_momentum_correction,-0.00027607844530264103,1357504.438206722,-0.6583149499408683
2025-01-26 00:00:00+00:00,459182.8349517207,335706.16952066985,185108.40246406524,123476.66543105087,5,4,positive_momentum_correction,-0.010038261668961157,1357504.438206722,-0.661744873881734
2025-01-27 00:00:00+00:00,460546.36570171546,219462.98937574614,92109.27314034264,241083.3763259693,6,2,positive_momentum_correction,0.0029694723892239594,1357504.438206722,-0.6607404346242123
2025-01-28 00:00:00+00:00,453748.13609979005,183453.8914253852,91429.4501801501,270294.24467440485,6,2,positive_momentum_correction,-0.01476122733390206,1357504.438206722,-0.6657483221939251
2025-01-29 00:00:00+00:00,459656.4895151532,183453.8914253852,183453.8914253852,276202.598089768,6,8,positive_momentum_correction,0.013021218039921179,1357504.438206722,-0.6613959582170026
2025-01-30 00:00:00+00:00,471777.69159682275,225046.93015850562,225046.93015850562,246730.76143831713,5,10,positive_momentum_correction,0.026370131518114848,1357504.438206722,-0.6524669251026198
2025-01-31 00:00:00+00:00,466197.14059611264,138526.95649514918,138526.95649514918,327670.18410096347,8,7,positive_momentum_correction,-0.011828772534414833,1357504.438206722,-0.6565778147937666
2025-02-01 00:00:00+00:00,448222.61552445387,209105.8296922459,209105.8296922459,239116.78583220797,9,7,positive_momentum_correction,-0.038555631312271244,1357504.438206722,-0.6698186739510328
2025-02-02 00:00:00+00:00,426306.96549272677,88877.83901754406,44822.26155244495,337429.1264751827,14,1,positive_momentum_correction,-0.0488945654963977,1357504.438206722,-0.6859627464232214
2025-02-03 00:00:00+00:00,451198.02460866794,44055.57746509867,-4.3655745685100555e-10,407142.4471435693,15,0,positive_momentum_correction,0.05838764348401404,1357504.438206722,-0.6676268512206815
2025-02-04 00:00:00+00:00,431042.6555089924,44055.57746509867,43104.2655508988,386987.0780438937,15,1,positive_momentum_correction,-0.04467078311603134,1357504.438206722,-0.6824742200633949
2025-02-05 00:00:00+00:00,422477.0570314261,128089.22380325923,85351.97125404142,294387.8332281669,12,2,positive_momentum_correction,-0.019871811682887097,1357504.438206722,-0.6887840325667569
2025-02-06 00:00:00+00:00,414325.87775009795,180673.11753505748,42247.70570314218,233652.76021504047,8,1,positive_momentum_correction,-0.019293779734698924,1357504.438206722,-0.6947885648923351
2025-02-07 00:00:00+00:00,410338.83385096816,327842.0431455498,42247.70570314218,82496.79070541839,2,1,positive_momentum_correction,-0.009622966155965251,1357504.438206722,-0.6977256042027897
2025-02-08 00:00:00+00:00,409742.64059470996,369807.2841732158,204871.3202973545,39935.356421494136,1,5,positive_momentum_correction,-0.001452929157747529,1357504.438206722,-0.6981647874860841
2025-02-09 00:00:00+00:00,407729.3158265285,369807.2841732158,163897.05623788352,37922.031653312675,1,4,positive_momentum_correction,-0.0049136325310426,1357504.438206722,-0.6996478948053066
2025-02-10 00:00:00+00:00,408431.3303838549,369807.2841732158,204609.0582551835,38624.046210639106,1,5,positive_momentum_correction,0.0017217662063453432,1357504.438206722,-0.6991307587005777
2025-02-11 00:00:00+00:00,408373.41362656205,408373.41362656205,245029.83985166607,0.0,0,6,positive_momentum_correction,-0.00014180292495791225,1357504.438206722,-0.6991734228390238
2025-02-12 00:00:00+00:00,413201.7315436248,326692.93922552036,205152.37039669312,86508.79231810443,2,5,positive_momentum_correction,0.011823291516910528,1357504.438206722,-0.6956166625212152
2025-02-13 00:00:00+00:00,416097.30886662507,244535.42470850167,164604.58676633693,171561.8841581234,4,4,positive_momentum_correction,0.007007660186183484,1357504.438206722,-0.6934836475258275
2025-02-14 00:00:00+00:00,425271.7572993911,244535.42470850167,210511.43123084184,180736.3325908894,4,5,positive_momentum_correction,0.02204880502052653,1357504.438206722,-0.6867253282345216
2025-02-15 00:00:00+00:00,430799.4651941875,244535.42470850167,169744.02886595903,186264.04048568578,4,4,positive_momentum_correction,0.012998060181327542,1357504.438206722,-0.6826533651976282
2025-02-16 00:00:00+00:00,425872.2714198432,244535.42470850167,128194.34939134173,181336.84671134152,4,3,positive_momentum_correction,-0.01143732565248956,1357504.438206722,-0.6862829620045847
2025-02-17 00:00:00+00:00,423922.46381210757,327710.8092051551,255236.15918624564,96211.65460695246,2,6,positive_momentum_correction,-0.004578385911895633,1357504.438206722,-0.6877192796716645
2025-02-18 00:00:00+00:00,423765.2205611069,338801.62151358294,169537.53687464245,84963.59904752395,2,4,positive_momentum_correction,-0.0003709245544258888,1357504.438206722,-0.6878351122587081
2025-02-19 00:00:00+00:00,426637.1276251203,338801.62151358294,169537.53687464245,87835.50611153732,2,4,positive_momentum_correction,0.006777118377507829,1357504.438206722,-0.6857195338611839
2025-02-20 00:00:00+00:00,423755.26625266497,338801.62151358294,211879.62398802044,84953.64473908202,2,5,positive_momentum_correction,-0.006754830242968413,1357504.438206722,-0.6878424450586326
2025-02-21 00:00:00+00:00,420909.6492543379,254050.56826304997,210739.3863270012,166859.08099128792,4,5,positive_momentum_correction,-0.006715236894850429,1357504.438206722,-0.6899386569885811
2025-02-22 00:00:00+00:00,422592.7491959259,254050.56826304997,254050.56826304997,168542.18093287593,4,12,positive_momentum_correction,0.003998720258777011,1357504.438206722,-0.6886988084148178
2025-02-23 00:00:00+00:00,423439.5758620584,330289.4281357083,199445.904810298,93150.14772635004,3,7,positive_momentum_correction,0.0020038835681486233,1357504.438206722,-0.6880749970722552
2025-02-24 00:00:00+00:00,410275.7437649023,226863.21144185582,135983.87194399218,183412.53232304647,7,4,positive_momentum_correction,-0.03108786435551414,1357504.438206722,-0.6977720792523663
2025-02-25 00:00:00+00:00,421291.5766429551,90879.33949786317,90879.33949786317,330412.2371450919,11,3,positive_momentum_correction,0.0268498273306772,1357504.438206722,-0.6896573117657827
2025-02-26 00:00:00+00:00,425505.55718971865,167067.13843446935,167067.13843446935,258438.4187552493,9,11,positive_momentum_correction,0.010002527418996765,1357504.438206722,-0.6865531005174348
2025-02-27 00:00:00+00:00,409043.37467291125,105883.47941844452,105836.78192160094,303159.89525446674,12,7,positive_momentum_correction,-0.038688525305128896,1357504.438206722,-0.6986798988198801
2025-02-28 00:00:00+00:00,423792.447406671,23731.965115546936,23731.965115546936,400060.48229112406,16,4,positive_momentum_correction,0.036057478612271376,1357504.438206722,-0.6878150557161306
2025-03-01 00:00:00+00:00,420963.22760242806,110984.73027697971,110984.7302769797,309978.4973254483,15,6,positive_momentum_correction,-0.006675956170422381,1357504.438206722,-0.6898991887212353
2025-03-02 00:00:00+00:00,427199.54016076186,200272.96014976528,200272.9601497653,226926.58001099658,12,15,positive_momentum_correction,0.014814387930870643,1357504.438206722,-0.6853052350052741
2025-03-03 00:00:00+00:00,378347.36529238126,-5.129550117999315e-10,-4.511093720793724e-10,378347.3652923818,27,0,positive_momentum_correction,-0.11435446501182267,1357504.438206722,-0.7212919864982672
2025-03-04 00:00:00+00:00,378485.6825525599,56789.53729196645,37848.56825525554,321696.14526059345,24,1,positive_momentum_correction,0.0003655827233572939,1357504.438206722,-0.7211900956636698
2025-03-05 00:00:00+00:00,381984.3341600676,140617.52336530946,140617.52336530946,241366.81079475812,19,4,positive_momentum_correction,0.009243814941459094,1357504.438206722,-0.7186128285041389
2025-03-06 00:00:00+00:00,370289.3789681288,156798.98783960077,113075.93956807518,213490.39112852805,16,3,positive_momentum_correction,-0.030616321524426948,1357504.438206722,-0.7272278686195052
2025-03-07 00:00:00+00:00,364776.5926775095,112296.36005340514,112296.36005340514,252480.23262410436,17,4,positive_momentum_correction,-0.014887778596247014,1357504.438206722,-0.7312888397187244
2025-03-08 00:00:00+00:00,369077.49690221355,249757.6174170122,249757.6174170122,119319.87948520135,3,9,positive_momentum_correction,0.011790515924102518,1357504.438206722,-0.7281205965044439
2025-03-09 00:00:00+00:00,353613.20637540706,104285.03221921765,34017.83396075116,249328.17415618943,7,2,positive_momentum_correction,-0.04189984666256619,1357504.438206722,-0.7395123018216176
2025-03-10 00:00:00+00:00,338639.4015114552,104285.03221921765,50886.201597473424,234354.36929223753,7,2,positive_momentum_correction,-0.042345151691125515,1357504.438206722,-0.7505426929146534
2025-03-11 00:00:00+00:00,347712.247024845,104285.03221921765,103406.38955611405,243427.21480562736,7,3,positive_momentum_correction,0.026792055126765524,1357504.438206722,-0.7438592189914484
2025-03-12 00:00:00+00:00,352665.1307003136,139239.42559874055,103901.67792366091,213425.70510157305,6,3,positive_momentum_correction,0.014244202549226648,1357504.438206722,-0.7402106978256454
2025-03-13 00:00:00+00:00,337235.8495710788,176018.1751848046,137484.90768673114,161217.67438627416,5,4,positive_momentum_correction,-0.043750515109321264,1357504.438206722,-0.7515766136156645
2025-03-14 00:00:00+00:00,342349.1474795221,310109.4871734453,69501.4278179831,32239.660306076796,1,2,positive_momentum_correction,0.0151623794295499,1357504.438206722,-0.7478099239721315
2025-03-15 00:00:00+00:00,346097.1937768812,310109.4871734453,172673.79225870423,35987.70660343589,1,5,positive_momentum_correction,0.01094802287358787,1357504.438206722,-0.7450489412512866
2025-03-16 00:00:00+00:00,356165.22158944234,310109.4871734453,279523.3587355369,46055.73441599706,1,8,positive_momentum_correction,0.02909017464918162,1357504.438206722,-0.7376323704252927
2025-03-17 00:00:00+00:00,357416.1380696987,321473.5367204045,283418.9383011437,35942.60134929416,1,8,positive_momentum_correction,0.0035121803152873277,1357504.438206722,-0.7367108880013319
2025-03-18 00:00:00+00:00,351328.4684686225,252254.09796502825,252254.09796502825,99074.37050359423,3,8,positive_momentum_correction,-0.017032441886798866,1357504.438206722,-0.7411953445008761
2025-03-19 00:00:00+00:00,354925.9627978387,149082.53304249098,149082.53304249095,205843.42975534775,6,8,positive_momentum_correction,0.010239689214190495,1357504.438206722,-0.7385452652613793
2025-03-20 00:00:00+00:00,356296.9092729264,149082.53304249098,125047.77902472694,207214.37623043545,6,5,positive_momentum_correction,0.003862626628609034,1357504.438206722,-0.737535363240802
2025-03-21 00:00:00+00:00,362712.98152429855,149082.53304249098,149082.53304249095,213630.4484818076,6,5,positive_momentum_correction,0.018007656211402656,1357504.438206722,-0.7328089902943917
2025-03-22 00:00:00+00:00,357914.84132322087,143175.46669612834,66192.4992607489,214739.37462709253,6,2,positive_momentum_correction,-0.01322847663437221,1357504.438206722,-0.7363435203231967
2025-03-23 00:00:00+00:00,344453.39096618595,214448.3762529514,214448.37625295136,130005.01471323456,4,15,positive_momentum_correction,-0.03761076323984658,1357504.438206722,-0.7462598417569724
2025-03-24 00:00:00+00:00,344932.4191915708,323784.68780731084,323784.68780731084,21147.731384259965,1,25,positive_momentum_correction,0.0013906909844643156,1357504.438206722,-0.7459069676065073
2025-03-25 00:00:00+00:00,344567.99491852656,289339.34871069225,254408.99092735647,55228.64620783429,2,16,positive_momentum_correction,-0.0010565091964922502,1357504.438206722,-0.7461754192319956
2025-03-26 00:00:00+00:00,340633.3096704795,239342.3627938412,239342.3627938412,101290.94687663829,4,15,positive_momentum_correction,-0.011419183749138972,1357504.438206722,-0.7490738887598336
2025-03-27 00:00:00+00:00,340379.0762309168,212037.4594480438,212037.45944804378,128341.61678287294,5,19,positive_momentum_correction,-0.0007463551929453027,1357504.438206722,-0.7492611687660033
2025-03-28 00:00:00+00:00,329312.17455215496,42255.5899916303,42255.58999163029,287056.5845605247,20,4,positive_momentum_correction,-0.03251346058432192,1357504.438206722,-0.7574135558722888
2025-03-29 00:00:00+00:00,316852.2796392565,3366.8156990418247,3366.8156990418174,313485.46394021466,23,1,positive_momentum_correction,-0.03783611987574764,1357504.438206722,-0.7665920856525362
2025-03-30 00:00:00+00:00,316578.9758343304,31560.50782561135,31560.50782561133,285018.4680087191,22,15,positive_momentum_correction,-0.0008625590613935419,1357504.438206722,-0.7667934137640576
2025-03-31 00:00:00+00:00,316338.83201793715,69532.11416596429,69532.11416596427,246806.71785197288,25,9,positive_momentum_correction,-0.0007585589528186221,1357504.438206722,-0.7669703147079032
2025-04-01 00:00:00+00:00,322617.3547834032,106179.93682555608,106179.93682555608,216437.41795784712,25,10,positive_momentum_correction,0.019847461424242985,1357504.438206722,-0.7623452670183648
2025-04-02 00:00:00+00:00,318293.9872489192,210060.0173882588,210060.01738825874,108233.96986066044,16,12,positive_momentum_correction,-0.013400914335146674,1357504.438206722,-0.7655300577363938
2025-04-03 00:00:00+00:00,325040.0762313048,135689.42726448708,135689.42726448708,189350.6489668177,18,6,positive_momentum_correction,0.02119452221103324,1357504.438206722,-0.7605605793372682
2025-04-04 00:00:00+00:00,328942.9606877823,118555.23292799602,94481.38683910215,210387.7277597863,19,4,positive_momentum_correction,0.012007394601089683,1357504.438206722,-0.7576855357303145
2025-04-05 00:00:00+00:00,326324.67598036217,124880.29269374,124880.29269374,201444.38328662218,14,7,positive_momentum_correction,-0.007959692166525256,1357504.438206722,-0.7596142842733976
2025-04-06 00:00:00+00:00,299093.9834401931,10873.163557669795,10873.163557669788,288220.8198825233,19,1,positive_momentum_correction,-0.08344662400525227,1357504.438206722,-0.7796736607098689
2025-04-07 00:00:00+00:00,307305.2971848151,66997.41092241021,41603.6932761513,240307.8862624049,13,2,positive_momentum_correction,0.027453958284867852,1357504.438206722,-0.77362483058194
2025-04-08 00:00:00+00:00,298838.8936422972,138788.35666698398,40757.05292189951,160050.5369753132,9,2,positive_momentum_correction,-0.027550464050172807,1357504.438206722,-0.779861571548844
2025-04-09 00:00:00+00:00,319547.8526268633,149600.471865747,93793.45988960192,169947.38076111628,8,3,positive_momentum_correction,0.0692980713860969,1357504.438206722,-0.7646064030192127
2025-04-10 00:00:00+00:00,313716.30920086964,85690.90134037434,31371.6309200865,228025.40786049527,10,1,positive_momentum_correction,-0.01824935883015666,1357504.438206722,-0.7689021852368363
2025-04-11 00:00:00+00:00,314563.8502266682,212364.6064356643,212364.60643566432,102199.24379100389,3,8,positive_momentum_correction,0.002701616080966529,1357504.438206722,-0.7682778476641959
2025-04-12 00:00:00+00:00,314789.76697997324,212364.6064356643,212364.60643566426,102425.16054430894,3,11,positive_momentum_correction,0.0007181904504991454,1357504.438206722,-0.7681114270272192
2025-04-13 00:00:00+00:00,287004.22948035965,221940.82622665763,154975.73075979564,65063.40325370201,3,6,positive_momentum_correction,-0.08826696549313595,1357504.438206722,-0.7885795276960602
2025-04-14 00:00:00+00:00,289862.2462988067,218735.09643093395,144359.51978571352,71127.14986787274,4,5,positive_momentum_correction,0.009958100002991799,1357504.438206722,-0.7864741814901778
2025-04-15 00:00:00+00:00,292297.80626634986,221759.21488022394,144603.07578246784,70538.59138612595,3,5,positive_momentum_correction,0.008402473929055354,1357504.438206722,-0.7846800363669688
2025-04-16 00:00:00+00:00,286913.73866138404,221759.21488022394,173276.3514848111,65154.52378116008,3,6,positive_momentum_correction,-0.01841980161855783,1357504.438206722,-0.7886461873816043
2025-04-17 00:00:00+00:00,286652.403315323,221759.21488022394,221759.2148802239,64893.18843509908,3,9,positive_momentum_correction,-0.0009108498856844616,1357504.438206722,-0.7888386989776668
2025-04-18 00:00:00+00:00,285666.30598689313,254341.62395356593,254341.6239535659,31324.682033327215,2,14,positive_momentum_correction,-0.0034400455639826966,1357504.438206722,-0.7895651034745335
2025-04-19 00:00:00+00:00,284231.5422909803,228924.22461615183,228924.22461615186,55307.317674828446,2,16,positive_momentum_correction,-0.005022516362075513,1357504.438206722,-0.7906220161854842
2025-04-20 00:00:00+00:00,281955.14729407016,257419.42899718136,257419.42899718133,24535.718296888826,1,19,positive_momentum_correction,-0.008008945729815142,1357504.438206722,-0.7922989130948729
2025-04-21 00:00:00+00:00,283285.9843203654,257419.42899718136,257419.42899718136,25866.555323184057,1,17,positive_momentum_correction,0.004720030966156585,1357504.438206722,-0.7913185575329763
2025-04-22 00:00:00+00:00,281818.25079828437,208758.39809419162,208758.39809419168,73059.85270409274,3,35,positive_momentum_correction,-0.005181101795778242,1357504.438206722,-0.7923997573292878
2025-04-23 00:00:00+00:00,286442.4454333376,204522.72856590585,204522.72856590583,81919.71686743177,5,34,positive_momentum_correction,0.016408428559735233,1357504.438206722,-0.7889933635784416
2025-04-24 00:00:00+00:00,287671.96618424304,216883.12283286644,216883.12283286644,70788.84335137659,9,32,positive_momentum_correction,0.004292383236169428,1357504.438206722,-0.7880876422295453
2025-04-25 00:00:00+00:00,293169.47981594113,207607.11399410735,207607.11399410735,85562.36582183378,10,32,positive_momentum_correction,0.01911035581470988,1357504.438206722,-0.7840379216710178
2025-04-26 00:00:00+00:00,293268.17404090124,207607.11399410735,207607.11399410732,85661.06004679386,10,35,positive_momentum_correction,0.0003366456324924716,1357504.438206722,-0.7839652189805644
2025-04-27 00:00:00+00:00,292452.25807229406,223199.10916515105,223199.10916515108,69253.14890714298,14,31,positive_momentum_correction,-0.002782149721071936,1357504.438206722,-0.7845662600863194
2025-04-28 00:00:00+00:00,296746.2789647323,168466.64819969446,168466.64819969443,128279.63076503783,18,30,positive_momentum_correction,0.014682809839603905,1357504.438206722,-0.7814030874501321
2025-04-29 00:00:00+00:00,298120.5902952748,171704.97442385126,171704.97442385124,126415.61587142355,17,29,positive_momentum_correction,0.004631267274309625,1357504.438206722,-0.7803907067227749
2025-04-30 00:00:00+00:00,333510.102837126,120778.63174482819,120778.63174482816,212731.47109229778,34,15,positive_momentum_correction,0.11870871618360712,1357504.438206722,-0.7543211694558462
2025-05-01 00:00:00+00:00,310234.16436431033,118114.00625811711,118114.00625811711,192120.1581061932,35,14,positive_momentum_correction,-0.06979080476066657,1357504.438206722,-0.7714672927521821
2025-05-02 00:00:00+00:00,309460.4832429838,141816.47404550292,141816.4740455029,167644.00919748092,31,17,positive_momentum_correction,-0.0024938617670037244,1357504.438206722,-0.7720372217332973
2025-05-03 00:00:00+00:00,304744.0871312873,100841.69300462269,100841.69300462265,203902.39412666464,37,10,positive_momentum_correction,-0.015240705573361546,1357504.438206722,-0.7755115353185456
2025-05-04 00:00:00+00:00,284238.9272340647,53157.75011428514,53157.75011428514,231081.17711977952,37,8,positive_momentum_correction,-0.0672864897568588,1357504.438206722,-0.7906165760978672
2025-05-05 00:00:00+00:00,282628.5210876799,93273.46983886379,93273.4698388638,189355.0512488161,22,24,positive_momentum_correction,-0.0056656776819968835,1357504.438206722,-0.7918028750896496
2025-05-06 00:00:00+00:00,277956.17250993435,36321.13149722566,36321.13149722566,241635.04101270868,36,11,positive_momentum_correction,-0.016531766007776838,1357504.438206722,-0.7952447412421595
2025-05-07 00:00:00+00:00,278028.6700983269,52092.5447475209,52092.54474752089,225936.12535080602,34,13,positive_momentum_correction,0.00026082381167480406,1357504.438206722,-0.7951913361951097
2025-05-08 00:00:00+00:00,298398.33366933384,144076.49199306147,144076.49199306147,154321.84167627234,23,26,positive_momentum_correction,0.07326461534993145,1357504.438206722,-0.780186108221111
2025-05-09 00:00:00+00:00,303319.1924842552,196573.95915638408,196573.95915638408,106745.2333278711,20,29,positive_momentum_correction,0.01649090581174062,1357504.438206722,-0.7765611780356733
2025-05-10 00:00:00+00:00,311858.9701531311,205788.730672525,205788.73067252504,106070.23948060612,18,31,positive_momentum_correction,0.028154425702287877,1357504.438206722,-0.7702703863236718
2025-05-11 00:00:00+00:00,314384.5573183929,255105.30364254286,255105.30364254283,59279.253675850036,10,38,positive_momentum_correction,0.00809849132773599,1357504.438206722,-0.76840992303959
2025-05-12 00:00:00+00:00,316412.9628099132,179000.30027750193,179000.3002775019,137412.6625324113,21,27,positive_momentum_correction,0.006451988319089219,1357504.438206722,-0.7669157065682244
2025-05-13 00:00:00+00:00,325171.79945229384,133419.5697473022,133419.5697473022,191752.22970499165,27,22,positive_momentum_correction,0.027681661852907657,1357504.438206722,-0.7604635459742222
2025-05-14 00:00:00+00:00,316655.95390232385,137384.65515670762,137384.6551567076,179271.29874561625,27,23,positive_momentum_correction,-0.026188757955990405,1357504.438206722,-0.7667367081903395
2025-05-15 00:00:00+00:00,305326.07646587666,44174.78589601966,44174.78589601963,261151.29056985702,45,6,positive_momentum_correction,-0.03577977074747196,1357504.438206722,-0.7750828152950898
2025-05-16 00:00:00+00:00,302828.4363096341,76750.27963561793,76750.27963561793,226078.15667401618,38,11,positive_momentum_correction,-0.008180238599835632,1357504.438206722,-0.7769226915311793
2025-05-17 00:00:00+00:00,295289.2264871592,89116.29555065665,89116.29555065665,206172.93093650255,34,10,positive_momentum_correction,-0.024895977122723956,1357504.438206722,-0.7824764190994179
2025-05-18 00:00:00+00:00,313020.9553659261,106800.92228830888,106800.9222883089,206220.0330776172,29,15,positive_momentum_correction,0.060048682065743986,1357504.438206722,-0.7694144147481167
2025-05-19 00:00:00+00:00,310287.66691066127,62316.310426398384,62316.31042639839,247971.35648426288,36,8,positive_momentum_correction,-0.0087319663696942,1357504.438206722,-0.7714278803238723
2025-05-20 00:00:00+00:00,309769.15780366986,169682.29085804627,169682.2908580462,140086.8669456236,17,27,positive_momentum_correction,-0.0016710593500343096,1357504.438206722,-0.7718098379016143
2025-05-21 00:00:00+00:00,316042.91195308766,147180.82277932903,147180.82277932903,168862.08917375864,18,26,positive_momentum_correction,0.020252998051517146,1357504.438206722,-0.7671883029932604
2025-05-22 00:00:00+00:00,320881.3679961042,210984.54616384057,210984.54616384063,109896.82183226361,12,37,positive_momentum_correction,0.015309490768566025,1357504.438206722,-0.7636240744671215
2025-05-23 00:00:00+00:00,315488.1122221437,160521.18344263226,160521.18344263223,154966.9287795114,25,25,positive_momentum_correction,-0.016807631454706318,1357504.438206722,-0.7675969939082432
2025-05-24 00:00:00+00:00,316339.14831095916,209897.55255743457,209897.5525574346,106441.5957535246,17,32,positive_momentum_correction,0.0026975218901947873,1357504.438206722,-0.7669700817119636
2025-05-25 00:00:00+00:00,321501.6035915932,130876.20871645444,130876.2087164545,190625.39487513877,28,21,positive_momentum_correction,0.016319368969026193,1357504.438206722,-0.7631671804945991
2025-05-26 00:00:00+00:00,320042.93404007703,155442.24417828792,155442.24417828792,164600.68986178914,27,22,positive_momentum_correction,-0.004537052180209833,1357504.438206722,-0.7642417033546813
2025-05-27 00:00:00+00:00,325153.67026049335,160082.584245336,160082.58424533604,165071.08601515734,26,23,positive_momentum_correction,0.0159689081583545,1357504.438206722,-0.7604769007679821
2025-05-28 00:00:00+00:00,324451.57164699875,225074.60095923883,225074.6009592388,99376.9706877599,13,26,positive_momentum_correction,-0.0021592824492250307,1357504.438206722,-0.7609940987923378
2025-05-29 00:00:00+00:00,320714.4104310801,208119.13550084273,208119.1355008427,112595.27493023734,14,18,positive_momentum_correction,-0.011518394554071332,1357504.438206722,-0.7637470630631991
2025-05-30 00:00:00+00:00,309241.6738664339,79061.38358887247,30924.16738664284,230180.29027756143,21,1,positive_momentum_correction,-0.03577243862920099,1357504.438206722,-0.7721984067507393
2025-05-31 00:00:00+00:00,294996.10403331666,48137.21620222907,29499.610403331113,246858.88783108757,22,1,positive_momentum_correction,-0.04606613867725384,1357504.438206722,-0.7826923465362591
2025-06-01 00:00:00+00:00,299305.6442741291,48137.21620222907,29499.610403331113,251168.42807190007,22,1,positive_momentum_correction,0.014608803919409663,1357504.438206722,-0.7795177416366202
2025-06-02 00:00:00+00:00,301043.9173428216,64560.937303354505,30104.39173428161,236482.9800394671,20,1,positive_momentum_correction,0.005807685561386888,1357504.438206722,-0.7782372500081813
2025-06-03 00:00:00+00:00,300655.3695876361,81756.95549305736,60169.92869304522,218898.4140945787,19,2,positive_momentum_correction,-0.001290668014869878,1357504.438206722,-0.7785234720964853
2025-06-04 00:00:00+00:00,306265.0893807319,269191.7601033545,269191.7601033545,37073.329277377416,1,9,positive_momentum_correction,0.01865830568996607,1357504.438206722,-0.7743910953357093
2025-06-05 00:00:00+00:00,298504.95220157795,37024.758062458044,29850.495220157216,261480.1941391199,9,1,positive_momentum_correction,-0.025337975003435598,1357504.438206722,-0.7801075681226455
2025-06-06 00:00:00+00:00,304455.41455945885,37024.758062458044,37024.75806245805,267430.6564970008,9,4,positive_momentum_correction,0.019934216548148198,1357504.438206722,-0.7757241847683034
2025-06-07 00:00:00+00:00,311406.222458911,37024.758062458044,37024.758062458015,274381.464396453,9,3,positive_momentum_correction,0.02283029818835658,1357504.438206722,-0.770603901030127
2025-06-08 00:00:00+00:00,309445.29310407036,33658.72576827268,33658.72576827265,275786.5673357977,10,2,positive_momentum_correction,-0.006297014039593929,1357504.438206722,-0.7720484114859684
2025-06-09 00:00:00+00:00,327138.4679121773,33658.72576827268,33658.72576827265,293479.7421439046,10,2,positive_momentum_correction,0.05717706878209494,1357504.438206722,-0.7590148078305138
2025-06-10 00:00:00+00:00,326584.5664809184,323338.7010309482,323338.70103094826,3245.865449970153,1,14,positive_momentum_correction,-0.0016931711968757313,1357504.438206722,-0.7594228370167687
2025-06-11 00:00:00+00:00,326143.5633754184,158943.03298514133,157269.94622520826,167200.53039027713,8,5,positive_momentum_correction,-0.0013503488859009094,1357504.438206722,-0.7597477001207763
2025-06-12 00:00:00+00:00,311294.2287068622,66945.89974556616,66945.89974556613,244348.32896129607,11,3,positive_momentum_correction,-0.04553005588972303,1357504.438206722,-0.7706864007619119
2025-06-13 00:00:00+00:00,311345.4720741246,35591.169725593696,31134.547207411877,275754.3023485309,12,1,positive_momentum_correction,0.00016461393285482906,1357504.438206722,-0.7706486525484842
2025-06-14 00:00:00+00:00,302473.3973509632,35591.169725593696,31134.547207411877,266882.2276253695,12,1,positive_momentum_correction,-0.02849591697626863,1357504.438206722,-0.777184229503858
2025-06-15 00:00:00+00:00,303725.1481373178,35591.169725593696,31134.547207411877,268133.9784117241,12,1,positive_momentum_correction,0.004138383068783336,1357504.438206722,-0.7762621324917789
2025-06-16 00:00:00+00:00,303818.47781450464,182263.54331127246,60763.69556290035,121554.93450323217,5,2,positive_momentum_correction,0.00030728333744911573,1357504.438206722,-0.7761933815731372
2025-06-17 00:00:00+00:00,301583.8441508492,267845.7459563491,121080.46439307019,33738.09819450006,2,4,positive_momentum_correction,-0.007355160488361712,1357504.438206722,-0.7778395151700243
2025-06-18 00:00:00+00:00,301533.9504114055,301533.9504114055,121080.46439307019,0.0,0,4,positive_momentum_correction,-0.0001654390326650823,1357504.438206722,-0.7778762691857309
2025-06-19 00:00:00+00:00,301657.65008113306,271375.56599632057,150821.44444753756,30282.084084812497,1,5,positive_momentum_correction,0.0004102346338075158,1357504.438206722,-0.7777851463383604
2025-06-20 00:00:00+00:00,300399.5488560733,180878.27097198062,60205.71989372006,119521.27788409268,4,2,positive_momentum_correction,-0.004170625955355001,1357504.438206722,-0.778711921374707
2025-06-21 00:00:00+00:00,295354.91902233445,150712.5059638673,59575.4467878402,144642.41305846715,5,2,positive_momentum_correction,-0.01679306727639529,1357504.438206722,-0.7824280269665258
2025-06-22 00:00:00+00:00,291084.68685997237,91137.05917602651,-5.784386303275824e-10,199947.62768394584,7,0,positive_momentum_correction,-0.014457968658511344,1357504.438206722,-0.7855736757336143
2025-06-23 00:00:00+00:00,308047.1389641975,91137.05917602651,-5.784386303275824e-10,216910.079788171,7,0,positive_momentum_correction,0.05827325472598632,1357504.438206722,-0.7730783559196822
2025-06-24 00:00:00+00:00,318454.991629518,121542.88654256632,31845.499162951222,196912.10508695163,6,1,positive_momentum_correction,0.033786558447894466,1357504.438206722,-0.7654114545288703
2025-06-25 00:00:00+00:00,317499.5382721852,181572.15645038945,181572.15645038948,135927.38182179575,4,9,positive_momentum_correction,-0.0030002775351197775,1357504.438206722,-0.7661152852718438
2025-06-26 00:00:00+00:00,313987.65233076806,180305.04758323738,63499.907654436465,133682.60474753068,4,2,positive_momentum_correction,-0.011061074168890461,1357504.438206722,-0.7687023014484217
2025-06-27 00:00:00+00:00,314163.31380495685,249458.15409487716,220581.56455691488,64705.15971007969,2,7,positive_momentum_correction,0.0005594534462893819,1357504.438206722,-0.7685729011538482
2025-06-28 00:00:00+00:00,318196.72057105525,218041.82271438147,189304.6696361932,100154.89785667378,3,6,positive_momentum_correction,0.012838567040970528,1357504.438206722,-0.7656017088302145
2025-06-29 00:00:00+00:00,319133.23329866806,218041.82271438147,126068.666198592,101091.41058428661,3,4,positive_momentum_correction,0.0029431878679706536,1357504.438206722,-0.7649118306233705
2025-06-30 00:00:00+00:00,319566.34320855845,251528.28714137315,127826.5372834228,68038.05606718529,2,4,positive_momentum_correction,0.0013571444923288212,1357504.438206722,-0.7645927820090894
2025-07-01 00:00:00+00:00,319537.17204091646,284824.6365759024,127826.5372834228,34712.53546501405,1,4,positive_momentum_correction,-9.128360436549965e-05,1357504.438206722,-0.7646142708284412
2025-07-02 00:00:00+00:00,319547.5878847247,284824.6365759024,284824.63657590235,34722.95130882231,1,14,positive_momentum_correction,3.2596657665084905e-05,1357504.438206722,-0.7646065980404082
2025-07-03 00:00:00+00:00,319492.054077487,319492.054077487,319492.054077487,0.0,0,22,positive_momentum_correction,-0.0001737888481817551,1357504.438206722,-0.7646475067886044
2025-07-04 00:00:00+00:00,319209.19630695006,221183.46251178262,221183.46251178274,98025.73379516743,13,9,positive_momentum_correction,-0.0008853358539812062,1357504.438206722,-0.7648558727891683
2025-07-05 00:00:00+00:00,319765.2080337945,189234.25710403392,189234.25710403392,130530.95092976054,14,10,positive_momentum_correction,0.0017418411915355314,1357504.438206722,-0.7644462890624448
2025-07-06 00:00:00+00:00,321266.0977508438,189234.25710403392,189234.25710403395,132031.84064680987,14,12,positive_momentum_correction,0.004693724268121979,1357504.438206722,-0.763340664892971
2025-07-07 00:00:00+00:00,317053.2410023435,174484.0562926516,174484.05629265163,142569.1847096919,16,10,positive_momentum_correction,-0.013113293864476128,1357504.438206722,-0.766444048300001
2025-07-08 00:00:00+00:00,323769.1122344139,142357.4465175672,142357.4465175672,181411.6657168467,17,14,positive_momentum_correction,0.021182156065771895,1357504.438206722,-0.7614968296810017
2025-07-09 00:00:00+00:00,325350.45177447575,210313.08861686537,210313.08861686534,115037.36315761035,5,35,positive_momentum_correction,0.004884158124746962,1357504.438206722,-0.7603319424839102
2025-07-10 00:00:00+00:00,331110.2246282235,241978.69788327662,241978.69788327662,89131.5267449469,4,43,positive_momentum_correction,0.01770328832289514,1357504.438206722,-0.7560890297599147
2025-07-11 00:00:00+00:00,331532.1934127006,217980.373629626,217980.3736296261,113551.8197830746,6,42,positive_momentum_correction,0.001274405781189314,1357504.438206722,-0.7557781882093453
2025-07-12 00:00:00+00:00,335459.27460858895,211058.4992546092,211058.49925460917,124400.77535397974,9,39,positive_momentum_correction,0.011845248437154954,1357504.438206722,-0.7528853201749128
2025-07-13 00:00:00+00:00,329634.0344751383,254716.60916871318,254716.60916871316,74917.42530642512,8,40,positive_momentum_correction,-0.017364969682974185,1357504.438206722,-0.7571764590982933
2025-07-14 00:00:00+00:00,330077.4715495949,289061.91053384077,289061.9105338408,41015.561015754116,8,40,positive_momentum_correction,0.0013452405640170806,1357504.438206722,-0.7568498030211741
2025-07-15 00:00:00+00:00,331004.5718192879,224526.78486570154,224526.78486570157,106477.78695358636,15,35,positive_momentum_correction,0.0028087353715495755,1357504.438206722,-0.7561668584623205
2025-07-16 00:00:00+00:00,333590.34853790497,229655.32498907272,229655.3249890727,103935.02354883224,14,35,positive_momentum_correction,0.007811906356474108,1357504.438206722,-0.7542620567940231
2025-07-17 00:00:00+00:00,337401.36893848854,233443.08243250803,233443.082432508,103958.28650598053,12,38,positive_momentum_correction,0.01142425258190749,1357504.438206722,-0.7514546844618797
2025-07-18 00:00:00+00:00,337946.03231635183,202800.6633656932,202800.66336569324,135145.36895065862,17,34,positive_momentum_correction,0.0016142891760542177,1357504.438206722,-0.7510534604492475
2025-07-19 00:00:00+00:00,339392.08070370776,207403.01768716698,207403.017687167,131989.06301654075,16,34,positive_momentum_correction,0.004278932874117292,1357504.438206722,-0.749988234917266
2025-07-20 00:00:00+00:00,340971.06022231805,263099.09783499234,263099.09783499234,77871.9623873257,10,40,positive_momentum_correction,0.004652375846060819,1357504.438206722,-0.748825086220164
2025-07-21 00:00:00+00:00,342627.01837362116,257701.25206952728,257701.25206952725,84925.7663040939,11,39,positive_momentum_correction,0.004856594428346517,1357504.438206722,-0.7476052315333606
2025-07-22 00:00:00+00:00,349598.1587007972,128299.98413273004,128299.98413273005,221298.17456806716,31,19,positive_momentum_correction,0.02034614888302322,1357504.438206722,-0.742469969996842
2025-07-23 00:00:00+00:00,331179.72190879134,59581.00400208958,59581.004002089554,271598.7179067018,42,9,positive_momentum_correction,-0.052684593249729406,1357504.438206722,-0.756037834877149
2025-07-24 00:00:00+00:00,326504.35051904805,11512.778856799941,11512.778856799916,314991.5716622481,49,2,positive_momentum_correction,-0.014117323859070385,1357504.438206722,-0.7594819277715483
2025-07-25 00:00:00+00:00,337509.2643571803,15854.911273269863,15854.911273269856,321654.3530839104,49,2,positive_momentum_correction,0.033705259426520806,1357504.438206722,-0.7513752037503216
2025-07-26 00:00:00+00:00,340157.51090669737,30167.544745010648,30167.54474501065,309989.9661616867,47,4,positive_momentum_correction,0.007846441058620757,1357504.438206722,-0.749424383940837
2025-07-27 00:00:00+00:00,342826.0099200562,181663.15744371063,181663.15744371066,161162.85247634558,24,25,positive_momentum_correction,0.007844892227268252,1357504.438206722,-0.7474586452380716
2025-07-28 00:00:00+00:00,336919.3149878422,177740.02227024845,177740.02227024845,159179.29271759378,24,24,positive_momentum_correction,-0.01722942472652922,1357504.438206722,-0.7518097875002778
2025-07-29 00:00:00+00:00,334580.927051842,164433.68646430376,164433.68646430376,170147.24058753822,23,24,positive_momentum_correction,-0.006940498309171206,1357504.438206722,-0.753532351250485
2025-07-30 00:00:00+00:00,334555.30447032605,83119.02318174686,83119.02318174683,251436.28128857922,34,12,positive_momentum_correction,-7.658111818176216e-05,1357504.438206722,-0.7535512260186219
2025-07-31 00:00:00+00:00,323138.6192552209,73343.16765901672,73343.16765901672,249795.4515962042,36,10,positive_momentum_correction,-0.03412495650959779,1357504.438206722,-0.7619612797125801
2025-08-01 00:00:00+00:00,314717.5448958355,33639.03283359491,33639.03283359489,281078.5120622406,41,5,positive_momentum_correction,-0.026060253580319603,1357504.438206722,-0.7681646291252051
2025-08-02 00:00:00+00:00,308529.56541709346,111661.39443172686,78856.90789117305,196868.17098536657,27,5,positive_momentum_correction,-0.01966200988505462,1357504.438206722,-0.7727229784790506
2025-08-03 00:00:00+00:00,315189.5261569675,162505.69417282316,162505.69417282313,152683.83198414437,21,12,positive_momentum_correction,0.021586134641166765,1357504.438206722,-0.7678169460916561
2025-08-04 00:00:00+00:00,315421.95095144515,246962.9034583,246962.90345829996,68459.04749314518,9,21,positive_momentum_correction,0.0007374128109887135,1357504.438206722,-0.7676457313332096
2025-08-05 00:00:00+00:00,313478.5129156856,191897.0201879213,125212.26803091436,121581.49272776429,16,6,positive_momentum_correction,-0.006161391209132172,1357504.438206722,-0.7690773568815774
2025-08-06 00:00:00+00:00,315219.00198738696,231245.2512218336,231245.25122183363,83973.75076555334,11,10,positive_momentum_correction,0.005552179814536373,1357504.438206722,-0.767795232843736
2025-08-07 00:00:00+00:00,318437.87437559705,248442.35666136848,248442.35666136845,69995.51771422857,9,16,positive_momentum_correction,0.010211542984134292,1357504.438206722,-0.7654240638827988
2025-08-08 00:00:00+00:00,319286.5167265187,248442.35666136848,247172.97746632475,70844.16006515022,9,15,positive_momentum_correction,0.0026650170071185197,1357504.438206722,-0.7647989150235858
2025-08-09 00:00:00+00:00,320145.47855430987,248442.35666136848,248442.35666136845,71703.12189294137,9,14,positive_momentum_correction,0.0026902539969355654,1357504.438206722,-0.7641661643646444
2025-08-10 00:00:00+00:00,320517.98315840913,302675.52898890467,302675.52898890467,17842.454169504446,1,16,positive_momentum_correction,0.001163547915095986,1357504.438206722,-0.7638917603968818
2025-08-11 00:00:00+00:00,318948.117455964,234988.67462161675,234988.67462161672,83959.44283434725,5,13,positive_momentum_correction,-0.004897902098894957,1357504.438206722,-0.7650481954392003
2025-08-12 00:00:00+00:00,324112.2072696418,220460.2203403694,220460.22034036941,103651.9869292724,6,27,positive_momentum_correction,0.016191002646036345,1357504.438206722,-0.7612440901498654
2025-08-13 00:00:00+00:00,328796.26418051415,210816.68865201485,210816.68865201488,117979.57552849926,7,33,positive_momentum_correction,0.014451960789540585,1357504.438206722,-0.75779359910244
2025-08-14 00:00:00+00:00,315282.6000875788,35063.998590077834,35063.998590077834,280218.60149750096,35,4,positive_momentum_correction,-0.04110041860304148,1357504.438206722,-0.767748383567666
2025-08-15 00:00:00+00:00,312630.6373930217,26392.194746051355,26392.194746051337,286238.4426469704,36,3,positive_momentum_correction,-0.00841138297457722,1357504.438206722,-0.7697019408599428
2025-08-16 00:00:00+00:00,314091.8233943926,71301.70779046822,37101.83216858465,242790.1156039244,33,2,positive_momentum_correction,0.004673841353347585,1357504.438206722,-0.7686255642675384
2025-08-17 00:00:00+00:00,315338.75214238954,84942.57385719116,84942.57385719116,230396.17828519837,32,4,positive_momentum_correction,0.003969949725278976,1357504.438206722,-0.7677070193899658
2025-08-18 00:00:00+00:00,308395.62041382946,47070.01322561898,47070.01322561898,261325.60718821044,33,2,positive_momentum_correction,-0.022018009779606662,1357504.438206722,-0.7728216485087714
2025-08-19 00:00:00+00:00,302542.6601497383,198143.9623768869,198143.96237688683,104398.69777285143,6,9,positive_momentum_correction,-0.018978739893378505,1357504.438206722,-0.77713320735113
2025-08-20 00:00:00+00:00,307281.7983591297,222011.89395536127,222011.89395536127,85269.90440376842,4,26,positive_momentum_correction,0.01566436352164624,1357504.438206722,-0.7736421408941747
2025-08-21 00:00:00+00:00,304909.12576206255,235786.2141107689,235786.2141107689,69122.91165129366,8,25,positive_momentum_correction,-0.007721487604332888,1357504.438206722,-0.7753899602974037
2025-08-22 00:00:00+00:00,314647.5960947813,223579.65039693535,223579.6503969353,91067.94569784595,19,28,positive_momentum_correction,0.03193892707664703,1357504.438206722,-0.7682161566186596
2025-08-23 00:00:00+00:00,315662.7358811168,227167.4584134293,227167.4584134293,88495.27746768753,22,23,positive_momentum_correction,0.003226275359910158,1357504.438206722,-0.7674683581159332
2025-08-24 00:00:00+00:00,317689.0425811547,148617.88618565025,148617.88618565025,169071.15639550443,33,12,positive_momentum_correction,0.0064192141475989395,1357504.438206722,-0.7659756877105866
2025-08-25 00:00:00+00:00,294220.7347659557,-4.547473508864641e-10,-4.547473508864641e-10,294220.7347659562,45,0,positive_momentum_correction,-0.07387194605304626,1357504.438206722,-0.7832635190831314
2025-08-26 00:00:00+00:00,299438.33415072376,5996.129928542557,5996.129928542533,293442.20422218123,40,4,positive_momentum_correction,0.017733622305438512,1357504.438206722,-0.7794199961907418
2025-08-27 00:00:00+00:00,292902.68909273634,18412.913751070733,18412.913751070733,274489.7753416656,29,3,positive_momentum_correction,-0.02182634723948762,1357504.438206722,-0.78423445194797
2025-08-28 00:00:00+00:00,296818.8410175029,64126.2589117862,64126.258911786215,232692.58210571666,24,7,positive_momentum_correction,0.013370146709464459,1357504.438206722,-0.7813496349156664
2025-08-29 00:00:00+00:00,290258.0341612111,126805.91223054388,76424.6331476546,163452.12193066726,15,3,positive_momentum_correction,-0.022103741237588403,1357504.438206722,-0.7861826260069948
2025-08-30 00:00:00+00:00,289635.12913535605,262837.73359807284,262837.73359807284,26797.395537283224,3,12,positive_momentum_correction,-0.002146038877632206,1357504.438206722,-0.786641486404297
2025-08-31 00:00:00+00:00,289647.7587756413,262837.73359807284,262837.73359807284,26810.025177568503,3,13,positive_momentum_correction,4.360534691683071e-05,1357504.438206722,-0.786632182832294
2025-09-01 00:00:00+00:00,289992.84042591625,106663.57632644652,43888.38775638951,183329.26409946973,10,2,positive_momentum_correction,0.001191383809540314,1357504.438206722,-0.7863779798694435
2025-09-02 00:00:00+00:00,295396.2902532512,106663.57632644652,44464.50386817902,188732.71392680466,10,2,positive_momentum_correction,0.01863304562760537,1357504.438206722,-0.7823975510212895
2025-09-03 00:00:00+00:00,296932.6025039812,133423.31755914065,133423.31755914062,163509.28494484053,7,7,positive_momentum_correction,0.00520085153883576,1357504.438206722,-0.7812658329896642
2025-09-04 00:00:00+00:00,288595.1389730275,63126.357055280285,63126.357055280285,225468.78191774723,11,3,positive_momentum_correction,-0.028078639599172672,1357504.438206722,-0.7874075908331727
2025-09-05 00:00:00+00:00,297872.49215067975,33433.09680488217,33433.09680488217,264439.3953457976,12,2,positive_momentum_correction,0.03214660236712885,1357504.438206722,-0.7805734671894167
2025-09-06 00:00:00+00:00,296940.0541961596,196256.32437818256,178164.03251769528,100683.72981797702,5,6,positive_momentum_correction,-0.003130325824274083,1357504.438206722,-0.7812603437316046
2025-09-07 00:00:00+00:00,298421.19749658945,196256.32437818256,196256.32437818256,102164.87311840687,5,12,positive_momentum_correction,0.004988021250415198,1357504.438206722,-0.7801692656778294
2025-09-08 00:00:00+00:00,299877.4809992983,196256.32437818256,196256.32437818256,103621.15662111573,5,12,positive_momentum_correction,0.004879959985836679,1357504.438206722,-0.77909650049068
2025-09-09 00:00:00+00:00,300198.26346207305,259075.19644804453,259075.1964480445,41123.06701402853,2,19,positive_momentum_correction,0.0010697117426283764,1357504.438206722,-0.7788601974232672
2025-09-10 00:00:00+00:00,299915.4903396725,291042.0401305539,291042.04013055394,8873.450209118613,1,35,positive_momentum_correction,-0.0009419545574296251,1357504.438206722,-0.7790685010681335
2025-09-11 00:00:00+00:00,301254.20508686145,279044.98534541024,215774.9724779886,22209.219741451187,3,14,positive_momentum_correction,0.004463639892933857,1357504.438206722,-0.7780823424158956
2025-09-12 00:00:00+00:00,302242.87174006936,249025.15899920295,249025.15899920298,53217.71274086644,4,24,positive_momentum_correction,0.003281835196035976,1357504.438206722,-0.7773540452366141
2025-09-13 00:00:00+00:00,301849.4345462085,239125.21929495595,239125.21929495598,62724.215251252535,5,29,positive_momentum_correction,-0.0013017253032165943,1357504.438206722,-0.7776438691095885
2025-09-14 00:00:00+00:00,300503.2723593591,142832.67150601832,142832.67150601832,157670.6008533408,21,22,positive_momentum_correction,-0.004459714124935066,1357504.438206722,-0.7786355138872864
2025-09-15 00:00:00+00:00,290733.0559800093,55334.07862986193,55334.078629861906,235398.9773501474,36,6,positive_momentum_correction,-0.03251284521010467,1357504.438206722,-0.7858327031592833
2025-09-16 00:00:00+00:00,292795.9133512949,66307.6038823451,66307.6038823451,226488.30946894977,34,8,positive_momentum_correction,0.007095365762011641,1357504.438206722,-0.7843131078539372
2025-09-17 00:00:00+00:00,300015.3494962685,90403.6690622479,90403.6690622479,209611.68043402059,34,10,positive_momentum_correction,0.024656888350459205,1357504.438206722,-0.7789949402356342
2025-09-18 00:00:00+00:00,302289.2915700814,99941.4587658447,99941.4587658447,202347.83280423665,33,16,positive_momentum_correction,0.007579419111825025,1357504.438206722,-0.7773198502618461
2025-09-19 00:00:00+00:00,296065.71890346584,136640.47617284107,136640.47617284107,159425.24273062477,26,22,positive_momentum_correction,-0.020588134744338737,1357504.438206722,-0.7819044191895448
2025-09-20 00:00:00+00:00,295233.0398613883,222236.22300616538,222236.22300616538,72996.81685522287,11,32,positive_momentum_correction,-0.002812480435632869,1357504.438206722,-0.7825178087436722
2025-09-21 00:00:00+00:00,293692.4306069223,175780.77843206804,175780.77843206804,117911.65217485426,17,29,positive_momentum_correction,-0.005218281988998541,1357504.438206722,-0.7836526921452329
2025-09-22 00:00:00+00:00,283261.12222648057,3873.006371829335,3873.0063718293095,279388.11585465126,45,1,positive_momentum_correction,-0.03551779785023812,1357504.438206722,-0.7913368720910617
2025-09-23 00:00:00+00:00,278473.1830779044,3873.006371829335,3873.0063718293095,274600.1767060751,45,1,positive_momentum_correction,-0.016902916683172564,1357504.438206722,-0.7948638875569567
2025-09-24 00:00:00+00:00,282027.25129972846,67008.13515348593,67008.13515348593,215019.11614624254,35,6,positive_momentum_correction,0.012762694714592238,1357504.438206722,-0.7922457979789079
2025-09-25 00:00:00+00:00,265829.3610426226,28202.725129972478,28202.725129972478,237626.63591265012,40,1,positive_momentum_correction,-0.057433776993030095,1357504.438206722,-0.8041779064871523
2025-09-26 00:00:00+00:00,271527.87396817515,69259.45888686451,69259.45888686451,202268.41508131064,34,3,positive_momentum_correction,0.02143673258364731,1357504.438206722,-0.7999801206345474
2025-09-27 00:00:00+00:00,271872.9021489847,232821.70612662085,232821.70612662082,39051.19602236387,5,10,positive_momentum_correction,0.0012706915712454858,1357504.438206722,-0.7997259570597561
2025-09-28 00:00:00+00:00,273925.57503357413,205634.41591172238,182394.6436680941,68291.15912185179,6,7,positive_momentum_correction,0.007550119443182179,1357504.438206722,-0.7982138641141883
2025-09-29 00:00:00+00:00,270758.57524429203,178481.62851490485,128054.5660563781,92276.94672938719,7,5,positive_momentum_correction,-0.011561533781188293,1357504.438206722,-0.8005468213408076
2025-09-30 00:00:00+00:00,266353.53883240384,191161.5546257685,191161.55462576845,75191.98420663536,3,8,positive_momentum_correction,-0.01626924062483992,1357504.438206722,-0.8037917730978031
2025-10-01 00:00:00+00:00,251519.95956650178,164526.2007425281,164526.20074252808,86993.75882397368,4,7,positive_momentum_correction,-0.055691316627242915,1357504.438206722,-0.8147188675870833
2025-10-02 00:00:00+00:00,261625.43673993292,137890.8468592877,137890.8468592877,123734.58988064523,5,10,positive_momentum_correction,0.04017763516998052,1357504.438206722,-0.8072747098451163
2025-10-03 00:00:00+00:00,264197.7897338325,167984.29302959872,167984.29302959872,96213.49670423382,5,11,positive_momentum_correction,0.009832197610267768,1357504.438206722,-0.8053797967078173
2025-10-04 00:00:00+00:00,263491.47907138534,130474.0404840852,125481.37717277146,133017.43858730016,9,7,positive_momentum_correction,-0.002673416243030524,1357504.438206722,-0.8059000975205205
2025-10-05 00:00:00+00:00,262611.20776168176,159810.17050925217,159810.17050925217,102801.03725242955,8,12,positive_momentum_correction,-0.00334079611532756,1357504.438206722,-0.8065485457207094
2025-10-06 00:00:00+00:00,268626.76639217813,159686.3188257823,159686.3188257823,108940.44756639581,8,15,positive_momentum_correction,0.022906709434714845,1357504.438206722,-0.8021172094678106
2025-10-07 00:00:00+00:00,270064.6069572141,96053.5253315005,96053.5253315005,174011.08162571362,15,5,positive_momentum_correction,0.005352558809931907,1357504.438206722,-0.8010580301940137
2025-10-08 00:00:00+00:00,277584.2987558117,79737.89090233485,79737.89090233485,197846.40785347685,15,3,positive_momentum_correction,0.02784404770147808,1357504.438206722,-0.7955186804969098
2025-10-09 00:00:00+00:00,281554.3925002617,129832.27706927693,129832.27706927693,151722.1154309848,11,5,positive_momentum_correction,0.0143022993816464,1357504.438206722,-0.7925941274474225
2025-10-10 00:00:00+00:00,252164.8799654593,-4.765752237290144e-10,-4.511093720793724e-10,252164.87996545975,16,0,positive_momentum_correction,-0.1043830723925755,1357504.438206722,-0.8142437896567235
2025-10-11 00:00:00+00:00,260674.63173849625,2838.9000867766977,-4.511093720793724e-10,257835.73165171954,15,0,positive_momentum_correction,0.03374677621325617,1357504.438206722,-0.8079751163960464
2025-10-12 00:00:00+00:00,276746.97998748167,107610.70963107124,107610.70963107122,169136.27035641044,7,4,positive_momentum_correction,0.061656740979340485,1357504.438206722,-0.7961354878860895
2025-10-13 00:00:00+00:00,279813.2977437511,92547.33111895567,92547.33111895567,187265.9666247954,7,4,positive_momentum_correction,0.01107985986480542,1357504.438206722,-0.7938766976604603
2025-10-14 00:00:00+00:00,276159.27057893877,55766.475553474666,55290.6250566416,220392.7950254641,9,2,positive_momentum_correction,-0.013058804546732472,1357504.438206722,-0.7965684215782395
2025-10-15 00:00:00+00:00,272057.6140365265,181153.8482312923,163644.7340761567,90903.76580523416,4,6,positive_momentum_correction,-0.014852503534694361,1357504.438206722,-0.7995898898158171
2025-10-16 00:00:00+00:00,267481.84254880284,99536.56402033434,82027.44986519872,167945.27852846848,7,3,positive_momentum_correction,-0.016819126727727896,1357504.438206722,-0.8029606128565228
2025-10-17 00:00:00+00:00,268213.6829017259,45125.041213029035,26821.368290172133,223088.64168869687,9,1,positive_momentum_correction,0.0027360375042635443,1357504.438206722,-0.8024215057034811
2025-10-18 00:00:00+00:00,271839.5336612421,69075.94442010848,54005.32165629635,202763.5892411336,8,2,positive_momentum_correction,0.013518515238630568,1357504.438206722,-0.7997505378175079
2025-10-19 00:00:00+00:00,278881.7934645178,132196.21054138226,81893.50100274813,146685.58292313555,5,3,positive_momentum_correction,0.025905944247430757,1357504.438206722,-0.7945628864146304
2025-10-20 00:00:00+00:00,279048.6523472035,132196.21054138226,82976.9979472959,146852.44180582126,5,3,positive_momentum_correction,0.0005983140047001179,1357504.438206722,-0.794439970512487
2025-10-21 00:00:00+00:00,274486.70636958326,194163.09101977188,110234.19125732631,80323.61534981137,3,4,positive_momentum_correction,-0.016348210031647437,1357504.438206722,-0.7978005090486605
2025-10-22 00:00:00+00:00,273899.6555356109,220304.04281933483,82287.3068274773,53595.61271627607,2,3,positive_momentum_correction,-0.002138722278163474,1357504.438206722,-0.7982329576045915
2025-10-23 00:00:00+00:00,273436.58622814855,220304.04281933483,82287.3068274773,53132.54340881371,2,3,positive_momentum_correction,-0.0016906531209645026,1357504.438206722,-0.798574075684525
2025-10-24 00:00:00+00:00,275801.8633775446,192855.3721823765,54970.15189131511,82946.4911951681,3,2,positive_momentum_correction,0.008650185339216243,1357504.438206722,-0.7968317041070733
2025-10-25 00:00:00+00:00,274237.4701305848,192855.3721823765,55003.9333508125,81382.09794820825,3,2,positive_momentum_correction,-0.005672163442994371,1357504.438206722,-0.7979841078878125
2025-10-26 00:00:00+00:00,278975.9206249585,219536.71961260756,110799.1174758042,59439.20101235097,2,4,positive_momentum_correction,0.017278639903283155,1357504.438206722,-0.7944935480332656
2025-10-27 00:00:00+00:00,278226.37467453175,224257.4775524832,110966.61401046024,53968.89712204854,2,4,positive_momentum_correction,-0.002686776510129052,1357504.438206722,-0.7950456979410898
2025-10-28 00:00:00+00:00,275814.75237172394,196434.84008503004,83301.70476712097,79379.91228669389,3,3,positive_momentum_correction,-0.008667842168553985,1357504.438206722,-0.7968222094831026
2025-10-29 00:00:00+00:00,277623.21237813693,193236.68889977635,138691.07641806622,84386.52347836057,3,5,positive_momentum_correction,0.00655679216163052,1357504.438206722,-0.795490014938824
2025-10-30 00:00:00+00:00,271520.5079353099,109949.72518633521,109949.7251863352,161570.7827489747,6,13,positive_momentum_correction,-0.02198196753992898,1357504.438206722,-0.79998554679203
2025-10-31 00:00:00+00:00,288383.2608868924,109949.72518633521,109949.72518633523,178433.53570055717,6,19,positive_momentum_correction,0.06210489616349735,1357504.438206722,-0.7875636699443505
2025-11-01 00:00:00+00:00,322197.84709959733,138014.75958195003,138014.75958195003,184183.0875176473,5,8,positive_momentum_correction,0.11725571764710518,1357504.438206722,-0.7626542956093578
2025-11-02 00:00:00+00:00,328407.67762376147,169870.11727804117,163582.8557594639,158537.56034572033,5,5,positive_momentum_correction,0.019273345803097586,1357504.438206722,-0.7580798497737573
2025-11-03 00:00:00+00:00,325664.3378577312,61760.98374390537,32566.43378577273,263903.35411382583,9,1,positive_momentum_correction,-0.008353458073453335,1357504.438206722,-0.7601007196057957
2025-11-04 00:00:00+00:00,316716.5278138099,144286.8460895862,127581.39212991572,172429.68172422372,6,4,positive_momentum_correction,-0.027475559966993357,1357504.438206722,-0.7666920866703052
2025-11-05 00:00:00+00:00,328229.28149265755,80048.7595224321,80048.75952243208,248180.52197022547,8,4,positive_momentum_correction,0.03635034066051546,1357504.438206722,-0.7582112645419767
2025-11-06 00:00:00+00:00,332229.18444313935,47779.88509035546,47779.88509035546,284449.2993527839,10,2,positive_momentum_correction,0.012186307486924397,1357504.438206722,-0.7552647526648106
2025-11-07 00:00:00+00:00,357193.9697220868,49827.4901040012,49827.49010400119,307366.4796180856,10,9,positive_momentum_correction,0.07514326389113513,1357504.438206722,-0.7368745473908402
2025-11-08 00:00:00+00:00,351249.4285659339,179557.7026978897,120187.98623566455,171691.7258680442,10,7,positive_momentum_correction,-0.016642333465982206,1357504.438206722,-0.7412535689165494
2025-11-09 00:00:00+00:00,344285.87384249666,177324.10841916193,177324.10841916193,166961.7654233347,11,8,positive_momentum_correction,-0.019825099080923003,1357504.438206722,-0.7463832425496141
2025-11-10 00:00:00+00:00,341318.2217624876,253015.91645070747,253015.91645070747,88302.30531178013,9,15,positive_momentum_correction,-0.008619732337222463,1357504.438206722,-0.7485693511150706
2025-11-11 00:00:00+00:00,334121.87558265857,199403.24396410148,199403.24396410148,134718.63161855706,13,11,positive_momentum_correction,-0.02108397888243052,1357504.438206722,-0.7538705096065563
2025-11-12 00:00:00+00:00,337706.364315271,195728.5184037166,195728.51840371656,141977.84591155447,14,9,positive_momentum_correction,0.010728087546981513,1357504.438206722,-0.7512300108857215
2025-11-13 00:00:00+00:00,330843.5001897054,167473.23690146254,167473.23690146254,163370.26328824283,12,10,positive_momentum_correction,-0.020321986348941556,1357504.438206722,-0.7562855112085282
2025-11-14 00:00:00+00:00,331389.28549743234,131619.24343175752,129537.5071353649,199770.04206567482,14,7,positive_momentum_correction,0.0016496781935084748,1357504.438206722,-0.7558834607309268
2025-11-15 00:00:00+00:00,338843.5415509026,131619.24343175752,95994.3061509641,207224.29811914507,14,6,positive_momentum_correction,0.022493956140679172,1357504.438206722,-0.7503923140033939
2025-11-16 00:00:00+00:00,332228.2973264427,222325.37424867324,222325.37424867327,109902.92307776949,8,8,positive_momentum_correction,-0.01952300520228767,1357504.438206722,-0.7552654061556366
2025-11-17 00:00:00+00:00,327681.8449693708,142405.74699000805,142405.74699000805,185276.09797936276,9,7,positive_momentum_correction,-0.013684723407544785,1357504.438206722,-0.7586145313806546
2025-11-18 00:00:00+00:00,337501.83589605277,197104.73768619864,174449.21159790602,140397.09820985413,6,7,positive_momentum_correction,0.02996806529699514,1357504.438206722,-0.7513806758953243
2025-11-19 00:00:00+00:00,348191.91770881263,220044.77080896733,220044.77080896733,128147.1468998453,4,10,positive_momentum_correction,0.03167414418466241,1357504.438206722,-0.7435058715765395
2025-11-20 00:00:00+00:00,335885.83422941953,137099.99200242254,135939.80940048973,198785.842226997,8,5,positive_momentum_correction,-0.03534281772067005,1357504.438206722,-0.7525710968038319
2025-11-21 00:00:00+00:00,321995.12413675885,1160.1826019322834,1160.1826019322616,320834.9415348266,13,2,positive_momentum_correction,-0.04135545080228942,1357504.438206722,-0.7628036306370255
2025-11-22 00:00:00+00:00,312858.66874268797,95153.52051374395,94078.14750288836,217705.14822894402,11,4,positive_momentum_correction,-0.02837451473392627,1357504.438206722,-0.769533962514349
2025-11-23 00:00:00+00:00,312487.08636269753,95153.52051374395,95153.52051374395,217333.56584895356,11,8,positive_momentum_correction,-0.001187700444688744,1357504.438206722,-0.7698076871295564
2025-11-24 00:00:00+00:00,318541.9319668732,108483.53297368616,108483.53297368617,210058.398993187,10,9,positive_momentum_correction,0.0193763066328696,1357504.438206722,-0.7653474102908492
2025-11-25 00:00:00+00:00,322329.67147103173,155847.38488909416,142372.94343205553,166482.2865819376,7,7,positive_momentum_correction,0.011890866237831643,1357504.438206722,-0.762557187734257
2025-11-26 00:00:00+00:00,323083.17225901416,289605.68080114055,238784.2323602332,33477.49145787362,2,8,positive_momentum_correction,0.0023376711940406025,1357504.438206722,-0.7620021245117913
2025-11-27 00:00:00+00:00,322431.23914429016,291008.13043631584,128952.18212306393,31423.10870797431,1,4,positive_momentum_correction,-0.0020178491815765476,1357504.438206722,-0.7624823683300621
2025-11-28 00:00:00+00:00,323369.15434694977,291008.13043631584,193833.9095676375,32361.02391063395,1,6,positive_momentum_correction,0.0029088844032258976,1357504.438206722,-0.7617914569958063
2025-11-29 00:00:00+00:00,322453.5697551325,258671.21500162085,96823.16326355256,63782.35475351166,2,3,positive_momentum_correction,-0.002831391242823833,1357504.438206722,-0.7624659185784342
2025-11-30 00:00:00+00:00,322634.30605089536,289393.4155966519,129127.20724996315,33240.890454243476,1,4,positive_momentum_correction,0.0005605033180440255,1357504.438206722,-0.7623327799376489
2025-12-01 00:00:00+00:00,319853.5546769071,224866.5543864728,64248.786072779796,94987.00029043427,3,2,positive_momentum_correction,-0.008618895516801062,1357504.438206722,-0.7643812088751348
2025-12-02 00:00:00+00:00,324544.35527061694,192881.1989187821,64717.86613215078,131663.15635183488,4,2,positive_momentum_correction,0.014665463381978494,1357504.438206722,-0.7609257501217871
2025-12-03 00:00:00+00:00,329132.2335441747,192881.1989187821,164107.32894473115,136251.03462539258,4,5,positive_momentum_correction,0.014136367491994095,1357504.438206722,-0.7575461086676358
2025-12-04 00:00:00+00:00,327083.6808150284,193505.7463775686,193505.74637756858,133577.9344374598,4,7,positive_momentum_correction,-0.006224102413449506,1357504.438206722,-0.7590551665178278
2025-12-05 00:00:00+00:00,321172.9302581136,32913.22335441704,32913.223354417016,288259.7069036966,10,1,positive_momentum_correction,-0.018071065307160405,1357504.438206722,-0.763409296339107
2025-12-06 00:00:00+00:00,322548.8935693689,99398.91664368674,96764.66807081024,223149.9769256822,8,3,positive_momentum_correction,0.004284182076458087,1357504.438206722,-0.7623956986870264
2025-12-07 00:00:00+00:00,321495.4082190323,99141.99973887503,99141.99973887505,222353.40848015723,8,5,positive_momentum_correction,-0.0032661260706202677,1357504.438206722,-0.7631717442900362
2025-12-08 00:00:00+00:00,323859.4292887639,99141.99973887503,99141.99973887503,224717.42954988885,8,5,positive_momentum_correction,0.0073532032162682,1357504.438206722,-0.7614302979984465
2025-12-09 00:00:00+00:00,329205.66205978295,108389.55644955444,108389.55644955442,220816.10561022852,8,12,positive_momentum_correction,0.01650788054175245,1357504.438206722,-0.7574920178569234
2025-12-10 00:00:00+00:00,329433.3235693201,213277.70716897302,213277.70716897302,116155.61640034708,6,15,positive_momentum_correction,0.0006915479767652943,1357504.438206722,-0.7573243119525229
2025-12-11 00:00:00+00:00,331940.11816920585,26210.21133722356,26210.211337223533,305729.9068319823,18,11,positive_momentum_correction,0.0076094141683218375,1357504.438206722,-0.7554776921335872
2025-12-12 00:00:00+00:00,322153.42722680396,42846.158997431376,42594.27976208255,279307.26822937257,23,6,positive_momentum_correction,-0.029483302579934367,1357504.438206722,-0.7626870173239565
2025-12-13 00:00:00+00:00,323975.11849371955,32787.23736146494,280.3078901567351,291187.8811322546,24,3,positive_momentum_correction,0.005654731916395539,1357504.438206722,-0.7613450760266434
2025-12-14 00:00:00+00:00,315128.68577881984,56303.46325722752,31512.868577881556,258825.2225215923,25,1,positive_momentum_correction,-0.0273059016261189,1357504.438206722,-0.7678617639032487
2025-12-15 00:00:00+00:00,308980.99556541594,112530.74239940915,112530.74239940915,196450.2531660068,21,4,positive_momentum_correction,-0.019508507130064245,1357504.438206722,-0.7723904343373027
2025-12-16 00:00:00+00:00,309140.03552295524,252796.49488836192,92726.10666113223,56343.540634593315,10,3,positive_momentum_correction,0.0005147240763085925,1357504.438206722,-0.7722732782138579
2025-12-17 00:00:00+00:00,308946.1530851469,237335.24277540142,61812.1031088367,71610.91030974546,5,2,positive_momentum_correction,-0.0006271670295966425,1357504.438206722,-0.7724161009055204
2025-12-18 00:00:00+00:00,307737.21463663806,245739.11242931,61687.72501595892,61998.1022073281,4,2,positive_momentum_correction,-0.003913104068253848,1357504.438206722,-0.7733066603869361
2025-12-19 00:00:00+00:00,309147.9838771662,245888.0650879547,92603.31823909664,63259.91878921146,2,3,positive_momentum_correction,0.004584330959756855,1357504.438206722,-0.7722674230917772
2025-12-20 00:00:00+00:00,308863.3724923502,245888.0650879547,185262.3299868017,62975.307404395484,2,6,positive_momentum_correction,-0.0009206315410715815,1357504.438206722,-0.7724770808850083
2025-12-21 00:00:00+00:00,306267.3968765784,277755.6167411247,277755.6167411247,28511.78013545366,1,12,positive_momentum_correction,-0.008404931911556002,1357504.438206722,-0.7743893955284884
2025-12-22 00:00:00+00:00,306678.6815970773,275334.85855614603,201501.5175536686,31343.823040931224,1,7,positive_momentum_correction,0.0013428942312936343,1357504.438206722,-0.7740864243492249
2025-12-23 00:00:00+00:00,305595.34573923185,275334.85855614603,153081.54515491924,30260.48718308581,1,5,positive_momentum_correction,-0.0035324785283534776,1357504.438206722,-0.7748844592044748
2025-12-24 00:00:00+00:00,305419.03873700363,244775.32398222285,122437.17476703858,60643.7147547808,2,4,positive_momentum_correction,-0.0005769296053961259,1357504.438206722,-0.7750143350245945
2025-12-25 00:00:00+00:00,305437.36353295576,244775.32398222285,122188.91115421428,60662.03955073292,2,4,positive_momentum_correction,5.999886591201431e-05,1357504.438206722,-0.7750008361398495
2025-12-26 00:00:00+00:00,305597.4723627681,244775.32398222285,122205.13469954912,60822.14838054521,2,4,positive_momentum_correction,0.0005241952980485909,1357504.438206722,-0.7748828926360891
2025-12-27 00:00:00+00:00,306140.49432814954,275089.2457403488,275089.2457403488,31051.24858780072,1,10,positive_momentum_correction,0.0017769190339926855,1357504.438206722,-0.7744828777631368
2025-12-28 00:00:00+00:00,306151.3933273029,275089.2457403488,211908.63138836488,31062.147586954037,1,7,positive_momentum_correction,3.560129860402661e-05,1357504.438206722,-0.7744748490607278
2025-12-29 00:00:00+00:00,308530.6088777118,185973.14769443354,123173.23209612806,122557.46118327828,4,4,positive_momentum_correction,0.007771369336429412,1357504.438206722,-0.7727222098181248
2025-12-30 00:00:00+00:00,310456.2354331473,155120.08680666235,92751.74531885667,155336.1486264849,5,3,positive_momentum_correction,0.0062412820641686295,1357504.438206722,-0.7713037050226788
2025-12-31 00:00:00+00:00,308014.6791530279,93221.40237557642,61654.528803073554,214793.27677745148,7,2,positive_momentum_correction,-0.007864413728759345,1357504.438206722,-0.7731022673046148
2026-01-01 00:00:00+00:00,306334.3175432219,93221.40237557642,93221.40237557639,213112.91516764552,7,9,positive_momentum_correction,-0.005455459507405891,1357504.438206722,-0.7743400986976566
2026-01-02 00:00:00+00:00,308075.68633527285,89589.35202640969,89589.35202640967,218486.33430886318,8,14,positive_momentum_correction,0.005684537096648512,1357504.438206722,-0.7730573266174775
2026-01-03 00:00:00+00:00,308214.0668264946,218297.11141013875,218297.11141013872,89916.95541635585,4,34,positive_momentum_correction,0.00044917693073354137,1357504.438206722,-0.7729553892039951
2026-01-04 00:00:00+00:00,307240.11917405657,240641.85127655984,240641.85127655984,66598.2678974967,3,42,positive_momentum_correction,-0.003159971452523891,1357504.438206722,-0.7736728436925598
2026-01-05 00:00:00+00:00,308905.7833214607,247432.72395159243,247432.7239515924,61473.05936986828,5,42,positive_momentum_correction,0.005421375801708095,1357504.438206722,-0.7724458391240853
2026-01-06 00:00:00+00:00,310281.6221426326,201869.35907467065,201869.35907467062,108412.26306796199,12,36,positive_momentum_correction,0.004453910853912779,1357504.438206722,-0.7714323331771069
2026-01-07 00:00:00+00:00,304863.260971846,61543.18579715292,61543.1857971529,243320.0751746931,35,13,positive_momentum_correction,-0.017462720264804665,1357504.438206722,-0.7754237464044142
2026-01-08 00:00:00+00:00,302277.09731093433,17732.233687745727,17732.233687745727,284544.8636231886,44,4,positive_momentum_correction,-0.008483028268698178,1357504.438206722,-0.777328833112144
2026-01-09 00:00:00+00:00,300507.70194492035,17732.233687745727,17732.233687745727,282775.46825717465,44,4,positive_momentum_correction,-0.0058535541784494605,1357504.438206722,-0.7786322508515006
2026-01-10 00:00:00+00:00,298590.4686038187,66867.3769370927,66867.37693709269,231723.091666726,41,7,positive_momentum_correction,-0.00637998070829171,1357504.438206722,-0.7800445728205059
2026-01-11 00:00:00+00:00,298377.5406334392,92885.45178227918,92885.4517822792,205492.08885116,35,14,positive_momentum_correction,-0.0007131104062869653,1357504.438206722,-0.7802014253245468
2026-01-12 00:00:00+00:00,295621.2468298577,210561.3280961881,210561.32809618805,85059.9187336696,15,30,positive_momentum_correction,-0.009237604806749289,1357504.438206722,-0.7822318376944855
2026-01-13 00:00:00+00:00,297154.8105467665,253395.4976064019,253395.49760640188,43759.31294036458,6,39,positive_momentum_correction,0.005187596403689598,1357504.438206722,-0.7811021443588714
2026-01-14 00:00:00+00:00,296225.9919815853,243086.60907454204,243086.609074542,53139.38290704327,7,41,positive_momentum_correction,-0.0031257059694648204,1357504.438206722,-0.7817863546929519
2026-01-15 00:00:00+00:00,294281.32717623364,143152.5141873646,143152.51418736458,151128.81298886903,27,21,positive_momentum_correction,-0.006564801394850384,1357504.438206722,-0.783218883936039
2026-01-16 00:00:00+00:00,295270.90699263907,159904.9804152344,159904.9804152344,135365.92657740467,26,22,positive_momentum_correction,0.003362699991538376,1357504.438206722,-0.782489914078885
2026-01-17 00:00:00+00:00,294309.57311172027,157106.24594144517,157106.24594144517,137203.32717027506,24,22,positive_momentum_correction,-0.003255769051919377,1357504.438206722,-0.7831980766851073
2026-01-18 00:00:00+00:00,287512.5599838384,59076.38512233984,59076.38512233983,228436.17486149858,37,9,positive_momentum_correction,-0.023094774172709998,1357504.438206722,-0.7882050681442739
2026-01-19 00:00:00+00:00,282407.8389242452,10749.554021595206,10749.554021595206,271658.28490265,45,1,positive_momentum_correction,-0.017754775860505556,1357504.438206722,-0.7919654396877633
2026-01-20 00:00:00+00:00,273376.3474197249,96083.41718258729,96083.41718258725,177292.93023713765,25,13,positive_momentum_correction,-0.03198031449453831,1357504.438206722,-0.7986184503522817
2026-01-21 00:00:00+00:00,277849.5701895045,96083.41718258729,88318.57065713669,181766.1530069172,25,10,positive_momentum_correction,0.01636287415498927,1357504.438206722,-0.7953232693982594
2026-01-22 00:00:00+00:00,278319.63079860015,115964.64291098827,115964.64291098827,162354.98788761187,23,6,positive_momentum_correction,0.00169178094742084,1357504.438206722,-0.794977001205047
2026-01-23 00:00:00+00:00,279351.0712555051,203630.17766662623,193841.00610710343,75720.89358887883,10,7,positive_momentum_correction,0.003705956543364808,1357504.438206722,-0.7942171948811225
2026-01-24 00:00:00+00:00,279159.7515437697,268845.8219068025,268845.8219068025,10313.929636967201,1,11,positive_momentum_correction,-0.0006848719458120156,1357504.438206722,-0.794358129751279
2026-01-25 00:00:00+00:00,272639.48819648905,122023.24670806032,111050.13822512646,150616.24148842876,7,4,positive_momentum_correction,-0.023356745774500753,1357504.438206722,-0.7991612546352712
2026-01-26 00:00:00+00:00,280169.86764232104,122023.24670806032,122023.24670806032,158146.6209342607,7,5,positive_momentum_correction,0.027620281624079812,1357504.438206722,-0.7936140319272705
2026-01-27 00:00:00+00:00,283384.32174916775,122023.24670806032,95181.75490895122,161361.07504110746,7,4,positive_momentum_correction,0.011473232770879083,1357504.438206722,-0.7912461176749289
2026-01-28 00:00:00+00:00,276176.9244719632,122023.24670806032,122023.24670806031,154153.6777639029,7,7,positive_momentum_correction,-0.025433295789680455,1357504.438206722,-0.7965554169113467
2026-01-29 00:00:00+00:00,264621.3988599836,69689.7773744825,69689.77737448248,194931.62148550112,10,3,positive_momentum_correction,-0.04184102503883402,1357504.438206722,-0.805067746806374
2026-01-30 00:00:00+00:00,261711.24158101194,160427.74341674495,93402.57778787093,101283.49816426699,5,4,positive_momentum_correction,-0.01099743743895587,1357504.438206722,-0.8072115020657057
2026-01-31 00:00:00+00:00,255441.49991825255,67025.1656288736,-4.3291947804391384e-10,188416.33428937895,9,0,positive_momentum_correction,-0.023956715137200546,1357504.438206722,-0.8118300811924464
2026-02-01 00:00:00+00:00,247230.34835187066,67025.1656288736,-4.3291947804391384e-10,180205.18272299707,9,0,positive_momentum_correction,-0.03214493952239417,1357504.438206722,-0.817878791852449
2026-02-02 00:00:00+00:00,247273.64722510398,67025.1656288736,-4.3291947804391384e-10,180248.48159623038,9,0,positive_momentum_correction,0.00017513575304151097,1357504.438206722,-0.8178468959175152
2026-02-03 00:00:00+00:00,245447.17375146414,112993.85563319785,-4.3291947804391384e-10,132453.3181182663,6,0,positive_momentum_correction,-0.007386446126129709,1357504.438206722,-0.8191923600075278
2026-02-04 00:00:00+00:00,242576.19397641177,160186.4561135801,48515.238795281926,82389.7378628317,4,2,positive_momentum_correction,-0.011696935561211541,1357504.438206722,-0.8213072553214945
2026-02-05 00:00:00+00:00,239659.3954693667,193920.18559995314,23965.939546936243,45739.20986941356,2,1,positive_momentum_correction,-0.012024257035415098,1357504.438206722,-0.8234559028138727
2026-02-06 00:00:00+00:00,242112.79512415692,193920.18559995314,23965.939546936243,48192.6095242038,2,1,positive_momentum_correction,0.010237026802080162,1357504.438206722,-0.8216486161592292
2026-02-07 00:00:00+00:00,243204.0053390551,193920.18559995314,23965.939546936243,49283.81973910195,2,1,positive_momentum_correction,0.004507032411643408,1357504.438206722,-0.8208447806915975
2026-02-08 00:00:00+00:00,254112.32946121888,193920.18559995314,50822.46589224335,60192.14386126574,2,2,positive_momentum_correction,0.04485256773200064,1357504.438206722,-0.8128092090830259
2026-02-09 00:00:00+00:00,247924.89138563874,193920.18559995314,100407.44416937111,54004.70578568558,2,4,positive_momentum_correction,-0.024349224174596507,1357504.438206722,-0.8173671596144834
2026-02-10 00:00:00+00:00,248119.67671592106,198178.41221240105,75634.43356383547,49941.26450352001,2,3,positive_momentum_correction,0.0007856626625655228,1357504.438206722,-0.8172236718108341
2026-02-11 00:00:00+00:00,250875.1438130701,198178.41221240105,100074.51081551274,52696.731600669074,2,4,positive_momentum_correction,0.011105395322209333,1357504.438206722,-0.8151938684307516
2026-02-12 00:00:00+00:00,247457.10693719922,173090.89783109404,50175.02876261361,74366.20910610518,3,2,positive_momentum_correction,-0.013624454076716752,1357504.438206722,-0.8177117510834125
2026-02-13 00:00:00+00:00,246498.0296727855,173090.89783109404,49737.317348585144,73407.13184169143,3,2,positive_momentum_correction,-0.0038757313389957693,1357504.438206722,-0.8184182513624692
2026-02-14 00:00:00+00:00,245440.83171392127,173090.89783109404,98282.0524814545,72349.93388282723,3,4,positive_momentum_correction,-0.004288869814771279,1357504.438206722,-0.8191970318431141
2026-02-15 00:00:00+00:00,243455.8466179706,172906.66455162963,48889.66783318876,70549.18206634096,3,2,positive_momentum_correction,-0.008087428167878441,1357504.438206722,-0.8206592628606221
2026-02-16 00:00:00+00:00,243376.249155696,172906.66455162963,48889.66783318876,70469.58460406636,3,2,positive_momentum_correction,-0.0003269482470039664,1357504.438206722,-0.8207178980002462
2026-02-17 00:00:00+00:00,242928.8977419925,193979.0835395751,72931.36421019514,48949.81420241737,2,3,positive_momentum_correction,-0.0018381062870983511,1357504.438206722,-0.8210474375590961
2026-02-18 00:00:00+00:00,242100.36102511507,193979.0835395751,121215.88785593261,48121.277485539955,2,5,positive_momentum_correction,-0.0034106140709426747,1357504.438206722,-0.8216577756865884
2026-02-19 00:00:00+00:00,242042.49891228275,193979.0835395751,96917.21187045012,48063.41537270766,2,4,positive_momentum_correction,-0.00023900052270597882,1357504.438206722,-0.8217003995714198
2026-02-20 00:00:00+00:00,241970.4278209314,241970.4278209314,241970.4278209314,0.0,0,11,positive_momentum_correction,-0.0002977621354730564,1357504.438206722,-0.8217534904411974
2026-02-21 00:00:00+00:00,241970.4278209314,241970.4278209314,241970.42782093136,0.0,0,13,positive_momentum_correction,0.0,1357504.438206722,-0.8217534904411974
2026-02-22 00:00:00+00:00,241970.4278209314,241970.4278209314,214484.16333450947,0.0,0,9,positive_momentum_correction,0.0,1357504.438206722,-0.8217534904411974
2026-02-23 00:00:00+00:00,240875.22804027778,124274.43561479403,120656.65397626915,116600.79242548376,5,5,positive_momentum_correction,-0.00452617202240968,1357504.438206722,-0.8225602648058546
2026-02-24 00:00:00+00:00,240264.64621191102,124274.43561479403,120425.01763253045,115990.210597117,5,5,positive_momentum_correction,-0.002534846913625599,1357504.438206722,-0.8230100473709661
2026-02-25 00:00:00+00:00,242989.32945062895,124274.43561479403,124274.435614794,118714.89383583493,5,39,positive_momentum_correction,0.011340341917448704,1357504.438206722,-0.8210029207921998
2026-02-26 00:00:00+00:00,239483.90993813306,85170.17576059484,78125.90316313086,154313.73417753822,22,9,positive_momentum_correction,-0.014426228182205514,1357504.438206722,-0.8235851735007998
2026-02-27 00:00:00+00:00,237250.26852144313,34778.94119941864,27734.66860195466,202471.3273220245,27,4,positive_momentum_correction,-0.00932689556165578,1357504.438206722,-0.8252305761630855
2026-02-28 00:00:00+00:00,238451.07629030128,149057.9898711333,149057.9898711333,89393.08641916799,24,8,positive_momentum_correction,0.005061354730351519,1357504.438206722,-0.8243460061130277
2026-03-01 00:00:00+00:00,236566.636326563,60105.83271759723,47501.77126168598,176460.80360896577,29,2,positive_momentum_correction,-0.007902836896588772,1357504.438206722,-0.8257341709769509
2026-03-02 00:00:00+00:00,233201.8314460009,60105.83271759723,60105.83271759722,173095.99872840368,29,7,positive_momentum_correction,-0.014223497162622833,1357504.438206722,-0.8282128405016023
2026-03-03 00:00:00+00:00,232337.76677246945,83558.0250505556,83558.02505055559,148779.74172191386,16,19,positive_momentum_correction,-0.0037052225026437124,1357504.438206722,-0.8288493501506411
2026-03-04 00:00:00+00:00,234952.14877994615,131253.7909938631,131253.7909938631,103698.35778608303,11,28,positive_momentum_correction,0.011252505538787316,1357504.438206722,-0.826923476515244
2026-03-05 00:00:00+00:00,233401.61891584756,102153.53308500083,102153.53308500082,131248.08583084674,16,16,positive_momentum_correction,-0.00659934319456168,1357504.438206722,-0.8280656678926416
2026-03-06 00:00:00+00:00,230360.79673136258,148795.68000176357,136257.88499624544,81565.11672959902,16,7,positive_momentum_correction,-0.013028282317019135,1357504.438206722,-0.8303056769113244
2026-03-07 00:00:00+00:00,228615.76527492877,134858.2756417995,134858.27564179953,93757.48963312927,17,9,positive_momentum_correction,-0.007575210197196869,1357504.438206722,-0.8315911470779922
2026-03-08 00:00:00+00:00,227135.22742814227,94527.88923621336,83961.02199592059,132607.33819192892,16,6,positive_momentum_correction,-0.006476096891244731,1357504.438206722,-0.8326817791268584
2026-03-09 00:00:00+00:00,230695.86936961254,94527.88923621336,94527.88923621338,136167.9801333992,16,9,positive_momentum_correction,0.015676308698511887,1357504.438206722,-0.8300588470455652
2026-03-10 00:00:00+00:00,233186.1125654648,124606.3402471122,124606.34024711221,108579.7723183526,9,15,positive_momentum_correction,0.01079448540911021,1357504.438206722,-0.8282244197495913
2026-03-11 00:00:00+00:00,232887.9959223319,166123.27130662277,166123.27130662277,66764.72461570913,4,23,positive_momentum_correction,-0.001278449389001235,1357504.438206722,-0.8284440261352077
2026-03-12 00:00:00+00:00,232669.61110192124,172798.50642288543,172798.50642288543,59871.1046790358,5,19,positive_momentum_correction,-0.0009377246755281066,1357504.438206722,-0.8286048984051351
2026-03-13 00:00:00+00:00,232134.6171666959,209280.6071950971,209280.6071950971,22854.009971598796,3,25,positive_momentum_correction,-0.002299371768799574,1357504.438206722,-0.8289989994630528
2026-03-14 00:00:00+00:00,232227.01211226935,190987.16534740888,190987.16534740885,41239.84676486047,4,30,positive_momentum_correction,0.00039802312425929465,1357504.438206722,-0.8289309371105675
2026-03-15 00:00:00+00:00,234012.27955402702,190987.16534740888,190987.1653474089,43025.11420661812,4,36,positive_momentum_correction,0.0076875959670643645,1357504.438206722,-0.8276158272726093
2026-03-16 00:00:00+00:00,236997.45347021933,176442.284378531,176442.28437853104,60555.169091688316,5,38,positive_momentum_correction,0.012756484069474272,1357504.438206722,-0.8254168113193828
2026-03-17 00:00:00+00:00,237733.33182175245,149440.18808808562,149440.1880880856,88293.14373366683,11,26,positive_momentum_correction,0.0031050053102177344,1357504.438206722,-0.8248747295914548
2026-03-18 00:00:00+00:00,233618.96050317044,64053.73089284632,64053.7308928463,169565.22961032414,30,8,positive_momentum_correction,-0.017306665779903696,1357504.438206722,-0.8279055641160307
2026-03-19 00:00:00+00:00,230517.25560610517,41244.256014127335,41244.256014127335,189272.99959197783,35,4,positive_momentum_correction,-0.013276768676586781,1357504.438206722,-0.83019042213179
2026-03-20 00:00:00+00:00,231150.738030789,41244.256014127335,41244.256014127335,189906.48201666167,35,5,positive_momentum_correction,0.0027480911267063757,1357504.438206722,-0.8297237699376205
2026-03-21 00:00:00+00:00,225901.6592851146,54954.79754910837,54954.79754910836,170946.86173600625,35,5,positive_momentum_correction,-0.022708466303816177,1357504.438206722,-0.8335904819703329
2026-03-22 00:00:00+00:00,222507.7990111182,85138.3904253934,85138.3904253934,137369.40858572477,27,8,positive_momentum_correction,-0.015023618174105469,1357504.438206722,-0.8360905550297475
2026-03-23 00:00:00+00:00,226314.454949976,166992.56186277527,166992.56186277524,59321.89308720073,8,22,positive_momentum_correction,0.01710796635342926,1357504.438206722,-0.8332863977601872
2026-03-24 00:00:00+00:00,226505.15274968857,185579.40867254883,185579.40867254883,40925.744077139745,6,13,positive_momentum_correction,0.0008426231534999218,1357504.438206722,-0.8331459210189366
2026-03-25 00:00:00+00:00,224083.97463113,140278.3781226111,140278.3781226111,83805.59650851891,8,22,positive_momentum_correction,-0.010689284941937771,1357504.438206722,-0.8349294718128897
2026-03-26 00:00:00+00:00,218345.08860304044,83910.24106950375,83910.24106950374,134434.8475335367,21,10,positive_momentum_correction,-0.025610425901881118,1357504.438206722,-0.8391569983436101
2026-03-27 00:00:00+00:00,214222.01378993905,29565.237188763636,29565.237188763625,184656.77660117543,27,4,positive_momentum_correction,-0.018883295426888602,1357504.438206722,-0.8421942442612352
2026-03-28 00:00:00+00:00,214304.40001042045,42245.64605684701,42245.64605684701,172058.75395357344,26,5,positive_momentum_correction,0.00038458335361446494,1357504.438206722,-0.8421335547944735
2026-03-29 00:00:00+00:00,213095.1480888251,65388.39594553674,65388.39594553673,147706.75214328838,23,4,positive_momentum_correction,-0.005642683591827957,1357504.438206722,-0.843024345194535
2026-03-30 00:00:00+00:00,213816.36725425653,80987.33187326347,76825.3190443599,132829.03538099307,22,4,positive_momentum_correction,0.003384493602504701,1357504.438206722,-0.8424930620950969
2026-03-31 00:00:00+00:00,213746.67394642683,123302.26546092067,123302.26546092067,90444.40848550617,9,7,positive_momentum_correction,-0.00032594935890395416,1357504.438206722,-0.8425444013805299
2026-04-01 00:00:00+00:00,213681.741240621,177063.68556413657,177063.6855641366,36618.05567648442,3,12,positive_momentum_correction,-0.0003037834676300477,1357504.438206722,-0.8425922337882763
2026-04-02 00:00:00+00:00,206454.1987049075,105581.5309856663,96426.92101921714,100872.6677192412,9,5,positive_momentum_correction,-0.03382386578165686,1357504.438206722,-0.8479163729456121
2026-04-03 00:00:00+00:00,202289.97495435533,87402.96685597097,87402.96685597094,114887.00809838438,9,5,positive_momentum_correction,-0.020170206160370907,1357504.438206722,-0.850983931056916
2026-04-04 00:00:00+00:00,206743.93688494296,88416.9532387626,88416.9532387626,118326.98364618036,9,5,positive_momentum_correction,0.02201770963485772,1357504.438206722,-0.8477029385199993
2026-04-05 00:00:00+00:00,204384.72507391928,80638.9633445977,80638.9633445977,123745.76172932159,9,5,positive_momentum_correction,-0.01141127448074386,1357504.438206722,-0.8494408420911583
2026-04-06 00:00:00+00:00,197168.60868826852,60409.96584916215,60409.96584916216,136758.64283910638,10,4,positive_momentum_correction,-0.03530653468864142,1357504.438206722,-0.8547565642225594
2026-04-07 00:00:00+00:00,209451.91839705393,103339.22713099547,103339.22713099545,106112.69126605846,5,11,positive_momentum_correction,0.06229850578398022,1357504.438206722,-0.8457081151986934
2026-04-08 00:00:00+00:00,206280.07207058248,86925.12185625493,86925.12185625495,119354.95021432753,9,9,positive_momentum_correction,-0.01514355347397034,1357504.438206722,-0.8480446426067817
2026-04-09 00:00:00+00:00,213194.9943580312,63273.88570956298,63273.88570956298,149921.10864846822,12,9,positive_momentum_correction,0.03352200829696561,1357504.438206722,-0.8429507938554779
2026-04-10 00:00:00+00:00,209200.65320606247,80328.55436019777,80328.55436019777,128872.0988458647,11,16,positive_momentum_correction,-0.018735623526229594,1357504.438206722,-0.8458932086568949
2026-04-11 00:00:00+00:00,215896.94624360785,98993.49785161926,98993.49785161926,116903.44839198857,11,19,positive_momentum_correction,0.032008948991901764,1357504.438206722,-0.8409604122334877
2026-04-12 00:00:00+00:00,216565.48241506104,51082.27564333132,51082.27564333132,165483.20677172972,25,5,positive_momentum_correction,0.003096552235152261,1357504.438206722,-0.8404679378425117
2026-04-13 00:00:00+00:00,226305.41742849242,63170.6925006576,63170.692500657606,163134.72492783482,22,7,positive_momentum_correction,0.044974549521073826,1357504.438206722,-0.8332930552128107
2026-04-14 00:00:00+00:00,222463.45155899314,119896.9056239691,119896.9056239691,102566.54593502406,20,9,positive_momentum_correction,-0.016976906311636397,1357504.438206722,-0.8361232233959619
2026-04-15 00:00:00+00:00,223367.9551024529,78479.07928318475,78479.07928318476,144888.87581926814,22,10,positive_momentum_correction,0.004065852332691522,1357504.438206722,-0.8354569246215324
2026-04-16 00:00:00+00:00,225537.03312087888,83789.65769564259,83789.6576956426,141747.3754252363,21,21,positive_momentum_correction,0.009710784241325543,1357504.438206722,-0.833859082318128
2026-04-17 00:00:00+00:00,229004.1408800137,103578.77284148699,103578.77284148702,125425.36803852669,15,24,positive_momentum_correction,0.015372676101829352,1357504.438206722,-0.8313050518033439
2026-04-18 00:00:00+00:00,226507.73233191526,56823.18634047193,56823.18634047193,169684.54599144333,29,11,positive_momentum_correction,-0.01090115025215388,1357504.438206722,-0.8331440207804149
2026-04-19 00:00:00+00:00,219954.88491058754,17709.943957083313,17709.943957083306,202244.94095350424,35,3,positive_momentum_correction,-0.028929906073693945,1357504.438206722,-0.8379711485870718
2026-04-20 00:00:00+00:00,224232.28005316303,64681.79827010562,64681.798270105624,159550.48178305742,33,6,positive_momentum_correction,0.019446693099424817,1357504.438206722,-0.8348202232403923
2026-04-21 00:00:00+00:00,225469.1359778701,49673.30267091653,49673.302670916535,175795.83330695357,34,5,positive_momentum_correction,0.005515958382146469,1357504.438206722,-0.8339090984662141
2026-04-22 00:00:00+00:00,221588.86416705826,69785.66817171435,69785.66817171435,151803.1959953439,26,17,positive_momentum_correction,-0.017209769283866305,1357504.438206722,-0.8367674845617599
2026-04-23 00:00:00+00:00,224425.5417274261,128397.97562098008,128397.97562098005,96027.56610644604,14,25,positive_momentum_correction,0.01280153482004076,1357504.438206722,-0.8346778578316144
2026-04-24 00:00:00+00:00,221872.00472944137,167499.30587119525,167499.30587119522,54372.698858246105,8,31,positive_momentum_correction,-0.011378103304685916,1357504.438206722,-0.8365589102437583
2026-04-25 00:00:00+00:00,221159.3358224606,156376.17826355773,156376.17826355773,64783.15755890285,9,30,positive_momentum_correction,-0.003212072238901076,1357504.438206722,-0.8370838948308601
2026-04-26 00:00:00+00:00,220382.46175339306,165794.21511158833,165794.2151115883,54588.24664180471,9,34,positive_momentum_correction,-0.003512734681438867,1357504.438206722,-0.8376561758836526
2026-04-27 00:00:00+00:00,219455.31843183222,107485.37345290737,107485.37345290737,111969.94497892485,22,16,positive_momentum_correction,-0.0042069741583987685,1357504.438206722,-0.8383391521564857
2026-04-28 00:00:00+00:00,218209.35436357296,105103.9776476363,105103.9776476363,113105.37671593667,21,18,positive_momentum_correction,-0.005677529609045551,1357504.438206722,-0.8392569864067407
2026-04-29 00:00:00+00:00,216892.65037074807,93446.43591880401,93446.43591880403,123446.21445194406,24,14,positive_momentum_correction,-0.006034131747766569,1357504.438206722,-0.8402269309282955
2026-04-30 00:00:00+00:00,217482.63937665624,103610.65684674316,103610.65684674318,113871.98252991308,23,14,positive_momentum_correction,0.002720189019312924,1357504.438206722,-0.8397923179802247
2026-05-01 00:00:00+00:00,219500.12274157593,106784.91685837791,106784.91685837792,112715.20588319801,22,15,positive_momentum_correction,0.009276526028478171,1357504.438206722,-0.8383061472480061
2026-05-02 00:00:00+00:00,219572.0870550657,182494.98987544465,182494.98987544465,37077.09717962106,8,30,positive_momentum_correction,0.00032785545898983415,1357504.438206722,-0.8382531350356962
2026-05-03 00:00:00+00:00,219234.78521573887,196092.72984298732,196092.72984298735,23142.05537275155,6,26,positive_momentum_correction,-0.0015361781356217907,1357504.438206722,-0.8385016070331598
2026-05-04 00:00:00+00:00,219085.6317005327,206348.47352688346,206348.4735268835,12737.158173649234,2,33,positive_momentum_correction,-0.0006803369048365981,1357504.438206722,-0.8386114803499669
2026-05-05 00:00:00+00:00,218944.8016224901,188675.4924139772,188675.49241397716,30269.309208512932,5,32,positive_momentum_correction,-0.0006428083710896537,1357504.438206722,-0.8387152222413957
2026-05-06 00:00:00+00:00,218283.00151941914,165042.0793946003,165042.0793946003,53240.92212481884,7,27,positive_momentum_correction,-0.0030226801374899637,1357504.438206722,-0.8392027345356061
2026-05-07 00:00:00+00:00,219714.86828894267,119592.54833025165,119592.54833025165,100122.31995869102,13,15,positive_momentum_correction,0.006559680596091466,1357504.438206722,-0.8381479558334348
2026-05-08 00:00:00+00:00,223739.31590489094,110131.80025672844,110131.80025672841,113607.51564816252,13,28,positive_momentum_correction,0.018316683105195297,1357504.438206722,-0.8351833632305077
2026-05-09 00:00:00+00:00,222755.07902445225,106804.16361716749,106804.1636171675,115950.91540728475,15,28,positive_momentum_correction,-0.004399034101172816,1357504.438206722,-0.8359083972360973
2026-05-10 00:00:00+00:00,223699.67243357477,101751.7432478879,101751.7432478879,121947.92918568687,16,27,positive_momentum_correction,0.004240502228992193,1357504.438206722,-0.8352125664288181
2026-05-11 00:00:00+00:00,220154.00213534845,100232.67449664493,100232.67449664489,119921.32763870353,20,23,positive_momentum_correction,-0.015850136299502937,1357504.438206722,-0.8378244697113666
2026-05-12 00:00:00+00:00,218871.7480696199,82508.4817583379,82508.48175833792,136363.266311282,28,15,positive_momentum_correction,-0.0058243504696327,1357504.438206722,-0.8387690368373661
2026-05-13 00:00:00+00:00,214592.85574358163,43169.48706787743,43169.48706787743,171423.3686757042,33,9,positive_momentum_correction,-0.0195497699624404,1357504.438206722,-0.8419210650780183
2026-05-14 00:00:00+00:00,216381.22267749946,46566.453811943764,46566.453811943764,169814.7688655557,32,10,positive_momentum_correction,0.008333767346172749,1357504.438206722,-0.8406036720120478
2026-05-15 00:00:00+00:00,211920.9834253735,45453.51894219866,45453.51894219866,166467.46448317484,35,6,positive_momentum_correction,-0.02061287572431192,1357504.438206722,-0.8438892887117752
2026-05-16 00:00:00+00:00,210010.22955147378,55494.95850662046,55494.95850662047,154515.27104485332,32,7,positive_momentum_correction,-0.009016350542619067,1357504.438206722,-0.8452968376082073
2026-05-17 00:00:00+00:00,206962.2987891712,88445.88967157828,88445.88967157828,118516.40911759292,21,10,positive_momentum_correction,-0.01451324903940221,1357504.438206722,-0.8475420831311825
2026-05-18 00:00:00+00:00,208539.25881949358,115067.56802494015,115067.56802494013,93471.69079455342,17,15,positive_momentum_correction,0.007619552157800413,1357504.438206722,-0.8463804220817309
2026-05-19 00:00:00+00:00,205803.7139562628,92996.82382277277,92996.82382277277,112806.89013349003,19,13,positive_momentum_correction,-0.013117649303619139,1357504.438206722,-0.8483955498310328
2026-05-20 00:00:00+00:00,207300.13524169807,109364.47143983084,109364.47143983081,97935.66380186721,13,19,positive_momentum_correction,0.007271109236411943,1357504.438206722,-0.847293217313128
2026-05-21 00:00:00+00:00,209726.49760186594,116569.90310040233,116569.90310040234,93156.59450146361,11,19,positive_momentum_correction,0.011704586479593493,1357504.438206722,-0.845505847569149
2026-05-22 00:00:00+00:00,205691.86089277954,98130.65026965014,98130.65026965014,107561.21062312939,15,11,positive_momentum_correction,-0.01923761067495411,1357504.438206722,-0.8484779459251708
2026-05-23 00:00:00+00:00,210636.44937482005,74508.79391303741,74508.7939130374,136127.65546178265,18,10,positive_momentum_correction,0.02403881447024281,1357504.438206722,-0.8448355353791159
2026-05-24 00:00:00+00:00,210297.56925272252,98462.67598043449,98462.67598043449,111834.89327228803,15,15,positive_momentum_correction,-0.0016088389407594716,1357504.438206722,-0.8450851700120201
2026-05-25 00:00:00+00:00,212581.44293162605,93433.7577164366,93433.7577164366,119147.68521518944,15,12,positive_momentum_correction,0.010860200082288607,1357504.438206722,-0.8434027639626369
2026-05-26 00:00:00+00:00,208559.55737498507,96672.99836430125,96672.99836430125,111886.5590106838,15,11,positive_momentum_correction,-0.018919269251241988,1357504.438206722,-0.846365469235228
2026-05-27 00:00:00+00:00,206137.60800112988,112223.77314021782,112223.7731402178,93913.83486091207,11,9,positive_momentum_correction,-0.011612746998214019,1357504.438206722,-0.8481495881711887
2026-05-28 00:00:00+00:00,202919.32664793477,109523.6908744488,63907.622498215926,93395.63577348596,10,4,positive_momentum_correction,-0.015612296001695447,1357504.438206722,-0.8505203217486395
2026-05-29 00:00:00+00:00,200671.68568949134,96639.08610272834,96639.08610272832,104032.59958676301,10,5,positive_momentum_correction,-0.011076524821822864,1357504.438206722,-0.8521760371151488
2026-05-30 00:00:00+00:00,203496.88937327918,84144.21447869987,84144.21447869987,119352.6748945793,10,5,positive_momentum_correction,0.014078735991481128,1357504.438206722,-0.8500948625684784
2026-05-31 00:00:00+00:00,203872.35438249254,89111.14435474282,89111.14435474282,114761.21002774971,9,7,positive_momentum_correction,0.0018450651033030674,1357504.438206722,-0.8498182778305976
2026-06-01 00:00:00+00:00,201651.5991658137,84480.64002591687,84480.64002591687,117170.95913989683,10,5,positive_momentum_correction,-0.010892870803426269,1357504.438206722,-0.851454187927225
2026-06-02 00:00:00+00:00,197483.41324670584,87540.60836705528,87540.60836705526,109942.80487965055,9,5,positive_momentum_correction,-0.02067023488209707,1357504.438206722,-0.8545246647535212
2026-06-03 00:00:00+00:00,207755.96548892392,107777.89694166704,107777.89694166704,99978.06854725687,8,8,positive_momentum_correction,0.05201729134276767,1357504.438206722,-0.8469574318568183
2026-06-04 00:00:00+00:00,198717.8945517284,17732.873261344925,-3.001332515850663e-10,180985.02129038345,15,0,positive_momentum_correction,-0.043503304061212944,1357504.438206722,-0.85361528923306
2026-06-05 00:00:00+00:00,193594.13767923915,17732.873261344925,-3.001332515850663e-10,175861.2644178942,15,0,positive_momentum_correction,-0.025784073870385504,1357504.438206722,-0.8573896834289698
2026-06-06 00:00:00+00:00,186586.4482509903,50988.380455189894,50988.38045518988,135598.06779580042,11,3,positive_momentum_correction,-0.03619783900615681,1357504.438206722,-0.8625518687088249
2026-06-07 00:00:00+00:00,189282.58935111883,73416.36347639204,73416.36347639206,115866.22587472679,9,7,positive_momentum_correction,0.014449822725076888,1357504.438206722,-0.8605657675777745
2026-06-08 00:00:00+00:00,193649.60578871885,45882.98553909265,45882.98553909267,147766.6202496262,12,4,positive_momentum_correction,0.023071411124343966,1357504.438206722,-0.857348823076754
2026-06-09 00:00:00+00:00,191533.99801816055,128603.3865662598,112131.21925894325,62930.611451900746,6,6,positive_momentum_correction,-0.010924926812743041,1357504.438206722,-0.858907276744392
2026-06-10 00:00:00+00:00,189381.0894297298,71143.18716081162,57244.90854660478,118237.90226891817,9,3,positive_momentum_correction,-0.011240346939484946,1357504.438206722,-0.8604932079044219
2026-06-11 00:00:00+00:00,193340.01780691318,71143.18716081162,57244.90854660478,122196.83064610156,9,3,positive_momentum_correction,0.02090456016017561,1357504.438206722,-0.8575768797763067
2026-06-12 00:00:00+00:00,190928.3748492743,92816.81183328258,92816.81183328257,98111.56301599169,8,5,positive_momentum_correction,-0.012473584025669116,1357504.438206722,-0.8593534065336149
2026-06-13 00:00:00+00:00,192555.74745312138,114396.1811715648,114396.18117156478,78159.56628155659,5,7,positive_momentum_correction,0.00852347172143375,1357504.438206722,-0.8581546092714882
2026-06-14 00:00:00+00:00,196354.89910733316,115152.07669419807,115152.07669419807,81202.82241313509,4,7,positive_momentum_correction,0.019730138956961962,1357504.438206722,-0.8553559800020101
2026-06-15 00:00:00+00:00,200348.18319758915,160094.72325528626,138012.83751845147,40253.4599423029,2,8,positive_momentum_correction,0.020337073882089163,1357504.438206722,-0.8524143438807086
2026-06-16 00:00:00+00:00,198809.48149641926,140059.90493552733,140059.90493552733,58749.57656089193,3,9,positive_momentum_correction,-0.007680138030762063,1357504.438206722,-0.8535478220910653
2026-06-17 00:00:00+00:00,198467.557448014,140059.90493552733,140059.90493552733,58407.65251248668,3,10,positive_momentum_correction,-0.0017198578550259302,1357504.438206722,-0.8537996990196277
2026-06-18 00:00:00+00:00,197469.83334519138,97111.72765744905,97111.72765744902,100358.10568774234,6,10,positive_momentum_correction,-0.005027139526740831,1357504.438206722,-0.8545346683315075
2026-06-19 00:00:00+00:00,194753.9579298796,102687.32729879023,96584.89552857514,92066.63063108936,8,6,positive_momentum_correction,-0.013753368650310405,1357504.438206722,-0.856535306663784
2026-06-20 00:00:00+00:00,194519.29570523038,109516.15647840624,68193.2883538242,85003.13922682415,8,4,positive_momentum_correction,-0.0012049163320917433,1357504.438206722,-0.8567081696158633
2026-06-21 00:00:00+00:00,192995.1475647712,106136.39845188084,77549.82109892982,86858.74911289036,8,4,positive_momentum_correction,-0.007835459895808139,1357504.438206722,-0.8578309270062352
2026-06-22 00:00:00+00:00,192113.14121520775,86836.88369540373,86836.88369540371,105276.25751980404,9,6,positive_momentum_correction,-0.004570095987866396,1357504.438206722,-0.8584806533163226
2026-06-23 00:00:00+00:00,192638.73461174712,83578.14984281646,57774.70233917226,109060.58476893065,9,3,positive_momentum_correction,0.0027358534310288896,1357504.438206722,-0.8580934771261411
2026-06-24 00:00:00+00:00,195618.67499639493,73843.24171869666,73843.24171869666,121775.43327769826,7,4,positive_momentum_correction,0.01546906124904579,1357504.438206722,-0.8558983164321663
2026-06-25 00:00:00+00:00,197856.62802194827,56842.714830767974,56842.71483076796,141013.9131911803,8,11,positive_momentum_correction,0.011440385359907879,1357504.438206722,-0.8542497376411388
2026-06-26 00:00:00+00:00,200315.8691998646,59656.188169594396,59656.18816959439,140659.6810302702,9,10,positive_momentum_correction,0.012429410136533425,1357504.438206722,-0.8524381478527732
2026-06-27 00:00:00+00:00,198331.70094055933,67345.16559605906,67345.16559605906,130986.53534450027,9,6,positive_momentum_correction,-0.009905197562383727,1357504.438206722,-0.8538997771509627
2026-06-28 00:00:00+00:00,200513.6546615518,94635.0412743989,94635.0412743989,105878.61338715289,8,7,positive_momentum_correction,0.01100153788146252,1357504.438206722,-0.8522924500147988
2026-06-29 00:00:00+00:00,207722.39769992715,94283.13350425377,94283.13350425375,113439.26419567339,9,10,positive_momentum_correction,0.03595138221655292,1357504.438206722,-0.8469821594290103
2026-06-30 00:00:00+00:00,204981.79675427524,204981.79675427524,89060.5988123852,0.0,0,13,positive_momentum_correction,-0.013193574578370448,1357504.438206722,-0.8490010117204048
