date,none,C > SMA(50),"C > SMA(50), 3d",C > EMA(120),"C > EMA(120), 3d"
2020-01-01 00:00:00+00:00,0.0,0.0,0.0,0.0,0.0
2020-01-02 00:00:00+00:00,-0.01585010298360645,0.0,0.0,0.0,0.0
2020-01-03 00:00:00+00:00,0.0,0.0,0.0,0.0,0.0
2020-01-04 00:00:00+00:00,0.0,0.0,0.0,0.0,0.0
2020-01-05 00:00:00+00:00,-0.009401185872769946,0.0,0.0,0.0,0.0
2020-01-06 00:00:00+00:00,0.0,0.0,0.0,0.0,0.0
2020-01-07 00:00:00+00:00,0.0,0.0,0.0,0.0,0.0
2020-01-08 00:00:00+00:00,0.0,-0.005774620537371211,0.0,0.0,0.0
2020-01-09 00:00:00+00:00,0.0,-0.001438147532988876,-0.013969027544739943,-0.013969027544739943,0.0
2020-01-10 00:00:00+00:00,0.0,0.0,0.0,0.0,0.0
2020-01-11 00:00:00+00:00,0.0,0.0,0.0,0.0,0.0
2020-01-12 00:00:00+00:00,0.0,0.0,0.0,0.0,0.0
2020-01-13 00:00:00+00:00,-0.005843131600240636,-0.0036476337287908445,0.0,0.0,0.0
2020-01-14 00:00:00+00:00,0.0,0.0,-0.001021109211772897,-0.001021109211772897,0.0
2020-01-15 00:00:00+00:00,0.0,0.0,0.0,0.0,0.0
2020-01-16 00:00:00+00:00,0.0,0.0,-0.000993389444263193,-0.000993389444263193,0.0
2020-01-17 00:00:00+00:00,0.0,0.0,0.0,0.0,0.0
2020-01-18 00:00:00+00:00,-0.041435126154398594,-0.04212636924477764,-0.01361469974163887,-0.01361469974163887,-0.022656250019089663
2020-01-19 00:00:00+00:00,-0.04162259128469292,-0.04983134928500954,-0.019260084038492442,-0.019260084038492442,-0.026416308005984934
2020-01-20 00:00:00+00:00,-0.025875525136229816,-0.03655547346646859,-0.004078045057817725,-0.004078045057817725,-0.011540083213745223
2020-01-21 00:00:00+00:00,-0.01831936752432095,-0.03146347383413939,0.0,0.0,-0.003926636573851838
2020-01-22 00:00:00+00:00,-0.018904381479983523,-0.0348259278366031,0.0,0.0,-0.008845532642615006
2020-01-23 00:00:00+00:00,-0.04667249454720934,-0.055139925884333585,-0.02818200708258012,-0.02818200708258012,-0.04316991349937127
2020-01-24 00:00:00+00:00,-0.04296395796073338,-0.050719900621560954,-0.021282367921080292,-0.021282367921080292,-0.04231930812689122
2020-01-25 00:00:00+00:00,-0.05141504375853012,-0.06086451698921613,-0.029286459465547532,-0.029286459465547532,-0.04668999338293234
2020-01-26 00:00:00+00:00,-0.02582727987508926,-0.027133639695737233,-0.003227019792020225,-0.003227019792020225,-0.016139473788022163
2020-01-27 00:00:00+00:00,-0.011229789419780145,-3.8198733898542336e-05,0.0,0.0,0.0
2020-01-28 00:00:00+00:00,-0.007632901615357901,0.0,0.0,0.0,0.0
2020-01-29 00:00:00+00:00,-0.007276148983388353,0.0,0.0,0.0,-7.527904752757664e-05
2020-01-30 00:00:00+00:00,-0.0021947029013066333,0.0,0.0,0.0,0.0
2020-01-31 00:00:00+00:00,-0.0036543978129218724,-0.0014415551742904542,-0.0011948933233457693,-0.0011948933233457693,-0.0022179763137124553
2020-02-01 00:00:00+00:00,0.0,0.0,0.0,0.0,0.0
2020-02-02 00:00:00+00:00,-0.00028634510861402784,0.0,-0.0002450389211842152,-0.0002450389211842152,0.0
2020-02-03 00:00:00+00:00,0.0,-0.0005281587134339238,0.0,0.0,0.0
2020-02-04 00:00:00+00:00,-0.0008242128019882999,0.0,0.0,0.0,0.0
2020-02-05 00:00:00+00:00,-0.0004970134016828442,-0.00011251051943694801,-0.0011921650143360552,-0.0011921650143360552,-0.000840485638985311
2020-02-06 00:00:00+00:00,0.0,0.0,0.0,0.0,0.0
2020-02-07 00:00:00+00:00,0.0,0.0,0.0,0.0,0.0
2020-02-08 00:00:00+00:00,-0.002465132255453084,-0.003895056037974798,-0.008061334902283557,-0.008061334902283557,-0.009953119398907861
2020-02-09 00:00:00+00:00,0.0,0.0,0.0,0.0,0.0
2020-02-10 00:00:00+00:00,0.0,0.0,0.0,0.0,0.0
2020-02-11 00:00:00+00:00,0.0,0.0,0.0,0.0,0.0
2020-02-12 00:00:00+00:00,0.0,0.0,0.0,0.0,0.0
2020-02-13 00:00:00+00:00,-0.00429664044689404,-0.004878116763594065,-0.006420342160533998,-0.006420342160533998,-0.006737834961703215
2020-02-14 00:00:00+00:00,0.0,0.0,0.0,0.0,0.0
2020-02-15 00:00:00+00:00,-0.05855989475692769,-0.05979671416223309,-0.056925054229288286,-0.056925054229288286,-0.058403097453493924
2020-02-16 00:00:00+00:00,-0.07012110697696405,-0.07171356937752582,-0.06755304902183412,-0.06755304902183412,-0.06989725101033928
2020-02-17 00:00:00+00:00,-0.08360518096588354,-0.08491795115486844,-0.08103585613282205,-0.08103585613282205,-0.08332482211914882
2020-02-18 00:00:00+00:00,-0.05037355144971045,-0.051843871036856504,-0.0486768339003244,-0.0486768339003244,-0.05108673126583585
2020-02-19 00:00:00+00:00,-0.08126097177593461,-0.08174715415712563,-0.0866760811982541,-0.0866760811982541,-0.08725565662350565
2020-02-20 00:00:00+00:00,-0.07890164053143,-0.07913364578292437,-0.08512844505087802,-0.08512844505087802,-0.08542994965221562
2020-02-21 00:00:00+00:00,-0.0766206337353309,-0.0767981422049614,-0.0826720924834583,-0.0826720924834583,-0.08293748443963278
2020-02-22 00:00:00+00:00,-0.07870647386430907,-0.07889786127199339,-0.08485139916410067,-0.08485139916410067,-0.08514739447340336
2020-02-23 00:00:00+00:00,-0.0685537581588973,-0.06874187189894576,-0.07458028419597895,-0.07458028419597895,-0.0748506256260213
2020-02-24 00:00:00+00:00,-0.07883538977165205,-0.07895302923366387,-0.08477948735414786,-0.08477948735414786,-0.0850049284744232
2020-02-25 00:00:00+00:00,-0.13166880975230832,-0.13153039675404576,-0.13790556554277733,-0.13790556554277733,-0.1377694074127489
2020-02-26 00:00:00+00:00,-0.1852048223287377,-0.1852594361217782,-0.19027613013875844,-0.19027613013875844,-0.19033090569812883
2020-02-27 00:00:00+00:00,-0.15223670949236368,-0.15236281449792288,-0.15742586786585389,-0.15742586786585389,-0.15760321566202462
2020-02-28 00:00:00+00:00,-0.15722069372705483,-0.1574357489400925,-0.16210871420775697,-0.16210871420775697,-0.16240094779731473
2020-02-29 00:00:00+00:00,-0.17019766351098797,-0.17041307840870257,-0.1750230871849402,-0.1750230871849402,-0.17532146121034964
2020-03-01 00:00:00+00:00,-0.1708863302221455,-0.17300416328780066,-0.17769541079220852,-0.17769541079220852,-0.1779848225518078
2020-03-02 00:00:00+00:00,-0.14340779561406602,-0.17336922983922454,-0.1780698752558636,-0.1780698752558636,-0.17835890804719756
2020-03-03 00:00:00+00:00,-0.13930347494840545,-0.17336922983922454,-0.1780698752558636,-0.1780698752558636,-0.17835890804719756
2020-03-04 00:00:00+00:00,-0.1167620098230907,-0.17336922983922454,-0.1780698752558636,-0.1780698752558636,-0.17835890804719756
2020-03-05 00:00:00+00:00,-0.11474783152811052,-0.17336922983922454,-0.1780698752558636,-0.17740848928866726,-0.1776977546572318
2020-03-06 00:00:00+00:00,-0.10365546754893895,-0.17336922983922454,-0.1780698752558636,-0.16799762670220797,-0.16829020141277173
2020-03-07 00:00:00+00:00,-0.10121921859997551,-0.17336922983922454,-0.1780698752558636,-0.1661530290069536,-0.16459634132365464
2020-03-08 00:00:00+00:00,-0.15221821379872058,-0.17336922983922454,-0.1780698752558636,-0.21337207841295736,-0.2171177617062875
2020-03-09 00:00:00+00:00,-0.1654255797787617,-0.17336922983922454,-0.1780698752558636,-0.22567726869060023,-0.22919217377765588
2020-03-10 00:00:00+00:00,-0.14990733502070863,-0.17336922983922454,-0.1780698752558636,-0.21126714822204395,-0.2147815408661531
2020-03-11 00:00:00+00:00,-0.18041303745655624,-0.17336922983922454,-0.1780698752558636,-0.24009672821259864,-0.24338735873662154
2020-03-12 00:00:00+00:00,-0.4473791110240546,-0.17336922983922454,-0.1780698752558636,-0.3569010760608138,-0.3581311638775997
2020-03-13 00:00:00+00:00,-0.4125854836068571,-0.17336922983922454,-0.1780698752558636,-0.3557280992746328,-0.3570013785090871
2020-03-14 00:00:00+00:00,-0.43078250239137594,-0.17336922983922454,-0.1780698752558636,-0.3557280992746328,-0.3570013785090871
2020-03-15 00:00:00+00:00,-0.4317936910996587,-0.17336922983922454,-0.1780698752558636,-0.3557280992746328,-0.3570013785090871
2020-03-16 00:00:00+00:00,-0.44118875084374165,-0.17336922983922454,-0.1780698752558636,-0.3557280992746328,-0.3570013785090871
2020-03-17 00:00:00+00:00,-0.43949014389387,-0.17336922983922454,-0.1780698752558636,-0.3557280992746328,-0.3570013785090871
2020-03-18 00:00:00+00:00,-0.43973016742901727,-0.17336922983922454,-0.1780698752558636,-0.3557280992746328,-0.3570013785090871
2020-03-19 00:00:00+00:00,-0.43271805129507135,-0.17336922983922454,-0.1780698752558636,-0.3557280992746328,-0.3570013785090871
2020-03-20 00:00:00+00:00,-0.4372956430010947,-0.17336922983922454,-0.1780698752558636,-0.3557280992746328,-0.3570013785090871
2020-03-21 00:00:00+00:00,-0.4373936170849393,-0.17336922983922454,-0.1780698752558636,-0.3557280992746328,-0.3570013785090871
2020-03-22 00:00:00+00:00,-0.4373936170849393,-0.17336922983922454,-0.1780698752558636,-0.3557280992746328,-0.3570013785090871
2020-03-23 00:00:00+00:00,-0.4373936170849393,-0.17336922983922454,-0.1780698752558636,-0.3557280992746328,-0.3570013785090871
2020-03-24 00:00:00+00:00,-0.4373936170849393,-0.17336922983922454,-0.1780698752558636,-0.3557280992746328,-0.3570013785090871
2020-03-25 00:00:00+00:00,-0.4373936170849393,-0.17336922983922454,-0.1780698752558636,-0.3557280992746328,-0.3570013785090871
2020-03-26 00:00:00+00:00,-0.4373936170849393,-0.17336922983922454,-0.1780698752558636,-0.3557280992746328,-0.3570013785090871
2020-03-27 00:00:00+00:00,-0.4373936170849393,-0.17336922983922454,-0.1780698752558636,-0.3557280992746328,-0.3570013785090871
2020-03-28 00:00:00+00:00,-0.4373936170849393,-0.17336922983922454,-0.1780698752558636,-0.3557280992746328,-0.3570013785090871
2020-03-29 00:00:00+00:00,-0.4373936170849393,-0.17336922983922454,-0.1780698752558636,-0.3557280992746328,-0.3570013785090871
2020-03-30 00:00:00+00:00,-0.4373936170849393,-0.17336922983922454,-0.1780698752558636,-0.3557280992746328,-0.3570013785090871
2020-03-31 00:00:00+00:00,-0.4373936170849393,-0.17336922983922454,-0.1780698752558636,-0.3557280992746328,-0.3570013785090871
2020-04-01 00:00:00+00:00,-0.4373936170849393,-0.17336922983922454,-0.1780698752558636,-0.3557280992746328,-0.3570013785090871
2020-04-02 00:00:00+00:00,-0.4373936170849393,-0.17336922983922454,-0.1780698752558636,-0.3557280992746328,-0.3570013785090871
2020-04-03 00:00:00+00:00,-0.4373936170849393,-0.17336922983922454,-0.1780698752558636,-0.3557280992746328,-0.3570013785090871
2020-04-04 00:00:00+00:00,-0.4373936170849393,-0.17336922983922454,-0.1780698752558636,-0.3557280992746328,-0.3570013785090871
2020-04-05 00:00:00+00:00,-0.43587975194078477,-0.17336922983922454,-0.1780698752558636,-0.3557280992746328,-0.3570013785090871
2020-04-06 00:00:00+00:00,-0.42910158386811326,-0.17336922983922454,-0.1780698752558636,-0.3557280992746328,-0.3570013785090871
2020-04-07 00:00:00+00:00,-0.4289103896455544,-0.17336922983922454,-0.1780698752558636,-0.3557280992746328,-0.3570013785090871
2020-04-08 00:00:00+00:00,-0.4222516868216135,-0.17336922983922454,-0.1780698752558636,-0.3557280992746328,-0.3570013785090871
2020-04-09 00:00:00+00:00,-0.4238330051720499,-0.17336922983922454,-0.1780698752558636,-0.3557280992746328,-0.3570013785090871
2020-04-10 00:00:00+00:00,-0.4409473901596972,-0.17336922983922454,-0.1780698752558636,-0.3557280992746328,-0.3570013785090871
2020-04-11 00:00:00+00:00,-0.4359978543086075,-0.17336922983922454,-0.1780698752558636,-0.3557280992746328,-0.3570013785090871
2020-04-12 00:00:00+00:00,-0.4361492544333764,-0.17336922983922454,-0.1780698752558636,-0.3557280992746328,-0.3570013785090871
2020-04-13 00:00:00+00:00,-0.4403410535349943,-0.17336922983922454,-0.1780698752558636,-0.3557280992746328,-0.3570013785090871
2020-04-14 00:00:00+00:00,-0.4361508442215535,-0.17336922983922454,-0.1780698752558636,-0.3557280992746328,-0.3570013785090871
2020-04-15 00:00:00+00:00,-0.43866355682528013,-0.17336922983922454,-0.1780698752558636,-0.3557280992746328,-0.3570013785090871
2020-04-16 00:00:00+00:00,-0.43172557065120676,-0.17336922983922454,-0.1780698752558636,-0.3557280992746328,-0.3570013785090871
2020-04-17 00:00:00+00:00,-0.43256165858439244,-0.17336922983922454,-0.1780698752558636,-0.3557280992746328,-0.3570013785090871
2020-04-18 00:00:00+00:00,-0.4298937682133952,-0.16768964875740333,-0.1780698752558636,-0.3557280992746328,-0.3570013785090871
2020-04-19 00:00:00+00:00,-0.4322490054704229,-0.1694258987930467,-0.17736703936727372,-0.3557280992746328,-0.3570013785090871
2020-04-20 00:00:00+00:00,-0.45267910216836793,-0.17795001934984978,-0.20923777837282131,-0.3557280992746328,-0.3570013785090871
2020-04-21 00:00:00+00:00,-0.446707036620973,-0.15400317500329141,-0.20084571983117927,-0.3557280992746328,-0.3570013785090871
2020-04-22 00:00:00+00:00,-0.42435549271905737,-0.11581734965926649,-0.16673987560822223,-0.3557280992746328,-0.3570013785090871
2020-04-23 00:00:00+00:00,-0.4116663243427311,-0.09718359007216693,-0.15092464492391344,-0.3557280992746328,-0.3570013785090871
2020-04-24 00:00:00+00:00,-0.4019847549667005,-0.08355854689961684,-0.13847794233523658,-0.3557280992746328,-0.3570013785090871
2020-04-25 00:00:00+00:00,-0.4023827472519972,-0.08446938604521625,-0.13901715309077944,-0.3557280992746328,-0.3570013785090871
2020-04-26 00:00:00+00:00,-0.4034734839807471,-0.08614036000445802,-0.1405885695946193,-0.3557280992746328,-0.3570013785090871
2020-04-27 00:00:00+00:00,-0.39598776131030355,-0.07489594253648646,-0.1280692240775948,-0.34610855953312847,-0.3570013785090871
2020-04-28 00:00:00+00:00,-0.3952437265373939,-0.07396941461196327,-0.12588344124504125,-0.3460369215231264,-0.3570013785090871
2020-04-29 00:00:00+00:00,-0.3826310399221641,-0.05279854708933951,-0.10525296575971199,-0.3209192665800832,-0.3570013785090871
2020-04-30 00:00:00+00:00,-0.3921153707228753,-0.0684720272589926,-0.12886309883314095,-0.34314386123367513,-0.3554676846914203
2020-05-01 00:00:00+00:00,-0.3828352754612414,-0.05354878851710376,-0.11051374090860833,-0.32662629292470036,-0.34982792524198136
2020-05-02 00:00:00+00:00,-0.3805927568963252,-0.050141480559575236,-0.10713201752152202,-0.3238890247765758,-0.34637599041640377
2020-05-03 00:00:00+00:00,-0.387121717032046,-0.06002540971464598,-0.11449365513345433,-0.32823565654206655,-0.3552330083629408
2020-05-04 00:00:00+00:00,-0.37593539062850123,-0.04321748689171656,-0.10256315690781392,-0.30722379892898843,-0.3495721160980225
2020-05-05 00:00:00+00:00,-0.38022266334940613,-0.04993518479532755,-0.10084133051761845,-0.29331721029246705,-0.3536286274616651
2020-05-06 00:00:00+00:00,-0.38379301632298846,-0.05443348633947587,-0.10573901147355491,-0.3095842348615939,-0.3562932227355693
2020-05-07 00:00:00+00:00,-0.37976643421833134,-0.0488801240833997,-0.10129995096784639,-0.3010535083826078,-0.3468917753384334
2020-05-08 00:00:00+00:00,-0.3748331108556039,-0.04072495400244114,-0.09535391449036701,-0.29644856709117906,-0.34520209116710576
2020-05-09 00:00:00+00:00,-0.3756958109632874,-0.04205495804955317,-0.09834296299167034,-0.2986937184227799,-0.3460576674968775
2020-05-10 00:00:00+00:00,-0.39658988332382894,-0.07422961637019188,-0.1254905442371057,-0.318218832623117,-0.3660696959471257
2020-05-11 00:00:00+00:00,-0.4110171722251782,-0.0963608275364305,-0.1452355072330226,-0.3332345012314125,-0.37879524406140463
2020-05-12 00:00:00+00:00,-0.36602380300811754,-0.02780757319828464,-0.08582773466930493,-0.28577226136655043,-0.33435307786250124
2020-05-13 00:00:00+00:00,-0.3276717968834879,0.0,-0.03431422240967963,-0.24222969252211624,-0.2937001798260418
2020-05-14 00:00:00+00:00,-0.3195913300652564,0.0,-0.02291741722714835,-0.23106644686614142,-0.2860159346481562
2020-05-15 00:00:00+00:00,-0.3179138488345058,0.0,-0.02009357924900812,-0.22900544921085741,-0.27997416350029214
2020-05-16 00:00:00+00:00,-0.31769411220380395,0.0,-0.019555117004077638,-0.2285527673982749,-0.2812142456519977
2020-05-17 00:00:00+00:00,-0.317219264922742,0.0,-0.018725755138843114,-0.22794860614908363,-0.2793395042568122
2020-05-18 00:00:00+00:00,-0.31828462514350586,-0.001558929084164884,-0.018148461760905565,-0.22749802566141564,-0.2810061108556384
2020-05-19 00:00:00+00:00,-0.31716189105182613,0.0,-0.012782190693076068,-0.2232708299680446,-0.279032508659274
2020-05-20 00:00:00+00:00,-0.31662794966039987,0.0,-0.011519488675655776,-0.22224625149162047,-0.27975069821137477
2020-05-21 00:00:00+00:00,-0.318039863756845,-0.0020442002657981018,-0.00895328691959929,-0.2203006029962129,-0.27874535081458174
2020-05-22 00:00:00+00:00,-0.28954282105164286,0.0,0.0,-0.19085356404657416,-0.24924815598932237
2020-05-23 00:00:00+00:00,-0.2894381368065173,0.0,-0.0011557928538920015,-0.19178187796564528,-0.24897786713280667
2020-05-24 00:00:00+00:00,-0.29194509234966104,-0.0035527952970068055,-0.0008088282716580686,-0.19152920883199476,-0.251171473856478
2020-05-25 00:00:00+00:00,-0.24243513296293673,0.0,0.0,-0.1309544403033589,-0.19675833611521687
2020-05-26 00:00:00+00:00,-0.25265402439981155,-0.013493416412671988,-0.013456652773517819,-0.14265159415206663,-0.20757251466435545
2020-05-27 00:00:00+00:00,-0.23488383327930595,0.0,0.0,-0.12603299466709306,-0.18869626190048272
2020-05-28 00:00:00+00:00,-0.24401909723175008,-0.011942600126205627,-0.011960858794846096,-0.13648734684659392,-0.1983998468991086
2020-05-29 00:00:00+00:00,-0.22132700332390176,0.0,0.0,-0.10960044179868833,-0.17448157190349567
2020-05-30 00:00:00+00:00,-0.2254095894532402,-0.0052523849991159555,-0.0058904138533376615,-0.11484727174047449,-0.1788748044494204
2020-05-31 00:00:00+00:00,-0.2661038650789246,-0.05751482495778093,-0.06168815869928379,-0.1645287593939323,-0.22204510822011547
2020-06-01 00:00:00+00:00,-0.2553428568283841,-0.04370735729804587,-0.04609652914859308,-0.1506488179537504,-0.21071619106667216
2020-06-02 00:00:00+00:00,-0.2527044737159092,-0.040307234285051785,-0.04448184294264257,-0.14920927170549259,-0.20784295344468495
2020-06-03 00:00:00+00:00,-0.2423686951269478,-0.027026290347705872,-0.030765216741868606,-0.13699532029030959,-0.19683820914747285
2020-06-04 00:00:00+00:00,-0.23489912291018789,-0.017435256406914568,-0.020061101420894234,-0.12746508944503587,-0.18893021672946497
2020-06-05 00:00:00+00:00,-0.23913050095974475,-0.02287391323623078,-0.024992086700552307,-0.13185614968654302,-0.19344548453799215
2020-06-06 00:00:00+00:00,-0.2263582351118476,-0.006465912244435157,-0.00980504781634628,-0.11833298181876628,-0.17987044474471958
2020-06-07 00:00:00+00:00,-0.2264698879218,-0.0066103584741949994,-0.00970052354604145,-0.11823984991595093,-0.1799956328958715
2020-06-08 00:00:00+00:00,-0.22720978192240615,-0.007560996639747741,-0.010460155825066986,-0.11891636166991637,-0.1807828504282314
2020-06-09 00:00:00+00:00,-0.22670566640673462,-0.0069129147830993,-0.010134313147643903,-0.1186261258554886,-0.1802440471233443
2020-06-10 00:00:00+00:00,-0.21741950255093678,0.0,0.0,-0.108514210051039,-0.17042400963941762
2020-06-11 00:00:00+00:00,-0.2568729440741262,-0.05040983266775556,-0.05147883745167292,-0.1544065280083965,-0.21221614588064108
2020-06-12 00:00:00+00:00,-0.22518737030912106,-0.009915559093827353,-0.011468371428285828,-0.11873764600567793,-0.17859088957789782
2020-06-13 00:00:00+00:00,-0.22330665686393514,-0.007510415366838941,-0.009229285432071355,-0.11674159628845293,-0.1765847682743733
2020-06-14 00:00:00+00:00,-0.24089775988720352,-0.029992912666709226,-0.0311589422437073,-0.13629139619239727,-0.19525926227844892
2020-06-15 00:00:00+00:00,-0.22635502617176628,-0.011412194846142754,-0.0129275795158732,-0.12003853431976363,-0.1798583367270401
2020-06-16 00:00:00+00:00,-0.2254754797739007,-0.010288589449588548,-0.011771736989841686,-0.11900810577509535,-0.17892791614713388
2020-06-17 00:00:00+00:00,-0.21736342352461002,0.0,-0.001415720612286564,-0.10977574893848852,-0.17033887852184715
2020-06-18 00:00:00+00:00,-0.22581484618418746,-0.010800555121483701,-0.011999408375577891,-0.11921088782177736,-0.1793104187949709
2020-06-19 00:00:00+00:00,-0.23039269503671422,-0.01664963184531154,-0.01777828831906847,-0.12436271109955943,-0.18416210514843645
2020-06-20 00:00:00+00:00,-0.22988032038191608,-0.015995519198301777,-0.017139615756585513,-0.12379329992716737,-0.18362260720364854
2020-06-21 00:00:00+00:00,-0.23071330708363058,-0.016742227963843948,-0.017905519777064893,-0.12476800128032461,-0.18450914619069214
2020-06-22 00:00:00+00:00,-0.22149037280177197,-0.0056314410543634175,-0.006813051596009867,-0.11421754751870672,-0.17473764760527244
2020-06-23 00:00:00+00:00,-0.21860071492060185,-0.007138665756422857,-0.008324574667097684,-0.11096133382564277,-0.1716736013604162
2020-06-24 00:00:00+00:00,-0.22298480432819046,-0.0117891273642724,-0.00867297306721726,-0.11600864254509957,-0.17631648453001936
2020-06-25 00:00:00+00:00,-0.23274336699769493,-0.021003745908105498,-0.00867297306721726,-0.1270821604210577,-0.18666135734290423
2020-06-26 00:00:00+00:00,-0.2533834933975705,-0.030039524503102655,-0.00867297306721726,-0.15053411610811773,-0.20854057900821055
2020-06-27 00:00:00+00:00,-0.2819941690850609,-0.05850104394742284,-0.00867297306721726,-0.1830221500967354,-0.23887025380606675
2020-06-28 00:00:00+00:00,-0.26041464847618134,-0.047477093792859026,-0.00867297306721726,-0.15849575729450993,-0.2160006894606188
2020-06-29 00:00:00+00:00,-0.23833498785566198,-0.048294378917326464,-0.00867297306721726,-0.13338560446765746,-0.19259980344047967
2020-06-30 00:00:00+00:00,-0.2537471129331831,-0.048294378917326464,-0.00867297306721726,-0.1509669117467537,-0.20892818721285022
2020-07-01 00:00:00+00:00,-0.2522211873289504,-0.048294378917326464,-0.00867297306721726,-0.14921797576791074,-0.2073117891790528
2020-07-02 00:00:00+00:00,-0.256121295666769,-0.048294378917326464,-0.00867297306721726,-0.1536515637953756,-0.2114465189747955
2020-07-03 00:00:00+00:00,-0.23786529584796579,-0.048294378917326464,-0.00867297306721726,-0.13290291798986376,-0.19209197281748225
2020-07-04 00:00:00+00:00,-0.23148228685262195,-0.048294378917326464,-0.00867297306721726,-0.12561768944758256,-0.18532785704160892
2020-07-05 00:00:00+00:00,-0.23765395030429226,-0.048294378917326464,-0.00867297306721726,-0.1326310796849376,-0.1918709890871697
2020-07-06 00:00:00+00:00,-0.18774707791438772,-0.048294378917326464,-0.00867297306721726,-0.07591250719454767,-0.13896075073627767
2020-07-07 00:00:00+00:00,-0.18422541916373647,-0.048294378917326464,-0.00867297306721726,-0.07190373717351384,-0.13522778814917225
2020-07-08 00:00:00+00:00,-0.17090936389474132,-0.048294378917326464,-0.00867297306721726,-0.056764818256445415,-0.12111090379099809
2020-07-09 00:00:00+00:00,-0.17369629459442448,-0.03457929370987367,-0.00867297306721726,-0.05994563147130583,-0.12406423570653258
2020-07-10 00:00:00+00:00,-0.13236918882480797,-0.05912668376658725,-0.00867297306721726,-0.012973704043284795,-0.08025049243294813
2020-07-11 00:00:00+00:00,-0.1129220548829929,-0.035500655162848505,-0.00867297306721726,0.0,-0.0596335268925392
2020-07-12 00:00:00+00:00,-0.09744233791323553,-0.01466698664283883,-0.00867297306721726,0.0,-0.04322502007859119
2020-07-13 00:00:00+00:00,-0.10640733262974278,-0.0392412457532213,-0.00867297306721726,-0.0099279222328722,-0.05272904412190205
2020-07-14 00:00:00+00:00,-0.08245116929673746,-0.04039922268638352,-0.00867297306721726,0.0,-0.02733748817604298
2020-07-15 00:00:00+00:00,-0.06501780784702649,-0.04039922268638352,-0.00867297306721726,0.0,-0.008857090642285237
2020-07-16 00:00:00+00:00,-0.05850521150707044,-0.04039922268638352,-0.00867297306721726,0.0,-0.0019551606976631053
2020-07-17 00:00:00+00:00,-0.05909178831926298,-0.04039922268638352,-0.00867297306721726,-0.0006259074598132797,-0.002576669377732821
2020-07-18 00:00:00+00:00,-0.03692791803522222,-0.04039922268638352,-0.00867297306721726,0.0,0.0
2020-07-19 00:00:00+00:00,0.0,-0.04039922268638352,-0.00867297306721726,0.0,0.0
2020-07-20 00:00:00+00:00,-0.04380457430845952,-0.04039922268638352,-0.00867297306721726,-0.04381794210061918,-0.04380317770714792
2020-07-21 00:00:00+00:00,-0.029439138613139293,-0.04039922268638352,-0.00867297306721726,-0.02944749374775546,-0.02943826589869525
2020-07-22 00:00:00+00:00,-0.030248993234535226,-0.03794480243279996,-0.00867297306721726,-0.03025772191087328,-0.030248081454615994
2020-07-23 00:00:00+00:00,-0.023319225876511585,-0.028239798663419302,-0.00867297306721726,-0.023328836720617918,-0.023318221876672207
2020-07-24 00:00:00+00:00,-0.04810981677109405,-0.04716896955128036,-0.009400929869238794,-0.04811792925337577,-0.048108969262839585
2020-07-25 00:00:00+00:00,-0.05897974334783862,-0.05477928665372378,-0.005220037265431188,-0.05899242049437292,-0.058978418912564945
2020-07-26 00:00:00+00:00,-0.07117886969485976,-0.06433849654055246,-0.0035408968010365305,-0.07119613642259215,-0.07117706570336735
2020-07-27 00:00:00+00:00,-0.10748253034961142,-0.10803466116333893,-0.03179791835703949,-0.1074975126864911,-0.10748096509150917
2020-07-28 00:00:00+00:00,-0.09164989096494325,-0.09291264425197132,0.0,-0.09166521692510221,-0.091648289805631
2020-07-29 00:00:00+00:00,-0.10040808777070953,-0.09675228231803368,0.0,-0.10042370826123381,-0.10040645584832286
2020-07-30 00:00:00+00:00,-0.08709360237557073,-0.08141720191032431,0.0,-0.0871075669240371,-0.0870921434937022
2020-07-31 00:00:00+00:00,-0.09035781692221945,-0.0857777279883819,-0.01569809832885216,-0.09037255447796022,-0.0903562772667762
2020-08-01 00:00:00+00:00,-0.06996179445615813,-0.06518431925086443,-0.0012550500398965658,-0.06997628087585983,-0.06996028108954877
2020-08-02 00:00:00+00:00,-0.08664184324241586,-0.08389709233567422,-0.020964197434689913,-0.08665594086029704,-0.08664037049420092
2020-08-03 00:00:00+00:00,-0.07065999968094139,-0.06605595637805561,-0.0006499886827424639,-0.07067497802839562,-0.07065843490441515
2020-08-04 00:00:00+00:00,-0.06586550028151172,-0.06201810191563295,0.0,-0.06588035707623219,-0.06586394820970021
2020-08-05 00:00:00+00:00,-0.04708731304644165,-0.04299288075326435,0.0,-0.04710268122893069,-0.047085707543652155
2020-08-06 00:00:00+00:00,-0.022829929321313114,-0.0180890218468982,0.0,-0.022846011781905706,-0.022828249188071803
2020-08-07 00:00:00+00:00,-0.023822098864062724,-0.019123028585609658,-0.0010706801736443117,-0.023838150757120702,-0.0238204219246565
2020-08-08 00:00:00+00:00,-0.015785099187736296,-0.01198995003716341,0.0,-0.015800922172696796,-0.015783446173681437
2020-08-09 00:00:00+00:00,-0.01889845966755488,-0.014198859230330041,-0.001810405284945804,-0.01891458364741927,-0.018896775197527194
2020-08-10 00:00:00+00:00,0.0,0.0,0.0,0.0,0.0
2020-08-11 00:00:00+00:00,-0.053652208361049225,-0.0533389618025768,-0.05303067269313411,-0.05365228496726304,-0.05365220035574847
2020-08-12 00:00:00+00:00,0.0,0.0,0.0,0.0,0.0
2020-08-13 00:00:00+00:00,0.0,0.0,0.0,0.0,0.0
2020-08-14 00:00:00+00:00,0.0,0.0,0.0,0.0,0.0
2020-08-15 00:00:00+00:00,0.0,0.0,0.0,0.0,0.0
2020-08-16 00:00:00+00:00,0.0,0.0,0.0,0.0,0.0
2020-08-17 00:00:00+00:00,0.0,-0.00020823353891863405,-0.0004909703916661234,0.0,0.0
2020-08-18 00:00:00+00:00,-0.01709241025714936,-0.018304777103576142,-0.018878726501023735,-0.01709212758154144,-0.01709243979653019
2020-08-19 00:00:00+00:00,-0.0491364844782507,-0.05155174776954363,-0.05282281976799186,-0.04913572305407232,-0.04913656404648448
2020-08-20 00:00:00+00:00,-0.02793289212608685,-0.02996050497971392,-0.03129744862005246,-0.027932214836777658,-0.027932962902292524
2020-08-21 00:00:00+00:00,-0.1091607588809207,-0.1090697561836913,-0.10966918731833497,-0.10916068622565234,-0.10916076647333994
2020-08-22 00:00:00+00:00,-0.038195285605845286,-0.039311348418159975,-0.04018487744674404,-0.038195054838833786,-0.03819530972081853
2020-08-23 00:00:00+00:00,-0.023417368163031083,-0.02519313952097657,-0.026205631439055077,-0.023416857293375726,-0.02341742154851234
2020-08-24 00:00:00+00:00,-0.014473673065499737,-0.015298216748745541,-0.016254194766453622,-0.014473490493731145,-0.014473692144107875
2020-08-25 00:00:00+00:00,-0.049291252072818814,-0.051194577608009495,-0.05249104424096196,-0.04929075903623181,-0.04929130359475875
2020-08-26 00:00:00+00:00,-0.02947174455597834,-0.030804507334085685,-0.03198874734458035,-0.029471429489291934,-0.029471777480202244
2020-08-27 00:00:00+00:00,-0.06865724214606361,-0.07105811641167337,-0.07248593137185222,-0.0686566019408602,-0.06865730904700895
2020-08-28 00:00:00+00:00,-0.025467960892863184,-0.027659361823222706,-0.029104770561145688,-0.025467395628123723,-0.025468019962588184
2020-08-29 00:00:00+00:00,-0.030445498192580356,-0.03287124999652491,-0.03434250062424571,-0.030444854896341633,-0.030445565416536424
2020-08-30 00:00:00+00:00,-0.030049783158138887,-0.033294484960438187,-0.03494470035055808,-0.030048885460979058,-0.030049876966793287
2020-08-31 00:00:00+00:00,-0.03817878293484722,-0.04036998950502546,-0.04176609798143849,-0.03817820783597026,-0.03817884303223229
2020-09-01 00:00:00+00:00,-0.026897982326799075,-0.029133243008149456,-0.030527675338312688,-0.02689738970654887,-0.026898044255154074
2020-09-02 00:00:00+00:00,0.0,0.0,0.0,0.0,0.0
2020-09-03 00:00:00+00:00,-0.1794518803177162,-0.1790439843667544,-0.17900584353571913,-0.17945202854841757,-0.17945186482771702
2020-09-04 00:00:00+00:00,-0.10785130939812226,-0.11221326509989393,-0.11218643988789911,-0.11244723839967485,-0.11244722240926952
2020-09-05 00:00:00+00:00,-0.2436107761446975,-0.24125608195278947,-0.2413473412254562,-0.24439072571246934,-0.24067866462555587
2020-09-06 00:00:00+00:00,-0.19530993988620482,-0.19557320540317424,-0.19576250442495935,-0.19613036476574597,-0.19443333711734279
2020-09-07 00:00:00+00:00,-0.1806558527857216,-0.19398619240032344,-0.19420486893850708,-0.1815159284688802,-0.19271064823455042
2020-09-08 00:00:00+00:00,-0.18426260791626436,-0.19411650186096197,-0.1943368768347078,-0.18518577032411976,-0.19283312678884823
2020-09-09 00:00:00+00:00,-0.18213641315959983,-0.19411650186096197,-0.1943368768347078,-0.1845748415995505,-0.19283312678884823
2020-09-10 00:00:00+00:00,-0.1678141031231235,-0.19411650186096197,-0.1943368768347078,-0.1703645484121773,-0.19283312678884823
2020-09-11 00:00:00+00:00,-0.162066984542114,-0.19411650186096197,-0.1943368768347078,-0.16464251210173653,-0.19283312678884823
2020-09-12 00:00:00+00:00,-0.15480298344019405,-0.19411650186096197,-0.1943368768347078,-0.1574003723649834,-0.19283312678884823
2020-09-13 00:00:00+00:00,-0.1443486955733697,-0.19411650186096197,-0.1943368768347078,-0.1572938770567558,-0.18289764363584338
2020-09-14 00:00:00+00:00,-0.1352172572503889,-0.19411650186096197,-0.1943368768347078,-0.15690635901791516,-0.17267510811115028
2020-09-15 00:00:00+00:00,-0.18196336793075862,-0.19411650186096197,-0.1943368768347078,-0.2069009795257677,-0.2129243574241816
2020-09-16 00:00:00+00:00,-0.18876815170179084,-0.19411650186096197,-0.1943368768347078,-0.2130429104516265,-0.21514048795398777
2020-09-17 00:00:00+00:00,-0.18760190483354178,-0.19411650186096197,-0.1943368768347078,-0.21505349207388802,-0.2039220730837944
2020-09-18 00:00:00+00:00,-0.17975150812411778,-0.19411650186096197,-0.1943368768347078,-0.2088107513493661,-0.19037341430278887
2020-09-19 00:00:00+00:00,-0.18083985700947602,-0.19411650186096197,-0.1943368768347078,-0.20876723515755202,-0.19462511696577967
2020-09-20 00:00:00+00:00,-0.18027637381469952,-0.19411650186096197,-0.1943368768347078,-0.20551445752598396,-0.19739715557907977
2020-09-21 00:00:00+00:00,-0.20236603645417883,-0.19411650186096197,-0.1943368768347078,-0.23303895370052052,-0.21841403582296404
2020-09-22 00:00:00+00:00,-0.17691077597163074,-0.19411650186096197,-0.1943368768347078,-0.20862717103739614,-0.1938433822630551
2020-09-23 00:00:00+00:00,-0.22593935672115462,-0.19411650186096197,-0.1943368768347078,-0.2557171886157964,-0.23921631482419814
2020-09-24 00:00:00+00:00,-0.17440938602012046,-0.19411650186096197,-0.1943368768347078,-0.20630080916731453,-0.20094261500119426
2020-09-25 00:00:00+00:00,-0.17531507228232557,-0.19411650186096197,-0.1943368768347078,-0.20767681213535305,-0.20182789728266814
2020-09-26 00:00:00+00:00,-0.17410741487156733,-0.19411650186096197,-0.1943368768347078,-0.2063961142713786,-0.20064836835600663
2020-09-27 00:00:00+00:00,-0.17232547357088646,-0.19411650186096197,-0.1943368768347078,-0.20469042558752126,-0.19742953614351688
2020-09-28 00:00:00+00:00,-0.16872148001617426,-0.19411650186096197,-0.1943368768347078,-0.2017128658560836,-0.19354314466186917
2020-09-29 00:00:00+00:00,-0.1502111745260003,-0.19411650186096197,-0.1943368768347078,-0.18173641493740478,-0.17584586412748526
2020-09-30 00:00:00+00:00,-0.14289631908771783,-0.19411650186096197,-0.1943368768347078,-0.1741491586281544,-0.16850733563528808
2020-10-01 00:00:00+00:00,-0.17189731970837296,-0.19411650186096197,-0.1943368768347078,-0.20181342149434944,-0.19824101424186502
2020-10-02 00:00:00+00:00,-0.1801179499102703,-0.19411650186096197,-0.1943368768347078,-0.20433466771581987,-0.21025721668657427
2020-10-03 00:00:00+00:00,-0.1770999490400036,-0.19411650186096197,-0.1943368768347078,-0.20194128958194357,-0.2076160680629121
2020-10-04 00:00:00+00:00,-0.16428717473086663,-0.19411650186096197,-0.1943368768347078,-0.19101354050502084,-0.19508910234270083
2020-10-05 00:00:00+00:00,-0.16475695332454798,-0.19411650186096197,-0.1943368768347078,-0.1899094610580031,-0.19248430468607913
2020-10-06 00:00:00+00:00,-0.2076914898386828,-0.19411650186096197,-0.1943368768347078,-0.23514289086290763,-0.22988317930902047
2020-10-07 00:00:00+00:00,-0.20324355090354818,-0.19411650186096197,-0.1943368768347078,-0.230988482845375,-0.21927364908597724
2020-10-08 00:00:00+00:00,-0.19609159910230967,-0.19411650186096197,-0.1943368768347078,-0.2240638249405864,-0.21688809771892037
2020-10-09 00:00:00+00:00,-0.1923317443165301,-0.19411650186096197,-0.1943368768347078,-0.22041487637824886,-0.21327963668266636
2020-10-10 00:00:00+00:00,-0.1801925349334459,-0.19411650186096197,-0.1943368768347078,-0.20866935791797026,-0.20132523920928702
2020-10-11 00:00:00+00:00,-0.18312150458773457,-0.19411650186096197,-0.194768433647321,-0.21149727835741794,-0.20197813277643095
2020-10-12 00:00:00+00:00,-0.18119785506109876,-0.1941161798288621,-0.1915085936252502,-0.20964301510692374,-0.19810643717273324
2020-10-13 00:00:00+00:00,-0.18082469401246137,-0.19417955446840984,-0.1910941466950017,-0.20928660257000653,-0.1966342969421082
2020-10-14 00:00:00+00:00,-0.18264722528794308,-0.18590218469772546,-0.19288756698167042,-0.2110511155082666,-0.19775070768013314
2020-10-15 00:00:00+00:00,-0.18118383113410352,-0.18760057920990814,-0.1908687091814103,-0.20963675252648561,-0.19594501676796572
2020-10-16 00:00:00+00:00,-0.20190472695342754,-0.2173072236091299,-0.21213437079768938,-0.22963324667491047,-0.21690332487459352
2020-10-17 00:00:00+00:00,-0.19655337083597058,-0.21136801907082903,-0.20848736536029855,-0.22447060716281575,-0.21086040322735622
2020-10-18 00:00:00+00:00,-0.184818764418485,-0.20290936609391708,-0.19555044271392208,-0.213142253605485,-0.19999322586937562
2020-10-19 00:00:00+00:00,-0.1861864935897849,-0.19940908386971423,-0.19455727052239113,-0.21446075824958122,-0.2018609671429623
2020-10-20 00:00:00+00:00,-0.20046854197975217,-0.21436187081952496,-0.2094719112336063,-0.22824362574197188,-0.21639779339162268
2020-10-21 00:00:00+00:00,-0.17756082905048942,-0.18946497034989185,-0.1820783553931835,-0.20613751432119687,-0.19277749518777965
2020-10-22 00:00:00+00:00,-0.17030484529266443,-0.18247573137678563,-0.17328562785996704,-0.1991366352623959,-0.18506261354194664
2020-10-23 00:00:00+00:00,-0.17389680040370137,-0.1833827563675683,-0.175986730080525,-0.20260457338175086,-0.18843067082279064
2020-10-24 00:00:00+00:00,-0.16293022580437722,-0.17623181629011597,-0.16920485695315557,-0.1920207182338307,-0.17733557689883994
2020-10-25 00:00:00+00:00,-0.1640347075982943,-0.17708163355904205,-0.17002634584704057,-0.1930867571690289,-0.17842394733353506
2020-10-26 00:00:00+00:00,-0.16652688557039774,-0.18034098197341253,-0.16770852408257286,-0.19549290666831753,-0.1807033444420042
2020-10-27 00:00:00+00:00,-0.1539190978745537,-0.16834692768791593,-0.15686350167535823,-0.18332435903400923,-0.16795015455903428
2020-10-28 00:00:00+00:00,-0.1831090508363854,-0.19618672780275037,-0.18314539883123082,-0.2114970193793787,-0.19723172586392312
2020-10-29 00:00:00+00:00,-0.20040265153251124,-0.21201730041095268,-0.1991104366672527,-0.2281862682744611,-0.21462364052358762
2020-10-30 00:00:00+00:00,-0.2103353024305027,-0.22099372823069585,-0.2027996388878277,-0.23777257510019045,-0.22467109781757488
2020-10-31 00:00:00+00:00,-0.20809240871181145,-0.21932345671876485,-0.20292690498027377,-0.2356098551142456,-0.22204929341982382
2020-11-01 00:00:00+00:00,-0.20665902661723068,-0.21804990475954755,-0.20131793916684404,-0.2342263286846501,-0.2206646968233279
2020-11-02 00:00:00+00:00,-0.20516975219801392,-0.21656887918632772,-0.19980481664185612,-0.2327887670049894,-0.2192052490592753
2020-11-03 00:00:00+00:00,-0.20152792274526354,-0.21297951580678376,-0.1947579598300594,-0.2292734850235404,-0.2156277794010214
2020-11-04 00:00:00+00:00,-0.19201648584914566,-0.20360377775541283,-0.183869098263289,-0.22009255450655918,-0.20628414804311346
2020-11-05 00:00:00+00:00,-0.16088098381314941,-0.17291096494644387,-0.14661607576198366,-0.19003895848469254,-0.17569762918996956
2020-11-06 00:00:00+00:00,-0.1249610218313083,-0.13750203963428542,-0.10681033489636549,-0.15536715443276183,-0.14041107905954997
2020-11-07 00:00:00+00:00,-0.13810089895222089,-0.15045436627708797,-0.12329955630520562,-0.1680504429932419,-0.15331911769016626
2020-11-08 00:00:00+00:00,-0.13551061341347492,-0.1479015385533664,-0.12099572204379372,-0.16555016554901614,-0.1507746388027391
2020-11-09 00:00:00+00:00,-0.13288558000893547,-0.14531451104319626,-0.11826525909848928,-0.16301634767325235,-0.14819603628983202
2020-11-10 00:00:00+00:00,-0.1207527943185478,-0.1333566406815596,-0.10584756933357009,-0.15130515596696537,-0.13627769237425524
2020-11-11 00:00:00+00:00,-0.1368054019860745,-0.1491786232961383,-0.12226909050827173,-0.16679996247106554,-0.15204674861205725
2020-11-12 00:00:00+00:00,-0.13969135598405613,-0.15202287899892541,-0.1252616327604441,-0.1695856343926485,-0.15488167487527715
2020-11-13 00:00:00+00:00,-0.10870724282201671,-0.12148383408995778,-0.09357751840430362,-0.13967816713277237,-0.12444484546323265
2020-11-14 00:00:00+00:00,-0.10075928181986793,-0.11364845372443266,-0.08571429528163255,-0.1320063842903677,-0.11663693253333529
2020-11-15 00:00:00+00:00,-0.09207332313429917,-0.10508610765075688,-0.07702668972275106,-0.12362224798235644,-0.10810414970670867
2020-11-16 00:00:00+00:00,-0.06799352877984333,-0.08135036299450904,-0.052721687052825095,-0.10037918588493222,-0.08444929131792345
2020-11-17 00:00:00+00:00,-0.05088532283581981,-0.06448760020517252,-0.03529059589977612,-0.08386546134173889,-0.06764320839709981
2020-11-18 00:00:00+00:00,-0.03467878132458857,-0.048514421275574926,-0.018639981688381435,-0.06822206998241975,-0.05172304996135657
2020-11-19 00:00:00+00:00,-0.016466518333735025,-0.03056238621056251,-0.0002552813719115532,-0.05064265242707244,-0.03383218141787603
2020-11-20 00:00:00+00:00,0.0,0.0,0.0,-0.013664405568108773,0.0
2020-11-21 00:00:00+00:00,0.0,0.0,0.0,0.0,0.0
2020-11-22 00:00:00+00:00,0.0,0.0,0.0,0.0,0.0
2020-11-23 00:00:00+00:00,0.0,0.0,0.0,0.0,0.0
2020-11-24 00:00:00+00:00,-0.012383353756735382,-0.01238361217207884,-0.012342823506501732,-0.012383353779752082,-0.012383409251928601
2020-11-25 00:00:00+00:00,-0.05314663020449639,-0.05314639709937252,-0.05318315232676707,-0.05314663018373422,-0.05314658014472162
2020-11-26 00:00:00+00:00,-0.0986195770588032,-0.0986184077504404,-0.09880287257774834,-0.09861957695465529,-0.09861932594757783
2020-11-27 00:00:00+00:00,-0.07361275649585464,-0.07361140101826713,-0.07382524598841989,-0.07361275637512477,-0.073612465404429
2020-11-28 00:00:00+00:00,-0.03873531476024883,-0.03873367595916921,-0.038992203375433965,-0.03873531461428392,-0.03873496282455702
2020-11-29 00:00:00+00:00,-0.02381980519426785,-0.023818059434811856,-0.02409345361452353,-0.02381980503877623,-0.02381943028905842
2020-11-30 00:00:00+00:00,0.0,0.0,0.0,0.0,0.0
2020-12-01 00:00:00+00:00,-0.001744395590764003,-0.0017443783914762312,-0.0017470900776339615,-0.0017443955892325613,-0.0017443918971788985
2020-12-02 00:00:00+00:00,0.0,0.0,0.0,0.0,0.0
2020-12-03 00:00:00+00:00,0.0,0.0,0.0,0.0,0.0
2020-12-04 00:00:00+00:00,-0.029295935908913218,-0.029295775664334944,-0.02932103964041144,-0.029295935894640412,-0.029295901496033228
2020-12-05 00:00:00+00:00,0.0,0.0,0.0,0.0,0.0
2020-12-06 00:00:00+00:00,-0.0027564056577363827,-0.0027563958675798084,-0.0027579395037146126,-0.0027564056568645245,-0.002756403555278286
2020-12-07 00:00:00+00:00,-0.003111926039669033,-0.003111931292549497,-0.003111103126166803,-0.003111926040136881,-0.0031119271677370053
2020-12-08 00:00:00+00:00,-0.03186339222034418,-0.031863432271037384,-0.03185711796560364,-0.031863392223911324,-0.03186340082132033
2020-12-09 00:00:00+00:00,0.0,0.0,0.0,0.0,0.0
2020-12-10 00:00:00+00:00,-0.03630638640721506,-0.03630635809634808,-0.03631082148841869,-0.0363063864046933,-0.03630638032739264
2020-12-11 00:00:00+00:00,-0.059794432303028944,-0.059794412095597216,-0.05979759808965268,-0.05979443230122872,-0.05979442796343748
2020-12-12 00:00:00+00:00,-0.0004408254715937421,-0.0004408205624280015,-0.0004415946244026303,-0.0004408254711563142,-0.00044082441733928057
2020-12-13 00:00:00+00:00,0.0,0.0,0.0,0.0,0.0
2020-12-14 00:00:00+00:00,-0.0002519769288020779,-0.0002519773438741657,-0.0002519119038251194,-0.0002519769288388263,-0.00025197701793955307
2020-12-15 00:00:00+00:00,-0.0009679993561433342,-0.0009680049565787829,-0.0009671219946145726,-0.0009679993566420464,-0.0009680005588492691
2020-12-16 00:00:00+00:00,0.0,0.0,0.0,0.0,0.0
2020-12-17 00:00:00+00:00,-0.004958378159543808,-0.004958378208551828,-0.004958370481973673,-0.004958378159548138,-0.004958378170068389
2020-12-18 00:00:00+00:00,0.0,0.0,0.0,0.0,0.0
2020-12-19 00:00:00+00:00,-0.0010287214639745912,-0.0010287214586855997,-0.0010287222925678963,-0.001028721463974036,-0.001028721462838833
2020-12-20 00:00:00+00:00,-0.01632295945826212,-0.016322959405212223,-0.01632296776905895,-0.016322959458257347,-0.016322959446869678
2020-12-21 00:00:00+00:00,0.0,0.0,0.0,0.0,0.0
2020-12-22 00:00:00+00:00,0.0,0.0,0.0,0.0,0.0
2020-12-23 00:00:00+00:00,-0.06522329250202819,-0.0652232920653315,-0.06522336091480885,-0.06522329250198922,-0.06522329240824654
2020-12-24 00:00:00+00:00,0.0,0.0,0.0,0.0,0.0
2020-12-25 00:00:00+00:00,-0.010170895325232854,-0.010170895215124376,-0.010170912574760549,-0.010170895325223084,-0.01017089530158688
2020-12-26 00:00:00+00:00,0.0,0.0,0.0,0.0,0.0
2020-12-27 00:00:00+00:00,-0.0465494182302878,-0.04654941869337992,-0.046549345682353804,-0.0465494182303291,-0.04654941832973791
2020-12-28 00:00:00+00:00,-0.03257646390236324,-0.03257646428654337,-0.03257640371678294,-0.03257646390239766,-0.03257646398486691
2020-12-29 00:00:00+00:00,-0.026306260156517602,-0.026306260609000875,-0.026306189270599134,-0.026306260156558237,-0.02630626025368976
2020-12-30 00:00:00+00:00,-0.03892889593116888,-0.03892889608786987,-0.038928871382437835,-0.03892889593118287,-0.03892889596482085
2020-12-31 00:00:00+00:00,-0.012358832250044416,-0.012358832388966623,-0.012358810486492122,-0.01235883225005685,-0.012358832279878329
2021-01-01 00:00:00+00:00,-0.007531832726699772,-0.007531833408386368,-0.007531725933843103,-0.007531832726760612,-0.007531832873093669
2021-01-02 00:00:00+00:00,0.0,0.0,0.0,0.0,0.0
2021-01-03 00:00:00+00:00,0.0,0.0,0.0,0.0,0.0
2021-01-04 00:00:00+00:00,0.0,0.0,0.0,0.0,0.0
2021-01-05 00:00:00+00:00,0.0,0.0,0.0,0.0,0.0
2021-01-06 00:00:00+00:00,0.0,0.0,0.0,0.0,0.0
2021-01-07 00:00:00+00:00,-0.009613571464508586,-0.009613571455417858,-0.009613572888635513,-0.009613571464507809,-0.009613571462556592
2021-01-08 00:00:00+00:00,0.0,0.0,0.0,0.0,0.0
2021-01-09 00:00:00+00:00,0.0,0.0,0.0,0.0,0.0
2021-01-10 00:00:00+00:00,-0.006693536451584325,-0.006693536529442379,-0.006693524254341554,-0.00669353645159132,-0.006693536468304728
2021-01-11 00:00:00+00:00,-0.09028972360075882,-0.09028972366130539,-0.09028971411556885,-0.09028972360076437,-0.09028972361376164
2021-01-12 00:00:00+00:00,-0.06372411930015243,-0.0637241193130369,-0.06372411728166771,-0.06372411930015376,-0.06372411930291955
2021-01-13 00:00:00+00:00,0.0,0.0,0.0,0.0,0.0
2021-01-14 00:00:00+00:00,0.0,0.0,0.0,0.0,0.0
2021-01-15 00:00:00+00:00,0.0,0.0,0.0,0.0,0.0
2021-01-16 00:00:00+00:00,0.0,0.0,0.0,0.0,0.0
2021-01-17 00:00:00+00:00,0.0,0.0,0.0,0.0,0.0
2021-01-18 00:00:00+00:00,0.0,0.0,0.0,0.0,0.0
2021-01-19 00:00:00+00:00,-0.04750142290435899,-0.04750142292419357,-0.047501419797082445,-0.04750142290436066,-0.04750142290861881
2021-01-20 00:00:00+00:00,0.0,0.0,0.0,0.0,0.0
2021-01-21 00:00:00+00:00,-0.11615359129960767,-0.11615359125484226,-0.11615359831255001,-0.11615359129960368,-0.11615359128999414
2021-01-22 00:00:00+00:00,-0.010383282010880124,-0.010383281945368972,-0.010383292273890343,-0.010383282010874462,-0.0103832819968116
2021-01-23 00:00:00+00:00,0.0,0.0,0.0,0.0,0.0
2021-01-24 00:00:00+00:00,0.0,0.0,0.0,0.0,0.0
2021-01-25 00:00:00+00:00,0.0,0.0,0.0,0.0,0.0
2021-01-26 00:00:00+00:00,0.0,0.0,0.0,0.0,0.0
2021-01-27 00:00:00+00:00,-0.035249161894976955,-0.03524916189604599,-0.03524916172749015,-0.035249161894977066,-0.03524916189520644
2021-01-28 00:00:00+00:00,0.0,0.0,0.0,0.0,0.0
2021-01-29 00:00:00+00:00,0.0,0.0,0.0,0.0,0.0
2021-01-30 00:00:00+00:00,0.0,0.0,0.0,0.0,0.0
2021-01-31 00:00:00+00:00,0.0,0.0,0.0,0.0,0.0
2021-02-01 00:00:00+00:00,0.0,0.0,0.0,0.0,0.0
2021-02-02 00:00:00+00:00,-0.005577191451860308,-0.005577191453198016,-0.005577191242343904,-0.00557719145186053,-0.005577191452147745
2021-02-03 00:00:00+00:00,0.0,0.0,0.0,0.0,0.0
2021-02-04 00:00:00+00:00,0.0,0.0,0.0,0.0,0.0
2021-02-05 00:00:00+00:00,0.0,0.0,0.0,0.0,0.0
2021-02-06 00:00:00+00:00,0.0,0.0,0.0,0.0,0.0
2021-02-07 00:00:00+00:00,0.0,0.0,0.0,0.0,0.0
2021-02-08 00:00:00+00:00,0.0,0.0,0.0,0.0,0.0
2021-02-09 00:00:00+00:00,0.0,0.0,0.0,0.0,0.0
2021-02-10 00:00:00+00:00,0.0,0.0,0.0,0.0,0.0
2021-02-11 00:00:00+00:00,-0.0012170466249439293,-0.001217046625071383,-0.0012170466049739037,-0.0012170466249440404,-0.0012170466249712408
2021-02-12 00:00:00+00:00,0.0,0.0,0.0,0.0,0.0
2021-02-13 00:00:00+00:00,0.0,0.0,0.0,0.0,0.0
2021-02-14 00:00:00+00:00,-0.027789562434357484,-0.027789562434368587,-0.027789562432573356,-0.027789562434357484,-0.027789562434360038
2021-02-15 00:00:00+00:00,-0.03583503012865552,-0.035835030128661294,-0.03583503012775735,-0.03583503012865541,-0.03583503012865674
2021-02-16 00:00:00+00:00,-0.04650201117607855,-0.04650201117608066,-0.04650201117574815,-0.04650201117607833,-0.04650201117607888
2021-02-17 00:00:00+00:00,-0.00796554428861973,-0.007965544288623505,-0.007965544288032977,-0.007965544288619397,-0.007965544288620507
2021-02-18 00:00:00+00:00,0.0,0.0,0.0,0.0,0.0
2021-02-19 00:00:00+00:00,0.0,0.0,0.0,0.0,0.0
2021-02-20 00:00:00+00:00,-0.002772693035258178,-0.0027726930352562906,-0.002772693035541174,-0.002772693035258178,-0.002772693035257512
2021-02-21 00:00:00+00:00,0.0,0.0,0.0,0.0,0.0
2021-02-22 00:00:00+00:00,-0.02686984271704196,-0.026869842717046843,-0.026869842716275794,-0.02686984271704207,-0.026869842717042958
2021-02-23 00:00:00+00:00,-0.12350658039538098,-0.12350658039538576,-0.12350658039464679,-0.1235065803953811,-0.1235065803953822
2021-02-24 00:00:00+00:00,-0.07092516990373865,-0.07092516990374254,-0.0709251699031499,-0.07092516990373887,-0.07092516990373976
2021-02-25 00:00:00+00:00,-0.10201318710759943,-0.10201318710759755,-0.10201318710790863,-0.10201318710759977,-0.10201318710759943
2021-02-26 00:00:00+00:00,-0.09507940194589859,-0.09507940194589592,-0.09507940194633746,-0.0950794019458987,-0.09507940194589826
2021-02-27 00:00:00+00:00,-0.11394630324537969,-0.11394630324537702,-0.11394630324580746,-0.1139463032453798,-0.11394630324537935
2021-02-28 00:00:00+00:00,-0.07214578679103534,-0.07214578679103179,-0.07214578679159322,-0.07214578679103545,-0.0721457867910349
2021-03-01 00:00:00+00:00,0.0,0.0,0.0,0.0,0.0
2021-03-02 00:00:00+00:00,-0.030802629701945805,-0.030802629701945583,-0.030802629701923157,-0.030802629701945472,-0.030802629701945805
2021-03-03 00:00:00+00:00,-0.03309438075626825,-0.03309438075626803,-0.03309438075625981,-0.03309438075626836,-0.03309438075626847
2021-03-04 00:00:00+00:00,-0.06686764528224687,-0.06686764528224731,-0.06686764528215372,-0.06686764528224687,-0.0668676452822472
2021-03-05 00:00:00+00:00,-0.0633001805298764,-0.06330018052987663,-0.06330018052976627,-0.0633001805298764,-0.06330018052987663
2021-03-06 00:00:00+00:00,-0.05173126960700436,-0.05173126960700458,-0.05173126960690788,-0.05173126960700425,-0.05173126960700469
2021-03-07 00:00:00+00:00,-0.034104566745799536,-0.03410456674580009,-0.0341045667457025,-0.034104566745799536,-0.03410456674579998
2021-03-08 00:00:00+00:00,0.0,0.0,0.0,0.0,0.0
2021-03-09 00:00:00+00:00,0.0,0.0,0.0,0.0,0.0
2021-03-10 00:00:00+00:00,0.0,0.0,0.0,0.0,0.0
2021-03-11 00:00:00+00:00,0.0,0.0,0.0,0.0,0.0
2021-03-12 00:00:00+00:00,0.0,0.0,0.0,0.0,0.0
2021-03-13 00:00:00+00:00,0.0,0.0,0.0,0.0,0.0
2021-03-14 00:00:00+00:00,0.0,0.0,0.0,0.0,0.0
2021-03-15 00:00:00+00:00,-0.017193493479284117,-0.01719349347928434,-0.017193493479287003,-0.01719349347928434,-0.017193493479284228
2021-03-16 00:00:00+00:00,0.0,0.0,0.0,0.0,0.0
2021-03-17 00:00:00+00:00,0.0,0.0,0.0,0.0,0.0
2021-03-18 00:00:00+00:00,-0.0066624380099897795,-0.0066624380099894465,-0.006662438010002436,-0.0066624380099895575,-0.0066624380099897795
2021-03-19 00:00:00+00:00,-0.01000925548370668,-0.010009255483706458,-0.010009255483710122,-0.01000925548370668,-0.010009255483706792
2021-03-20 00:00:00+00:00,-0.03546047423882803,-0.0354604742388277,-0.03546047423881471,-0.03546047423882781,-0.03546047423882792
2021-03-21 00:00:00+00:00,-0.008480152194536794,-0.008480152194536905,-0.008480152194522583,-0.008480152194536794,-0.008480152194536905
2021-03-22 00:00:00+00:00,-0.005448594026871367,-0.005448594026871034,-0.005448594026854159,-0.005448594026871256,-0.005448594026871367
2021-03-23 00:00:00+00:00,0.0,0.0,0.0,0.0,0.0
2021-03-24 00:00:00+00:00,-0.018104211592206543,-0.018104211592206543,-0.01810421159222153,-0.01810421159220643,-0.018104211592206543
2021-03-25 00:00:00+00:00,-0.006593211587036407,-0.006593211587036407,-0.00659321158704218,-0.006593211587036296,-0.006593211587036407
2021-03-26 00:00:00+00:00,0.0,0.0,0.0,0.0,0.0
2021-03-27 00:00:00+00:00,0.0,0.0,0.0,0.0,0.0
2021-03-28 00:00:00+00:00,-0.007862651023179956,-0.007862651023179956,-0.00786265102318262,-0.007862651023179845,-0.007862651023180067
2021-03-29 00:00:00+00:00,-0.008428397688312161,-0.008428397688312383,-0.008428397688314937,-0.008428397688312272,-0.008428397688312272
2021-03-30 00:00:00+00:00,-0.0005726243940220588,-0.0005726243940223918,-0.0005726243940220588,-0.0005726243940222808,-0.0005726243940223918
2021-03-31 00:00:00+00:00,0.0,0.0,0.0,0.0,0.0
2021-04-01 00:00:00+00:00,-0.008255709495217256,-0.008255709495217256,-0.008255709495215258,-0.008255709495217256,-0.008255709495217256
2021-04-02 00:00:00+00:00,-0.0024868431993554374,-0.0024868431993553264,-0.002486843199352551,-0.0024868431993554374,-0.0024868431993553264
2021-04-03 00:00:00+00:00,-0.013506472661693913,-0.013506472661693913,-0.013506472661689473,-0.013506472661694024,-0.013506472661693913
2021-04-04 00:00:00+00:00,-0.0011672684359887997,-0.0011672684359889107,-0.001167268435984914,-0.0011672684359887997,-0.0011672684359889107
2021-04-05 00:00:00+00:00,0.0,0.0,0.0,0.0,0.0
2021-04-06 00:00:00+00:00,0.0,0.0,0.0,0.0,0.0
2021-04-07 00:00:00+00:00,-0.042743515506709406,-0.04274351550670963,-0.04274351550671085,-0.042743515506709295,-0.042743515506709406
2021-04-08 00:00:00+00:00,0.0,0.0,0.0,0.0,0.0
2021-04-09 00:00:00+00:00,-0.03223805401580204,-0.03223805401580193,-0.03223805401580315,-0.03223805401580215,-0.03223805401580204
2021-04-10 00:00:00+00:00,-0.02912661019991658,-0.029126610199916247,-0.02912661019991869,-0.02912661019991658,-0.02912661019991636
2021-04-11 00:00:00+00:00,-0.0118225133919031,-0.011822513391902878,-0.011822513391904654,-0.0118225133919031,-0.011822513391902989
2021-04-12 00:00:00+00:00,-0.013922685684230274,-0.013922685684229719,-0.013922685684231051,-0.01392268568422994,-0.01392268568422983
2021-04-13 00:00:00+00:00,-0.015468193225190885,-0.015468193225190552,-0.015468193225191884,-0.015468193225190552,-0.015468193225190663
2021-04-14 00:00:00+00:00,0.0,0.0,0.0,0.0,0.0
2021-04-15 00:00:00+00:00,-0.0007013603033469984,-0.0007013603033468874,-0.0007013603033469984,-0.0007013603033468874,-0.0007013603033471094
2021-04-16 00:00:00+00:00,0.0,0.0,0.0,0.0,0.0
2021-04-17 00:00:00+00:00,-0.015036922152046439,-0.015036922152046328,-0.015036922152046328,-0.015036922152046328,-0.015036922152046106
2021-04-18 00:00:00+00:00,0.0,0.0,0.0,0.0,0.0
2021-04-19 00:00:00+00:00,-0.0489246996244026,-0.04892469962440282,-0.048924699624402934,-0.04892469962440271,-0.04892469962440271
2021-04-20 00:00:00+00:00,-0.014180234454659546,-0.03105191032318877,-0.03105191032318888,-0.014180234454659657,-0.014180234454659768
2021-04-21 00:00:00+00:00,-0.04229340974347895,-0.05362533560023042,-0.05362533560023042,-0.04229340974347895,-0.04229340974347895
2021-04-22 00:00:00+00:00,-0.05293924127481664,-0.05741076280963675,-0.05741076280963697,-0.05293924127481642,-0.05293924127481631
2021-04-23 00:00:00+00:00,-0.025548883478129225,-0.05770529835585925,-0.05770529835585947,-0.025548883478129003,-0.025548883478129003
2021-04-24 00:00:00+00:00,-0.0705973361047817,-0.05770529835585925,-0.05770529835585947,-0.07059733610478158,-0.07059733610478147
2021-04-25 00:00:00+00:00,-0.061958729058941175,-0.05770529835585925,-0.05770529835585947,-0.061958729058941175,-0.06195872905894095
2021-04-26 00:00:00+00:00,0.0,-0.05770529835585925,-0.05770529835585947,0.0,0.0
2021-04-27 00:00:00+00:00,0.0,-0.05770529835585925,-0.05770529835585947,0.0,0.0
2021-04-28 00:00:00+00:00,0.0,-0.05770529835585925,-0.05770529835585947,0.0,0.0
2021-04-29 00:00:00+00:00,0.0,-0.05770529835585925,-0.05770529835585947,0.0,0.0
2021-04-30 00:00:00+00:00,0.0,-0.05770529835585925,-0.05770529835585947,0.0,0.0
2021-05-01 00:00:00+00:00,0.0,-0.05770529835585925,-0.05770529835585947,0.0,0.0
2021-05-02 00:00:00+00:00,0.0,-0.049970700745245344,-0.05770529835585947,0.0,0.0
2021-05-03 00:00:00+00:00,-0.005240208787966938,-0.04973832251839505,-0.05770529835585947,-0.005240208787967049,-0.005240208787967049
2021-05-04 00:00:00+00:00,-0.022089355897837115,-0.0653947418945966,-0.05770529835585947,-0.022089355897837226,-0.022089355897837226
2021-05-05 00:00:00+00:00,0.0,0.0,-0.05770529835585947,0.0,0.0
2021-05-06 00:00:00+00:00,0.0,-0.008920175237528749,-0.05770529835585947,0.0,0.0
2021-05-07 00:00:00+00:00,-0.017047469445596986,-0.029498433887574116,-0.05770529835585947,-0.017047469445596986,-0.017047469445596986
2021-05-08 00:00:00+00:00,-0.003497955035894562,0.0,-0.05770529835585947,-0.003497955035894673,-0.003497955035894895
2021-05-09 00:00:00+00:00,-0.006239782967362828,-0.005699411531995824,-0.05770529835585947,-0.006239782967362606,-0.006239782967362828
2021-05-10 00:00:00+00:00,-0.03500484100770618,-0.02368663101932711,-0.050710119866570036,-0.03500484100770629,-0.03500484100770618
2021-05-11 00:00:00+00:00,0.0,0.0,0.0,0.0,0.0
2021-05-12 00:00:00+00:00,-0.13985056904270532,-0.11847915228355266,-0.13250570787397797,-0.13985056904270532,-0.13985056904270532
2021-05-13 00:00:00+00:00,-0.1149152130289065,-0.09328657383911798,-0.10747012319701643,-0.1149152130289064,-0.1149152130289064
2021-05-14 00:00:00+00:00,-0.013487841094888542,0.0,-0.0006920474758068673,-0.013487841094888542,-0.013487841094888764
2021-05-15 00:00:00+00:00,-0.021556887670705183,-0.0013057168751960946,-0.0022431619587626184,-0.02155688767070496,-0.02155688767070496
2021-05-16 00:00:00+00:00,-0.015750905493906897,-0.0013057168751960946,-0.0022431619587626184,-0.02052741270808034,-0.020527412708080117
2021-05-17 00:00:00+00:00,-0.018810639833552578,-0.0013057168751960946,-0.0022431619587626184,-0.02344658233268282,-0.023446582332682597
2021-05-18 00:00:00+00:00,-0.011010499345853075,-0.0013057168751960946,-0.0022431619587626184,-0.01791768990437026,-0.01791768990437026
2021-05-19 00:00:00+00:00,-0.275962640469657,-0.0013057168751960946,-0.0022431619587626184,-0.03448514206018616,-0.03448514206018605
2021-05-20 00:00:00+00:00,-0.13576909637137025,-0.0013057168751960946,-0.0022431619587626184,-0.03449935370294843,-0.03449935370294832
2021-05-21 00:00:00+00:00,-0.23904828944441292,-0.0013057168751960946,-0.0022431619587626184,-0.03449935370294843,-0.03449935370294832
2021-05-22 00:00:00+00:00,-0.29082624303581106,-0.0013057168751960946,-0.0022431619587626184,-0.03449935370294843,-0.03449935370294832
2021-05-23 00:00:00+00:00,-0.32940461534538723,-0.0013057168751960946,-0.0022431619587626184,-0.03449935370294843,-0.03449935370294832
2021-05-24 00:00:00+00:00,-0.27841748230998387,-0.0013057168751960946,-0.0022431619587626184,-0.03449935370294843,-0.03449935370294832
2021-05-25 00:00:00+00:00,-0.27099904011524767,-0.0013057168751960946,-0.0022431619587626184,-0.03449935370294843,-0.03449935370294832
2021-05-26 00:00:00+00:00,-0.2563737550459423,-0.0013057168751960946,-0.0022431619587626184,-0.03449935370294843,-0.03449935370294832
2021-05-27 00:00:00+00:00,-0.2709471213591804,-0.0013057168751960946,-0.0022431619587626184,-0.03449935370294843,-0.03449935370294832
2021-05-28 00:00:00+00:00,-0.27117006461508586,-0.0013057168751960946,-0.0022431619587626184,-0.03449935370294843,-0.03449935370294832
2021-05-29 00:00:00+00:00,-0.2693006031223334,-0.0013057168751960946,-0.0022431619587626184,-0.03449935370294843,-0.03449935370294832
2021-05-30 00:00:00+00:00,-0.26185457227569076,-0.0013057168751960946,-0.0022431619587626184,-0.03449935370294843,-0.03449935370294832
2021-05-31 00:00:00+00:00,-0.2615507156508782,-0.0013057168751960946,-0.0022431619587626184,-0.03449935370294843,-0.03449935370294832
2021-06-01 00:00:00+00:00,-0.26359744801046525,-0.0013057168751960946,-0.0022431619587626184,-0.03449935370294843,-0.03449935370294832
2021-06-02 00:00:00+00:00,-0.2647110009533563,-0.0013057168751960946,-0.0022431619587626184,-0.03449935370294843,-0.03449935370294832
2021-06-03 00:00:00+00:00,-0.264850704237678,-0.0013057168751960946,-0.0022431619587626184,-0.03449935370294843,-0.03449935370294832
2021-06-04 00:00:00+00:00,-0.264850704237678,-0.0013057168751960946,-0.0022431619587626184,-0.03449935370294843,-0.03449935370294832
2021-06-05 00:00:00+00:00,-0.26372565922662417,-0.0013057168751960946,-0.0022431619587626184,-0.03449935370294843,-0.03449935370294832
2021-06-06 00:00:00+00:00,-0.2610249012295708,-0.0013057168751960946,-0.0022431619587626184,-0.03449935370294843,-0.03449935370294832
2021-06-07 00:00:00+00:00,-0.2657727399170049,-0.0013057168751960946,-0.0022431619587626184,-0.03449935370294843,-0.03449935370294832
2021-06-08 00:00:00+00:00,-0.2660401755839832,-0.0013057168751960946,-0.0022431619587626184,-0.03449935370294843,-0.03449935370294832
2021-06-09 00:00:00+00:00,-0.2655013929422829,-0.0013057168751960946,-0.0022431619587626184,-0.03449935370294843,-0.03449935370294832
2021-06-10 00:00:00+00:00,-0.26561114105181205,-0.0013057168751960946,-0.0022431619587626184,-0.03449935370294843,-0.03449935370294832
2021-06-11 00:00:00+00:00,-0.268119997878969,-0.0013057168751960946,-0.0022431619587626184,-0.03449935370294843,-0.03449935370294832
2021-06-12 00:00:00+00:00,-0.271703035674167,-0.0013057168751960946,-0.0022431619587626184,-0.03449935370294843,-0.03449935370294832
2021-06-13 00:00:00+00:00,-0.22061834899602806,-0.0013057168751960946,-0.0022431619587626184,-0.03449935370294843,-0.03449935370294832
2021-06-14 00:00:00+00:00,-0.21672515506574486,-0.0013057168751960946,-0.0022431619587626184,-0.03449935370294843,-0.03449935370294832
2021-06-15 00:00:00+00:00,-0.22084296682895044,-0.0013057168751960946,-0.0022431619587626184,-0.03449935370294843,-0.03449935370294832
2021-06-16 00:00:00+00:00,-0.23021605100284703,-0.0013057168751960946,-0.0022431619587626184,-0.03449935370294843,-0.03449935370294832
2021-06-17 00:00:00+00:00,-0.2330816086180646,-0.0013057168751960946,-0.0022431619587626184,-0.03449935370294843,-0.03449935370294832
2021-06-18 00:00:00+00:00,-0.25805361642930935,-0.0013057168751960946,-0.0022431619587626184,-0.03449935370294843,-0.03449935370294832
2021-06-19 00:00:00+00:00,-0.2542549669395683,-0.0013057168751960946,-0.0022431619587626184,-0.03449935370294843,-0.03449935370294832
2021-06-20 00:00:00+00:00,-0.2502724242423954,-0.0013057168751960946,-0.0022431619587626184,-0.03449935370294843,-0.03449935370294832
2021-06-21 00:00:00+00:00,-0.34322223504908445,-0.0013057168751960946,-0.0022431619587626184,-0.03449935370294843,-0.03449935370294832
2021-06-22 00:00:00+00:00,-0.3397919042311136,-0.0013057168751960946,-0.0022431619587626184,-0.03449935370294843,-0.03449935370294832
2021-06-23 00:00:00+00:00,-0.30203025601295896,-0.0013057168751960946,-0.0022431619587626184,-0.03449935370294843,-0.03449935370294832
2021-06-24 00:00:00+00:00,-0.29350690735697016,-0.0013057168751960946,-0.0022431619587626184,-0.03449935370294843,-0.03449935370294832
2021-06-25 00:00:00+00:00,-0.3253955826650319,-0.0013057168751960946,-0.0022431619587626184,-0.03449935370294843,-0.03449935370294832
2021-06-26 00:00:00+00:00,-0.3186538149529339,-0.0013057168751960946,-0.0022431619587626184,-0.03449935370294843,-0.03449935370294832
2021-06-27 00:00:00+00:00,-0.31880028053156007,-0.0013057168751960946,-0.0022431619587626184,-0.03449935370294843,-0.03449935370294832
2021-06-28 00:00:00+00:00,-0.31880028053156007,-0.0013057168751960946,-0.0022431619587626184,-0.03449935370294843,-0.03449935370294832
2021-06-29 00:00:00+00:00,-0.31880028053156007,-0.0013057168751960946,-0.0022431619587626184,-0.03449935370294843,-0.03449935370294832
2021-06-30 00:00:00+00:00,-0.31880028053156007,-0.0013057168751960946,-0.0022431619587626184,-0.03449935370294843,-0.03449935370294832
2021-07-01 00:00:00+00:00,-0.31938940323691567,-0.0013057168751960946,-0.0022431619587626184,-0.03449935370294843,-0.03449935370294832
2021-07-02 00:00:00+00:00,-0.3182976585374231,-0.0013057168751960946,-0.0022431619587626184,-0.03449935370294843,-0.03449935370294832
2021-07-03 00:00:00+00:00,-0.3127049935665377,-0.0013057168751960946,-0.0022431619587626184,-0.03449935370294843,-0.03449935370294832
2021-07-04 00:00:00+00:00,-0.30436193732881656,-0.0013057168751960946,-0.0022431619587626184,-0.03449935370294843,-0.03449935370294832
2021-07-05 00:00:00+00:00,-0.3070286243026096,-0.0013057168751960946,-0.0022431619587626184,-0.03449935370294843,-0.03449935370294832
2021-07-06 00:00:00+00:00,-0.3072040588586109,-0.0013057168751960946,-0.0022431619587626184,-0.03449935370294843,-0.03449935370294832
2021-07-07 00:00:00+00:00,-0.30728791217623397,-0.0013057168751960946,-0.0022431619587626184,-0.03449935370294843,-0.03449935370294832
2021-07-08 00:00:00+00:00,-0.31427981198949384,-0.0013057168751960946,-0.0022431619587626184,-0.03449935370294843,-0.03449935370294832
2021-07-09 00:00:00+00:00,-0.2680738362973013,-0.0013057168751960946,-0.0022431619587626184,-0.03449935370294843,-0.03449935370294832
2021-07-10 00:00:00+00:00,-0.2757243830380024,-0.0013057168751960946,-0.0022431619587626184,-0.03449935370294843,-0.03449935370294832
2021-07-11 00:00:00+00:00,-0.24898998971727315,-0.0013057168751960946,-0.0022431619587626184,-0.03449935370294843,-0.03449935370294832
2021-07-12 00:00:00+00:00,-0.28139738268965786,-0.0013057168751960946,-0.0022431619587626184,-0.03449935370294843,-0.03449935370294832
2021-07-13 00:00:00+00:00,-0.28339630070214916,-0.0013057168751960946,-0.0022431619587626184,-0.03449935370294843,-0.03449935370294832
2021-07-14 00:00:00+00:00,-0.2560742945336163,-0.0013057168751960946,-0.0022431619587626184,-0.03449935370294843,-0.03449935370294832
2021-07-15 00:00:00+00:00,-0.27812918831239064,-0.0013057168751960946,-0.0022431619587626184,-0.03449935370294843,-0.03449935370294832
2021-07-16 00:00:00+00:00,-0.32094688972326246,-0.0013057168751960946,-0.0022431619587626184,-0.03449935370294843,-0.03449935370294832
2021-07-17 00:00:00+00:00,-0.3158296877299984,-0.0013057168751960946,-0.0022431619587626184,-0.03449935370294843,-0.03449935370294832
2021-07-18 00:00:00+00:00,-0.28041009833682473,-0.0013057168751960946,-0.0022431619587626184,-0.03449935370294843,-0.03449935370294832
2021-07-19 00:00:00+00:00,-0.3158430407269357,-0.0013057168751960946,-0.0022431619587626184,-0.03449935370294843,-0.03449935370294832
2021-07-20 00:00:00+00:00,-0.31653976023557073,-0.0013057168751960946,-0.0022431619587626184,-0.03449935370294843,-0.03449935370294832
2021-07-21 00:00:00+00:00,-0.23226135017310856,-0.0013057168751960946,-0.0022431619587626184,-0.03449935370294843,-0.03449935370294832
2021-07-22 00:00:00+00:00,-0.22910680944412443,-0.0013057168751960946,-0.0022431619587626184,-0.03449935370294843,-0.03449935370294832
2021-07-23 00:00:00+00:00,-0.19466125394187184,-0.0013057168751960946,-0.0022431619587626184,-0.03449935370294843,-0.03449935370294832
2021-07-24 00:00:00+00:00,-0.20359128439874485,-0.0013057168751960946,-0.0022431619587626184,-0.03449935370294843,-0.03449935370294832
2021-07-25 00:00:00+00:00,-0.18541274773942762,-0.0013057168751960946,-0.0022431619587626184,-0.03449935370294843,-0.03449935370294832
2021-07-26 00:00:00+00:00,-0.19367502427730388,-0.012973510156593648,-0.0022431619587626184,-0.03449935370294843,-0.03449935370294832
2021-07-27 00:00:00+00:00,-0.1252333924406066,0.0,-0.0022431619587626184,-0.03449935370294843,-0.03449935370294832
2021-07-28 00:00:00+00:00,-0.1292435885791593,-0.02517591914156203,-0.0022431619587626184,-0.03449935370294843,-0.03449935370294832
2021-07-29 00:00:00+00:00,-0.1274636821535361,-0.01599962605590166,0.0,-0.026750982488488506,-0.03449935370294832
2021-07-30 00:00:00+00:00,-0.13040477945870377,-0.015744218412662048,0.0,-0.020368277690935965,-0.007134386489167199
2021-07-31 00:00:00+00:00,-0.13633464928081418,-0.022953156975645816,-0.0030930587416777566,-0.023398336153248933,-0.012200912411345577
2021-08-01 00:00:00+00:00,-0.1444115471118257,-0.021354214637328117,-0.019769223553083415,-0.039734836208956126,-0.015575584679692334
2021-08-02 00:00:00+00:00,-0.11647249777891933,-0.003917267519610745,0.0,-0.010419622357994207,0.0
2021-08-03 00:00:00+00:00,-0.09401043162033895,0.0,0.0,-0.007959957113985228,0.0
2021-08-04 00:00:00+00:00,-0.06591057257005051,0.0,0.0,0.0,0.0
2021-08-05 00:00:00+00:00,-0.05729024486110845,0.0,0.0,0.0,-0.0023788803675748316
2021-08-06 00:00:00+00:00,-0.03675088003771221,0.0,0.0,0.0,-0.0025211078863557335
2021-08-07 00:00:00+00:00,-0.014007202810804364,0.0,0.0,0.0,-0.0025211078863557335
2021-08-08 00:00:00+00:00,-0.024132312635157138,-0.009898868545776263,-0.013674887618377762,-0.029214556019631743,-0.004068894389722577
2021-08-09 00:00:00+00:00,0.0,0.0,0.0,0.0,0.0
2021-08-10 00:00:00+00:00,0.0,0.0,0.0,0.0,0.0
2021-08-11 00:00:00+00:00,0.0,0.0,0.0,0.0,0.0
2021-08-12 00:00:00+00:00,-0.009321055229968955,-0.007750655125772665,-0.0097476018880579,-0.007817316629131876,-0.01174708403936986
2021-08-13 00:00:00+00:00,0.0,0.0,0.0,0.0,0.0
2021-08-14 00:00:00+00:00,0.0,0.0,0.0,0.0,-0.0008344070414296745
2021-08-15 00:00:00+00:00,0.0,0.0,0.0,0.0,0.0
2021-08-16 00:00:00+00:00,-0.03696747793316402,-0.037377564363735516,-0.03252172083499194,-0.04043228025680967,-0.03570927633851462
2021-08-17 00:00:00+00:00,-0.08070125633652048,-0.08012279634119979,-0.07482940710368957,-0.08282092229705607,-0.08269536415166046
2021-08-18 00:00:00+00:00,-0.03719604894371198,-0.03378446792103895,-0.04176382086828012,-0.06206317639008596,-0.0688872766398767
2021-08-19 00:00:00+00:00,0.0,0.0,0.0,0.0,0.0
2021-08-20 00:00:00+00:00,0.0,0.0,0.0,0.0,0.0
2021-08-21 00:00:00+00:00,-0.016168406025494075,-0.01748058189432622,-0.015345135893137574,-0.013112845976950394,-0.010272157779308677
2021-08-22 00:00:00+00:00,-0.009617697146414361,-0.01063928431644745,-0.00909095546940153,0.0,0.0
2021-08-23 00:00:00+00:00,-0.007876839512677147,-0.008954632100982352,-0.0066844258837279735,0.0,0.0
2021-08-24 00:00:00+00:00,-0.03787007580017876,-0.03893002329790962,-0.0356971036009226,-0.01904575792148222,-0.018851256962798435
2021-08-25 00:00:00+00:00,-0.022467214194011542,-0.02352802323158476,-0.02326494759505271,-0.002343461211522846,-0.0076876957455800365
2021-08-26 00:00:00+00:00,-0.06443294165207825,-0.0654532826394395,-0.059869101246088685,-0.04920716793345625,-0.046496188600998134
2021-08-27 00:00:00+00:00,0.0,0.0,0.0,0.0,0.0
2021-08-28 00:00:00+00:00,0.0,0.0,0.0,-0.004670460108680996,0.0
2021-08-29 00:00:00+00:00,-0.0069573148139442376,-0.006947784411719282,-0.008962702023365243,-0.013950102167900602,-0.011522793599732295
2021-08-30 00:00:00+00:00,-0.010804444074172026,-0.010796627879708032,-0.015897659731668456,-0.018784714374363687,-0.021600643112341444
2021-08-31 00:00:00+00:00,-0.008914581040870617,-0.008905611523606694,-0.014732769986168015,-0.017093242492215777,-0.02068667290689785
2021-09-01 00:00:00+00:00,0.0,0.0,0.0,0.0,0.0
2021-09-02 00:00:00+00:00,-0.01272587444672768,-0.012727015593332336,-0.012953026307111704,-0.012886667405992425,-0.01166207238056316
2021-09-03 00:00:00+00:00,0.0,0.0,0.0,0.0,0.0
2021-09-04 00:00:00+00:00,0.0,0.0,0.0,0.0,0.0
2021-09-05 00:00:00+00:00,-0.0002085889412554165,-0.00020858832992343146,-0.00020867059503715257,-0.00020851397722376763,-0.00020984600252549335
2021-09-06 00:00:00+00:00,0.0,0.0,0.0,0.0,0.0
2021-09-07 00:00:00+00:00,-0.052532793613730755,-0.05253190488986703,-0.052465753133785875,-0.05429754589775193,-0.05502688709895598
2021-09-08 00:00:00+00:00,-0.026197876984091262,-0.026197047293644804,-0.0261352865385841,-0.028416385100133223,-0.02970179045616439
2021-09-09 00:00:00+00:00,0.0,0.0,0.0,0.0,0.0
2021-09-10 00:00:00+00:00,-0.009580357656589822,-0.009580490258473628,-0.009590357531594429,-0.009699444407094582,-0.009389412447783352
2021-09-11 00:00:00+00:00,-0.01400602177867094,-0.0140059028163384,-0.013997050600417782,-0.01366765995961261,-0.012926826286733917
2021-09-12 00:00:00+00:00,-0.014930334255676359,-0.014930223607456772,-0.014921990143692332,-0.014605619073127851,-0.01386349124413222
2021-09-13 00:00:00+00:00,0.0,0.0,-0.017826518947322456,0.0,0.0
2021-09-14 00:00:00+00:00,-0.01894559190742451,-0.018945425698730034,-0.016367763244027,-0.018662728646551274,-0.018752791320452933
2021-09-15 00:00:00+00:00,-0.0013478849346842958,-0.0021719746324608824,-0.016421670256185794,-0.0015298166805590707,-0.0014701712685025736
2021-09-16 00:00:00+00:00,-0.0062805127061563715,-0.004421976659053861,-0.016421670256185794,-0.006072426668901509,-0.006138424810065657
2021-09-17 00:00:00+00:00,-0.053345825682935555,-0.05918309754505313,-0.012626664541349308,-0.0530637851280612,-0.053153670947337694
2021-09-18 00:00:00+00:00,-0.03312887918937746,-0.03830449035550998,0.0,-0.03252322899424798,-0.03271735485624239
2021-09-19 00:00:00+00:00,-0.04626917140610909,-0.05371396276022222,-0.011313095009100382,-0.045704766762870164,-0.045885611312059815
2021-09-20 00:00:00+00:00,-0.155941434779987,-0.15164196629164706,-0.1268846595435803,-0.1565596260455424,-0.15635956797016393
2021-09-21 00:00:00+00:00,-0.2156015137117424,-0.21302795533262053,-0.1937909418335807,-0.21618396321061029,-0.21599549171081778
2021-09-22 00:00:00+00:00,-0.1063315361509164,-0.12016762255401825,-0.11995725627534348,-0.11918786962989258,-0.11871365905130116
2021-09-23 00:00:00+00:00,-0.08156831444078572,-0.10496996631107058,-0.09592155951119274,-0.10266245139214636,-0.10212816306620442
2021-09-24 00:00:00+00:00,-0.09227368868342567,-0.12463021792150597,-0.1355789414766002,-0.11904489914572403,-0.12345333236386524
2021-09-25 00:00:00+00:00,-0.10580606820913019,-0.12524448580900172,-0.1361795377052536,-0.12198329865077462,-0.12409676014054283
2021-09-26 00:00:00+00:00,-0.09968440634540454,-0.12524448580900172,-0.1361795377052536,-0.12279514458357677,-0.12409676014054283
2021-09-27 00:00:00+00:00,-0.11252465288820868,-0.12524448580900172,-0.1361795377052536,-0.12648674590065745,-0.12409676014054283
2021-09-28 00:00:00+00:00,-0.13094855458936283,-0.12524448580900172,-0.1361795377052536,-0.13223093882142634,-0.12409676014054283
2021-09-29 00:00:00+00:00,-0.12542170888898518,-0.12524448580900172,-0.1361795377052536,-0.13230555015093315,-0.12409676014054283
2021-09-30 00:00:00+00:00,-0.108468014776536,-0.12524448580900172,-0.1361795377052536,-0.13230555015093315,-0.12409676014054283
2021-10-01 00:00:00+00:00,-0.09879719052087232,-0.12524448580900172,-0.1361795377052536,-0.13230555015093315,-0.12409676014054283
2021-10-02 00:00:00+00:00,-0.09501086775713907,-0.12471622816914574,-0.1361795377052536,-0.13161458538309556,-0.12409676014054283
2021-10-03 00:00:00+00:00,-0.08403112157628612,-0.12023461047726969,-0.1361795377052536,-0.12239001077786449,-0.12409676014054283
2021-10-04 00:00:00+00:00,-0.09158673541734719,-0.12113915716737311,-0.13525130178821865,-0.1284129534548949,-0.12409676014054283
2021-10-05 00:00:00+00:00,-0.09185435211209392,-0.12116055707588136,-0.13227526626969632,-0.12709553020379227,-0.11992511231213376
2021-10-06 00:00:00+00:00,-0.10019512283471788,-0.12307830450522661,-0.14164965234434113,-0.14679856042555461,-0.13201119366472236
2021-10-07 00:00:00+00:00,-0.07645584329989874,-0.1049196219646451,-0.11839064456588011,-0.12176120029945536,-0.11422050955234997
2021-10-08 00:00:00+00:00,-0.05295830729006745,-0.09249071908597806,-0.09582370782859839,-0.0997326194893674,-0.13184646278403156
2021-10-09 00:00:00+00:00,-0.06412843893164621,-0.10162902874311819,-0.10338829192835552,-0.11252455295324915,-0.130219918525594
2021-10-10 00:00:00+00:00,-0.10206891080457725,-0.13758050840021385,-0.1349148019963079,-0.1402001467568419,-0.14536748181779235
2021-10-11 00:00:00+00:00,-0.09284556267034771,-0.13806882527053632,-0.12226300893949604,-0.13116444924680715,-0.1470494269774889
2021-10-12 00:00:00+00:00,-0.09131400074521867,-0.13676921262130382,-0.11974306517026978,-0.12906848296453122,-0.14380101852042604
2021-10-13 00:00:00+00:00,-0.0918900885033016,-0.13677922924842378,-0.1141854362742526,-0.12982037803529145,-0.14401273113933444
2021-10-14 00:00:00+00:00,-0.09002917267370225,-0.13499667681241212,-0.11225536319676366,-0.12795253099481618,-0.13787018309128618
2021-10-15 00:00:00+00:00,-0.08450716914422418,-0.13015799171588205,-0.09881026088624378,-0.12318396883974181,-0.13642962336281317
2021-10-16 00:00:00+00:00,-0.07660108507520091,-0.12718909094635433,-0.09138517518519229,-0.11704519096663413,-0.13443612212586697
2021-10-17 00:00:00+00:00,-0.055641991591374285,-0.11314980079762504,-0.0726624711355639,-0.09912643645748909,-0.12016120898088634
2021-10-18 00:00:00+00:00,-0.05802280782196978,-0.11376451247556374,-0.07555284726357159,-0.10158021740589473,-0.12077425456400626
2021-10-19 00:00:00+00:00,-0.048517530596857594,-0.11085237853216834,-0.06924906937535469,-0.09303348854629101,-0.11616678703357741
2021-10-20 00:00:00+00:00,-0.012824758703448236,-0.07357432101309214,-0.036462536830199066,-0.05944003150790966,-0.08510123724297214
2021-10-21 00:00:00+00:00,-0.02684371045798506,-0.08755593109638826,-0.04730939462703765,-0.07220824601148634,-0.0944854025350379
2021-10-22 00:00:00+00:00,-0.01864545996332967,-0.08251498509579325,-0.04191775784307927,-0.06522299802955778,-0.09037411523735273
2021-10-23 00:00:00+00:00,-0.012277238181014116,-0.07741772994204832,-0.03510581786581868,-0.059160150811482404,-0.08387179215879492
2021-10-24 00:00:00+00:00,-0.012073468774635332,-0.07748440782381183,-0.03561942687534603,-0.05915021208711424,-0.08458219731383265
2021-10-25 00:00:00+00:00,-0.0014483213980165388,-0.07320556165518266,-0.023273332752050235,-0.05009701531574362,-0.07518023371394122
2021-10-26 00:00:00+00:00,-0.002100400029982241,-0.07270271168394127,-0.02285281882438228,-0.05071083963449652,-0.07472343307731033
2021-10-27 00:00:00+00:00,-0.017392627527153204,-0.07893390032372083,-0.034767297814097375,-0.06657080718699138,-0.0860739196403969
2021-10-28 00:00:00+00:00,0.0,-0.032727323772533956,0.0,-0.02004874341608731,-0.04138706475693643
2021-10-29 00:00:00+00:00,0.0,-0.02276551594111831,0.0,-0.0071517950467056,-0.03111134272252436
2021-10-30 00:00:00+00:00,-0.029395886242285063,-0.05315169288781929,-0.031306141132617316,-0.03635398741476292,-0.06094335751388291
2021-10-31 00:00:00+00:00,-0.024248529031590693,-0.04629901570502404,-0.02473672675979821,-0.03151606840775323,-0.05136360031186715
2021-11-01 00:00:00+00:00,-0.02047757106669068,-0.04273872499118081,-0.02088945064072434,-0.027738017947949167,-0.04414150317680421
2021-11-02 00:00:00+00:00,-0.014073616896785546,-0.038398279065911756,-0.01581379519052284,-0.02107608567710928,-0.03995106197714171
2021-11-03 00:00:00+00:00,-0.018126894579271302,-0.04750711096993032,-0.024232390069192533,-0.02435460590483174,-0.05343347655997699
2021-11-04 00:00:00+00:00,-0.032630177525300064,-0.060100076386170764,-0.037557832684911086,-0.03899460819588407,-0.07358401584311247
2021-11-05 00:00:00+00:00,-0.03195886354957567,-0.058612177262346576,-0.03611629982971598,-0.03844244216467951,-0.07134180026350267
2021-11-06 00:00:00+00:00,-0.01545824277836072,-0.04266998383770049,-0.01976155247979572,-0.022036010974718745,-0.05486127521590223
2021-11-07 00:00:00+00:00,-0.0007966376922012852,-0.028333333064662347,-0.005079548129656497,-0.007482411461207095,-0.04009938593596507
2021-11-08 00:00:00+00:00,0.0,-0.023466197278881995,-0.00019583361812702815,-0.0030194460259085343,-0.037069160397070866
2021-11-09 00:00:00+00:00,-0.015696316293728252,-0.039189968449240276,-0.016212009134019323,-0.01860989793100265,-0.051344963537599986
2021-11-10 00:00:00+00:00,-0.0013569971672411363,-0.02469397375428095,-0.0013463934151554113,-0.004373169541680988,-0.03402955085882875
2021-11-11 00:00:00+00:00,0.0,-0.00915777886079805,0.0,0.0,-0.018343972611709725
2021-11-12 00:00:00+00:00,0.0,-0.005189877420554323,0.0,0.0,-0.015520692700833338
2021-11-13 00:00:00+00:00,0.0,0.0,0.0,0.0,0.0
2021-11-14 00:00:00+00:00,0.0,0.0,0.0,0.0,0.0
2021-11-15 00:00:00+00:00,-0.018567037040791434,-0.018962544187234975,-0.01887293286064884,-0.01851501476934936,-0.0174319152598853
2021-11-16 00:00:00+00:00,0.0,0.0,0.0,0.0,0.0
2021-11-17 00:00:00+00:00,0.0,0.0,0.0,0.0,0.0
2021-11-18 00:00:00+00:00,-0.0018768533985562552,-0.0019222717365838804,-0.001913210163122292,-0.0018719957549601096,-0.001801811396173414
2021-11-19 00:00:00+00:00,0.0,0.0,0.0,0.0,0.0
2021-11-20 00:00:00+00:00,0.0,0.0,0.0,0.0,0.0
2021-11-21 00:00:00+00:00,0.0,0.0,0.0,0.0,0.0
2021-11-22 00:00:00+00:00,-0.00048342875939566543,-0.00645727520232664,-0.006491634432622462,-0.0004920295617482084,-0.0007364851555056173
2021-11-23 00:00:00+00:00,0.0,-0.00649527340514533,-0.006529834824284042,0.0,0.0
2021-11-24 00:00:00+00:00,0.0,-0.00649527340514533,-0.006529834824284042,0.0,0.0
2021-11-25 00:00:00+00:00,0.0,-0.00649527340514533,-0.006529834824284042,0.0,0.0
2021-11-26 00:00:00+00:00,-0.09675289168007828,-0.00649527340514533,-0.006529834824284042,-0.09675152810107845,-0.09671628831877321
2021-11-27 00:00:00+00:00,-0.09566936774168022,-0.00649527340514533,-0.006529834824284042,-0.09567093497626766,-0.09574351191325658
2021-11-28 00:00:00+00:00,-0.03136441169271442,-0.00649527340514533,-0.006529834824284042,-0.031362614081613116,-0.031347806570437675
2021-11-29 00:00:00+00:00,-0.06911630091632193,-0.00649527340514533,-0.006529834824284042,-0.06911521497689888,-0.06910092600265327
2021-11-30 00:00:00+00:00,-0.10292155294745331,-0.00649527340514533,-0.006529834824284042,-0.10292192220553242,-0.10297771423096114
2021-12-01 00:00:00+00:00,-0.09691647482587973,-0.00649527340514533,-0.006529834824284042,-0.09691622768941832,-0.09695547815485828
2021-12-02 00:00:00+00:00,-0.11684937820213592,-0.00649527340514533,-0.006529834824284042,-0.11684931962794987,-0.11687924803805883
2021-12-03 00:00:00+00:00,-0.14562863112496593,-0.00649527340514533,-0.006529834824284042,-0.14562715313685626,-0.14561031953765913
2021-12-04 00:00:00+00:00,-0.11157938891125263,-0.00649527340514533,-0.006529834824284042,-0.17962587272258523,-0.1795502708280955
2021-12-05 00:00:00+00:00,-0.1642134816238071,-0.00649527340514533,-0.006529834824284042,-0.19921163796849328,-0.19909292050348804
2021-12-06 00:00:00+00:00,-0.1430790659666723,-0.00649527340514533,-0.006529834824284042,-0.19393452003683864,-0.19382924089202225
2021-12-07 00:00:00+00:00,-0.14824121563867998,-0.00649527340514533,-0.006529834824284042,-0.19721464135630273,-0.1971044222110151
2021-12-08 00:00:00+00:00,-0.13714659643002014,-0.00649527340514533,-0.006529834824284042,-0.19730797635394837,-0.19719760147045629
2021-12-09 00:00:00+00:00,-0.15352551862136232,-0.00649527340514533,-0.006529834824284042,-0.19730797635394837,-0.19719760147045629
2021-12-10 00:00:00+00:00,-0.16552049752353792,-0.00649527340514533,-0.006529834824284042,-0.19730797635394837,-0.19719760147045629
2021-12-11 00:00:00+00:00,-0.158485383847901,-0.00649527340514533,-0.006529834824284042,-0.19730797635394837,-0.19719760147045629
2021-12-12 00:00:00+00:00,-0.15278577980041452,-0.00649527340514533,-0.006529834824284042,-0.19730797635394837,-0.19719760147045629
2021-12-13 00:00:00+00:00,-0.19015390869388904,-0.00649527340514533,-0.006529834824284042,-0.19730797635394837,-0.19719760147045629
2021-12-14 00:00:00+00:00,-0.17630086335279072,-0.00649527340514533,-0.006529834824284042,-0.19730797635394837,-0.19719760147045629
2021-12-15 00:00:00+00:00,-0.1593070844550858,-0.00649527340514533,-0.006529834824284042,-0.19730797635394837,-0.19719760147045629
2021-12-16 00:00:00+00:00,-0.16696178933461647,-0.00649527340514533,-0.006529834824284042,-0.19730797635394837,-0.19719760147045629
2021-12-17 00:00:00+00:00,-0.16885933019025845,-0.00649527340514533,-0.006529834824284042,-0.19730797635394837,-0.19719760147045629
2021-12-18 00:00:00+00:00,-0.16922438405039042,-0.00649527340514533,-0.006529834824284042,-0.19730797635394837,-0.19719760147045629
2021-12-19 00:00:00+00:00,-0.16344167416333966,-0.00649527340514533,-0.006529834824284042,-0.19730797635394837,-0.19719760147045629
2021-12-20 00:00:00+00:00,-0.1645452400594184,-0.00649527340514533,-0.006529834824284042,-0.19730797635394837,-0.19719760147045629
2021-12-21 00:00:00+00:00,-0.14831781159625068,-0.00649527340514533,-0.006529834824284042,-0.19730797635394837,-0.19719760147045629
2021-12-22 00:00:00+00:00,-0.14677135813181919,-0.00649527340514533,-0.006529834824284042,-0.19730797635394837,-0.19719760147045629
2021-12-23 00:00:00+00:00,-0.13497108780462297,-0.00649527340514533,-0.006529834824284042,-0.19730797635394837,-0.19719760147045629
2021-12-24 00:00:00+00:00,-0.14125428862081546,-0.00649527340514533,-0.006529834824284042,-0.19730797635394837,-0.19719760147045629
2021-12-25 00:00:00+00:00,-0.12640865465766538,-0.00649527340514533,-0.006529834824284042,-0.19730797635394837,-0.19719760147045629
2021-12-26 00:00:00+00:00,-0.12385393460198901,-0.00649527340514533,-0.006529834824284042,-0.19730797635394837,-0.19719760147045629
2021-12-27 00:00:00+00:00,-0.11711662633973952,-0.00649527340514533,-0.006529834824284042,-0.19730797635394837,-0.19719760147045629
2021-12-28 00:00:00+00:00,-0.14764704288918007,-0.00649527340514533,-0.006529834824284042,-0.19730797635394837,-0.19719760147045629
2021-12-29 00:00:00+00:00,-0.13895344848961977,-0.00649527340514533,-0.006529834824284042,-0.19730797635394837,-0.19719760147045629
2021-12-30 00:00:00+00:00,-0.12534526846558036,-0.00649527340514533,-0.006529834824284042,-0.19730797635394837,-0.19719760147045629
2021-12-31 00:00:00+00:00,-0.11940472138463076,-0.00649527340514533,-0.006529834824284042,-0.19730797635394837,-0.19719760147045629
2022-01-01 00:00:00+00:00,-0.09677694738146225,-0.00649527340514533,-0.006529834824284042,-0.19730797635394837,-0.19719760147045629
2022-01-02 00:00:00+00:00,-0.09960299029993835,-0.00649527340514533,-0.006529834824284042,-0.19730797635394837,-0.19719760147045629
2022-01-03 00:00:00+00:00,-0.10269863569267157,-0.00649527340514533,-0.006529834824284042,-0.19730797635394837,-0.19719760147045629
2022-01-04 00:00:00+00:00,-0.11073361509153035,-0.00649527340514533,-0.006529834824284042,-0.19730797635394837,-0.19719760147045629
2022-01-05 00:00:00+00:00,-0.14833058396219378,-0.00649527340514533,-0.006529834824284042,-0.19730797635394837,-0.19719760147045629
2022-01-06 00:00:00+00:00,-0.1146021278437932,-0.00649527340514533,-0.006529834824284042,-0.19730797635394837,-0.19719760147045629
2022-01-07 00:00:00+00:00,-0.15740526889129802,-0.00649527340514533,-0.006529834824284042,-0.19730797635394837,-0.19719760147045629
2022-01-08 00:00:00+00:00,-0.19226129100873468,-0.00649527340514533,-0.006529834824284042,-0.19730797635394837,-0.19719760147045629
2022-01-09 00:00:00+00:00,-0.19373526173312638,-0.00649527340514533,-0.006529834824284042,-0.19730797635394837,-0.19719760147045629
2022-01-10 00:00:00+00:00,-0.1965903772851324,-0.00649527340514533,-0.006529834824284042,-0.19730797635394837,-0.19719760147045629
2022-01-11 00:00:00+00:00,-0.16757027306931283,-0.00649527340514533,-0.006529834824284042,-0.19730797635394837,-0.19719760147045629
2022-01-12 00:00:00+00:00,-0.15390026212969565,-0.00649527340514533,-0.006529834824284042,-0.19730797635394837,-0.19719760147045629
2022-01-13 00:00:00+00:00,-0.1648493669768738,-0.00649527340514533,-0.006529834824284042,-0.19730797635394837,-0.19719760147045629
2022-01-14 00:00:00+00:00,-0.1492819772783135,-0.00649527340514533,-0.006529834824284042,-0.19730797635394837,-0.19719760147045629
2022-01-15 00:00:00+00:00,-0.14883991928566664,-0.00649527340514533,-0.006529834824284042,-0.19730797635394837,-0.19719760147045629
2022-01-16 00:00:00+00:00,-0.1451934489612442,-0.00649527340514533,-0.006529834824284042,-0.19730797635394837,-0.19719760147045629
2022-01-17 00:00:00+00:00,-0.17200118923534002,-0.00649527340514533,-0.006529834824284042,-0.19730797635394837,-0.19719760147045629
2022-01-18 00:00:00+00:00,-0.17399694366581298,-0.00649527340514533,-0.006529834824284042,-0.19730797635394837,-0.19719760147045629
2022-01-19 00:00:00+00:00,-0.21247346724187743,-0.00649527340514533,-0.006529834824284042,-0.19730797635394837,-0.19719760147045629
2022-01-20 00:00:00+00:00,-0.2501587734562126,-0.00649527340514533,-0.006529834824284042,-0.19730797635394837,-0.19719760147045629
2022-01-21 00:00:00+00:00,-0.33501694579594543,-0.00649527340514533,-0.006529834824284042,-0.19730797635394837,-0.19719760147045629
2022-01-22 00:00:00+00:00,-0.39274934106280834,-0.00649527340514533,-0.006529834824284042,-0.19730797635394837,-0.19719760147045629
2022-01-23 00:00:00+00:00,-0.38083495145207646,-0.00649527340514533,-0.006529834824284042,-0.19730797635394837,-0.19719760147045629
2022-01-24 00:00:00+00:00,-0.3818458358342607,-0.00649527340514533,-0.006529834824284042,-0.19730797635394837,-0.19719760147045629
2022-01-25 00:00:00+00:00,-0.38078906249443867,-0.00649527340514533,-0.006529834824284042,-0.19730797635394837,-0.19719760147045629
2022-01-26 00:00:00+00:00,-0.3808325727141657,-0.00649527340514533,-0.006529834824284042,-0.19730797635394837,-0.19719760147045629
2022-01-27 00:00:00+00:00,-0.3808325727141657,-0.00649527340514533,-0.006529834824284042,-0.19730797635394837,-0.19719760147045629
2022-01-28 00:00:00+00:00,-0.3808325727141657,-0.00649527340514533,-0.006529834824284042,-0.19730797635394837,-0.19719760147045629
2022-01-29 00:00:00+00:00,-0.3808325727141657,-0.00649527340514533,-0.006529834824284042,-0.19730797635394837,-0.19719760147045629
2022-01-30 00:00:00+00:00,-0.3808325727141657,-0.00649527340514533,-0.006529834824284042,-0.19730797635394837,-0.19719760147045629
2022-01-31 00:00:00+00:00,-0.3808325727141657,-0.00649527340514533,-0.006529834824284042,-0.19730797635394837,-0.19719760147045629
2022-02-01 00:00:00+00:00,-0.3808325727141657,-0.00649527340514533,-0.006529834824284042,-0.19730797635394837,-0.19719760147045629
2022-02-02 00:00:00+00:00,-0.3808325727141657,-0.00649527340514533,-0.006529834824284042,-0.19730797635394837,-0.19719760147045629
2022-02-03 00:00:00+00:00,-0.3808325727141657,-0.00649527340514533,-0.006529834824284042,-0.19730797635394837,-0.19719760147045629
2022-02-04 00:00:00+00:00,-0.3808325727141657,-0.00649527340514533,-0.006529834824284042,-0.19730797635394837,-0.19719760147045629
2022-02-05 00:00:00+00:00,-0.3808325727141657,-0.00649527340514533,-0.006529834824284042,-0.19730797635394837,-0.19719760147045629
2022-02-06 00:00:00+00:00,-0.3801393651863886,-0.00649527340514533,-0.006529834824284042,-0.19730797635394837,-0.19719760147045629
2022-02-07 00:00:00+00:00,-0.3823142453777253,-0.00649527340514533,-0.006529834824284042,-0.19730797635394837,-0.19719760147045629
2022-02-08 00:00:00+00:00,-0.3722220120607307,0.0,-0.006529834824284042,-0.19730797635394837,-0.19719760147045629
2022-02-09 00:00:00+00:00,-0.3650698535819983,0.0,-0.006529834824284042,-0.19730797635394837,-0.19719760147045629
2022-02-10 00:00:00+00:00,-0.38665787806258967,-0.02499283709640754,-0.003550405083446617,-0.19730797635394837,-0.19719760147045629
2022-02-11 00:00:00+00:00,-0.4152431876536692,-0.07081657934336172,-0.041731684858713924,-0.19730797635394837,-0.19719760147045629
2022-02-12 00:00:00+00:00,-0.4089742990259435,-0.05972781286124074,-0.032235687528666235,-0.19730797635394837,-0.19719760147045629
2022-02-13 00:00:00+00:00,-0.41764093352299236,-0.07327406233084077,-0.04683883837471381,-0.19730797635394837,-0.19719760147045629
2022-02-14 00:00:00+00:00,-0.4126378632309897,-0.06371696446838027,-0.039496810858204445,-0.19730797635394837,-0.19719760147045629
2022-02-15 00:00:00+00:00,-0.4017536178318636,-0.033247582359925865,-0.002713086281973087,-0.19730797635394837,-0.19719760147045629
2022-02-16 00:00:00+00:00,-0.40175112769881194,-0.033758906862948024,-0.0035148498643285953,-0.19730797635394837,-0.19719760147045629
2022-02-17 00:00:00+00:00,-0.4270461069431609,-0.06321048639321936,-0.03839142389451544,-0.19730797635394837,-0.19719760147045629
2022-02-18 00:00:00+00:00,-0.4373528024280494,-0.08043092045683065,-0.05600327813024597,-0.19730797635394837,-0.19719760147045629
2022-02-19 00:00:00+00:00,-0.43662399995262324,-0.07943623252338516,-0.05429928384148086,-0.19730797635394837,-0.19719760147045629
2022-02-20 00:00:00+00:00,-0.47581467287059553,-0.1432894584938823,-0.1212778696052138,-0.19730797635394837,-0.19719760147045629
2022-02-21 00:00:00+00:00,-0.5109286370038431,-0.2002017731663207,-0.17971426040321925,-0.19730797635394837,-0.19719760147045629
2022-02-22 00:00:00+00:00,-0.5109853835228721,-0.20149234535061167,-0.1810372405281523,-0.19730797635394837,-0.19719760147045629
2022-02-23 00:00:00+00:00,-0.5119721635342628,-0.20149234535061167,-0.1810372405281523,-0.19730797635394837,-0.19719760147045629
2022-02-24 00:00:00+00:00,-0.484027938352542,-0.20149234535061167,-0.1810372405281523,-0.19730797635394837,-0.19719760147045629
2022-02-25 00:00:00+00:00,-0.45165271134691265,-0.20149234535061167,-0.1810372405281523,-0.19730797635394837,-0.19719760147045629
2022-02-26 00:00:00+00:00,-0.452496544534258,-0.20149234535061167,-0.1810372405281523,-0.19730797635394837,-0.19719760147045629
2022-02-27 00:00:00+00:00,-0.4765937988075035,-0.20149234535061167,-0.1810372405281523,-0.19730797635394837,-0.19719760147045629
2022-02-28 00:00:00+00:00,-0.42132267181527416,-0.20149234535061167,-0.1810372405281523,-0.19730797635394837,-0.19719760147045629
2022-03-01 00:00:00+00:00,-0.42202421311154437,-0.2005911849983697,-0.1810372405281523,-0.19730797635394837,-0.19719760147045629
2022-03-02 00:00:00+00:00,-0.4221406767176078,-0.2031022630704865,-0.1810372405281523,-0.19730797635394837,-0.19719760147045629
2022-03-03 00:00:00+00:00,-0.4218663332809761,-0.20757925852090153,-0.18024887296347147,-0.19730797635394837,-0.19719760147045629
2022-03-04 00:00:00+00:00,-0.44644183704929696,-0.2449979854862765,-0.20054053268849925,-0.19730797635394837,-0.19719760147045629
2022-03-05 00:00:00+00:00,-0.43742387791314474,-0.23270641447927698,-0.1883393757151418,-0.19730797635394837,-0.19719760147045629
2022-03-06 00:00:00+00:00,-0.47472316681506044,-0.27786751082471683,-0.23279000580669074,-0.19730797635394837,-0.19719760147045629
2022-03-07 00:00:00+00:00,-0.47604438212748545,-0.27816067848421167,-0.23056242681379313,-0.19730797635394837,-0.19719760147045629
2022-03-08 00:00:00+00:00,-0.4585685278305257,-0.2518346680817988,-0.20876830529950086,-0.19730797635394837,-0.19719760147045629
2022-03-09 00:00:00+00:00,-0.4425252649524454,-0.25232231784397463,-0.20944685828685483,-0.19730797635394837,-0.19719760147045629
2022-03-10 00:00:00+00:00,-0.43060710110722844,-0.22404076788950467,-0.20944685828685483,-0.19730797635394837,-0.19719760147045629
2022-03-11 00:00:00+00:00,-0.4414123536662763,-0.24602411545333636,-0.20944685828685483,-0.19730797635394837,-0.19719760147045629
2022-03-12 00:00:00+00:00,-0.4471158546717354,-0.23819541800977995,-0.20944685828685483,-0.19730797635394837,-0.19719760147045629
2022-03-13 00:00:00+00:00,-0.45240030072746285,-0.25281085870076525,-0.20944685828685483,-0.19730797635394837,-0.19719760147045629
2022-03-14 00:00:00+00:00,-0.444553493501866,-0.2355289568429635,-0.20944685828685483,-0.19730797635394837,-0.19719760147045629
2022-03-15 00:00:00+00:00,-0.44479216265984334,-0.23650700570785643,-0.20944685828685483,-0.19730797635394837,-0.19719760147045629
2022-03-16 00:00:00+00:00,-0.44119297679270775,-0.23650700570785643,-0.20944685828685483,-0.19730797635394837,-0.19719760147045629
2022-03-17 00:00:00+00:00,-0.4508694943925312,-0.2398797357763356,-0.20944685828685483,-0.19730797635394837,-0.19719760147045629
2022-03-18 00:00:00+00:00,-0.4504564047693371,-0.19664660125572975,-0.20944685828685483,-0.19730797635394837,-0.19719760147045629
2022-03-19 00:00:00+00:00,-0.4497855755968345,-0.17862866814800615,-0.20858102272196521,-0.19730797635394837,-0.19719760147045629
2022-03-20 00:00:00+00:00,-0.4525499432119877,-0.1950914383537291,-0.21675259781797107,-0.19730797635394837,-0.19719760147045629
2022-03-21 00:00:00+00:00,-0.44132355412271074,-0.1692284347096772,-0.19676297853776326,-0.19730797635394837,-0.19719760147045629
2022-03-22 00:00:00+00:00,-0.44137760881807253,-0.17955916939083005,-0.19244584266276477,-0.19730797635394837,-0.19719760147045629
2022-03-23 00:00:00+00:00,-0.44481730177767387,-0.17439264323838333,-0.18899592351874428,-0.19730797635394837,-0.19719760147045629
2022-03-24 00:00:00+00:00,-0.43280803365992293,-0.15817919584925355,-0.1704960652623685,-0.19730797635394837,-0.19719760147045629
2022-03-25 00:00:00+00:00,-0.4262946519198285,-0.15215889008947459,-0.15491865055238596,-0.19113844707167393,-0.19719760147045629
2022-03-26 00:00:00+00:00,-0.4298813048357415,-0.15230448419767506,-0.14867330819001956,-0.18141829033479373,-0.19719760147045629
2022-03-27 00:00:00+00:00,-0.42071354583164433,-0.13677279066487535,-0.13613901637864612,-0.1571903271429379,-0.19719760147045629
2022-03-28 00:00:00+00:00,-0.42723992078933926,-0.14689654700628174,-0.15026106800084293,-0.16095158196518367,-0.19669189182617197
2022-03-29 00:00:00+00:00,-0.4232932112307317,-0.14015395829007982,-0.14518572380628247,-0.14597698743023557,-0.19336707504728012
2022-03-30 00:00:00+00:00,-0.4112646553991546,-0.12257981955918218,-0.12708370301809868,-0.13360277472667326,-0.17525240986584256
2022-03-31 00:00:00+00:00,-0.4202325864889359,-0.1367733923101615,-0.13906337389055023,-0.15171387829793814,-0.18957156380358875
2022-04-01 00:00:00+00:00,-0.409747599853195,-0.12102014614815937,-0.11729203971842872,-0.1302328677756749,-0.16549646470600365
2022-04-02 00:00:00+00:00,-0.41556006881482543,-0.12928198444786798,-0.13095433599964545,-0.14305793224496421,-0.1806867386720099
2022-04-03 00:00:00+00:00,-0.4068914719809912,-0.1166507049330261,-0.11971118319175589,-0.12999818846117073,-0.17026342759280322
2022-04-04 00:00:00+00:00,-0.4094397322766735,-0.12156470546840858,-0.12400231604273082,-0.13084867188941196,-0.16907116697807656
2022-04-05 00:00:00+00:00,-0.4210534599776947,-0.1396091305742997,-0.139878234846199,-0.14593010237029147,-0.18162811994346695
2022-04-06 00:00:00+00:00,-0.46016393177186865,-0.19738967590442036,-0.1921816674874397,-0.19948361563195127,-0.22915702563284612
2022-04-07 00:00:00+00:00,-0.4417273820079113,-0.16996778299036863,-0.16726999038015633,-0.17174671040210365,-0.20272089335397814
2022-04-08 00:00:00+00:00,-0.4698701465005627,-0.21068816725424844,-0.20556270288214795,-0.2037011806450294,-0.2343895881248479
2022-04-09 00:00:00+00:00,-0.458746806786576,-0.19494350409285632,-0.1890294692119756,-0.1898099267278296,-0.21966075736145974
2022-04-10 00:00:00+00:00,-0.46995971631752764,-0.21064290752223636,-0.20585388208482014,-0.20767531624825852,-0.23335283891914127
2022-04-11 00:00:00+00:00,-0.4786107955775687,-0.22409753163380763,-0.21944475203001002,-0.20842761198852278,-0.2340323126672662
2022-04-12 00:00:00+00:00,-0.4721642905311977,-0.21403599462535228,-0.2093304247990747,-0.20842761198852278,-0.2340323126672662
2022-04-13 00:00:00+00:00,-0.4675519940651809,-0.20695924760982276,-0.20242450869859407,-0.20842761198852278,-0.2340323126672662
2022-04-14 00:00:00+00:00,-0.4706986224598083,-0.21290315591749676,-0.20822954572286279,-0.20842761198852278,-0.2340323126672662
2022-04-15 00:00:00+00:00,-0.46660813787002375,-0.20831457032909184,-0.20374816615727853,-0.20842761198852278,-0.2340323126672662
2022-04-16 00:00:00+00:00,-0.46771100932085485,-0.20851220379180513,-0.20394118218459578,-0.20842761198852278,-0.2340323126672662
2022-04-17 00:00:00+00:00,-0.4705124066841929,-0.20851220379180513,-0.20394118218459578,-0.20842761198852278,-0.2340323126672662
2022-04-18 00:00:00+00:00,-0.4578280292309582,-0.20851220379180513,-0.20394118218459578,-0.20842761198852278,-0.2340323126672662
2022-04-19 00:00:00+00:00,-0.4526015037276496,-0.20851220379180513,-0.20394118218459578,-0.20842761198852278,-0.2340323126672662
2022-04-20 00:00:00+00:00,-0.45620006664232604,-0.20851220379180513,-0.20394118218459578,-0.20842761198852278,-0.2340323126672662
2022-04-21 00:00:00+00:00,-0.4685622464804433,-0.20851220379180513,-0.20394118218459578,-0.20842761198852278,-0.2340323126672662
2022-04-22 00:00:00+00:00,-0.4668953473380584,-0.20851220379180513,-0.20394118218459578,-0.20842761198852278,-0.2340323126672662
2022-04-23 00:00:00+00:00,-0.46292918244405257,-0.20851220379180513,-0.20394118218459578,-0.20842761198852278,-0.2340323126672662
2022-04-24 00:00:00+00:00,-0.4625045520446348,-0.20851220379180513,-0.20394118218459578,-0.20842761198852278,-0.2340323126672662
2022-04-25 00:00:00+00:00,-0.45068754137438316,-0.20851220379180513,-0.20394118218459578,-0.20842761198852278,-0.2340323126672662
2022-04-26 00:00:00+00:00,-0.4550324098316285,-0.20851220379180513,-0.20394118218459578,-0.20842761198852278,-0.2340323126672662
2022-04-27 00:00:00+00:00,-0.4485830454817018,-0.20851220379180513,-0.20394118218459578,-0.20842761198852278,-0.2340323126672662
2022-04-28 00:00:00+00:00,-0.45072889940573635,-0.20851220379180513,-0.20394118218459578,-0.20842761198852278,-0.2340323126672662
2022-04-29 00:00:00+00:00,-0.4563135714593177,-0.20851220379180513,-0.20394118218459578,-0.20842761198852278,-0.2340323126672662
2022-04-30 00:00:00+00:00,-0.47791581074253997,-0.20851220379180513,-0.20394118218459578,-0.20842761198852278,-0.2340323126672662
2022-05-01 00:00:00+00:00,-0.47650090416826807,-0.20851220379180513,-0.20394118218459578,-0.20842761198852278,-0.2340323126672662
2022-05-02 00:00:00+00:00,-0.49589018928713635,-0.20851220379180513,-0.20394118218459578,-0.20842761198852278,-0.2340323126672662
2022-05-03 00:00:00+00:00,-0.49627343571384874,-0.20851220379180513,-0.20394118218459578,-0.20842761198852278,-0.2340323126672662
2022-05-04 00:00:00+00:00,-0.48419705918548817,-0.20851220379180513,-0.20394118218459578,-0.20842761198852278,-0.2340323126672662
2022-05-05 00:00:00+00:00,-0.510098678342463,-0.20851220379180513,-0.20394118218459578,-0.20842761198852278,-0.2340323126672662
2022-05-06 00:00:00+00:00,-0.5221940507812064,-0.20851220379180513,-0.20394118218459578,-0.20842761198852278,-0.2340323126672662
2022-05-07 00:00:00+00:00,-0.5357135835153921,-0.20851220379180513,-0.20394118218459578,-0.20842761198852278,-0.2340323126672662
2022-05-08 00:00:00+00:00,-0.5423429240586546,-0.20851220379180513,-0.20394118218459578,-0.20842761198852278,-0.2340323126672662
2022-05-09 00:00:00+00:00,-0.6392796543106519,-0.20851220379180513,-0.20394118218459578,-0.20842761198852278,-0.2340323126672662
2022-05-10 00:00:00+00:00,-0.6290844381909024,-0.20851220379180513,-0.20394118218459578,-0.20842761198852278,-0.2340323126672662
2022-05-11 00:00:00+00:00,-0.6577592327125649,-0.20851220379180513,-0.20394118218459578,-0.20842761198852278,-0.2340323126672662
2022-05-12 00:00:00+00:00,-0.6519731155728647,-0.20851220379180513,-0.20394118218459578,-0.20842761198852278,-0.2340323126672662
2022-05-13 00:00:00+00:00,-0.6484933080797727,-0.20851220379180513,-0.20394118218459578,-0.20842761198852278,-0.2340323126672662
2022-05-14 00:00:00+00:00,-0.6485375253606172,-0.20851220379180513,-0.20394118218459578,-0.20842761198852278,-0.2340323126672662
2022-05-15 00:00:00+00:00,-0.6485375253606172,-0.20851220379180513,-0.20394118218459578,-0.20842761198852278,-0.2340323126672662
2022-05-16 00:00:00+00:00,-0.6485375253606172,-0.20851220379180513,-0.20394118218459578,-0.20842761198852278,-0.2340323126672662
2022-05-17 00:00:00+00:00,-0.6485375253606172,-0.20851220379180513,-0.20394118218459578,-0.20842761198852278,-0.2340323126672662
2022-05-18 00:00:00+00:00,-0.6485375253606172,-0.20851220379180513,-0.20394118218459578,-0.20842761198852278,-0.2340323126672662
2022-05-19 00:00:00+00:00,-0.6485375253606172,-0.20851220379180513,-0.20394118218459578,-0.20842761198852278,-0.2340323126672662
2022-05-20 00:00:00+00:00,-0.6485375253606172,-0.20851220379180513,-0.20394118218459578,-0.20842761198852278,-0.2340323126672662
2022-05-21 00:00:00+00:00,-0.6485375253606172,-0.20851220379180513,-0.20394118218459578,-0.20842761198852278,-0.2340323126672662
2022-05-22 00:00:00+00:00,-0.6485375253606172,-0.20851220379180513,-0.20394118218459578,-0.20842761198852278,-0.2340323126672662
2022-05-23 00:00:00+00:00,-0.6485375253606172,-0.20851220379180513,-0.20394118218459578,-0.20842761198852278,-0.2340323126672662
2022-05-24 00:00:00+00:00,-0.6485375253606172,-0.20851220379180513,-0.20394118218459578,-0.20842761198852278,-0.2340323126672662
2022-05-25 00:00:00+00:00,-0.6485375253606172,-0.20851220379180513,-0.20394118218459578,-0.20842761198852278,-0.2340323126672662
2022-05-26 00:00:00+00:00,-0.6485375253606172,-0.20851220379180513,-0.20394118218459578,-0.20842761198852278,-0.2340323126672662
2022-05-27 00:00:00+00:00,-0.6485375253606172,-0.20851220379180513,-0.20394118218459578,-0.20842761198852278,-0.2340323126672662
2022-05-28 00:00:00+00:00,-0.6485375253606172,-0.20851220379180513,-0.20394118218459578,-0.20842761198852278,-0.2340323126672662
2022-05-29 00:00:00+00:00,-0.6485375253606172,-0.20851220379180513,-0.20394118218459578,-0.20842761198852278,-0.2340323126672662
2022-05-30 00:00:00+00:00,-0.6485375253606172,-0.20851220379180513,-0.20394118218459578,-0.20842761198852278,-0.2340323126672662
2022-05-31 00:00:00+00:00,-0.6485375253606172,-0.20851220379180513,-0.20394118218459578,-0.20842761198852278,-0.2340323126672662
2022-06-01 00:00:00+00:00,-0.6503883955553496,-0.20851220379180513,-0.20394118218459578,-0.20842761198852278,-0.2340323126672662
2022-06-02 00:00:00+00:00,-0.6406564271941357,-0.20851220379180513,-0.20394118218459578,-0.20842761198852278,-0.2340323126672662
2022-06-03 00:00:00+00:00,-0.653178869544169,-0.20851220379180513,-0.20394118218459578,-0.20842761198852278,-0.2340323126672662
2022-06-04 00:00:00+00:00,-0.6513342259597574,-0.20851220379180513,-0.20394118218459578,-0.20842761198852278,-0.2340323126672662
2022-06-05 00:00:00+00:00,-0.6548779186258237,-0.20851220379180513,-0.20394118218459578,-0.20842761198852278,-0.2340323126672662
2022-06-06 00:00:00+00:00,-0.6539518098061282,-0.20851220379180513,-0.20394118218459578,-0.20842761198852278,-0.2340323126672662
2022-06-07 00:00:00+00:00,-0.6478764010992817,-0.20851220379180513,-0.20394118218459578,-0.20842761198852278,-0.2340323126672662
2022-06-08 00:00:00+00:00,-0.6679942540354777,-0.20851220379180513,-0.20394118218459578,-0.20842761198852278,-0.2340323126672662
2022-06-09 00:00:00+00:00,-0.6632527861618767,-0.20851220379180513,-0.20394118218459578,-0.20842761198852278,-0.2340323126672662
2022-06-10 00:00:00+00:00,-0.6812476860055313,-0.20851220379180513,-0.20394118218459578,-0.20842761198852278,-0.2340323126672662
2022-06-11 00:00:00+00:00,-0.7029346492047384,-0.20851220379180513,-0.20394118218459578,-0.20842761198852278,-0.2340323126672662
2022-06-12 00:00:00+00:00,-0.716364422608907,-0.20851220379180513,-0.20394118218459578,-0.20842761198852278,-0.2340323126672662
2022-06-13 00:00:00+00:00,-0.7289144917268786,-0.20851220379180513,-0.20394118218459578,-0.20842761198852278,-0.2340323126672662
2022-06-14 00:00:00+00:00,-0.7350778991036271,-0.20851220379180513,-0.20394118218459578,-0.20842761198852278,-0.2340323126672662
2022-06-15 00:00:00+00:00,-0.7285210313335696,-0.20851220379180513,-0.20394118218459578,-0.20842761198852278,-0.2340323126672662
2022-06-16 00:00:00+00:00,-0.7438900947566424,-0.20851220379180513,-0.20394118218459578,-0.20842761198852278,-0.2340323126672662
2022-06-17 00:00:00+00:00,-0.7392620821531748,-0.20851220379180513,-0.20394118218459578,-0.20842761198852278,-0.2340323126672662
2022-06-18 00:00:00+00:00,-0.7318288858570354,-0.20851220379180513,-0.20394118218459578,-0.20842761198852278,-0.2340323126672662
2022-06-19 00:00:00+00:00,-0.7239278493583353,-0.20851220379180513,-0.20394118218459578,-0.20842761198852278,-0.2340323126672662
2022-06-20 00:00:00+00:00,-0.7158560836465506,-0.20851220379180513,-0.20394118218459578,-0.20842761198852278,-0.2340323126672662
2022-06-21 00:00:00+00:00,-0.718505654699181,-0.20851220379180513,-0.20394118218459578,-0.20842761198852278,-0.2340323126672662
2022-06-22 00:00:00+00:00,-0.7146142672948305,-0.20851220379180513,-0.20394118218459578,-0.20842761198852278,-0.2340323126672662
2022-06-23 00:00:00+00:00,-0.7146715926910839,-0.20851220379180513,-0.20394118218459578,-0.20842761198852278,-0.2340323126672662
2022-06-24 00:00:00+00:00,-0.7146715926910839,-0.20851220379180513,-0.20394118218459578,-0.20842761198852278,-0.2340323126672662
2022-06-25 00:00:00+00:00,-0.7138693206092686,-0.20851220379180513,-0.20394118218459578,-0.20842761198852278,-0.2340323126672662
2022-06-26 00:00:00+00:00,-0.7173062919028333,-0.20851220379180513,-0.20394118218459578,-0.20842761198852278,-0.2340323126672662
2022-06-27 00:00:00+00:00,-0.7121905518563358,-0.20851220379180513,-0.20394118218459578,-0.20842761198852278,-0.2340323126672662
2022-06-28 00:00:00+00:00,-0.7193917493758759,-0.20851220379180513,-0.20394118218459578,-0.20842761198852278,-0.2340323126672662
2022-06-29 00:00:00+00:00,-0.7205076720544116,-0.20851220379180513,-0.20394118218459578,-0.20842761198852278,-0.2340323126672662
2022-06-30 00:00:00+00:00,-0.7223699039840705,-0.20851220379180513,-0.20394118218459578,-0.20842761198852278,-0.2340323126672662
2022-07-01 00:00:00+00:00,-0.7262663633190343,-0.20851220379180513,-0.20394118218459578,-0.20842761198852278,-0.2340323126672662
2022-07-02 00:00:00+00:00,-0.7240546127043055,-0.20851220379180513,-0.20394118218459578,-0.20842761198852278,-0.2340323126672662
2022-07-03 00:00:00+00:00,-0.7194363691054582,-0.20851220379180513,-0.20394118218459578,-0.20842761198852278,-0.2340323126672662
2022-07-04 00:00:00+00:00,-0.7189390178202422,-0.20851220379180513,-0.20394118218459578,-0.20842761198852278,-0.2340323126672662
2022-07-05 00:00:00+00:00,-0.7191792277194989,-0.20851220379180513,-0.20394118218459578,-0.20842761198852278,-0.2340323126672662
2022-07-06 00:00:00+00:00,-0.7166767721568723,-0.20851220379180513,-0.20394118218459578,-0.20842761198852278,-0.2340323126672662
2022-07-07 00:00:00+00:00,-0.7162088312061687,-0.20851220379180513,-0.20394118218459578,-0.20842761198852278,-0.2340323126672662
2022-07-08 00:00:00+00:00,-0.7160384153663609,-0.20851220379180513,-0.20394118218459578,-0.20842761198852278,-0.2340323126672662
2022-07-09 00:00:00+00:00,-0.7044542406006643,-0.20851220379180513,-0.20394118218459578,-0.20842761198852278,-0.2340323126672662
2022-07-10 00:00:00+00:00,-0.7012545549433598,-0.20851220379180513,-0.20394118218459578,-0.20842761198852278,-0.2340323126672662
2022-07-11 00:00:00+00:00,-0.713277048517937,-0.20851220379180513,-0.20394118218459578,-0.20842761198852278,-0.2340323126672662
2022-07-12 00:00:00+00:00,-0.715825277113066,-0.20851220379180513,-0.20394118218459578,-0.20842761198852278,-0.2340323126672662
2022-07-13 00:00:00+00:00,-0.699812621991809,-0.20851220379180513,-0.20394118218459578,-0.20842761198852278,-0.2340323126672662
2022-07-14 00:00:00+00:00,-0.6848342664482668,-0.20851220379180513,-0.20394118218459578,-0.20842761198852278,-0.2340323126672662
2022-07-15 00:00:00+00:00,-0.6852736112541211,-0.20851220379180513,-0.20394118218459578,-0.20842761198852278,-0.2340323126672662
2022-07-16 00:00:00+00:00,-0.6886454159311582,-0.20851220379180513,-0.20394118218459578,-0.20842761198852278,-0.2340323126672662
2022-07-17 00:00:00+00:00,-0.6918708083053804,-0.20851220379180513,-0.20394118218459578,-0.20842761198852278,-0.2340323126672662
2022-07-18 00:00:00+00:00,-0.6846107311332708,-0.20851220379180513,-0.20394118218459578,-0.20842761198852278,-0.2340323126672662
2022-07-19 00:00:00+00:00,-0.6839694062138011,-0.20851220379180513,-0.20394118218459578,-0.20842761198852278,-0.2340323126672662
2022-07-20 00:00:00+00:00,-0.687612963386406,-0.21780879118791852,-0.20394118218459578,-0.20842761198852278,-0.2340323126672662
2022-07-21 00:00:00+00:00,-0.679429496069787,-0.1495735687821209,-0.20394118218459578,-0.20842761198852278,-0.2340323126672662
2022-07-22 00:00:00+00:00,-0.6900077722473814,-0.16837805678915307,-0.20165734682550518,-0.20842761198852278,-0.2340323126672662
2022-07-23 00:00:00+00:00,-0.6884893990889873,-0.16793268301446507,-0.19587730002329717,-0.20842761198852278,-0.2340323126672662
2022-07-24 00:00:00+00:00,-0.6859610986326411,-0.17048125375317902,-0.19129404393256144,-0.20842761198852278,-0.2340323126672662
2022-07-25 00:00:00+00:00,-0.6990384449930267,-0.19295069641859985,-0.24472018656411698,-0.20842761198852278,-0.2340323126672662
2022-07-26 00:00:00+00:00,-0.6920198571000623,-0.18905069380135597,-0.23095294051686144,-0.20842761198852278,-0.2340323126672662
2022-07-27 00:00:00+00:00,-0.6693759442733686,-0.19372398473923302,-0.19721647071708148,-0.20842761198852278,-0.2340323126672662
2022-07-28 00:00:00+00:00,-0.6379892789796916,-0.17440561313847813,-0.19772887319960897,-0.20842761198852278,-0.2340323126672662
2022-07-29 00:00:00+00:00,-0.6361179819462945,-0.1750933937232909,-0.19772887319960897,-0.20842761198852278,-0.2340323126672662
2022-07-30 00:00:00+00:00,-0.6453745453684647,-0.19643100837037564,-0.23661942153512894,-0.20842761198852278,-0.2340323126672662
2022-07-31 00:00:00+00:00,-0.6467027018031226,-0.20525355845191795,-0.24343191508522777,-0.20842761198852278,-0.2340323126672662
2022-08-01 00:00:00+00:00,-0.6482368782133444,-0.21013716797881743,-0.24769818611543026,-0.20842761198852278,-0.2340323126672662
2022-08-02 00:00:00+00:00,-0.6311068880207737,-0.19268995346368867,-0.22568428037758914,-0.20842761198852278,-0.2340323126672662
2022-08-03 00:00:00+00:00,-0.6163846515076175,-0.17511372021866378,-0.1986513835786663,-0.20842761198852278,-0.2340323126672662
2022-08-04 00:00:00+00:00,-0.6219059117776069,-0.18462285796749556,-0.2039251467752543,-0.20842761198852278,-0.2340323126672662
2022-08-05 00:00:00+00:00,-0.6037637422614064,-0.15675202398719912,-0.1929640108584556,-0.20842761198852278,-0.2340323126672662
2022-08-06 00:00:00+00:00,-0.6089363365035028,-0.1642321327035473,-0.1953362823528576,-0.20842761198852278,-0.2340323126672662
2022-08-07 00:00:00+00:00,-0.6099617986632442,-0.16692996509936087,-0.1941161405420686,-0.20842761198852278,-0.2340323126672662
2022-08-08 00:00:00+00:00,-0.6092441967177434,-0.16471966066351262,-0.19544232675212758,-0.20842761198852278,-0.2340323126672662
2022-08-09 00:00:00+00:00,-0.6115528763088557,-0.16911580615243782,-0.20737275243996178,-0.20842761198852278,-0.2340323126672662
2022-08-10 00:00:00+00:00,-0.5950568636398152,-0.1334022765201971,-0.1752758003925018,-0.20842761198852278,-0.2340323126672662
2022-08-11 00:00:00+00:00,-0.6021381338662669,-0.14861332117382853,-0.1893189915347735,-0.20842761198852278,-0.2340323126672662
2022-08-12 00:00:00+00:00,-0.5884100966370813,-0.11898721396189404,-0.1673751998335402,-0.20842761198852278,-0.2340323126672662
2022-08-13 00:00:00+00:00,-0.5933160324716146,-0.12961573137106364,-0.18128915696208991,-0.20842761198852278,-0.2340323126672662
2022-08-14 00:00:00+00:00,-0.5900936778742576,-0.12292827429072095,-0.1727059521809674,-0.20842761198852278,-0.2340323126672662
2022-08-15 00:00:00+00:00,-0.5905653984353922,-0.12398680546228402,-0.17460140775521593,-0.20842761198852278,-0.2340323126672662
2022-08-16 00:00:00+00:00,-0.5865350076701585,-0.1154195297457733,-0.16751931316936763,-0.20842761198852278,-0.2340323126672662
2022-08-17 00:00:00+00:00,-0.6025641896752879,-0.1498056514569195,-0.20144494848363237,-0.20842761198852278,-0.2340323126672662
2022-08-18 00:00:00+00:00,-0.6194981044933461,-0.1860133199032481,-0.2353390918670758,-0.20842761198852278,-0.2340323126672662
2022-08-19 00:00:00+00:00,-0.6515878594900819,-0.2546165325137705,-0.2980501630542589,-0.20842761198852278,-0.2340323126672662
2022-08-20 00:00:00+00:00,-0.653526517294494,-0.2582752257655775,-0.3009106293347257,-0.20842761198852278,-0.2340323126672662
2022-08-21 00:00:00+00:00,-0.6486102558177571,-0.24913972267009643,-0.2930709625062069,-0.20842761198852278,-0.2340323126672662
2022-08-22 00:00:00+00:00,-0.6384202418174247,-0.24036843920244544,-0.2865000407908942,-0.20842761198852278,-0.2340323126672662
2022-08-23 00:00:00+00:00,-0.6359736964957965,-0.23705709341174053,-0.2840101016616319,-0.20842761198852278,-0.2340323126672662
2022-08-24 00:00:00+00:00,-0.6345289220555599,-0.23722164657191924,-0.2841338360518981,-0.20842761198852278,-0.2340323126672662
2022-08-25 00:00:00+00:00,-0.6373327032199652,-0.23722164657191924,-0.2841338360518981,-0.20842761198852278,-0.2340323126672662
2022-08-26 00:00:00+00:00,-0.6550547979129613,-0.23722164657191924,-0.2841338360518981,-0.20842761198852278,-0.2340323126672662
2022-08-27 00:00:00+00:00,-0.65298873504682,-0.23722164657191924,-0.2841338360518981,-0.20842761198852278,-0.2340323126672662
2022-08-28 00:00:00+00:00,-0.6579650442001155,-0.23722164657191924,-0.2841338360518981,-0.20842761198852278,-0.2340323126672662
2022-08-29 00:00:00+00:00,-0.6495071747778545,-0.23722164657191924,-0.2841338360518981,-0.20842761198852278,-0.2340323126672662
2022-08-30 00:00:00+00:00,-0.6522609827441315,-0.23722164657191924,-0.2841338360518981,-0.20842761198852278,-0.2340323126672662
2022-08-31 00:00:00+00:00,-0.6526892409121209,-0.23722164657191924,-0.2841338360518981,-0.20842761198852278,-0.2340323126672662
2022-09-01 00:00:00+00:00,-0.6527440906281385,-0.23722164657191924,-0.2841338360518981,-0.20842761198852278,-0.2340323126672662
2022-09-02 00:00:00+00:00,-0.6527440906281385,-0.23722164657191924,-0.2841338360518981,-0.20842761198852278,-0.2340323126672662
2022-09-03 00:00:00+00:00,-0.6527440906281385,-0.23722164657191924,-0.2841338360518981,-0.20842761198852278,-0.2340323126672662
2022-09-04 00:00:00+00:00,-0.6527440906281385,-0.23722164657191924,-0.2841338360518981,-0.20842761198852278,-0.2340323126672662
2022-09-05 00:00:00+00:00,-0.6518885579204048,-0.23722164657191924,-0.2841338360518981,-0.20842761198852278,-0.2340323126672662
2022-09-06 00:00:00+00:00,-0.6528173204068407,-0.23722164657191924,-0.2841338360518981,-0.20842761198852278,-0.2340323126672662
2022-09-07 00:00:00+00:00,-0.6376648549464823,-0.23722164657191924,-0.2841338360518981,-0.20842761198852278,-0.2340323126672662
2022-09-08 00:00:00+00:00,-0.6374507140452013,-0.23722164657191924,-0.2841338360518981,-0.20842761198852278,-0.2340323126672662
2022-09-09 00:00:00+00:00,-0.6269265996029064,-0.23722164657191924,-0.2841338360518981,-0.20842761198852278,-0.2340323126672662
2022-09-10 00:00:00+00:00,-0.62273696618555,-0.23722164657191924,-0.2841338360518981,-0.20842761198852278,-0.2340323126672662
2022-09-11 00:00:00+00:00,-0.6253170226627287,-0.23722164657191924,-0.2841338360518981,-0.20842761198852278,-0.2340323126672662
2022-09-12 00:00:00+00:00,-0.6267971282368512,-0.23722164657191924,-0.2841338360518981,-0.20842761198852278,-0.2340323126672662
2022-09-13 00:00:00+00:00,-0.6400494750175585,-0.25340752568831915,-0.2841338360518981,-0.20842761198852278,-0.2340323126672662
2022-09-14 00:00:00+00:00,-0.6491027685165401,-0.243443192012873,-0.2841338360518981,-0.20842761198852278,-0.2340323126672662
2022-09-15 00:00:00+00:00,-0.6544698667604374,-0.26762432926881896,-0.2841338360518981,-0.20842761198852278,-0.2340323126672662
2022-09-16 00:00:00+00:00,-0.647565308333186,-0.26535995594461714,-0.2841338360518981,-0.20842761198852278,-0.2340323126672662
2022-09-17 00:00:00+00:00,-0.6439682795713733,-0.2614369053738771,-0.2841338360518981,-0.20842761198852278,-0.2340323126672662
2022-09-18 00:00:00+00:00,-0.6563125791382035,-0.2620231663649737,-0.2841338360518981,-0.20842761198852278,-0.2340323126672662
2022-09-19 00:00:00+00:00,-0.6500804449546969,-0.2620231663649737,-0.2841338360518981,-0.20842761198852278,-0.2340323126672662
2022-09-20 00:00:00+00:00,-0.65475356985421,-0.2620231663649737,-0.2841338360518981,-0.20842761198852278,-0.2340323126672662
2022-09-21 00:00:00+00:00,-0.6578893164335617,-0.2620231663649737,-0.2841338360518981,-0.20842761198852278,-0.2340323126672662
2022-09-22 00:00:00+00:00,-0.6481447667689386,-0.2620231663649737,-0.2841338360518981,-0.20842761198852278,-0.2340323126672662
2022-09-23 00:00:00+00:00,-0.6488628011644888,-0.2620231663649737,-0.2841338360518981,-0.20842761198852278,-0.2340323126672662
2022-09-24 00:00:00+00:00,-0.6501167272273716,-0.2620231663649737,-0.2841338360518981,-0.20842761198852278,-0.2340323126672662
2022-09-25 00:00:00+00:00,-0.6471387184577637,-0.2620231663649737,-0.2841338360518981,-0.20842761198852278,-0.2340323126672662
2022-09-26 00:00:00+00:00,-0.6481122176498593,-0.2620231663649737,-0.2841338360518981,-0.20842761198852278,-0.2340323126672662
2022-09-27 00:00:00+00:00,-0.6479152013671657,-0.2620231663649737,-0.2841338360518981,-0.20842761198852278,-0.2340323126672662
2022-09-28 00:00:00+00:00,-0.6486127814074809,-0.2620231663649737,-0.2841338360518981,-0.20842761198852278,-0.2340323126672662
2022-09-29 00:00:00+00:00,-0.643694406291335,-0.2620231663649737,-0.2841338360518981,-0.20842761198852278,-0.2340323126672662
2022-09-30 00:00:00+00:00,-0.646727010773237,-0.2620231663649737,-0.2841338360518981,-0.20842761198852278,-0.2340323126672662
2022-10-01 00:00:00+00:00,-0.6491814479789957,-0.2620231663649737,-0.2841338360518981,-0.20842761198852278,-0.2340323126672662
2022-10-02 00:00:00+00:00,-0.6569985936340096,-0.2620231663649737,-0.2841338360518981,-0.20842761198852278,-0.2340323126672662
2022-10-03 00:00:00+00:00,-0.6518472565698956,-0.2620231663649737,-0.2841338360518981,-0.20842761198852278,-0.2340323126672662
2022-10-04 00:00:00+00:00,-0.6483424474686453,-0.2620231663649737,-0.2841338360518981,-0.20842761198852278,-0.2340323126672662
2022-10-05 00:00:00+00:00,-0.6422562089218897,-0.2598524024458493,-0.2841338360518981,-0.20842761198852278,-0.2340323126672662
2022-10-06 00:00:00+00:00,-0.6433074997496839,-0.2628859646844328,-0.2841338360518981,-0.20842761198852278,-0.2340323126672662
2022-10-07 00:00:00+00:00,-0.6460266809223572,-0.2650757919777599,-0.2841338360518981,-0.20842761198852278,-0.2340323126672662
2022-10-08 00:00:00+00:00,-0.6519497222213655,-0.2672091376644573,-0.2841338360518981,-0.20842761198852278,-0.2340323126672662
2022-10-09 00:00:00+00:00,-0.6512547086925177,-0.26632642749803537,-0.2841338360518981,-0.20842761198852278,-0.2340323126672662
2022-10-10 00:00:00+00:00,-0.6573838526956925,-0.26653479254030554,-0.2841338360518981,-0.20842761198852278,-0.2340323126672662
2022-10-11 00:00:00+00:00,-0.659307935648646,-0.26653479254030554,-0.2841338360518981,-0.20842761198852278,-0.2340323126672662
2022-10-12 00:00:00+00:00,-0.6584479924649496,-0.26653479254030554,-0.2841338360518981,-0.20842761198852278,-0.2340323126672662
2022-10-13 00:00:00+00:00,-0.6562955752155349,-0.26653479254030554,-0.2841338360518981,-0.20842761198852278,-0.2340323126672662
2022-10-14 00:00:00+00:00,-0.6524415125227849,-0.26653479254030554,-0.2841338360518981,-0.20842761198852278,-0.2340323126672662
2022-10-15 00:00:00+00:00,-0.6539017214649991,-0.26653479254030554,-0.2841338360518981,-0.20842761198852278,-0.2340323126672662
2022-10-16 00:00:00+00:00,-0.6534951568732572,-0.26653479254030554,-0.2841338360518981,-0.20842761198852278,-0.2340323126672662
2022-10-17 00:00:00+00:00,-0.6507399293042987,-0.26653479254030554,-0.2841338360518981,-0.20842761198852278,-0.2340323126672662
2022-10-18 00:00:00+00:00,-0.6502468699633075,-0.26653479254030554,-0.2841338360518981,-0.20842761198852278,-0.2340323126672662
2022-10-19 00:00:00+00:00,-0.6513382339017733,-0.26653479254030554,-0.2841338360518981,-0.20842761198852278,-0.2340323126672662
2022-10-20 00:00:00+00:00,-0.6582744069466885,-0.26653479254030554,-0.2841338360518981,-0.20842761198852278,-0.2340323126672662
2022-10-21 00:00:00+00:00,-0.6550239764989603,-0.26653479254030554,-0.2841338360518981,-0.20842761198852278,-0.2340323126672662
2022-10-22 00:00:00+00:00,-0.6581721143655743,-0.26653479254030554,-0.2841338360518981,-0.20842761198852278,-0.2340323126672662
2022-10-23 00:00:00+00:00,-0.6527148421577189,-0.26653479254030554,-0.2841338360518981,-0.20842761198852278,-0.2340323126672662
2022-10-24 00:00:00+00:00,-0.6542390670904565,-0.26653479254030554,-0.2841338360518981,-0.20842761198852278,-0.2340323126672662
2022-10-25 00:00:00+00:00,-0.6563581927421496,-0.26653479254030554,-0.2841338360518981,-0.20842761198852278,-0.2340323126672662
2022-10-26 00:00:00+00:00,-0.6531698755530766,-0.26653479254030554,-0.2841338360518981,-0.20842761198852278,-0.2340323126672662
2022-10-27 00:00:00+00:00,-0.6510973986536738,-0.26773458691803,-0.2841338360518981,-0.20842761198852278,-0.2340323126672662
2022-10-28 00:00:00+00:00,-0.649228097527393,-0.2641985661925925,-0.2746266022820958,-0.20842761198852278,-0.2340323126672662
2022-10-29 00:00:00+00:00,-0.6473633654219078,-0.2735628559002301,-0.23799078515157046,-0.20842761198852278,-0.2340323126672662
2022-10-30 00:00:00+00:00,-0.6483536289060381,-0.27405473732843644,-0.24425490023259544,-0.20842761198852278,-0.2340323126672662
2022-10-31 00:00:00+00:00,-0.6473473438118937,-0.2713810151774987,-0.22936380329752637,-0.20842761198852278,-0.2340323126672662
2022-11-01 00:00:00+00:00,-0.6458863179253957,-0.2656036648380077,-0.21477301450663489,-0.20842761198852278,-0.2340323126672662
2022-11-02 00:00:00+00:00,-0.6508479807567372,-0.27912602047338086,-0.22684202923609886,-0.20842761198852278,-0.2340323126672662
2022-11-03 00:00:00+00:00,-0.6411223771293177,-0.2625011582848731,-0.20219598568338526,-0.20842761198852278,-0.2340323126672662
2022-11-04 00:00:00+00:00,-0.6295599746442632,-0.2429400981017975,-0.1502155891672602,-0.20842761198852278,-0.2340323126672662
2022-11-05 00:00:00+00:00,-0.6299137751119315,-0.2438242902964607,-0.151259168047426,-0.20842761198852278,-0.2340323126672662
2022-11-06 00:00:00+00:00,-0.6338954200615519,-0.25173602650795746,-0.16397228107955253,-0.20842761198852278,-0.2340323126672662
2022-11-07 00:00:00+00:00,-0.6317028565396112,-0.24721135001083172,-0.15106311696204122,-0.20842761198852278,-0.2340323126672662
2022-11-08 00:00:00+00:00,-0.6933626708837747,-0.3731582016229962,-0.2986434763422119,-0.20842761198852278,-0.2340323126672662
2022-11-09 00:00:00+00:00,-0.7533734319380394,-0.49580725523663816,-0.4321988394691323,-0.20842761198852278,-0.2340323126672662
2022-11-10 00:00:00+00:00,-0.6926876999286455,-0.3718247335430338,-0.29636861513241286,-0.20842761198852278,-0.2340323126672662
2022-11-11 00:00:00+00:00,-0.6939635457391548,-0.37448957063637,-0.3001071061111702,-0.20842761198852278,-0.2340323126672662
2022-11-12 00:00:00+00:00,-0.7050796243052091,-0.3985882112177138,-0.32297391643682993,-0.20842761198852278,-0.2340323126672662
2022-11-13 00:00:00+00:00,-0.7028551831165442,-0.39913371496040984,-0.3234889054213169,-0.20842761198852278,-0.2340323126672662
2022-11-14 00:00:00+00:00,-0.6999693760867066,-0.39913371496040984,-0.3234889054213169,-0.20842761198852278,-0.2340323126672662
2022-11-15 00:00:00+00:00,-0.6939582766473973,-0.39913371496040984,-0.3234889054213169,-0.20842761198852278,-0.2340323126672662
2022-11-16 00:00:00+00:00,-0.690130392104319,-0.39913371496040984,-0.3234889054213169,-0.20842761198852278,-0.2340323126672662
2022-11-17 00:00:00+00:00,-0.6879271891654434,-0.39913371496040984,-0.3234889054213169,-0.20842761198852278,-0.2340323126672662
2022-11-18 00:00:00+00:00,-0.6793406379978246,-0.39913371496040984,-0.3234889054213169,-0.20842761198852278,-0.2340323126672662
2022-11-19 00:00:00+00:00,-0.6837102473247956,-0.39913371496040984,-0.3234889054213169,-0.20842761198852278,-0.2340323126672662
2022-11-20 00:00:00+00:00,-0.6880903860966585,-0.39913371496040984,-0.3234889054213169,-0.20842761198852278,-0.2340323126672662
2022-11-21 00:00:00+00:00,-0.6903795869452054,-0.39913371496040984,-0.3234889054213169,-0.20842761198852278,-0.2340323126672662
2022-11-22 00:00:00+00:00,-0.683293390312646,-0.39913371496040984,-0.3234889054213169,-0.20842761198852278,-0.2340323126672662
2022-11-23 00:00:00+00:00,-0.6722164580616992,-0.39913371496040984,-0.3234889054213169,-0.20842761198852278,-0.2340323126672662
2022-11-24 00:00:00+00:00,-0.6773772523793842,-0.39913371496040984,-0.3234889054213169,-0.20842761198852278,-0.2340323126672662
2022-11-25 00:00:00+00:00,-0.6798591033423007,-0.39913371496040984,-0.3234889054213169,-0.20842761198852278,-0.2340323126672662
2022-11-26 00:00:00+00:00,-0.6807940328078916,-0.39913371496040984,-0.3234889054213169,-0.20842761198852278,-0.2340323126672662
2022-11-27 00:00:00+00:00,-0.6808790960831546,-0.39913371496040984,-0.3234889054213169,-0.20842761198852278,-0.2340323126672662
2022-11-28 00:00:00+00:00,-0.6795908720388597,-0.39913371496040984,-0.3234889054213169,-0.20842761198852278,-0.2340323126672662
2022-11-29 00:00:00+00:00,-0.6786352852668788,-0.39913371496040984,-0.3234889054213169,-0.20842761198852278,-0.2340323126672662
2022-11-30 00:00:00+00:00,-0.6765684783101269,-0.39913371496040984,-0.3234889054213169,-0.20842761198852278,-0.2340323126672662
2022-12-01 00:00:00+00:00,-0.6772247191127859,-0.39913371496040984,-0.3234889054213169,-0.20842761198852278,-0.2340323126672662
2022-12-02 00:00:00+00:00,-0.676931603378265,-0.39913371496040984,-0.3234889054213169,-0.20842761198852278,-0.2340323126672662
2022-12-03 00:00:00+00:00,-0.6800567093477738,-0.39913371496040984,-0.3234889054213169,-0.20842761198852278,-0.2340323126672662
2022-12-04 00:00:00+00:00,-0.6767221318968661,-0.39913371496040984,-0.3234889054213169,-0.20842761198852278,-0.2340323126672662
2022-12-05 00:00:00+00:00,-0.6788115382193126,-0.39913371496040984,-0.3234889054213169,-0.20842761198852278,-0.2340323126672662
2022-12-06 00:00:00+00:00,-0.6800568626554662,-0.39913371496040984,-0.3234889054213169,-0.20842761198852278,-0.2340323126672662
2022-12-07 00:00:00+00:00,-0.6857474087011086,-0.39913371496040984,-0.3234889054213169,-0.20842761198852278,-0.2340323126672662
2022-12-08 00:00:00+00:00,-0.6829685746571297,-0.39913371496040984,-0.3234889054213169,-0.20842761198852278,-0.2340323126672662
2022-12-09 00:00:00+00:00,-0.6857488517420989,-0.39913371496040984,-0.3234889054213169,-0.20842761198852278,-0.2340323126672662
2022-12-10 00:00:00+00:00,-0.6856024791262127,-0.39913371496040984,-0.3234889054213169,-0.20842761198852278,-0.2340323126672662
2022-12-11 00:00:00+00:00,-0.6882595132528242,-0.39913371496040984,-0.3234889054213169,-0.20842761198852278,-0.2340323126672662
2022-12-12 00:00:00+00:00,-0.6890712686110823,-0.39913371496040984,-0.3234889054213169,-0.20842761198852278,-0.2340323126672662
2022-12-13 00:00:00+00:00,-0.6812069086790047,-0.39913371496040984,-0.3234889054213169,-0.20842761198852278,-0.2340323126672662
2022-12-14 00:00:00+00:00,-0.6855738637460642,-0.39913371496040984,-0.3234889054213169,-0.20842761198852278,-0.2340323126672662
2022-12-15 00:00:00+00:00,-0.6926444870263772,-0.39913371496040984,-0.3234889054213169,-0.20842761198852278,-0.2340323126672662
2022-12-16 00:00:00+00:00,-0.7163996847683769,-0.39913371496040984,-0.3234889054213169,-0.20842761198852278,-0.2340323126672662
2022-12-17 00:00:00+00:00,-0.706179013566903,-0.39913371496040984,-0.3234889054213169,-0.20842761198852278,-0.2340323126672662
2022-12-18 00:00:00+00:00,-0.7098460096861292,-0.39913371496040984,-0.3234889054213169,-0.20842761198852278,-0.2340323126672662
2022-12-19 00:00:00+00:00,-0.7142629568273475,-0.39913371496040984,-0.3234889054213169,-0.20842761198852278,-0.2340323126672662
2022-12-20 00:00:00+00:00,-0.707358679200063,-0.39913371496040984,-0.3234889054213169,-0.20842761198852278,-0.2340323126672662
2022-12-21 00:00:00+00:00,-0.7080064918708904,-0.39913371496040984,-0.3234889054213169,-0.20842761198852278,-0.2340323126672662
2022-12-22 00:00:00+00:00,-0.7078680658432435,-0.39913371496040984,-0.3234889054213169,-0.20842761198852278,-0.2340323126672662
2022-12-23 00:00:00+00:00,-0.7088462969406968,-0.39913371496040984,-0.3234889054213169,-0.20842761198852278,-0.2340323126672662
2022-12-24 00:00:00+00:00,-0.7087244725660299,-0.39913371496040984,-0.3234889054213169,-0.20842761198852278,-0.2340323126672662
2022-12-25 00:00:00+00:00,-0.7083822161559983,-0.39913371496040984,-0.3234889054213169,-0.20842761198852278,-0.2340323126672662
2022-12-26 00:00:00+00:00,-0.7081777657176239,-0.39913371496040984,-0.3234889054213169,-0.20842761198852278,-0.2340323126672662
2022-12-27 00:00:00+00:00,-0.7084377912165442,-0.39913371496040984,-0.3234889054213169,-0.20842761198852278,-0.2340323126672662
2022-12-28 00:00:00+00:00,-0.7113323720276237,-0.39913371496040984,-0.3234889054213169,-0.20842761198852278,-0.2340323126672662
2022-12-29 00:00:00+00:00,-0.7109268803061197,-0.39913371496040984,-0.3234889054213169,-0.20842761198852278,-0.2340323126672662
2022-12-30 00:00:00+00:00,-0.7120486811920423,-0.39913371496040984,-0.3234889054213169,-0.20842761198852278,-0.2340323126672662
2022-12-31 00:00:00+00:00,-0.7117414363634139,-0.39913371496040984,-0.3234889054213169,-0.20842761198852278,-0.2340323126672662
2023-01-01 00:00:00+00:00,-0.7107518222060872,-0.39913371496040984,-0.3234889054213169,-0.20842761198852278,-0.2340323126672662
2023-01-02 00:00:00+00:00,-0.7107867864407242,-0.39913371496040984,-0.3234889054213169,-0.20842761198852278,-0.2340323126672662
2023-01-03 00:00:00+00:00,-0.7107867864407242,-0.39913371496040984,-0.3234889054213169,-0.20842761198852278,-0.2340323126672662
2023-01-04 00:00:00+00:00,-0.7107867864407242,-0.39913371496040984,-0.3234889054213169,-0.20842761198852278,-0.2340323126672662
2023-01-05 00:00:00+00:00,-0.7107836242426175,-0.3989372251537908,-0.3234889054213169,-0.20842761198852278,-0.2340323126672662
2023-01-06 00:00:00+00:00,-0.7006688334919036,-0.3707480094276573,-0.3234889054213169,-0.20842761198852278,-0.2340323126672662
2023-01-07 00:00:00+00:00,-0.7005799986562027,-0.3513068973890364,-0.32303104898787494,-0.20842761198852278,-0.2340323126672662
2023-01-08 00:00:00+00:00,-0.6877363489297112,-0.3393757858696306,-0.3184940889922949,-0.20842761198852278,-0.2340323126672662
2023-01-09 00:00:00+00:00,-0.6849717742575337,-0.32603864775688196,-0.3130782637028553,-0.20842761198852278,-0.2340323126672662
2023-01-10 00:00:00+00:00,-0.6759725365794808,-0.3081580890466167,-0.29774563991781,-0.20842761198852278,-0.2340323126672662
2023-01-11 00:00:00+00:00,-0.6732992432818662,-0.29913614456051474,-0.2796019336763951,-0.20842761198852278,-0.2340323126672662
2023-01-12 00:00:00+00:00,-0.6589809096780872,-0.2649439543957103,-0.26188472481273695,-0.20842761198852278,-0.2340323126672662
2023-01-13 00:00:00+00:00,-0.6424575289629617,-0.21858238290769572,-0.22720133057872238,-0.19320788359060648,-0.2340323126672662
2023-01-14 00:00:00+00:00,-0.6256667422536084,-0.18287007326852267,-0.18936384615350388,-0.1793268153665326,-0.2340323126672662
2023-01-15 00:00:00+00:00,-0.6194289679689728,-0.17150758385775866,-0.16979243096243912,-0.17403432226022475,-0.21338326670546526
2023-01-16 00:00:00+00:00,-0.6216017705911079,-0.17499699379846456,-0.1676816719888108,-0.18362997763076572,-0.2277859485530367
2023-01-17 00:00:00+00:00,-0.6224628133665232,-0.1768387304942648,-0.17566690658938444,-0.19091842797882497,-0.23519798789745971
2023-01-18 00:00:00+00:00,-0.6342395075544449,-0.20344571366830577,-0.21097177415305157,-0.20713648914212834,-0.2757454410226282
2023-01-19 00:00:00+00:00,-0.6260325659425359,-0.18491737536484154,-0.18849026810054248,-0.19267476094151637,-0.25246421097437455
2023-01-20 00:00:00+00:00,-0.5927051002109949,-0.10934273045781939,-0.11315564015241064,-0.15370367137362528,-0.24748812572818857
2023-01-21 00:00:00+00:00,-0.5974028158271661,-0.11901031599143741,-0.119390174872816,-0.15862110834548693,-0.24870900283236752
2023-01-22 00:00:00+00:00,-0.5931372516727231,-0.10956667248310703,-0.11395987580878286,-0.15583426642969833,-0.24822005902185074
2023-01-23 00:00:00+00:00,-0.5936006389969055,-0.11057097259048654,-0.11238413498601285,-0.1540384176288977,-0.24844243928998588
2023-01-24 00:00:00+00:00,-0.6013503729028679,-0.12749456773514822,-0.13519284486667027,-0.17074291053971036,-0.26232719855616093
2023-01-25 00:00:00+00:00,-0.5787204640628374,-0.0779413525092234,-0.08691445641101347,-0.1290390398627056,-0.22825165128184122
2023-01-26 00:00:00+00:00,-0.5787913098044486,-0.07815173247907647,-0.08761955423744328,-0.13208340767436022,-0.22720518286835956
2023-01-27 00:00:00+00:00,-0.5698185044441473,-0.05850714949505065,-0.06502167240321999,-0.11817250226353126,-0.21454154258126024
2023-01-28 00:00:00+00:00,-0.5755455081379767,-0.07104039927694605,-0.07810541397555804,-0.12851632149760772,-0.22376826205582656
2023-01-29 00:00:00+00:00,-0.5751320274612954,-0.07013511193652311,-0.07749721549883903,-0.1272753505554075,-0.2190502468172243
2023-01-30 00:00:00+00:00,-0.5788789957652339,-0.07833740193385064,-0.08928527778161632,-0.1352934167983344,-0.2311867464567704
2023-01-31 00:00:00+00:00,-0.5774744007356419,-0.07526297410344895,-0.08414650539304713,-0.13016696097660596,-0.22367202201422676
2023-02-01 00:00:00+00:00,-0.5569658347634228,-0.03037596996349723,-0.03453322778693868,-0.09029194059811863,-0.15680325445970023
2023-02-02 00:00:00+00:00,-0.5585154925442036,-0.03376805379202952,-0.03840999241682297,-0.09627637070168049,-0.17310195124512917
2023-02-03 00:00:00+00:00,-0.54620049822504,-0.006815206367760784,-0.004124960843372771,-0.06863840271579513,-0.1352779680209838
2023-02-04 00:00:00+00:00,-0.5447426903707645,-0.0036250338275629623,-0.005230547126457097,-0.06766446148495231,-0.13475949970312862
2023-02-05 00:00:00+00:00,-0.5271204029954601,0.0,0.0,-0.03607185152334069,-0.10516424587096895
2023-02-06 00:00:00+00:00,-0.5311957020071019,-0.008617529302275995,-0.0012942977820538104,-0.045665945736274804,-0.10657186807360663
2023-02-07 00:00:00+00:00,-0.5069801327206294,0.0,0.0,0.0,-0.06138549942960769
2023-02-08 00:00:00+00:00,-0.5202981891080947,-0.027013098763388754,-0.02457680088880232,-0.026560574819663563,-0.09312123604100842
2023-02-09 00:00:00+00:00,-0.5649503271497345,-0.11758125184506019,-0.11708452576003348,-0.12063702596332038,-0.18656960239230336
2023-02-10 00:00:00+00:00,-0.5650371212263664,-0.11775786193803617,-0.11962851847218836,-0.12276988977205394,-0.18603303690315232
2023-02-11 00:00:00+00:00,-0.5570264922654029,-0.10150962311108147,-0.09604199815566583,-0.10713472171135452,-0.1696385274103922
2023-02-12 00:00:00+00:00,-0.5568075035183724,-0.10106513921760829,-0.10402966589299711,-0.10647632835830279,-0.1722222557825296
2023-02-13 00:00:00+00:00,-0.568671261167329,-0.12512873790679335,-0.1185470540539384,-0.12744474539502526,-0.19279363809701178
2023-02-14 00:00:00+00:00,-0.5619233749237824,-0.11144179986906089,-0.09457637132147478,-0.10304932646097664,-0.17839072097870157
2023-02-15 00:00:00+00:00,-0.5530200488015218,-0.09338290061094201,-0.07831195181603656,-0.0869237516580299,-0.15931789912158623
2023-02-16 00:00:00+00:00,-0.562368180616891,-0.11234401588637566,-0.1074600867499399,-0.11480404204392947,-0.1788831587512918
2023-02-17 00:00:00+00:00,-0.544283704531789,-0.07566284981605498,-0.06552101141543121,-0.07301083007942821,-0.1468346218554324
2023-02-18 00:00:00+00:00,-0.5471289131327993,-0.08143385715391349,-0.07151923279131356,-0.0787705297438176,-0.1519513019806774
2023-02-19 00:00:00+00:00,-0.5499000023269804,-0.08705451331685532,-0.07730889606351465,-0.08447903692112013,-0.1563052807214257
2023-02-20 00:00:00+00:00,-0.5478681444016313,-0.08293328582064952,-0.07327719357784435,-0.08026582621344192,-0.15253939307713726
2023-02-21 00:00:00+00:00,-0.55178588808338,-0.09087971874920642,-0.0820167707701398,-0.08904886447141647,-0.16034588589269483
2023-02-22 00:00:00+00:00,-0.5443199457920282,-0.07573641978975565,-0.06710000478191824,-0.07420088744250464,-0.14629266710151112
2023-02-23 00:00:00+00:00,-0.5388009862295796,-0.06454220334416971,-0.0556318614031317,-0.06284974852177327,-0.13588703941221847
2023-02-24 00:00:00+00:00,-0.5637960950046712,-0.11524013711388592,-0.10540941802023518,-0.11252952784058945,-0.18300623461059196
2023-02-25 00:00:00+00:00,-0.5680567931511088,-0.12388214995804936,-0.11421760008353432,-0.12137346415518657,-0.1914204563849874
2023-02-26 00:00:00+00:00,-0.5551438802435922,-0.09769071037276467,-0.08766495592843015,-0.09490512033280185,-0.16687202384867783
2023-02-27 00:00:00+00:00,-0.5561530940689471,-0.09973770613546884,-0.089757340132116,-0.09700670382575927,-0.16888295598051795
2023-02-28 00:00:00+00:00,-0.564204690166698,-0.11606882449434097,-0.10644584485099418,-0.11374106466005318,-0.18485426742765054
2023-03-01 00:00:00+00:00,-0.556665347497483,-0.10077664525208607,-0.09098678333287635,-0.09840797504424226,-0.1707492172742925
2023-03-02 00:00:00+00:00,-0.5621546747123075,-0.11191074207976504,-0.10224365566216753,-0.10957454601651606,-0.18102481922752045
2023-03-03 00:00:00+00:00,-0.5831549009171824,-0.15450586582412085,-0.1452994836479764,-0.15227591475807556,-0.220289522281644
2023-03-04 00:00:00+00:00,-0.6085750408668339,-0.2062467416073125,-0.1975994724298732,-0.2039621755809481,-0.26781195946694347
2023-03-05 00:00:00+00:00,-0.5985202679073873,-0.18630510874778927,-0.17744449680115482,-0.18351815812855188,-0.24901484924022166
2023-03-06 00:00:00+00:00,-0.5966953095932053,-0.1823764820944328,-0.17347548609388475,-0.1798133331378886,-0.24561816939387215
2023-03-07 00:00:00+00:00,-0.598623070458479,-0.18579502344894716,-0.17693470071208783,-0.18374661482577825,-0.24925766969189744
2023-03-08 00:00:00+00:00,-0.601666022566175,-0.18639793103011715,-0.17754411030285233,-0.18994621588154803,-0.254979061671075
2023-03-09 00:00:00+00:00,-0.6061455697757456,-0.18639793103011715,-0.17754411030285233,-0.1990604336420203,-0.2633689699347589
2023-03-10 00:00:00+00:00,-0.5960775017585724,-0.18639793103011715,-0.17754411030285233,-0.1950386896327,-0.2596645506324299
2023-03-11 00:00:00+00:00,-0.603158459662248,-0.18639793103011715,-0.17754411030285233,-0.204524631870457,-0.2683900827516891
2023-03-12 00:00:00+00:00,-0.574642974071272,-0.18639793103011715,-0.17754411030285233,-0.1752135443422561,-0.2414254207741835
2023-03-13 00:00:00+00:00,-0.5487220781636164,-0.18639793103011715,-0.17754411030285233,-0.13710060675252544,-0.20637234989349584
2023-03-14 00:00:00+00:00,-0.5296282826803285,-0.17941635906240694,-0.17754411030285233,-0.13006032863786732,-0.206707419097649
2023-03-15 00:00:00+00:00,-0.5387032867005758,-0.19307227977679342,-0.17754411030285233,-0.14446365870668376,-0.2090861001169475
2023-03-16 00:00:00+00:00,-0.5314058105636895,-0.17799259824314428,-0.17754411030285233,-0.1285512709216119,-0.19075826622157122
2023-03-17 00:00:00+00:00,-0.5055119048096082,-0.11614224392661676,-0.17754411030285233,-0.06285894409297443,-0.0917168015865506
2023-03-18 00:00:00+00:00,-0.5184779401966737,-0.14507858580463517,-0.17754411030285233,-0.09358742763035266,-0.130714974978123
2023-03-19 00:00:00+00:00,-0.5087910055829402,-0.11900199014079427,-0.17754411030285233,-0.06594665954403933,-0.10692951969606779
2023-03-20 00:00:00+00:00,-0.5095035518219422,-0.12019486108458777,-0.18119063192930718,-0.06726204280602266,-0.10968977228622767
2023-03-21 00:00:00+00:00,-0.5057423920318866,-0.11697281414607663,-0.16261689404283497,-0.06396015708297953,-0.10941715743855629
2023-03-22 00:00:00+00:00,-0.5150990150348604,-0.1290277486475967,-0.19270801539965765,-0.07635418729146437,-0.116641068362066
2023-03-23 00:00:00+00:00,-0.4962705843914821,-0.10165729852570216,-0.154905348070299,-0.048301282346640106,-0.0883639313132919
2023-03-24 00:00:00+00:00,-0.5090191005391198,-0.12937016931673417,-0.18948816199800134,-0.07219125296209916,-0.11200496081428923
2023-03-25 00:00:00+00:00,-0.5222646735609733,-0.14694665582126798,-0.20255003564573382,-0.09637769807673513,-0.13413990449656765
2023-03-26 00:00:00+00:00,-0.5109998416101781,-0.12344769671974731,-0.1982389247239622,-0.06775161096330773,-0.0929951394753662
2023-03-27 00:00:00+00:00,-0.5233845785029891,-0.14726634969676922,-0.2035692723078274,-0.09818115408188932,-0.1259142594246062
2023-03-28 00:00:00+00:00,-0.49795507025599406,-0.10974908293062768,-0.18266746839540227,-0.0575837033992731,-0.10247606685225297
2023-03-29 00:00:00+00:00,-0.49450743154297516,-0.10655784882443953,-0.17228677648943047,-0.05435619827018312,-0.10286696744408641
2023-03-30 00:00:00+00:00,-0.4950637423122345,-0.10929550069597194,-0.18257150613667983,-0.05717428372198996,-0.10296021663738908
2023-03-31 00:00:00+00:00,-0.49135600726003326,-0.10288382770575955,-0.17228695520484139,-0.05045652917745769,-0.09887324796403407
2023-04-01 00:00:00+00:00,-0.4956116795325618,-0.10947912861114828,-0.17942498165857235,-0.057290158557566584,-0.10041880207481224
2023-04-02 00:00:00+00:00,-0.4956962148050065,-0.1101453631589443,-0.1795255253724115,-0.05799241636386354,-0.10053774534695281
2023-04-03 00:00:00+00:00,-0.4874785990346422,-0.09826809234602996,-0.15990251351526508,-0.045480019009754735,-0.08917751390139972
2023-04-04 00:00:00+00:00,-0.48389186383713934,-0.09084142123052086,-0.15312872693278345,-0.037547862266096854,-0.08070602100211688
2023-04-05 00:00:00+00:00,-0.48548597431893703,-0.09709345819273008,-0.1589707371272624,-0.044374921442199344,-0.09059171624614748
2023-04-06 00:00:00+00:00,-0.4904759194526276,-0.10621212979612016,-0.1694312632496907,-0.05410092426885549,-0.101500835369698
2023-04-07 00:00:00+00:00,-0.4911595441261353,-0.10967959195948618,-0.1726818362971273,-0.05790222356305119,-0.10572696656078118
2023-04-08 00:00:00+00:00,-0.492679591651318,-0.11435150895458224,-0.17788137860034292,-0.06297302932805016,-0.11057717053330451
2023-04-09 00:00:00+00:00,-0.4914794950998769,-0.11246036375745516,-0.17604008993980258,-0.0609808487374468,-0.1088143532736967
2023-04-10 00:00:00+00:00,-0.49446737285234243,-0.11832963522975692,-0.18089547651317572,-0.06721228423819525,-0.11532400577363922
2023-04-11 00:00:00+00:00,-0.4968587135478316,-0.12261438963540361,-0.1848000251619326,-0.07174987208165662,-0.11971322505723914
2023-04-12 00:00:00+00:00,-0.5042795307961232,-0.13548486633418266,-0.19678236279438943,-0.08536297049444752,-0.1324538108747062
2023-04-13 00:00:00+00:00,-0.5024002735810169,-0.13207216607817873,-0.19363223425613196,-0.08174490655506705,-0.128636642487867
2023-04-14 00:00:00+00:00,-0.4916809096182245,-0.11207716035619053,-0.17510232348229382,-0.060506598514787346,-0.10725128991952215
2023-04-15 00:00:00+00:00,-0.4942300747528634,-0.11683401793271153,-0.17951426283306626,-0.06555916704099507,-0.11242905832135652
2023-04-16 00:00:00+00:00,-0.4901203875751927,-0.10979980678927403,-0.1728746456660536,-0.058126382719652314,-0.1055908463783588
2023-04-17 00:00:00+00:00,-0.4909114689829349,-0.11122318871276837,-0.1741007578862943,-0.05963309823155383,-0.10697778687595993
2023-04-18 00:00:00+00:00,-0.484351641927255,-0.09988167023619898,-0.16226120387676524,-0.04763871596216995,-0.09510103404633374
2023-04-19 00:00:00+00:00,-0.5109850084599268,-0.14625862367281484,-0.20089954495133466,-0.09670373934395793,-0.13982257147351806
2023-04-20 00:00:00+00:00,-0.5202364856775685,-0.1623979035476405,-0.21624114125411342,-0.11378032367727853,-0.15660557862501034
2023-04-21 00:00:00+00:00,-0.5483959794943842,-0.21163412928388126,-0.26211657561352486,-0.16587962815686363,-0.20702935849748338
2023-04-22 00:00:00+00:00,-0.5365397434713866,-0.19089911811821902,-0.2428822606645763,-0.1439366743691799,-0.1854240872748545
2023-04-23 00:00:00+00:00,-0.5422083082432936,-0.2008259873878565,-0.25848444694273187,-0.1544430164537962,-0.2030799178033148
2023-04-24 00:00:00+00:00,-0.5426740196123983,-0.2016281622363384,-0.2593153318290373,-0.15529116744161497,-0.20392270562332182
2023-04-25 00:00:00+00:00,-0.539647160507676,-0.19640704278659893,-0.2543524280936137,-0.14977080458283232,-0.19912446025177755
2023-04-26 00:00:00+00:00,-0.535846850638785,-0.18983126698696096,-0.24823776613509507,-0.14281806841087052,-0.1931694966856854
2023-04-27 00:00:00+00:00,-0.5323088337380999,-0.1836929400803473,-0.24264886711646638,-0.13632580753307189,-0.18753350383876854
2023-04-28 00:00:00+00:00,-0.5324350165331595,-0.18390450892834087,-0.24304754861201205,-0.13654923270676878,-0.18790149647128607
2023-04-29 00:00:00+00:00,-0.5343099056112025,-0.18715646679203435,-0.24762978936804247,-0.13998814454411201,-0.19258588921309405
2023-04-30 00:00:00+00:00,-0.5325224660928047,-0.18403654852856932,-0.24760043712894275,-0.1366870835683519,-0.1925413720093554
2023-05-01 00:00:00+00:00,-0.5331336322427649,-0.18510258221884712,-0.24783010449128884,-0.13781521529416774,-0.1928150817980635
2023-05-02 00:00:00+00:00,-0.5321661163352478,-0.18760798944234258,-0.25004381116341046,-0.13602904791694503,-0.19516743176397977
2023-05-03 00:00:00+00:00,-0.5224357472036141,-0.16894703147982348,-0.23898873767432793,-0.11805942156184901,-0.17830898640064652
2023-05-04 00:00:00+00:00,-0.5296210918759634,-0.17859675163387756,-0.24656081849128364,-0.13132872575901944,-0.18503441374810314
2023-05-05 00:00:00+00:00,-0.527090361470256,-0.17637809926766235,-0.24554703556677604,-0.12665491252731398,-0.18494673059375943
2023-05-06 00:00:00+00:00,-0.5440389976065456,-0.19184291137562426,-0.24705405405674463,-0.15795789956477524,-0.20770516858541632
2023-05-07 00:00:00+00:00,-0.5516820871690076,-0.2065972613102246,-0.25559194167984056,-0.1720718782624444,-0.22101404112918066
2023-05-08 00:00:00+00:00,-0.5618526533573813,-0.22469913850137369,-0.2840187500882472,-0.19085847477451212,-0.23992913441356334
2023-05-09 00:00:00+00:00,-0.5657166513416945,-0.22731978974977884,-0.28637008404383457,-0.197994366980767,-0.2469470704892932
2023-05-10 00:00:00+00:00,-0.5733789679092081,-0.24201583705255447,-0.2851608124356775,-0.21214469680395864,-0.2602011020807514
2023-05-11 00:00:00+00:00,-0.5828837592537275,-0.24243186838783948,-0.2855950253475521,-0.22969761218844964,-0.27677326791699874
2023-05-12 00:00:00+00:00,-0.5778388881672696,-0.24243186838783948,-0.2855950253475521,-0.2203810508232349,-0.2680130565167428
2023-05-13 00:00:00+00:00,-0.5789882728218394,-0.24243186838783948,-0.2855950253475521,-0.22250365851948894,-0.2700063385182757
2023-05-14 00:00:00+00:00,-0.5788524531029029,-0.24243186838783948,-0.2855950253475521,-0.22225283574255406,-0.269770844327728
2023-05-15 00:00:00+00:00,-0.5793181207106852,-0.24243186838783948,-0.2855950253475521,-0.22311279954918817,-0.27057825298103455
2023-05-16 00:00:00+00:00,-0.5789688700048485,-0.24243186838783948,-0.2855950253475521,-0.2224678266942126,-0.2699726964910546
2023-05-17 00:00:00+00:00,-0.5790361009849738,-0.24243186838783948,-0.2855950253475521,-0.22259198437369487,-0.27008926649553067
2023-05-18 00:00:00+00:00,-0.5791606726316185,-0.24243186838783948,-0.2855950253475521,-0.22282203497149655,-0.27030526169651825
2023-05-19 00:00:00+00:00,-0.5777018564053287,-0.24243186838783948,-0.2855950253475521,-0.22012799058838173,-0.26777581529767625
2023-05-20 00:00:00+00:00,-0.57619275403278,-0.24243186838783948,-0.2855950253475521,-0.2173410811085723,-0.2651591775686106
2023-05-21 00:00:00+00:00,-0.577285506623262,-0.24243186838783948,-0.2855950253475521,-0.2193591036157687,-0.26705390498697545
2023-05-22 00:00:00+00:00,-0.5779189355686047,-0.24243186838783948,-0.2855950253475521,-0.2205288778899699,-0.2681522095814849
2023-05-23 00:00:00+00:00,-0.5783057653240365,-0.24243186838783948,-0.2855950253475521,-0.22124324924879724,-0.26882293500881405
2023-05-24 00:00:00+00:00,-0.5783744743787849,-0.24243186838783948,-0.2855950253475521,-0.2213701365425349,-0.2689420698717887
2023-05-25 00:00:00+00:00,-0.5806647966965575,-0.24243186838783948,-0.2855950253475521,-0.22559975084525818,-0.27291326751331935
2023-05-26 00:00:00+00:00,-0.5787754228807092,-0.24243186838783948,-0.2855950253475521,-0.2221105814594947,-0.26963727584033637
2023-05-27 00:00:00+00:00,-0.5837886034448969,-0.24243186838783948,-0.2855950253475521,-0.23136858853207387,-0.2783296466383661
2023-05-28 00:00:00+00:00,-0.5819624579892427,-0.24243186838783948,-0.2855950253475521,-0.2279961850593607,-0.275163286833757
2023-05-29 00:00:00+00:00,-0.5861637817396783,-0.24243186838783948,-0.2855950253475521,-0.2357549091862322,-0.2824479763464862
2023-05-30 00:00:00+00:00,-0.5844318980930338,-0.24243186838783948,-0.2855950253475521,-0.2325565821273471,-0.27944505741250236
2023-05-31 00:00:00+00:00,-0.5823642095700203,-0.24243186838783948,-0.2855950253475521,-0.22873811304871516,-0.2758598852634562
2023-06-01 00:00:00+00:00,-0.5765603708499707,-0.24243186838783948,-0.2855950253475521,-0.21801997129611805,-0.2657965896050014
2023-06-02 00:00:00+00:00,-0.5715629331341647,-0.24243186838783948,-0.2855950253475521,-0.20879103706458157,-0.25713151538522094
2023-06-03 00:00:00+00:00,-0.5878511537342237,-0.24243186838783948,-0.2855950253475521,-0.23887103509862562,-0.2853737163757958
2023-06-04 00:00:00+00:00,-0.5940060816542652,-0.24243186838783948,-0.2855950253475521,-0.2502375449391089,-0.29604576678992633
2023-06-05 00:00:00+00:00,-0.6089741591032978,-0.24243186838783948,-0.2855950253475521,-0.2778795907644638,-0.32199896708956677
2023-06-06 00:00:00+00:00,-0.6030542241037254,-0.24243186838783948,-0.2855950253475521,-0.2669470501560587,-0.31173437169794693
2023-06-07 00:00:00+00:00,-0.613287501278815,-0.24243186838783948,-0.2855950253475521,-0.29066365080702083,-0.3253926230649481
2023-06-08 00:00:00+00:00,-0.6127224735263304,-0.24243186838783948,-0.2855950253475521,-0.29084251898631397,-0.3206450718608268
2023-06-09 00:00:00+00:00,-0.6176838794051027,-0.24243186838783948,-0.2855950253475521,-0.29984085117269355,-0.3226632682114443
2023-06-10 00:00:00+00:00,-0.6489275162054798,-0.24243186838783948,-0.2855950253475521,-0.35682812293174015,-0.3544638876196601
2023-06-11 00:00:00+00:00,-0.6375204340800771,-0.24243186838783948,-0.2855950253475521,-0.3435748697890172,-0.3409368230559858
2023-06-12 00:00:00+00:00,-0.6315821142266835,-0.24243186838783948,-0.2855950253475521,-0.338899275987784,-0.29620122777607305
2023-06-13 00:00:00+00:00,-0.6322192374288755,-0.24243186838783948,-0.2855950253475521,-0.3382886492520255,-0.3151068568057773
2023-06-14 00:00:00+00:00,-0.6314804702169676,-0.24243186838783948,-0.2855950253475521,-0.3383926735405214,-0.3239422427088531
2023-06-15 00:00:00+00:00,-0.633045701653906,-0.24243186838783948,-0.2855950253475521,-0.3383926735405214,-0.3246195347384683
2023-06-16 00:00:00+00:00,-0.6337130089063071,-0.24243186838783948,-0.2855950253475521,-0.3383926735405214,-0.3246195347384683
2023-06-17 00:00:00+00:00,-0.6331722686387405,-0.24243186838783948,-0.2855950253475521,-0.3383926735405214,-0.3246195347384683
2023-06-18 00:00:00+00:00,-0.6326863445163112,-0.24243186838783948,-0.2855950253475521,-0.3383926735405214,-0.3246195347384683
2023-06-19 00:00:00+00:00,-0.6327395623530255,-0.24243186838783948,-0.2855950253475521,-0.3383926735405214,-0.3246195347384683
2023-06-20 00:00:00+00:00,-0.6327395623530255,-0.24243186838783948,-0.2855950253475521,-0.3383926735405214,-0.3246195347384683
2023-06-21 00:00:00+00:00,-0.6327395623530255,-0.24243186838783948,-0.2855950253475521,-0.3383926735405214,-0.3246195347384683
2023-06-22 00:00:00+00:00,-0.6321471315974654,-0.24120982916282863,-0.2855950253475521,-0.337325429459428,-0.3235300730967815
2023-06-23 00:00:00+00:00,-0.6312939806312943,-0.23944998814219953,-0.2855950253475521,-0.3357885066876445,-0.32196115513719226
2023-06-24 00:00:00+00:00,-0.6335231815429025,-0.2440482824219078,-0.2834793043923419,-0.3398043371558528,-0.3260605859348288
2023-06-25 00:00:00+00:00,-0.6336845531603241,-0.24438115245683045,-0.28580370402786426,-0.340095042697274,-0.32635734329522514
2023-06-26 00:00:00+00:00,-0.635735084854811,-0.24861089599946928,-0.2868598636481592,-0.3437890065799668,-0.3301282069872935
2023-06-27 00:00:00+00:00,-0.6331075546173064,-0.2431909460981565,-0.2831462143868835,-0.33905559922804884,-0.3252962610100347
2023-06-28 00:00:00+00:00,-0.6402552284801873,-0.25793484274100875,-0.3017070358754602,-0.35193189329643015,-0.33844060982685575
2023-06-29 00:00:00+00:00,-0.63648853698334,-0.2501650827910712,-0.29669197383152257,-0.34514632524887945,-0.33151378190077574
2023-06-30 00:00:00+00:00,-0.6294177299639967,-0.23557974357796752,-0.2833495643159947,-0.3324085042138911,-0.31851078880657
2023-07-01 00:00:00+00:00,-0.6271093688750176,-0.2308181612837561,-0.2824583644793007,-0.3282500693485202,-0.31426578491708246
2023-07-02 00:00:00+00:00,-0.6256898313844109,-0.2278900038938606,-0.27939984796431305,-0.32569282030207636,-0.3116552998427722
2023-07-03 00:00:00+00:00,-0.6254635397708324,-0.22742321984274794,-0.27833737808564185,-0.32528516357101334,-0.31123915663866697
2023-07-04 00:00:00+00:00,-0.6282547325703536,-0.23318076543532584,-0.2848084845897838,-0.33031340352398986,-0.3163720729518237
2023-07-05 00:00:00+00:00,-0.6252938945217834,-0.22707328333670274,-0.28159434344820355,-0.32497955336048023,-0.31092718432831934
2023-07-06 00:00:00+00:00,-0.6341580347738751,-0.2453578288002688,-0.29846721356073724,-0.3409480038996192,-0.3272280611827869
2023-07-07 00:00:00+00:00,-0.6290228251342715,-0.23476515185135438,-0.2872142646377831,-0.33169709644485845,-0.317784571168366
2023-07-08 00:00:00+00:00,-0.6311511945748175,-0.23915545555731654,-0.29042006476534654,-0.3355312824091826,-0.3216985760424388
2023-07-09 00:00:00+00:00,-0.6336013739611391,-0.24420957418687217,-0.29567798068450724,-0.3399451981674835,-0.3262043793478816
2023-07-10 00:00:00+00:00,-0.6335916798017835,-0.24418957751574233,-0.2957199103568595,-0.3399277344654449,-0.32618655209184
2023-07-11 00:00:00+00:00,-0.6332326380353632,-0.24344896248543746,-0.2950300322215301,-0.33928093279878424,-0.3255262855060709
2023-07-12 00:00:00+00:00,-0.6331106866852331,-0.24319740678546176,-0.29480038332173975,-0.3390612415430785,-0.325302020785052
2023-07-13 00:00:00+00:00,-0.6350778611030031,-0.2472552047279064,-0.29857994235719154,-0.34260504009529646,-0.32891959305076157
2023-07-14 00:00:00+00:00,-0.6309627277316263,-0.2387666947226842,-0.2906881379132644,-0.33519176572982357,-0.32135199140877624
2023-07-15 00:00:00+00:00,-0.6345868130781994,-0.24624229319007318,-0.29757562784013636,-0.3417204335938856,-0.32801657108198534
2023-07-16 00:00:00+00:00,-0.6386539181128332,-0.25463173252608884,-0.3054021105877329,-0.34904718652603883,-0.33549585011393723
2023-07-17 00:00:00+00:00,-0.637929374940663,-0.25313717781518685,-0.30399032563822137,-0.34774194636972044,-0.3341634378675826
2023-07-18 00:00:00+00:00,-0.6421696472536618,-0.2618838187391759,-0.31214098515636135,-0.3553806543297645,-0.34196116611170535
2023-07-19 00:00:00+00:00,-0.6388336798011651,-0.25500253676309703,-0.30572103211401047,-0.34937102116169716,-0.33582642623991366
2023-07-20 00:00:00+00:00,-0.6343340124960705,-0.24572082764398562,-0.2970298540000035,-0.34126502184754726,-0.3275516787133148
2023-07-21 00:00:00+00:00,-0.6359229806549178,-0.24899847891239202,-0.3000985516382709,-0.3441274945444148,-0.3304737414905736
2023-07-22 00:00:00+00:00,-0.6379404943631309,-0.2531601144542581,-0.30398294517992364,-0.3477619776353199,-0.3341838861379378
2023-07-23 00:00:00+00:00,-0.6394956741175808,-0.2563680685384173,-0.3069795291723981,-0.3505635816580611,-0.33704381309564424
2023-07-24 00:00:00+00:00,-0.6442921410059463,-0.26626200234255737,-0.3162255333116235,-0.35920425543930123,-0.3458643657787235
2023-07-25 00:00:00+00:00,-0.6423024798733683,-0.26215781982726705,-0.31239254025861607,-0.3556199478266455,-0.34220544114735596
2023-07-26 00:00:00+00:00,-0.6361858236500559,-0.2495406594914108,-0.30065042516665563,-0.3446009973600359,-0.3309571015428694
2023-07-27 00:00:00+00:00,-0.6358895666423007,-0.24892955400648542,-0.30007878301687074,-0.34406730032448885,-0.33041229416580287
2023-07-28 00:00:00+00:00,-0.635166451755988,-0.24743794549870657,-0.2986891134169404,-0.3427646331771055,-0.3290825084924959
2023-07-29 00:00:00+00:00,-0.6345971013557918,-0.2462635153812871,-0.2975932399630904,-0.3417389675799456,-0.32803549090289386
2023-07-30 00:00:00+00:00,-0.6347186521984991,-0.24651424493276153,-0.2978273792235071,-0.3419579373349988,-0.32825901910328037
2023-07-31 00:00:00+00:00,-0.6364629353548664,-0.24989916259707146,-0.30098180624420723,-0.3451002047762358,-0.33146670130625067
2023-08-01 00:00:00+00:00,-0.6334155737369229,-0.2546946975651144,-0.305450763563224,-0.3396104853125216,-0.32586269854316186
2023-08-02 00:00:00+00:00,-0.6389980313929882,-0.26482292034381283,-0.31013188193813834,-0.34966709502677784,-0.3361286636800883
2023-08-03 00:00:00+00:00,-0.63846829200031,-0.2683888896306408,-0.31322306193246907,-0.34871278732743627,-0.33515448949517845
2023-08-04 00:00:00+00:00,-0.6339775553014321,-0.26602642864052917,-0.3135255864670946,-0.3406228762000253,-0.32689616507426544
2023-08-05 00:00:00+00:00,-0.6342272624077018,-0.25420238847691945,-0.3135255864670946,-0.341072715153645,-0.32735536863752446
2023-08-06 00:00:00+00:00,-0.6357920613733129,-0.26153938869672433,-0.3135255864670946,-0.3438916478617732,-0.33023298502388587
2023-08-07 00:00:00+00:00,-0.637120607681892,-0.26176723025605675,-0.3135255864670946,-0.34628497935407376,-0.3326761401585866
2023-08-08 00:00:00+00:00,-0.6400097808608067,-0.26176723025605675,-0.3135255864670946,-0.3514897276651827,-0.33798923932684544
2023-08-09 00:00:00+00:00,-0.6428371007825963,-0.26176723025605675,-0.3135255864670946,-0.35658304941387287,-0.3431885922886174
2023-08-10 00:00:00+00:00,-0.6413898363654842,-0.26176723025605675,-0.3135255864670946,-0.35397585124186104,-0.34052711826313276
2023-08-11 00:00:00+00:00,-0.6380809192187202,-0.26176723025605675,-0.3135255864670946,-0.3480149482897963,-0.33444212305806376
2023-08-12 00:00:00+00:00,-0.6402732580765275,-0.26176723025605675,-0.3135255864670946,-0.3519643730078523,-0.33847376569096843
2023-08-13 00:00:00+00:00,-0.6422507469237266,-0.26176723025605675,-0.3135255864670946,-0.35552675265778455,-0.3421103058699968
2023-08-14 00:00:00+00:00,-0.6430045332580081,-0.26176723025605675,-0.3135255864670946,-0.35688467338712027,-0.343496495377412
2023-08-15 00:00:00+00:00,-0.6489800165740508,-0.26176723025605675,-0.3135255864670946,-0.36764930560931053,-0.3544852224181142
2023-08-16 00:00:00+00:00,-0.6528419309425967,-0.26176723025605675,-0.3135255864670946,-0.37460641445762344,-0.36158716222883736
2023-08-17 00:00:00+00:00,-0.680315199866913,-0.26176723025605675,-0.3135255864670946,-0.4240985844244609,-0.41210964504032843
2023-08-18 00:00:00+00:00,-0.6625294145207663,-0.26176723025605675,-0.3135255864670946,-0.39205809030742955,-0.3794021417244694
2023-08-19 00:00:00+00:00,-0.6542698225888331,-0.26176723025605675,-0.3135255864670946,-0.3801984167021515,-0.3672955770643618
2023-08-20 00:00:00+00:00,-0.6575599243329253,-0.26176723025605675,-0.3135255864670946,-0.3850042431777053,-0.3722014497644043
2023-08-21 00:00:00+00:00,-0.6550715126485633,-0.26176723025605675,-0.3135255864670946,-0.3834645537690434,-0.3706297075729369
2023-08-22 00:00:00+00:00,-0.649319455226567,-0.26176723025605675,-0.3135255864670946,-0.3835648105426783,-0.3707320514613963
2023-08-23 00:00:00+00:00,-0.6389406233788031,-0.26176723025605675,-0.3135255864670946,-0.3835648105426783,-0.3707320514613963
2023-08-24 00:00:00+00:00,-0.6500785906215696,-0.26176723025605675,-0.3135255864670946,-0.3835648105426783,-0.3707320514613963
2023-08-25 00:00:00+00:00,-0.6513362068082607,-0.26176723025605675,-0.3135255864670946,-0.3835648105426783,-0.3707320514613963
2023-08-26 00:00:00+00:00,-0.6512894181568918,-0.26176723025605675,-0.3135255864670946,-0.3835648105426783,-0.3707320514613963
2023-08-27 00:00:00+00:00,-0.6517070246528042,-0.26176723025605675,-0.3135255864670946,-0.3835648105426783,-0.3707320514613963
2023-08-28 00:00:00+00:00,-0.6496903656829233,-0.26176723025605675,-0.3135255864670946,-0.3835648105426783,-0.3707320514613963
2023-08-29 00:00:00+00:00,-0.6440369346585688,-0.26176723025605675,-0.3135255864670946,-0.3835648105426783,-0.3707320514613963
2023-08-30 00:00:00+00:00,-0.6425023660948617,-0.26176723025605675,-0.3135255864670946,-0.3835648105426783,-0.3707320514613963
2023-08-31 00:00:00+00:00,-0.6467014443243211,-0.26176723025605675,-0.3135255864670946,-0.3835648105426783,-0.3707320514613963
2023-09-01 00:00:00+00:00,-0.6413741360792029,-0.26176723025605675,-0.3135255864670946,-0.3835648105426783,-0.3707320514613963
2023-09-02 00:00:00+00:00,-0.6504845939930881,-0.26176723025605675,-0.3135255864670946,-0.3835648105426783,-0.3707320514613963
2023-09-03 00:00:00+00:00,-0.6549337464802606,-0.26176723025605675,-0.3135255864670946,-0.3835648105426783,-0.3707320514613963
2023-09-04 00:00:00+00:00,-0.6627861393892962,-0.26176723025605675,-0.3135255864670946,-0.3835648105426783,-0.3707320514613963
2023-09-05 00:00:00+00:00,-0.661156918930482,-0.26176723025605675,-0.3135255864670946,-0.3835648105426783,-0.3707320514613963
2023-09-06 00:00:00+00:00,-0.6596824741558308,-0.26176723025605675,-0.3135255864670946,-0.3835648105426783,-0.3707320514613963
2023-09-07 00:00:00+00:00,-0.6613137180541546,-0.26176723025605675,-0.3135255864670946,-0.3835648105426783,-0.3707320514613963
2023-09-08 00:00:00+00:00,-0.6644253866133634,-0.26176723025605675,-0.3135255864670946,-0.3835648105426783,-0.3707320514613963
2023-09-09 00:00:00+00:00,-0.6659845133442857,-0.26176723025605675,-0.3135255864670946,-0.3835648105426783,-0.3707320514613963
2023-09-10 00:00:00+00:00,-0.6754821928283762,-0.26176723025605675,-0.3135255864670946,-0.3835648105426783,-0.3707320514613963
2023-09-11 00:00:00+00:00,-0.6801281308265985,-0.26176723025605675,-0.3135255864670946,-0.3835648105426783,-0.3707320514613963
2023-09-12 00:00:00+00:00,-0.6801324209649549,-0.26176723025605675,-0.3135255864670946,-0.3835648105426783,-0.3707320514613963
2023-09-13 00:00:00+00:00,-0.67505546480507,-0.26176723025605675,-0.3135255864670946,-0.3835648105426783,-0.3707320514613963
2023-09-14 00:00:00+00:00,-0.6728153774664563,-0.26176723025605675,-0.3135255864670946,-0.3835648105426783,-0.3707320514613963
2023-09-15 00:00:00+00:00,-0.650694143863908,-0.26176723025605675,-0.3135255864670946,-0.3835648105426783,-0.3707320514613963
2023-09-16 00:00:00+00:00,-0.6282741910086145,-0.26176723025605675,-0.3135255864670946,-0.3835648105426783,-0.3707320514613963
2023-09-17 00:00:00+00:00,-0.6804212971203938,-0.26176723025605675,-0.3135255864670946,-0.3835648105426783,-0.3707320514613963
2023-09-18 00:00:00+00:00,-0.6632718256623328,-0.26176723025605675,-0.3135255864670946,-0.3835648105426783,-0.3707320514613963
2023-09-19 00:00:00+00:00,-0.6476600718549862,-0.26176723025605675,-0.3135255864670946,-0.3835648105426783,-0.3707320514613963
2023-09-20 00:00:00+00:00,-0.6480820116549149,-0.26133612813983476,-0.3135255864670946,-0.3835648105426783,-0.3707320514613963
2023-09-21 00:00:00+00:00,-0.663870054989841,-0.2825862834196071,-0.3135255864670946,-0.3835648105426783,-0.3707320514613963
2023-09-22 00:00:00+00:00,-0.6639493336027693,-0.2855851942535673,-0.3135255864670946,-0.3835648105426783,-0.3707320514613963
2023-09-23 00:00:00+00:00,-0.6634398416561351,-0.29082401488469045,-0.3135255864670946,-0.3835648105426783,-0.3707320514613963
2023-09-24 00:00:00+00:00,-0.6658209513263593,-0.2961330799183878,-0.3135255864670946,-0.3835648105426783,-0.3707320514613963
2023-09-25 00:00:00+00:00,-0.6586944745009862,-0.29649695379855556,-0.3135255864670946,-0.3835648105426783,-0.3707320514613963
2023-09-26 00:00:00+00:00,-0.6555116495012109,-0.29649695379855556,-0.3135255864670946,-0.3835648105426783,-0.3707320514613963
2023-09-27 00:00:00+00:00,-0.649199630906735,-0.29649695379855556,-0.3135255864670946,-0.3835648105426783,-0.3707320514613963
2023-09-28 00:00:00+00:00,-0.6469672182055545,-0.29649695379855556,-0.3135255864670946,-0.3835648105426783,-0.3707320514613963
2023-09-29 00:00:00+00:00,-0.650576885878369,-0.29567135033623126,-0.3135255864670946,-0.3835648105426783,-0.3707320514613963
2023-09-30 00:00:00+00:00,-0.6505954488427559,-0.29163828678997983,-0.3135255864670946,-0.3835648105426783,-0.3707320514613963
2023-10-01 00:00:00+00:00,-0.6445070224460139,-0.2830765290838593,-0.30906666136004723,-0.3835648105426783,-0.3707320514613963
2023-10-02 00:00:00+00:00,-0.646649511806633,-0.2883407254279907,-0.316767859746822,-0.3862400508184246,-0.3707320514613963
2023-10-03 00:00:00+00:00,-0.6591767297309967,-0.31677414233417733,-0.3254824645370443,-0.40314366694329884,-0.3707320514613963
2023-10-04 00:00:00+00:00,-0.666357021573899,-0.33069418587713684,-0.3421866780142353,-0.4139221268024187,-0.38649690370218037
2023-10-05 00:00:00+00:00,-0.6710894252071401,-0.31577914377794536,-0.32356718222709435,-0.3999560763044586,-0.3914458022119476
2023-10-06 00:00:00+00:00,-0.6672875231685262,-0.3169334796771618,-0.3307903506845665,-0.40717280636290776,-0.38693974896563177
2023-10-07 00:00:00+00:00,-0.6694664518460652,-0.31681266503951677,-0.33259732868789194,-0.4063277668147196,-0.39297857368121847
2023-10-08 00:00:00+00:00,-0.6712997395762768,-0.31921081542839225,-0.3353215983922667,-0.4070769981633586,-0.3968480701754935
2023-10-09 00:00:00+00:00,-0.6738341008921517,-0.3259744288468498,-0.3409579887744454,-0.41287515628463134,-0.4000988940465473
2023-10-10 00:00:00+00:00,-0.6765861469243706,-0.3322660531200431,-0.3476130898715598,-0.41664697104000836,-0.4012948947373053
2023-10-11 00:00:00+00:00,-0.6733648553698126,-0.3267206489319191,-0.34196962265332864,-0.41376431278176085,-0.39553755547810165
2023-10-12 00:00:00+00:00,-0.6735066094749682,-0.3310623164301819,-0.3439901076861447,-0.42358228018456545,-0.39557138848245443
2023-10-13 00:00:00+00:00,-0.6733289394832516,-0.33285428240105086,-0.3462499970152054,-0.4218776379093322,-0.3994480110235732
2023-10-14 00:00:00+00:00,-0.6698474744835548,-0.3274931272835565,-0.3400407167838113,-0.41971706171563583,-0.39249668961130024
2023-10-15 00:00:00+00:00,-0.6635257872599707,-0.31596357537760766,-0.32808342323548845,-0.41528044403112996,-0.38327756296087256
2023-10-16 00:00:00+00:00,-0.662337288189917,-0.31694926881324736,-0.3272488392848715,-0.41549517425276483,-0.3836419009950629
2023-10-17 00:00:00+00:00,-0.6768328308053406,-0.3464932986418551,-0.3562601294095554,-0.4254468163563464,-0.3836419009950629
2023-10-18 00:00:00+00:00,-0.6933922741459435,-0.3832513455516826,-0.3923385295817574,-0.4654421863789273,-0.3836419009950629
2023-10-19 00:00:00+00:00,-0.7053370404133685,-0.4084754814752811,-0.41736406824593764,-0.48398228118146913,-0.38328071930439067
2023-10-20 00:00:00+00:00,-0.706045534008477,-0.40885751361099076,-0.4178298523639249,-0.46863046198593494,-0.38321770375686304
2023-10-21 00:00:00+00:00,-0.7030565799236965,-0.40245140037327987,-0.4115610987018826,-0.4664450070829411,-0.37784845890330665
2023-10-22 00:00:00+00:00,-0.7030157370488881,-0.40331861556004345,-0.4123441220809947,-0.46773461845047837,-0.377498525811913
2023-10-23 00:00:00+00:00,-0.6970213585067153,-0.3909045745444272,-0.4002199287541828,-0.46348372858257536,-0.3462662981811194
2023-10-24 00:00:00+00:00,-0.697478881017444,-0.3918729763133849,-0.40115902347501475,-0.46266896984279204,-0.35043677517940985
2023-10-25 00:00:00+00:00,-0.6933654462098953,-0.38358914907914676,-0.3930134652197823,-0.45858448005043084,-0.34020149254338294
2023-10-26 00:00:00+00:00,-0.6933310640486693,-0.3835146000979627,-0.39294091897872074,-0.4550040957053776,-0.3358308453464154
2023-10-27 00:00:00+00:00,-0.6957982734801389,-0.38846555766879076,-0.3978241078447402,-0.4662436418477185,-0.3485069495237251
2023-10-28 00:00:00+00:00,-0.6927049631897962,-0.38224529041833266,-0.3917023182016418,-0.46428852700646117,-0.3478062360233072
2023-10-29 00:00:00+00:00,-0.689188328503163,-0.37513098331701,-0.38470947736513894,-0.45680574733349544,-0.34390890587269385
2023-10-30 00:00:00+00:00,-0.6869166508725975,-0.37052320220699075,-0.3801829820983158,-0.44122233365452523,-0.3409592448464036
2023-10-31 00:00:00+00:00,-0.6864499047510917,-0.3695885034609764,-0.37926130854223905,-0.4384448714619643,-0.3381005000154246
2023-11-01 00:00:00+00:00,-0.6793859809336456,-0.3554200704997602,-0.3652974033033357,-0.42506704531276374,-0.32096762102445875
2023-11-02 00:00:00+00:00,-0.6860446892864074,-0.3688416431069519,-0.3784974756205346,-0.4365512194987826,-0.3315631459869165
2023-11-03 00:00:00+00:00,-0.6806445227754804,-0.3580450924212544,-0.36784454636627806,-0.42120290484582845,-0.30787152902433135
2023-11-04 00:00:00+00:00,-0.6699476911349715,-0.33661255056591377,-0.34671525169006456,-0.3927080413468895,-0.26299874658125666
2023-11-05 00:00:00+00:00,-0.6718174616301018,-0.34036019241986737,-0.3504088721101154,-0.39757122799952815,-0.27186205095685634
2023-11-06 00:00:00+00:00,-0.6703078714885321,-0.33733167904705674,-0.34742421788880484,-0.39552906265089416,-0.2667864362642033
2023-11-07 00:00:00+00:00,-0.6694251727267523,-0.33555099655033316,-0.3456735910862805,-0.3923433075231192,-0.2633857618818095
2023-11-08 00:00:00+00:00,-0.6675656635984311,-0.3318251873871437,-0.3420001199585698,-0.38876938728240396,-0.2573888089684421
2023-11-09 00:00:00+00:00,-0.6622351272063591,-0.3210823885095446,-0.3314317352413405,-0.3762146944720831,-0.24442772436087945
2023-11-10 00:00:00+00:00,-0.6460700494070382,-0.2885357096561071,-0.2994017003655014,-0.3414229712642812,-0.21138713367475548
2023-11-11 00:00:00+00:00,-0.6603161088929421,-0.3172087179125498,-0.32762329634945886,-0.3570946329348569,-0.23365191087046233
2023-11-12 00:00:00+00:00,-0.6580166949270239,-0.31257058957182116,-0.32306199278270886,-0.35311538580924984,-0.22976425451192972
2023-11-13 00:00:00+00:00,-0.6822993804720794,-0.36140760794392657,-0.371143955854797,-0.39373372183884814,-0.28070223917235626
2023-11-14 00:00:00+00:00,-0.6721791354239255,-0.34109612503689224,-0.35113059403158664,-0.37511889426493006,-0.25628435865856225
2023-11-15 00:00:00+00:00,-0.6563202873234746,-0.3092694529505958,-0.31977019868449263,-0.3427556182111261,-0.21697971953993278
2023-11-16 00:00:00+00:00,-0.6634099868795078,-0.3235062070949346,-0.33379511558616415,-0.36023086663837833,-0.234349537763748
2023-11-17 00:00:00+00:00,-0.66526037023994,-0.32721678435672086,-0.33745242781056095,-0.3634982492967018,-0.23951288536937732
2023-11-18 00:00:00+00:00,-0.665702934727949,-0.32810754379908635,-0.338329159413721,-0.3634569016714385,-0.23997543894643392
2023-11-19 00:00:00+00:00,-0.6625410626415003,-0.3217383730257607,-0.33206224939340756,-0.3576442998746179,-0.23411259800569484
2023-11-20 00:00:00+00:00,-0.6679926604615146,-0.3327196534408543,-0.3428673086061226,-0.36808672068370474,-0.24437595823451874
2023-11-21 00:00:00+00:00,-0.6875360725988859,-0.37200940946801464,-0.3815555317944267,-0.4048782344970292,-0.28712982939490594
2023-11-22 00:00:00+00:00,-0.663230357497027,-0.3231766655571161,-0.33345871428683116,-0.3598689752218981,-0.23148398639478263
2023-11-23 00:00:00+00:00,-0.6663133688647935,-0.3293685009578212,-0.3395580888176837,-0.36541294567152294,-0.23878026920548023
2023-11-24 00:00:00+00:00,-0.6626620478349106,-0.32203601439806073,-0.33233482207799314,-0.3584056404655991,-0.22981286188945127
2023-11-25 00:00:00+00:00,-0.658084013102889,-0.3128401048675138,-0.32327680227269695,-0.3495944691486671,-0.21883891935048871
2023-11-26 00:00:00+00:00,-0.658498222462475,-0.31367028875245173,-0.3240952317822966,-0.35039716997354076,-0.21995543448406107
2023-11-27 00:00:00+00:00,-0.6622941322021678,-0.32130180049736645,-0.3316097993831495,-0.35771663594009284,-0.22846383279977112
2023-11-28 00:00:00+00:00,-0.6432043393268438,-0.2829446755890067,-0.2938321323392574,-0.32185045676629076,-0.18468927226507803
2023-11-29 00:00:00+00:00,-0.652740325438165,-0.3021163056167123,-0.3127100003516341,-0.3398567044927616,-0.20577549037973697
2023-11-30 00:00:00+00:00,-0.6504898638368293,-0.2975967046273724,-0.30825782725010775,-0.3355634401221287,-0.2003324720560733
2023-12-01 00:00:00+00:00,-0.6399142291784563,-0.2763621017194561,-0.28733834805186487,-0.31525082606780386,-0.17443514557738726
2023-12-02 00:00:00+00:00,-0.6351441191814553,-0.2667909819776003,-0.2779067406631269,-0.3061292935656241,-0.16229296682748817
2023-12-03 00:00:00+00:00,-0.6361587585957003,-0.2688287938359858,-0.27991410816291284,-0.3080684308873858,-0.16472914269169203
2023-12-04 00:00:00+00:00,-0.6310447272976085,-0.2585537294438053,-0.26979405718214255,-0.2983503318122971,-0.1528450375470216
2023-12-05 00:00:00+00:00,-0.6250250954834866,-0.24645509273171273,-0.257879471830188,-0.28689683613325734,-0.13914320081704123
2023-12-06 00:00:00+00:00,-0.6318774898072206,-0.26022761221989776,-0.27144242159656795,-0.29993541793009804,-0.15473049289816188
2023-12-07 00:00:00+00:00,-0.6296686431101617,-0.2557894071624971,-0.2670712524089064,-0.2957370805035523,-0.14961219408000093
2023-12-08 00:00:00+00:00,-0.6179402542199799,-0.23222246761186893,-0.24386074595241547,-0.2734408635331481,-0.12252446176982701
2023-12-09 00:00:00+00:00,-0.6226562466618678,-0.24170036096084369,-0.25319468486799535,-0.28241185076801956,-0.13330206600695327
2023-12-10 00:00:00+00:00,-0.6191115931113409,-0.23457750105868969,-0.24617965071748293,-0.2756723720508355,-0.125133712329623
2023-12-11 00:00:00+00:00,-0.6254970250338387,-0.24740892826565608,-0.2588167905317167,-0.28781347001170876,-0.13983985384400244
2023-12-12 00:00:00+00:00,-0.6221285162845299,-0.2406398592600053,-0.25215025421721915,-0.28140831539971267,-0.1320891945339222
2023-12-13 00:00:00+00:00,-0.6019184188231365,-0.20002626600528062,-0.21215225889242995,-0.24297533888236034,-0.08566535265401021
2023-12-14 00:00:00+00:00,-0.5957083478476763,-0.18754667583678963,-0.19986183546227843,-0.23116574562393055,-0.07140197113435598
2023-12-15 00:00:00+00:00,-0.6138254699762083,-0.22395422367448792,-0.23571756321690052,-0.26561834093859726,-0.11302282629403626
2023-12-16 00:00:00+00:00,-0.6091318336861367,-0.2145218870937159,-0.22642825276927414,-0.2566920631271593,-0.10225181019145124
2023-12-17 00:00:00+00:00,-0.6177544675817167,-0.23184975053159063,-0.24349343919911948,-0.27308977208260177,-0.12205269207989511
2023-12-18 00:00:00+00:00,-0.5867275916996597,-0.16949889757565106,-0.1820877380241035,-0.21408616147868198,-0.05079573895097078
2023-12-19 00:00:00+00:00,-0.5909566738388592,-0.17799751155299126,-0.19045754236458068,-0.22212841566328034,-0.06051161980398756
2023-12-20 00:00:00+00:00,-0.5672772759782582,-0.130411896461745,-0.1435932868729345,-0.17709719557517023,-0.0061343389425903005
2023-12-21 00:00:00+00:00,-0.5568263145418494,-0.10941022086699115,-0.1229098460542708,-0.15722377597612514,0.0
2023-12-22 00:00:00+00:00,-0.5646733845380469,-0.12517940528508353,-0.13844002789417098,-0.172146168427193,-0.017711695946887374
2023-12-23 00:00:00+00:00,-0.5586551167686862,-0.11308525393875013,-0.12652920216462282,-0.16070131162269885,-0.004132058880729317
2023-12-24 00:00:00+00:00,-0.5573066759907861,-0.11037546419138555,-0.12386048755332635,-0.15813700392820973,-0.0010893568254587427
2023-12-25 00:00:00+00:00,-0.5599197438989851,-0.11562661464443647,-0.12903204057381823,-0.1631062339341428,-0.006985598206584398
2023-12-26 00:00:00+00:00,-0.5496460738574493,-0.09498092338795538,-0.10869929953828816,-0.14356895069862774,0.0
2023-12-27 00:00:00+00:00,-0.5479579051906929,-0.09158842509753584,-0.10535822516462945,-0.14035858616303254,0.0
2023-12-28 00:00:00+00:00,-0.56711461127572,-0.13008522394662736,-0.14327148536633894,-0.1767885962084167,-0.042378138696973044
2023-12-29 00:00:00+00:00,-0.5713809264394842,-0.1386586959686199,-0.1517149996334899,-0.18490178248674194,-0.051815983232330165
2023-12-30 00:00:00+00:00,-0.5580291961682686,-0.11182741954327813,-0.12529043463887024,-0.1595110043985758,-0.022279519709499707
2023-12-31 00:00:00+00:00,-0.565779108435134,-0.12740143415999816,-0.14062837651823734,-0.1742488931194225,-0.03942371849465909
2024-01-01 00:00:00+00:00,-0.562368422152809,-0.12054741110105338,-0.13387824751270283,-0.16776284382443607,-0.031878661816341136
2024-01-02 00:00:00+00:00,-0.5633816688135047,-0.12258360426418191,-0.13588357581807742,-0.16968971941033806,-0.03412014492368509
2024-01-03 00:00:00+00:00,-0.540171073204155,-0.07594021908954185,-0.08994721593715305,-0.12555049222166526,0.0
2024-01-04 00:00:00+00:00,-0.5298225177466167,-0.055144041872357774,-0.06946626936440137,-0.10587080574074237,0.0
2024-01-05 00:00:00+00:00,-0.5466728709525812,-0.08900605609349288,-0.10281499958486995,-0.13791485975555762,-0.03583828663750577
2024-01-06 00:00:00+00:00,-0.5731660145470756,-0.14224596121201427,-0.15524788856204474,-0.1882964580629224,-0.09218540371390338
2024-01-07 00:00:00+00:00,-0.5822026716578248,-0.16040578304097586,-0.17313244187843024,-0.2054813280867801,-0.11140507695036195
2024-01-08 00:00:00+00:00,-0.5742605049002969,-0.14444541921605025,-0.15741400703079766,-0.19037783265681918,-0.09451324236068848
2024-01-09 00:00:00+00:00,-0.57717253089033,-0.15029734798334893,-0.1631772316152138,-0.1959155872947288,-0.10070669970251911
2024-01-10 00:00:00+00:00,-0.5552931203200702,-0.10632907589181662,-0.1198754353131597,-0.1543078528070676,-0.054172339432220884
2024-01-11 00:00:00+00:00,-0.549987023396622,-0.09566608691480649,-0.10937407707593416,-0.14421733082415766,-0.042887035630144954
2024-01-12 00:00:00+00:00,-0.5639141166866839,-0.12365359707949763,-0.13693734958204007,-0.1707022671297147,-0.07250796502303336
2024-01-13 00:00:00+00:00,-0.5574468392335135,-0.11065713115261944,-0.1241378854678109,-0.1584035463781276,-0.05875299344462159
2024-01-14 00:00:00+00:00,-0.5619091122433131,-0.11962439438335504,-0.13296922195833305,-0.16688938150736077,-0.06824360628288884
2024-01-15 00:00:00+00:00,-0.5598941503965515,-0.11557518152499913,-0.12898138750123422,-0.163057559946176,-0.06395807180485191
2024-01-16 00:00:00+00:00,-0.5556719153213929,-0.10709029202466958,-0.12062511287394895,-0.1550282011760412,-0.05497798613142246
2024-01-17 00:00:00+00:00,-0.5573697981036965,-0.10874152382299884,-0.1239854124682157,-0.15825703844988748,-0.05858913828313417
2024-01-18 00:00:00+00:00,-0.5607453488248887,-0.12001546129275409,-0.12443072510561504,-0.1646762706839453,-0.06576844987386976
2024-01-19 00:00:00+00:00,-0.5581929759686013,-0.11763423645000015,-0.12445421679080537,-0.15982246297292846,-0.06033991942481698
2024-01-20 00:00:00+00:00,-0.5663762365363114,-0.12542925579875475,-0.12445421679080537,-0.17538444215072801,-0.07774453924122027
2024-01-21 00:00:00+00:00,-0.5743404577320164,-0.12882664154646273,-0.12445421679080537,-0.19052987756618123,-0.09468329377223406
2024-01-22 00:00:00+00:00,-0.592535683929264,-0.12908075371982586,-0.12445421679080537,-0.22513145585756544,-0.1333819264160201
2024-01-23 00:00:00+00:00,-0.587715828986987,-0.12908075371982586,-0.12445421679080537,-0.21596561277658377,-0.12313078726603555
2024-01-24 00:00:00+00:00,-0.5886099117388723,-0.12908075371982586,-0.12445421679080537,-0.21766587602157783,-0.12503237285839885
2024-01-25 00:00:00+00:00,-0.5944055683358637,-0.12908075371982586,-0.12445421679080537,-0.22868738591399596,-0.13735890193325861
2024-01-26 00:00:00+00:00,-0.5873602484197367,-0.12908075371982586,-0.12445421679080537,-0.21528941074360508,-0.12237451860762993
2024-01-27 00:00:00+00:00,-0.5862353084358667,-0.12908075371982586,-0.12445421679080537,-0.21315012989644844,-0.11998193282882863
2024-01-28 00:00:00+00:00,-0.5857277742535252,-0.12908075371982586,-0.12445421679080537,-0.2121849600462138,-0.11890248052029484
2024-01-29 00:00:00+00:00,-0.5742615734902288,-0.12908075371982586,-0.12445421679080537,-0.19037986462575318,-0.09451551846333661
2024-01-30 00:00:00+00:00,-0.5763093554414699,-0.12908075371982586,-0.12445421679080537,-0.19427409967090226,-0.0988708565370281
2024-01-31 00:00:00+00:00,-0.5808573796937699,-0.13382371188310904,-0.12445421679080537,-0.2029230065619555,-0.10854385085892859
2024-02-01 00:00:00+00:00,-0.5733353479775191,-0.11952515621015891,-0.12445421679080537,-0.18861847599298298,-0.09254556983778173
2024-02-02 00:00:00+00:00,-0.5713629262001831,-0.114034891365411,-0.12445421679080537,-0.18486755221693285,-0.08835051202905042
2024-02-03 00:00:00+00:00,-0.5725605108000263,-0.11744779207397371,-0.12445421679080537,-0.1871449801996471,-0.09089760245569956
2024-02-04 00:00:00+00:00,-0.5778119322701962,-0.12591070557720552,-0.12445421679080537,-0.19713152662544098,-0.10206662162616198
2024-02-05 00:00:00+00:00,-0.5775927218268149,-0.12196410542951663,-0.12445421679080537,-0.19671465753917827,-0.10160039249975861
2024-02-06 00:00:00+00:00,-0.5776541710678321,-0.12439567904081539,-0.12445421679080537,-0.19683151460382908,-0.10173108620903792
2024-02-07 00:00:00+00:00,-0.5772044489352619,-0.12233166326254785,-0.12445421679080537,-0.19597628502815445,-0.10077459182964976
2024-02-08 00:00:00+00:00,-0.577715675202243,-0.12570621209101673,-0.12445421679080537,-0.1969484760583916,-0.10186189666868062
2024-02-09 00:00:00+00:00,-0.5763008972472056,-0.11268498070407296,-0.12445421679080537,-0.19425801485461403,-0.09885286717230812
2024-02-10 00:00:00+00:00,-0.5772934385256675,-0.11612527688629048,-0.12802066547145952,-0.19614551514633238,-0.10096385990627443
2024-02-11 00:00:00+00:00,-0.5710546116785977,-0.10258074461740263,-0.11307392156293927,-0.1842812352928317,-0.08769477132685966
2024-02-12 00:00:00+00:00,-0.5642928102671223,-0.08793681106974494,-0.10114609946067354,-0.17142242285484566,-0.07331339096727807
2024-02-13 00:00:00+00:00,-0.5706413954989027,-0.10157270738034307,-0.11378115741467709,-0.1834954285192072,-0.08681591986564341
2024-02-14 00:00:00+00:00,-0.5584541968845138,-0.07900441487685694,-0.09607905158772045,-0.16031922271390986,-0.06089549894144419
2024-02-15 00:00:00+00:00,-0.5556187166405966,-0.07241390168602124,-0.08934933431669922,-0.15492703409294983,-0.054864839741567306
2024-02-16 00:00:00+00:00,-0.5599609205733869,-0.08041600246926728,-0.09793449773780205,-0.16318453568778812,-0.06410008380690657
2024-02-17 00:00:00+00:00,-0.5595306502760673,-0.07841446025205567,-0.09191626041663714,-0.16236629736427277,-0.06318496068709956
2024-02-18 00:00:00+00:00,-0.5575693918539216,-0.07327636586947173,-0.08615867165177482,-0.15863660276691416,-0.05901364573182122
2024-02-19 00:00:00+00:00,-0.5563090974735607,-0.07086645854626095,-0.08500879351272939,-0.15623992057121894,-0.056333180609279276
2024-02-20 00:00:00+00:00,-0.5543319009537491,-0.06652136292470323,-0.08179761606815217,-0.152479916741744,-0.05212796760956062
2024-02-21 00:00:00+00:00,-0.5550677020563859,-0.06610276960563533,-0.08825912573370132,-0.1538791782394887,-0.053692910866850796
2024-02-22 00:00:00+00:00,-0.5390222276262903,-0.03419460136290031,-0.05345194090479999,-0.12336574940306266,-0.019566491472526315
2024-02-23 00:00:00+00:00,-0.5440446353150388,-0.044426494745887224,-0.06400798253910733,-0.1329167838873223,-0.03024843122458709
2024-02-24 00:00:00+00:00,-0.5358936184808951,-0.023556835644041207,-0.03976192298134673,-0.11741612211526276,-0.01291238920326554
2024-02-25 00:00:00+00:00,-0.5325446994685701,-0.01781087228535838,-0.0353452178861976,-0.11104753498455933,-0.00578971949161966
2024-02-26 00:00:00+00:00,-0.5265459590841428,-0.002384722602772782,-0.022263709983845192,-0.09963982381803282,0.0
2024-02-27 00:00:00+00:00,-0.5385478110861583,-0.02736778027987652,-0.04302529647890796,-0.12246355885711147,-0.02534956081227857
2024-02-28 00:00:00+00:00,-0.4974973186704984,0.0,0.0,-0.04439847673800301,0.0
2024-02-29 00:00:00+00:00,-0.5043342551322768,-0.013805593040446484,-0.010910759925177649,-0.057400172331019905,-0.013605771104921338
2024-03-01 00:00:00+00:00,-0.4414647090537607,0.0,0.0,0.0,0.0
2024-03-02 00:00:00+00:00,-0.4401866129424954,0.0,0.0,0.0,0.0
2024-03-03 00:00:00+00:00,-0.418992725983635,0.0,0.0,0.0,0.0
2024-03-04 00:00:00+00:00,-0.397730600680264,0.0,0.0,0.0,0.0
2024-03-05 00:00:00+00:00,-0.41906899901592,-0.03294742650402804,-0.028952485924908067,-0.03542998923697227,-0.03542998923697227
2024-03-06 00:00:00+00:00,-0.3435116497940712,0.0,0.0,0.0,0.0
2024-03-07 00:00:00+00:00,-0.33588642258260315,0.0,0.0,0.0,0.0
2024-03-08 00:00:00+00:00,-0.2865682934554552,0.0,0.0,0.0,0.0
2024-03-09 00:00:00+00:00,-0.24863164919671832,0.0,0.0,0.0,0.0
2024-03-10 00:00:00+00:00,-0.2517447406974318,-0.004174697596894261,-0.004238411814213028,-0.004143229479103505,-0.004143229479103172
2024-03-11 00:00:00+00:00,-0.2278514006980168,0.0,0.0,0.0,0.0
2024-03-12 00:00:00+00:00,-0.23250588660163185,-0.006790433138750163,-0.0057656679609219275,-0.0060279665181321995,-0.006027966518132422
2024-03-13 00:00:00+00:00,-0.22025780749927437,0.0,0.0,0.0,0.0
2024-03-14 00:00:00+00:00,-0.20933112480665073,0.0,0.0,0.0,0.0
2024-03-15 00:00:00+00:00,-0.22676271678634874,-0.022178136668457027,-0.0212144909273273,-0.022046639910336063,-0.022046639910336063
2024-03-16 00:00:00+00:00,-0.2724369237704901,-0.07892005735529473,-0.07900273960180126,-0.07981318215973487,-0.0798131821597351
2024-03-17 00:00:00+00:00,-0.23882268351670388,-0.03642077276859246,-0.03597881030446992,-0.037299506323480225,-0.037299506323480225
2024-03-18 00:00:00+00:00,-0.2636474338378636,-0.06672309733861004,-0.06734615917088382,-0.06869665764689481,-0.06869665764689492
2024-03-19 00:00:00+00:00,-0.29965063579639384,-0.11192866970561,-0.11304241165296935,-0.11423177745254798,-0.11423177745254798
2024-03-20 00:00:00+00:00,-0.22397727819279978,-0.016640627382814244,-0.01705484434804727,-0.01852375102354653,-0.01852375102354642
2024-03-21 00:00:00+00:00,-0.23800298399717867,-0.034415718232778,-0.03482066065389422,-0.03626278975951425,-0.03626278975951436
2024-03-22 00:00:00+00:00,-0.25005119833807565,-0.0496174054635109,-0.05008340767822017,-0.05150079231519966,-0.05150079231519966
2024-03-23 00:00:00+00:00,-0.25349705011420864,-0.05397510587206522,-0.05444783066279135,-0.05585894006104353,-0.05585894006104353
2024-03-24 00:00:00+00:00,-0.24672825411507027,-0.045571188915764727,-0.04585414489310047,-0.04729809213657821,-0.047298092136578096
2024-03-25 00:00:00+00:00,-0.24334006197279467,-0.041361417424760405,-0.04155285175844936,-0.04301286952496719,-0.04301286952496708
2024-03-26 00:00:00+00:00,-0.23980629612334825,-0.03697077306216168,-0.0370667535239263,-0.03854353228365737,-0.038543532283657145
2024-03-27 00:00:00+00:00,-0.23823893509135818,-0.03498646451123111,-0.03508119861557846,-0.03656120936547347,-0.03656120936547358
2024-03-28 00:00:00+00:00,-0.23133404541500657,-0.026259035036658718,-0.026332306471873346,-0.027828236697663544,-0.027828236697663322
2024-03-29 00:00:00+00:00,-0.24020880331574546,-0.0374883607764851,-0.037575740148236614,-0.03905260403926247,-0.03905260403926236
2024-03-30 00:00:00+00:00,-0.24632047442598715,-0.04523384422567889,-0.04531686824161396,-0.046782351980519166,-0.046782351980519055
2024-03-31 00:00:00+00:00,-0.22695364197316004,-0.020614412474059707,-0.02079513201513894,-0.022288112912247637,-0.022288112912247637
2024-04-01 00:00:00+00:00,-0.24479222451468563,-0.043283681941971075,-0.043382759863178855,-0.04484949492840906,-0.04484949492840895
2024-04-02 00:00:00+00:00,-0.2779935516916435,-0.08537543157389882,-0.08543452616251102,-0.08684093814645522,-0.0868409381464551
2024-04-03 00:00:00+00:00,-0.27202919517917845,-0.07787973482064847,-0.0778724715321415,-0.07929750662968194,-0.07929750662968182
2024-04-04 00:00:00+00:00,-0.2680879607577702,-0.0729109482949658,-0.07287716530339783,-0.07431282271829798,-0.07431282271829787
2024-04-05 00:00:00+00:00,-0.2821385522760347,-0.09067954464868355,-0.09067862648854574,-0.09208333570937621,-0.0920833357093761
2024-04-06 00:00:00+00:00,-0.2742028148145649,-0.08062648535176997,-0.08062644317710754,-0.08204659629740751,-0.08204659629740751
2024-04-07 00:00:00+00:00,-0.2682562414267623,-0.0730542643351656,-0.07309855101264606,-0.07452565602219041,-0.0745256560221903
2024-04-08 00:00:00+00:00,-0.2631879840782041,-0.0666423890335528,-0.06667759523722927,-0.06811556766842941,-0.06811556766842941
2024-04-09 00:00:00+00:00,-0.2816943910709654,-0.09010003911787134,-0.09011799642284968,-0.0915215819601084,-0.0915215819601084
2024-04-10 00:00:00+00:00,-0.2741938519607392,-0.08059999704523668,-0.08061689290264662,-0.08203526051057353,-0.08203526051057353
2024-04-11 00:00:00+00:00,-0.27543947320221296,-0.08217778850999513,-0.08219473830520496,-0.08361066240200266,-0.08361066240200288
2024-04-12 00:00:00+00:00,-0.32846414095876175,-0.14933468374259384,-0.14936271237936338,-0.15067371423085085,-0.15067371423085096
2024-04-13 00:00:00+00:00,-0.3938229788081896,-0.2321257606382804,-0.2321532585780256,-0.23333643170970075,-0.23333643170970098
2024-04-14 00:00:00+00:00,-0.35720451802531106,-0.18573377656033707,-0.1857691741427755,-0.18702316210752512,-0.18702316210752534
2024-04-15 00:00:00+00:00,-0.3623608920111544,-0.19227232900108282,-0.19229997840365454,-0.19354469614992975,-0.19354469614992986
2024-04-16 00:00:00+00:00,-0.3754165188549834,-0.21151182820755376,-0.21154000767847503,-0.21005682563098016,-0.21005682563098027
2024-04-17 00:00:00+00:00,-0.3846294491188721,-0.21923735703170022,-0.2192672385171045,-0.22170889712757924,-0.22170889712757957
2024-04-18 00:00:00+00:00,-0.38212823301744103,-0.2194235048800316,-0.21945309927438605,-0.21854547919131695,-0.21854547919131728
2024-04-19 00:00:00+00:00,-0.3819095176779631,-0.2194235048800316,-0.21945309927438605,-0.21826885853968891,-0.21826885853968914
2024-04-20 00:00:00+00:00,-0.36204534487020046,-0.2194235048800316,-0.21945309927438605,-0.19314560728877184,-0.19314560728877217
2024-04-21 00:00:00+00:00,-0.3743409533341997,-0.2194235048800316,-0.21945309927438605,-0.20869650204353551,-0.20869650204353585
2024-04-22 00:00:00+00:00,-0.364996685452023,-0.2194235048800316,-0.21945309927438605,-0.19687832103838143,-0.19687832103838154
2024-04-23 00:00:00+00:00,-0.36688877210600535,-0.2194235048800316,-0.21945309927438605,-0.1992713413194941,-0.19927134131949442
2024-04-24 00:00:00+00:00,-0.3665931076157839,-0.2194235048800316,-0.21945309927438605,-0.19889739907957849,-0.1988973990795786
2024-04-25 00:00:00+00:00,-0.36148260343044136,-0.2194235048800316,-0.21945309927438605,-0.19243387895670427,-0.1924338789567045
2024-04-26 00:00:00+00:00,-0.36799264616686445,-0.2194235048800316,-0.21945309927438605,-0.20066746818813974,-0.20066746818813985
2024-04-27 00:00:00+00:00,-0.37276138157308436,-0.2194235048800316,-0.21945309927438605,-0.20669873558190655,-0.20669873558190666
2024-04-28 00:00:00+00:00,-0.3770042516788069,-0.2194235048800316,-0.21945309927438605,-0.21206491381256598,-0.2120649138125661
2024-04-29 00:00:00+00:00,-0.3771805438786723,-0.2194235048800316,-0.21945309927438605,-0.21228787971573515,-0.21228787971573548
2024-04-30 00:00:00+00:00,-0.38485189111545115,-0.2194235048800316,-0.21945309927438605,-0.221990231076035,-0.22199023107603522
2024-05-01 00:00:00+00:00,-0.3809011726568775,-0.2194235048800316,-0.21945309927438605,-0.2169935522101729,-0.21699355221017325
2024-05-02 00:00:00+00:00,-0.3737673722990774,-0.2194235048800316,-0.21945309927438605,-0.20797106431211865,-0.20797106431211887
2024-05-03 00:00:00+00:00,-0.36839456002349846,-0.2194235048800316,-0.21945309927438605,-0.20117578952118276,-0.20117578952118298
2024-05-04 00:00:00+00:00,-0.36775465920415873,-0.2194235048800316,-0.21945309927438605,-0.20036647371349625,-0.20036647371349647
2024-05-05 00:00:00+00:00,-0.3684637536323153,-0.2194235048800316,-0.21945309927438605,-0.20126330227271239,-0.2012633022727126
2024-05-06 00:00:00+00:00,-0.36851504736159035,-0.2194235048800316,-0.21945309927438605,-0.20132817611672493,-0.20132817611672527
2024-05-07 00:00:00+00:00,-0.3763694335304919,-0.2194235048800316,-0.21945309927438605,-0.2112620263229582,-0.21126202632295865
2024-05-08 00:00:00+00:00,-0.382199176206943,-0.2194235048800316,-0.21945309927438605,-0.218635204728426,-0.21863520472842624
2024-05-09 00:00:00+00:00,-0.3445678219037458,-0.2194235048800316,-0.21945309927438605,-0.1710408760734694,-0.17104087607346952
2024-05-10 00:00:00+00:00,-0.3611347979334134,-0.2194235048800316,-0.21945309927438605,-0.19199399127686778,-0.19199399127686811
2024-05-11 00:00:00+00:00,-0.36490950974013736,-0.2194235048800316,-0.21945309927438605,-0.19676806538696978,-0.19676806538697011
2024-05-12 00:00:00+00:00,-0.36571545952693485,-0.2194235048800316,-0.21945309927438605,-0.19778739194968564,-0.19778739194968575
2024-05-13 00:00:00+00:00,-0.36349880920416444,-0.2194235048800316,-0.21945309927438605,-0.19498387913627424,-0.19498387913627446
2024-05-14 00:00:00+00:00,-0.3820369325905695,-0.2194235048800316,-0.21945309927438605,-0.2184300067985928,-0.21843000679859303
2024-05-15 00:00:00+00:00,-0.3529584056923244,-0.2194235048800316,-0.21945309927438605,-0.18165288326361828,-0.1816528832636185
2024-05-16 00:00:00+00:00,-0.35904695517510854,-0.21334679706596804,-0.21945309927438605,-0.18935338808151125,-0.18935338808151125
2024-05-17 00:00:00+00:00,-0.3498305400405567,-0.2090589579613159,-0.21945309927438605,-0.17769690908795244,-0.17769690908795277
2024-05-18 00:00:00+00:00,-0.3502224633570188,-0.21079861906844555,-0.21726247671502608,-0.17819259486585315,-0.17819259486585326
2024-05-19 00:00:00+00:00,-0.3568820245577823,-0.2226266916974008,-0.22672755094558572,-0.18661528786630166,-0.18661528786630166
2024-05-20 00:00:00+00:00,-0.32831861918298644,-0.16773881399005186,-0.19812138871230978,-0.150489665281486,-0.150489665281486
2024-05-21 00:00:00+00:00,-0.32925039734789685,-0.17287409299157497,-0.16973624078668603,-0.15166813353051456,-0.15166813353051445
2024-05-22 00:00:00+00:00,-0.3224220576159832,-0.16344447344216306,-0.15956674407418148,-0.14303197755403962,-0.1430319775540395
2024-05-23 00:00:00+00:00,-0.3183262224341218,-0.14801899860476075,-0.167294526153984,-0.1378517620297347,-0.13785176202973448
2024-05-24 00:00:00+00:00,-0.3192496762721716,-0.1542907286827928,-0.16115587984827495,-0.1390197020701518,-0.13901970207015169
2024-05-25 00:00:00+00:00,-0.3117988981881189,-0.14350440303750722,-0.14687719078323014,-0.1295963159753969,-0.12959631597539667
2024-05-26 00:00:00+00:00,-0.3110904104126163,-0.14189043836767157,-0.14553789604005885,-0.12870025468130675,-0.12870025468130641
2024-05-27 00:00:00+00:00,-0.2928867071615804,-0.12129439850395063,-0.11060953638377047,-0.10567708553659427,-0.10567708553659405
2024-05-28 00:00:00+00:00,-0.2854832473570733,-0.1064307290664348,-0.0979142696244848,-0.09631354532806302,-0.09631354532806291
2024-05-29 00:00:00+00:00,-0.296952247019564,-0.12340952119464477,-0.11284792244413977,-0.11081898499101428,-0.11081898499101406
2024-05-30 00:00:00+00:00,-0.29232985309616333,-0.12723969018980852,-0.09982347591697949,-0.10497280327269343,-0.10497280327269332
2024-05-31 00:00:00+00:00,-0.28890124231767134,-0.12013226149759881,-0.09523369676075577,-0.10063646111219893,-0.10063646111219837
2024-06-01 00:00:00+00:00,-0.29514467758696183,-0.1277045576868674,-0.10248025910131053,-0.10853285803026846,-0.10853285803026824
2024-06-02 00:00:00+00:00,-0.30710733221491104,-0.14309693432466963,-0.1169922688058106,-0.12366264877234623,-0.12366264877234567
2024-06-03 00:00:00+00:00,-0.2985103315324551,-0.14014309180296702,-0.10626757367621542,-0.11278957541359835,-0.1127895754135978
2024-06-04 00:00:00+00:00,-0.3008819975907303,-0.14211150308014975,-0.107662281914642,-0.1157891446804361,-0.11578914468043577
2024-06-05 00:00:00+00:00,-0.29196523088341975,-0.1332271697273456,-0.09460955370857771,-0.10451164661889922,-0.10451164661889878
2024-06-06 00:00:00+00:00,-0.29630654311029125,-0.13998758113982324,-0.09961733045671417,-0.11000232971403157,-0.11000232971403123
2024-06-07 00:00:00+00:00,-0.32247450727344307,-0.17138987468789757,-0.13313297762865905,-0.14309831336047607,-0.14309831336047574
2024-06-08 00:00:00+00:00,-0.3303744021123779,-0.18143876294016037,-0.14246378357290612,-0.1530897207457773,-0.1530897207457771
2024-06-09 00:00:00+00:00,-0.3264857758805306,-0.17705950038314078,-0.1369341085596707,-0.1481715731446136,-0.14817157314461316
2024-06-10 00:00:00+00:00,-0.3532457918188302,-0.20857968765964263,-0.17295366860547745,-0.1820163554269002,-0.18201635542689987
2024-06-11 00:00:00+00:00,-0.3958948906535825,-0.260531439585423,-0.22765736969648487,-0.23595688625192213,-0.23595688625192202
2024-06-12 00:00:00+00:00,-0.3878137792261118,-0.24962273613902874,-0.21859097870043276,-0.22573628483328845,-0.22573628483328823
2024-06-13 00:00:00+00:00,-0.4021845881139742,-0.2671102260216719,-0.23789670773837646,-0.24391179336629865,-0.2439117933662983
2024-06-14 00:00:00+00:00,-0.4004894981078485,-0.26413118066676167,-0.2360859845900024,-0.24176792497928112,-0.2417679249792808
2024-06-15 00:00:00+00:00,-0.3982502096991781,-0.260885417791484,-0.2345964662230281,-0.2389357806026322,-0.23893578060263188
2024-06-16 00:00:00+00:00,-0.38952890529903794,-0.2502233611935394,-0.2234564691930948,-0.22790549387481918,-0.22790549387481884
2024-06-17 00:00:00+00:00,-0.41196586439460536,-0.2777455267804154,-0.2520431991889738,-0.2562826815946222,-0.2562826815946221
2024-06-18 00:00:00+00:00,-0.4334125542155186,-0.30404998569009134,-0.2793567847471522,-0.2834074243204172,-0.2834074243204169
2024-06-19 00:00:00+00:00,-0.43790908393719774,-0.30956887484646456,-0.2850813077392942,-0.2890944190444469,-0.28909441904444655
2024-06-20 00:00:00+00:00,-0.4376654301776185,-0.3092673569914305,-0.2847776168983548,-0.2887862574774196,-0.2887862574774194
2024-06-21 00:00:00+00:00,-0.4387229630995918,-0.31056605491287614,-0.28612291327056993,-0.29012377430039393,-0.2901237743003937
2024-06-22 00:00:00+00:00,-0.4390375790664247,-0.3109524141790263,-0.28652327918242726,-0.2905216854572684,-0.2905216854572681
2024-06-23 00:00:00+00:00,-0.43907867710739334,-0.3109524141790263,-0.28652327918242726,-0.29057366428463605,-0.2905736642846357
2024-06-24 00:00:00+00:00,-0.4339379995282404,-0.3109524141790263,-0.28652327918242726,-0.2840719823031672,-0.2840719823031669
2024-06-25 00:00:00+00:00,-0.43519376567830936,-0.3109524141790263,-0.28652327918242726,-0.2856602149875027,-0.28566021498750227
2024-06-26 00:00:00+00:00,-0.43810099757420073,-0.3109524141790263,-0.28652327918242726,-0.2893371421906641,-0.28933714219066364
2024-06-27 00:00:00+00:00,-0.43886537039191054,-0.3109524141790263,-0.28652327918242726,-0.29030388420074105,-0.2903038842007408
2024-06-28 00:00:00+00:00,-0.45001221081745835,-0.3109524141790263,-0.28652327918242726,-0.29362242609787437,-0.29362242609787415
2024-06-29 00:00:00+00:00,-0.4489638498666997,-0.3109524141790263,-0.28652327918242726,-0.2938382000108911,-0.29383820001089067
2024-06-30 00:00:00+00:00,-0.4476433026431851,-0.3109524141790263,-0.28652327918242726,-0.2938382000108911,-0.29383820001089067
2024-07-01 00:00:00+00:00,-0.4468560533368592,-0.3109524141790263,-0.28652327918242726,-0.2938382000108911,-0.29383820001089067
2024-07-02 00:00:00+00:00,-0.4563816296268596,-0.3109524141790263,-0.28652327918242726,-0.3028865186926165,-0.29383820001089067
2024-07-03 00:00:00+00:00,-0.4628174003522312,-0.3109524141790263,-0.28652327918242726,-0.3022699377658934,-0.29383820001089067
2024-07-04 00:00:00+00:00,-0.4711800971101049,-0.3109524141790263,-0.28652327918242726,-0.30621004027324616,-0.29383820001089067
2024-07-05 00:00:00+00:00,-0.47481524129615793,-0.3109524141790263,-0.28652327918242726,-0.31135322751566863,-0.29383820001089067
2024-07-06 00:00:00+00:00,-0.46180958394999294,-0.3109524141790263,-0.28652327918242726,-0.30420991190119295,-0.29383820001089067
2024-07-07 00:00:00+00:00,-0.4693310228082843,-0.3109524141790263,-0.28652327918242726,-0.3043002484811219,-0.29383820001089067
2024-07-08 00:00:00+00:00,-0.4687766591587348,-0.3109524141790263,-0.28652327918242726,-0.3043002484811219,-0.29383820001089067
2024-07-09 00:00:00+00:00,-0.46885700680852727,-0.3109524141790263,-0.28652327918242726,-0.3043002484811219,-0.29383820001089067
2024-07-10 00:00:00+00:00,-0.4676754332782965,-0.3109524141790263,-0.28652327918242726,-0.3043002484811219,-0.29383820001089067
2024-07-11 00:00:00+00:00,-0.47059593943557565,-0.3109524141790263,-0.28652327918242726,-0.3043002484811219,-0.29383820001089067
2024-07-12 00:00:00+00:00,-0.4709634514705602,-0.3109524141790263,-0.28652327918242726,-0.3043002484811219,-0.29383820001089067
2024-07-13 00:00:00+00:00,-0.4740412491747932,-0.3109524141790263,-0.28652327918242726,-0.3043002484811219,-0.29383820001089067
2024-07-14 00:00:00+00:00,-0.4711279225995606,-0.3109524141790263,-0.28652327918242726,-0.3043002484811219,-0.29383820001089067
2024-07-15 00:00:00+00:00,-0.4634760773258786,-0.3109524141790263,-0.28652327918242726,-0.3043002484811219,-0.29383820001089067
2024-07-16 00:00:00+00:00,-0.46134923869899314,-0.304318645050093,-0.28652327918242726,-0.29760243597934277,-0.29383820001089067
2024-07-17 00:00:00+00:00,-0.46289963725460603,-0.30900486872906263,-0.28652327918242726,-0.3023339011438809,-0.29383820001089067
2024-07-18 00:00:00+00:00,-0.461050332026986,-0.3079337796931081,-0.2899776518404711,-0.30125247165845526,-0.29725715670963493
2024-07-19 00:00:00+00:00,-0.45306797708238256,-0.29558816336460536,-0.28954862625169553,-0.28878766895277075,-0.29683252970615837
2024-07-20 00:00:00+00:00,-0.45141628498800923,-0.29303568122931967,-0.2871174812486348,-0.28621054478338726,-0.29442631001979136
2024-07-21 00:00:00+00:00,-0.4491605594892203,-0.28911231599053877,-0.28276373053229464,-0.2822493028054681,-0.2901171961372365
2024-07-22 00:00:00+00:00,-0.4552391069115752,-0.29672031024707335,-0.2856589822756591,-0.28993074574604805,-0.29298276430906556
2024-07-23 00:00:00+00:00,-0.46198146877430624,-0.3098073324106624,-0.29682180017183846,-0.3031441119266771,-0.30403113540305704
2024-07-24 00:00:00+00:00,-0.46551561268518327,-0.30519081450517715,-0.29470595913462194,-0.2984830254853076,-0.30193698702829364
2024-07-25 00:00:00+00:00,-0.4659365492803452,-0.30214624331243367,-0.2955718729825103,-0.2954090615590723,-0.3027940230935485
2024-07-26 00:00:00+00:00,-0.44819763191425877,-0.27715276912512876,-0.27104312715748613,-0.270174296733673,-0.27851675826082045
2024-07-27 00:00:00+00:00,-0.4529962489371606,-0.2810871354312513,-0.2765149004302162,-0.27414664598483884,-0.2839324321723333
2024-07-28 00:00:00+00:00,-0.4559301249825447,-0.28369075978606306,-0.27901764969407195,-0.2767754061081804,-0.28640952199673664
2024-07-29 00:00:00+00:00,-0.4564609444437846,-0.2838814049811067,-0.2792548888635725,-0.2769678918196894,-0.2866443288714031
2024-07-30 00:00:00+00:00,-0.4566148777886154,-0.28592757675956426,-0.279551376885255,-0.2790338176383569,-0.28693777714933233
2024-07-31 00:00:00+00:00,-0.4692639615382579,-0.30168172325906195,-0.29680834982024695,-0.2949400569614856,-0.3040178229512094
2024-08-01 00:00:00+00:00,-0.4781470059372219,-0.31188284666723265,-0.30477830727244737,-0.3052396635000121,-0.3119060684062722
2024-08-02 00:00:00+00:00,-0.5143578357505896,-0.3591712120561058,-0.35173074372868984,-0.35298455765209846,-0.35837712495850427
2024-08-03 00:00:00+00:00,-0.535086803291801,-0.3814181816194724,-0.3773776853384787,-0.3754463026981125,-0.3837611212725409
2024-08-04 00:00:00+00:00,-0.5514734929258495,-0.4007500680267353,-0.3969399883150583,-0.39496482195088634,-0.40312286171733647
2024-08-05 00:00:00+00:00,-0.5631627634176899,-0.414527251327485,-0.41128272531158516,-0.40887501218476063,-0.41731854978776417
2024-08-06 00:00:00+00:00,-0.5625005177910332,-0.414711973379849,-0.411480551573713,-0.4090615175707081,-0.417514347835932
2024-08-07 00:00:00+00:00,-0.5665431201221867,-0.414711973379849,-0.411480551573713,-0.4090615175707081,-0.417514347835932
2024-08-08 00:00:00+00:00,-0.5652311542867653,-0.414711973379849,-0.411480551573713,-0.4090615175707081,-0.417514347835932
2024-08-09 00:00:00+00:00,-0.5667667042230767,-0.414711973379849,-0.411480551573713,-0.4090615175707081,-0.417514347835932
2024-08-10 00:00:00+00:00,-0.567804910755829,-0.414711973379849,-0.411480551573713,-0.4090615175707081,-0.417514347835932
2024-08-11 00:00:00+00:00,-0.571131636672243,-0.414711973379849,-0.411480551573713,-0.4090615175707081,-0.417514347835932
2024-08-12 00:00:00+00:00,-0.5700071857415349,-0.414711973379849,-0.411480551573713,-0.4090615175707081,-0.417514347835932
2024-08-13 00:00:00+00:00,-0.5693540165121681,-0.414711973379849,-0.411480551573713,-0.4090615175707081,-0.417514347835932
2024-08-14 00:00:00+00:00,-0.5691462402961043,-0.414711973379849,-0.411480551573713,-0.4090615175707081,-0.417514347835932
2024-08-15 00:00:00+00:00,-0.5765538380129154,-0.414711973379849,-0.411480551573713,-0.4090615175707081,-0.417514347835932
2024-08-16 00:00:00+00:00,-0.581823472376784,-0.414711973379849,-0.411480551573713,-0.4090615175707081,-0.417514347835932
2024-08-17 00:00:00+00:00,-0.580194537562434,-0.414711973379849,-0.411480551573713,-0.4090615175707081,-0.417514347835932
2024-08-18 00:00:00+00:00,-0.5815731685665233,-0.414711973379849,-0.411480551573713,-0.4090615175707081,-0.417514347835932
2024-08-19 00:00:00+00:00,-0.584327551658255,-0.414711973379849,-0.411480551573713,-0.4090615175707081,-0.417514347835932
2024-08-20 00:00:00+00:00,-0.5814602767574986,-0.414711973379849,-0.411480551573713,-0.4090615175707081,-0.417514347835932
2024-08-21 00:00:00+00:00,-0.5779676763442193,-0.414711973379849,-0.411480551573713,-0.4090615175707081,-0.417514347835932
2024-08-22 00:00:00+00:00,-0.5747855293010093,-0.414711973379849,-0.411480551573713,-0.4090615175707081,-0.417514347835932
2024-08-23 00:00:00+00:00,-0.5734141738288584,-0.414711973379849,-0.411480551573713,-0.4090615175707081,-0.417514347835932
2024-08-24 00:00:00+00:00,-0.5754699127978531,-0.4143781988900981,-0.411480551573713,-0.4087245207734457,-0.417514347835932
2024-08-25 00:00:00+00:00,-0.5764200734671907,-0.41124715261805267,-0.411480551573713,-0.40556324692490475,-0.417514347835932
2024-08-26 00:00:00+00:00,-0.5885736968063003,-0.42975084202046976,-0.42173788815003366,-0.42424557363838766,-0.4276665210582463
2024-08-27 00:00:00+00:00,-0.601314811368497,-0.4497583806321498,-0.4435472616376692,-0.4444462679403145,-0.4492522939213264
2024-08-28 00:00:00+00:00,-0.6121269498427002,-0.4630469066652926,-0.45560965918224317,-0.4578630833381867,-0.4611910217224241
2024-08-29 00:00:00+00:00,-0.617666038759451,-0.47126589111600514,-0.46087800731499906,-0.4661614150612209,-0.46640535611042333
2024-08-30 00:00:00+00:00,-0.6062732648883138,-0.45749975886274474,-0.44047809124293924,-0.452262382563257,-0.44621459019928744
2024-08-31 00:00:00+00:00,-0.6113684460495972,-0.46176884529919604,-0.4468956723931493,-0.45657268338161494,-0.45256637509202435
2024-09-01 00:00:00+00:00,-0.6185349118239716,-0.46195128866454227,-0.44720384083485787,-0.4567568880817684,-0.4528713840364611
2024-09-02 00:00:00+00:00,-0.6091214536638803,-0.46195128866454227,-0.44720384083485787,-0.4567568880817684,-0.4528713840364611
2024-09-03 00:00:00+00:00,-0.6262858367254396,-0.46195128866454227,-0.44720384083485787,-0.4567568880817684,-0.4528713840364611
2024-09-04 00:00:00+00:00,-0.6211922336902603,-0.46195128866454227,-0.44720384083485787,-0.4567568880817684,-0.4528713840364611
2024-09-05 00:00:00+00:00,-0.6309984518719643,-0.46195128866454227,-0.44720384083485787,-0.4567568880817684,-0.4528713840364611
2024-09-06 00:00:00+00:00,-0.6347578309754734,-0.46195128866454227,-0.44720384083485787,-0.4567568880817684,-0.4528713840364611
2024-09-07 00:00:00+00:00,-0.6293214284769182,-0.46195128866454227,-0.44720384083485787,-0.4567568880817684,-0.4528713840364611
2024-09-08 00:00:00+00:00,-0.6252085349647596,-0.46195128866454227,-0.44720384083485787,-0.4567568880817684,-0.4528713840364611
2024-09-09 00:00:00+00:00,-0.6181620621540408,-0.46195128866454227,-0.44720384083485787,-0.4567568880817684,-0.4528713840364611
2024-09-10 00:00:00+00:00,-0.613960459521032,-0.46195128866454227,-0.44720384083485787,-0.4567568880817684,-0.4528713840364611
2024-09-11 00:00:00+00:00,-0.6146257474122112,-0.46195128866454227,-0.44720384083485787,-0.4567568880817684,-0.4528713840364611
2024-09-12 00:00:00+00:00,-0.6077293737507565,-0.46195128866454227,-0.44720384083485787,-0.4567568880817684,-0.4528713840364611
2024-09-13 00:00:00+00:00,-0.6060116942349825,-0.46195128866454227,-0.44720384083485787,-0.4567568880817684,-0.4528713840364611
2024-09-14 00:00:00+00:00,-0.6066458158425765,-0.46195128866454227,-0.44720384083485787,-0.4567568880817684,-0.4528713840364611
2024-09-15 00:00:00+00:00,-0.6082579849543193,-0.4641670139224102,-0.44720384083485787,-0.4567568880817684,-0.4528713840364611
2024-09-16 00:00:00+00:00,-0.6128157610198088,-0.46543436495105606,-0.44720384083485787,-0.4567568880817684,-0.4528713840364611
2024-09-17 00:00:00+00:00,-0.6084265846613184,-0.46447376840397503,-0.44720384083485787,-0.4567568880817684,-0.4528713840364611
2024-09-18 00:00:00+00:00,-0.5998216307077917,-0.4545207776026039,-0.44720384083485787,-0.4567568880817684,-0.4528713840364611
2024-09-19 00:00:00+00:00,-0.5949451231612448,-0.4488748196474067,-0.44720384083485787,-0.4567568880817684,-0.4528713840364611
2024-09-20 00:00:00+00:00,-0.5951371794964814,-0.45084801744017633,-0.4482382915257349,-0.45680735911584325,-0.4528713840364611
2024-09-21 00:00:00+00:00,-0.5947407622097649,-0.4494096942280984,-0.44690192998196077,-0.4560501170052984,-0.44842670115901717
2024-09-22 00:00:00+00:00,-0.5975354775110087,-0.4524481559498049,-0.45009196726641065,-0.46019979320954396,-0.4513780190434331
2024-09-23 00:00:00+00:00,-0.5884319348639526,-0.4405260279137029,-0.4303091042190319,-0.4449853144758339,-0.4357903924584545
2024-09-24 00:00:00+00:00,-0.5730972532655263,-0.4291980900038317,-0.4124665732468702,-0.4320226003891967,-0.4244844673065017
2024-09-25 00:00:00+00:00,-0.5732275076069939,-0.42717468000568026,-0.4144358262968355,-0.4306054762638677,-0.4270730628361573
2024-09-26 00:00:00+00:00,-0.5635424474589111,-0.4186581296839511,-0.40501567056013177,-0.41871684831795564,-0.4149671316544946
2024-09-27 00:00:00+00:00,-0.5613845109228612,-0.41590643592804066,-0.4029811698683783,-0.4178147230351399,-0.4125069800242248
2024-09-28 00:00:00+00:00,-0.5639920318648993,-0.420579550774993,-0.4047640138759204,-0.4183368377076817,-0.41629666325204573
2024-09-29 00:00:00+00:00,-0.5617379789251298,-0.41559692275744153,-0.4008031472095108,-0.41246071223714875,-0.4121011723318273
2024-09-30 00:00:00+00:00,-0.5644859736906921,-0.4239739218049855,-0.40493466643394227,-0.41676745421690287,-0.415496237694599
2024-10-01 00:00:00+00:00,-0.5784175115201675,-0.441807546086036,-0.42236530444946097,-0.4316319073249322,-0.4298843288958776
2024-10-02 00:00:00+00:00,-0.5917233109228484,-0.4563765125196533,-0.4391829292766072,-0.4473397266474325,-0.4429114048055167
2024-10-03 00:00:00+00:00,-0.6094658282965242,-0.4836903657895194,-0.4622384798268455,-0.47422683210602323,-0.4690031006791625
2024-10-04 00:00:00+00:00,-0.5836335911579418,-0.45381380598075505,-0.42701159689194224,-0.44482074573301034,-0.44031570453145963
2024-10-05 00:00:00+00:00,-0.5903575236525083,-0.4608637119056841,-0.4370061402076105,-0.4521643665993841,-0.44658924943813116
2024-10-06 00:00:00+00:00,-0.5835972368737952,-0.4557303398613083,-0.42678959827111496,-0.44897160083372534,-0.44691223766095967
2024-10-07 00:00:00+00:00,-0.5760859375640603,-0.4495392763868009,-0.41731681645929164,-0.4442242404835719,-0.43574668249274207
2024-10-08 00:00:00+00:00,-0.5776345570848251,-0.4514326157105083,-0.4174234535600174,-0.44458071834587787,-0.44093164927595574
2024-10-09 00:00:00+00:00,-0.5896247484926023,-0.4668049644136658,-0.4334051117653914,-0.4590636253815601,-0.45726696099814956
2024-10-10 00:00:00+00:00,-0.5876751037027568,-0.46476908490408053,-0.43111373990600554,-0.45542853242331305,-0.45394229601544356
2024-10-11 00:00:00+00:00,-0.5639256919595139,-0.4441664477035018,-0.3988056716979981,-0.4308152279807508,-0.4246169746856222
2024-10-12 00:00:00+00:00,-0.5548631167790142,-0.43942214144138636,-0.38560183833804673,-0.4235727030364923,-0.4169093572899837
2024-10-13 00:00:00+00:00,-0.5533913473005948,-0.4385566015939161,-0.3842565984872627,-0.4228891910249031,-0.41903811443155725
2024-10-14 00:00:00+00:00,-0.5492133680068174,-0.4321214541334045,-0.38475527911762064,-0.4176666576454462,-0.41941648848138635
2024-10-15 00:00:00+00:00,-0.5528617477115023,-0.43630690133647854,-0.3894030683841755,-0.4218579565649455,-0.42583629593226124
2024-10-16 00:00:00+00:00,-0.5600764762350018,-0.44691778804944604,-0.39856385142763184,-0.43209838473075834,-0.4344834826266064
2024-10-17 00:00:00+00:00,-0.569089063741318,-0.45901299745229796,-0.41050880899222564,-0.4440974289860681,-0.4456723861162859
2024-10-18 00:00:00+00:00,-0.554063813110627,-0.44105960064252403,-0.3881921427973578,-0.42560666575893824,-0.42477298062109703
2024-10-19 00:00:00+00:00,-0.5572803779199317,-0.44574863711451296,-0.39139280314342884,-0.43044658448943474,-0.4277520705740947
2024-10-20 00:00:00+00:00,-0.5574363271301727,-0.44648655772266044,-0.3923354941860383,-0.4310073748867824,-0.42861218977016624
2024-10-21 00:00:00+00:00,-0.558797656046394,-0.4481711288002521,-0.3942759743497255,-0.43274219350069465,-0.4304428454830045
2024-10-22 00:00:00+00:00,-0.5603311749301045,-0.44929697425576254,-0.39676640195584867,-0.4340831694462336,-0.4327974994937205
2024-10-23 00:00:00+00:00,-0.5735436687217825,-0.46782117627343367,-0.4130741842625628,-0.45221652250413646,-0.44811251297843135
2024-10-24 00:00:00+00:00,-0.5683178485347349,-0.4613225596899826,-0.40372468288540964,-0.4453903293652788,-0.4393213364564167
2024-10-25 00:00:00+00:00,-0.5893400434007162,-0.48860537866233655,-0.4404558776617238,-0.47351766109859905,-0.47382077760282937
2024-10-26 00:00:00+00:00,-0.584902868670018,-0.48280481834228406,-0.4337369999325259,-0.46756441095318524,-0.4675164044253115
2024-10-27 00:00:00+00:00,-0.5778623323885457,-0.47396921637444467,-0.42659385931884297,-0.4584578425139365,-0.46079575616497503
2024-10-28 00:00:00+00:00,-0.5787320031958494,-0.4750917862433396,-0.4273357227424598,-0.45962122972759145,-0.46149281834790346
2024-10-29 00:00:00+00:00,-0.5749860243483254,-0.470177098298466,-0.42133836891276744,-0.4544616333758311,-0.45585355750101175
2024-10-30 00:00:00+00:00,-0.575739948621345,-0.4711727241336163,-0.4225844950404859,-0.4555079557964786,-0.4570252956612523
2024-10-31 00:00:00+00:00,-0.5796225603964222,-0.4760141362819541,-0.42771602834205513,-0.46046601409406074,-0.4618506490476607
2024-11-01 00:00:00+00:00,-0.578863835001729,-0.4750447574760637,-0.42633706016416006,-0.45944166877437986,-0.46055382550919244
2024-11-02 00:00:00+00:00,-0.5852569070346378,-0.4829712599443754,-0.4346129702343834,-0.4675918183938288,-0.4683362392559791
2024-11-03 00:00:00+00:00,-0.5994145438578016,-0.5006168679735759,-0.45378872276056026,-0.485789875910585,-0.48636834325899236
2024-11-04 00:00:00+00:00,-0.6126991811609452,-0.5171233998175354,-0.4715153671762796,-0.5026929299348415,-0.5030377767311505
2024-11-05 00:00:00+00:00,-0.6082340740551664,-0.5115765237672583,-0.4665702434820157,-0.49681468615581015,-0.49838778494949443
2024-11-06 00:00:00+00:00,-0.6053537779590994,-0.5079345595960676,-0.46226452477815627,-0.4929483264998904,-0.4943389520316981
2024-11-07 00:00:00+00:00,-0.6031750567091871,-0.505208723295747,-0.45923000741011977,-0.49011782730839293,-0.4914854488388706
2024-11-08 00:00:00+00:00,-0.6005645437920832,-0.5019539984772241,-0.4556743914814043,-0.48676443965199123,-0.48814191523128436
2024-11-09 00:00:00+00:00,-0.5951941100813692,-0.4952578623395044,-0.4483567673352927,-0.4798643675155936,-0.4812607670369339
2024-11-10 00:00:00+00:00,-0.581762069415841,-0.47850965626706143,-0.4300515024346476,-0.4626050549625299,-0.4640473609921698
2024-11-11 00:00:00+00:00,-0.5621101128210313,-0.45400999963792166,-0.4032983043660884,-0.4373672571917935,-0.4388899117340793
2024-11-12 00:00:00+00:00,-0.5676369833883097,-0.4609015388920721,-0.41083154805778677,-0.4444695004706869,-0.44597381784601564
2024-11-13 00:00:00+00:00,-0.5627903962076665,-0.45485729523937324,-0.4042187918331981,-0.43823821204828095,-0.4397554960547424
2024-11-14 00:00:00+00:00,-0.5729800598418585,-0.4675656641346947,-0.41812667601203346,-0.4513414964363316,-0.4528338085464094
2024-11-15 00:00:00+00:00,-0.5418573721501034,-0.4287659976783822,-0.375759849461313,-0.411373544040737,-0.41299403691973824
2024-11-16 00:00:00+00:00,-0.5276688040916111,-0.41107535291245845,-0.35642964906361907,-0.3931450552940108,-0.394816828670154
2024-11-17 00:00:00+00:00,-0.528733183504826,-0.41239874818303146,-0.3578537263104913,-0.39450003189157723,-0.3961559692515876
2024-11-18 00:00:00+00:00,-0.5272240932099699,-0.41051723277116303,-0.355798155300349,-0.3925614405698349,-0.39422300719542513
2024-11-19 00:00:00+00:00,-0.5227643688772301,-0.4049563488842356,-0.3497195540686604,-0.3868305708058445,-0.3885069780381454
2024-11-20 00:00:00+00:00,-0.5298238148823244,-0.4137582165032999,-0.35933706737034476,-0.39589999712436497,-0.3975508337181437
2024-11-21 00:00:00+00:00,-0.5231711178323111,-0.405464131053217,-0.3502781885516112,-0.3873552830124587,-0.3890322905890967
2024-11-22 00:00:00+00:00,-0.5151106826586025,-0.3954133752989908,-0.3392911016483948,-0.37699705521653337,-0.3787005537686008
2024-11-23 00:00:00+00:00,-0.5157835757522808,-0.39625233942209614,-0.3402077313123649,-0.37786149095449106,-0.3795625090708902
2024-11-24 00:00:00+00:00,-0.5139880077037369,-0.39401360249816286,-0.33776162995755654,-0.37555473723445787,-0.37726231076010674
2024-11-25 00:00:00+00:00,-0.5219962347726854,-0.40399881165059637,-0.34867440676350625,-0.3858443677373721,-0.3875241705484761
2024-11-26 00:00:00+00:00,-0.5109610225491297,-0.3902395407280379,-0.3336381204210278,-0.3716660634105273,-0.3733847568999087
2024-11-27 00:00:00+00:00,-0.49108241599478275,-0.3654538479911378,-0.30655190316427494,-0.3461254795865596,-0.34791415726215646
2024-11-28 00:00:00+00:00,-0.4898753299951849,-0.36394869313316847,-0.30490647078843613,-0.3445742569858047,-0.34636687050096193
2024-11-29 00:00:00+00:00,-0.46506645713015204,-0.3330152976031173,-0.2710996379418633,-0.3126978258678258,-0.31457652190322716
2024-11-30 00:00:00+00:00,-0.4595262065866268,-0.32610733391023805,-0.2635499783633931,-0.3055792629774001,-0.307477178678231
2024-12-01 00:00:00+00:00,-0.45934447790314714,-0.3258807414920165,-0.26330233340119014,-0.30534576103375677,-0.307244305055396
2024-12-02 00:00:00+00:00,-0.448426900099669,-0.31226813364088035,-0.24842626512134225,-0.29131856394330746,-0.29325555292158634
2024-12-03 00:00:00+00:00,-0.4403658867039596,-0.30221721535372437,-0.2374423202120174,-0.28096147474886557,-0.2829267698485828
2024-12-04 00:00:00+00:00,-0.4329338535579359,-0.29295054787561925,-0.2273154481552686,-0.2714125340850668,-0.27340393760560655
2024-12-05 00:00:00+00:00,-0.43408982100245297,-0.29439185764848663,-0.22889046844152738,-0.27289771508607696,-0.2748850123237384
2024-12-06 00:00:00+00:00,-0.40889555799283617,-0.2629782717178242,-0.19456086431781117,-0.24052725016262433,-0.24260307380419865
2024-12-07 00:00:00+00:00,-0.41536175668325404,-0.27104067955532263,-0.20337166327011014,-0.2488352383732617,-0.2508883330571986
2024-12-08 00:00:00+00:00,-0.41427883697013845,-0.2696904360621457,-0.20189608160385608,-0.2474438657178213,-0.24950076574175528
2024-12-09 00:00:00+00:00,-0.46610851102553874,-0.33431454152081663,-0.27251921322423023,-0.3140365382999829,-0.31591142352857404
2024-12-10 00:00:00+00:00,-0.46440553278717656,-0.3321911782628144,-0.2701987643300261,-0.31184850347053794,-0.3137293829657075
2024-12-11 00:00:00+00:00,-0.4204425469922688,-0.2773756860844916,-0.2102947220190705,-0.25536321139923035,-0.25739845056805377
2024-12-12 00:00:00+00:00,-0.4053623641607258,-0.2585728727583869,-0.18974641078776133,-0.23598761411414304,-0.23807578909389515
2024-12-13 00:00:00+00:00,-0.40168185454981775,-0.25398380834462475,-0.18473133741495973,-0.23125875527079487,-0.23335985093383915
2024-12-14 00:00:00+00:00,-0.40106831741214277,-0.2532188181229621,-0.18389534438102229,-0.23047046634298585,-0.232573722561897
2024-12-15 00:00:00+00:00,-0.4009267124216449,-0.2530422590766509,-0.1837024066835089,-0.23028853341150857,-0.23239229305984255
2024-12-16 00:00:00+00:00,-0.4014579422425729,-0.2537046248743793,-0.18442625402369883,-0.2309710738778208,-0.23307296491614848
2024-12-17 00:00:00+00:00,-0.40389059026957164,-0.2567377851866368,-0.1877409821043896,-0.2340966300860926,-0.2361899786644308
2024-12-18 00:00:00+00:00,-0.42056121067154995,-0.27752363697876126,-0.21045637414615415,-0.2555156561730091,-0.25755046060260756
2024-12-19 00:00:00+00:00,-0.4576141285194997,-0.32372326809706053,-0.2609447133096212,-0.30312261845484534,-0.3050273104274511
2024-12-20 00:00:00+00:00,-0.42768198139451974,-0.2864022113666477,-0.22015916300657323,-0.26466469604547516,-0.2666745050260022
2024-12-21 00:00:00+00:00,-0.4610388962187938,-0.32799345551466086,-0.26561128570809067,-0.3075228777750697,-0.3094155347349864
2024-12-22 00:00:00+00:00,-0.4540111836839351,-0.3192309147636093,-0.25603532287481046,-0.2984934144097683,-0.3004107515128428
2024-12-23 00:00:00+00:00,-0.4452958623420581,-0.3083641727544748,-0.24415984328094575,-0.2872956585155556,-0.28924361131994414
2024-12-24 00:00:00+00:00,-0.43889240899129534,-0.30037999275390526,-0.2354344952273718,-0.27906826584513067,-0.2810387060664258
2024-12-25 00:00:00+00:00,-0.43899525049846555,-0.3005082211999658,-0.23557462685025998,-0.2792004002784897,-0.2811704792269041
2024-12-26 00:00:00+00:00,-0.44338834838026353,-0.3059857788404956,-0.2415606643876207,-0.2848448145161694,-0.28679946623525054
2024-12-27 00:00:00+00:00,-0.4582099533245346,-0.324466176407066,-0.26175659125448814,-0.30388815937527025,-0.3057907621042776
2024-12-28 00:00:00+00:00,-0.4453744802208073,-0.3084621979709997,-0.24426696869957143,-0.2873966699801024,-0.2893443470044619
2024-12-29 00:00:00+00:00,-0.46423346539789856,-0.33197662472049716,-0.26996423204137954,-0.31162738991640015,-0.31350883989283795
2024-12-30 00:00:00+00:00,-0.4686488534766381,-0.3374819750125301,-0.2759806422128961,-0.31730044342139485,-0.31916638789199103
2024-12-31 00:00:00+00:00,-0.4742562623924351,-0.3445053087014659,-0.283655949684283,-0.3245050492747623,-0.3263513022218427
2025-01-01 00:00:00+00:00,-0.47181760391419825,-0.3445829823080816,-0.283740833706541,-0.3213717708922983,-0.32322658767168155
2025-01-02 00:00:00+00:00,-0.47090914690967556,-0.3445829823080816,-0.283740833706541,-0.3202045518170946,-0.3220625588231846
2025-01-03 00:00:00+00:00,-0.46100675956107406,-0.3384616724446836,-0.283740833706541,-0.30748159921876805,-0.3093743804163811
2025-01-04 00:00:00+00:00,-0.46351088700228427,-0.3415984372636185,-0.283740833706541,-0.3106989945418418,-0.31258298200149126
2025-01-05 00:00:00+00:00,-0.46491018817538365,-0.3432633355136686,-0.283740833706541,-0.3124968683144379,-0.3143759418516756
2025-01-06 00:00:00+00:00,-0.4623195737047734,-0.34005418381429664,-0.2823614425503552,-0.30916835126517983,-0.31105652225667957
2025-01-07 00:00:00+00:00,-0.4916995602704707,-0.3788974401790701,-0.3142990090249753,-0.34691684194180705,-0.3487018393089212
2025-01-08 00:00:00+00:00,-0.5051450047505863,-0.39604637928181463,-0.33416151877035405,-0.36419204506230096,-0.3659298260960686
2025-01-09 00:00:00+00:00,-0.5258687762427987,-0.4199399156154552,-0.3570447115370864,-0.39081871125249235,-0.39248371667037685
2025-01-10 00:00:00+00:00,-0.5145533018469459,-0.40727792759042325,-0.3427093815505776,-0.3762801722787671,-0.3779849142194368
2025-01-11 00:00:00+00:00,-0.5077518432826826,-0.40241095296449947,-0.3365084238682813,-0.3675414073843095,-0.36927003398980707
2025-01-12 00:00:00+00:00,-0.510359150206371,-0.40312000787455626,-0.3371871456942128,-0.3708913715131169,-0.37261084204549555
2025-01-13 00:00:00+00:00,-0.5012841597616382,-0.40312000787455626,-0.3371871456942128,-0.3592314889795697,-0.36098282813290883
2025-01-14 00:00:00+00:00,-0.4979548100067004,-0.40312000787455626,-0.3371871456942128,-0.35495381758232825,-0.356716848404769
2025-01-15 00:00:00+00:00,-0.4772497506247443,-0.40312000787455626,-0.3371871456942128,-0.32835119340172647,-0.3301869341287539
2025-01-16 00:00:00+00:00,-0.47407612318969483,-0.39349575392427294,-0.3371871456942128,-0.3242735997862515,-0.32612048533270277
2025-01-17 00:00:00+00:00,-0.4662824277409655,-0.3879107629521228,-0.3371871456942128,-0.31425997233531255,-0.3161342269823362
2025-01-18 00:00:00+00:00,-0.46678772747036046,-0.3850615528474254,-0.3278086174995294,-0.3149092000700239,-0.3167816802572656
2025-01-19 00:00:00+00:00,-0.4912182372002688,-0.41706585651941963,-0.3715961024936355,-0.34629842030337465,-0.34808510793145786
2025-01-20 00:00:00+00:00,-0.4772766921569359,-0.4055669996410056,-0.35527223766992766,-0.3283858088762521,-0.330221454992762
2025-01-21 00:00:00+00:00,-0.47182049007568116,-0.4015831667354747,-0.34514820202085683,-0.32137547914266495,-0.3232302857902042
2025-01-22 00:00:00+00:00,-0.48522372653640544,-0.41184412264105075,-0.36318610236782223,-0.3385964518426494,-0.340404190378652
2025-01-23 00:00:00+00:00,-0.4847286982441803,-0.4144018152032868,-0.36454216093880154,-0.33796042122936476,-0.3397698981549685
2025-01-24 00:00:00+00:00,-0.4847158346188114,-0.41533044599666813,-0.36475869943270045,-0.33794389356890386,-0.33975341566766837
2025-01-25 00:00:00+00:00,-0.484163582363921,-0.416359249392255,-0.3638299758534158,-0.33723433949718107,-0.33904580093879055
2025-01-26 00:00:00+00:00,-0.48791914080538346,-0.4241279596542299,-0.3678617456581533,-0.34205961953929065,-0.3438578925958311
2025-01-27 00:00:00+00:00,-0.4823092657305148,-0.4222936739999543,-0.3598735174886538,-0.33485184507394317,-0.33666981831457854
2025-01-28 00:00:00+00:00,-0.49319650021225314,-0.43469125206665926,-0.3740196386179905,-0.3488401656066533,-0.3506199061735279
2025-01-29 00:00:00+00:00,-0.48451101017974385,-0.4247800790176268,-0.3615821698835784,-0.3376807275728543,-0.3394909689530826
2025-01-30 00:00:00+00:00,-0.4691754944626463,-0.4075817117092677,-0.34197156170052223,-0.3179770911953155,-0.319841186267255
2025-01-31 00:00:00+00:00,-0.4737810381632762,-0.4126863465966749,-0.3490338317390903,-0.32389446365752117,-0.32574238545330925
2025-02-01 00:00:00+00:00,-0.4915989901189798,-0.43252445325593203,-0.3694741346771424,-0.3467876257007265,-0.3485729762397505
2025-02-02 00:00:00+00:00,-0.5129355255576241,-0.45630861355595176,-0.3940055739173701,-0.37420159361644556,-0.37591201669799823
2025-02-03 00:00:00+00:00,-0.48461022029998757,-0.4327125391929564,-0.369005801503574,-0.3378081963955738,-0.33961808937987403
2025-02-04 00:00:00+00:00,-0.5069408858394212,-0.4565771998836482,-0.3956274155937829,-0.3664994593419436,-0.36823093378461513
2025-02-05 00:00:00+00:00,-0.5158649437535594,-0.46241739853785957,-0.40267313484122547,-0.3779654181917159,-0.3796655540428078
2025-02-06 00:00:00+00:00,-0.5246297048815619,-0.4673998965269389,-0.40827780688991344,-0.38922670665361003,-0.39089606331524285
2025-02-07 00:00:00+00:00,-0.5291697716553898,-0.46767795834219617,-0.40867649122424055,-0.3950599519445731,-0.3967133652652126
2025-02-08 00:00:00+00:00,-0.5298512316665202,-0.46767795834219617,-0.40867649122424055,-0.39593551690846773,-0.39758653714771186
2025-02-09 00:00:00+00:00,-0.5321542244539623,-0.46767795834219617,-0.40867649122424055,-0.3988944870077429,-0.4005374198330468
2025-02-10 00:00:00+00:00,-0.5313512072320252,-0.46767795834219617,-0.40867649122424055,-0.3978627408547061,-0.399508493633555
2025-02-11 00:00:00+00:00,-0.5314174567891883,-0.46767795834219617,-0.40867649122424055,-0.3979478607299417,-0.39959338086038854
2025-02-12 00:00:00+00:00,-0.5258772702490655,-0.46767795834219617,-0.40867649122424055,-0.3908296246651052,-0.39249460025459604
2025-02-13 00:00:00+00:00,-0.522554780087572,-0.46767795834219617,-0.40867649122424055,-0.3865607667265989,-0.3882374098963767
2025-02-14 00:00:00+00:00,-0.5120276831663397,-0.46767795834219617,-0.40867649122424055,-0.3730351642184413,-0.3747487753678206
2025-02-15 00:00:00+00:00,-0.5056849912202277,-0.46767795834219617,-0.40867649122424055,-0.3648858396005803,-0.3666217243652058
2025-02-16 00:00:00+00:00,-0.51133863151882,-0.46767795834219617,-0.40867649122424055,-0.3721498452400296,-0.37386587613033473
2025-02-17 00:00:00+00:00,-0.5135759118201895,-0.46767795834219617,-0.40867649122424055,-0.3750243855128207,-0.37673255975155673
2025-02-18 00:00:00+00:00,-0.5137563384588448,-0.46767795834219617,-0.40867649122424055,-0.3752562043147748,-0.37696374494974083
2025-02-19 00:00:00+00:00,-0.510461007604466,-0.46767795834219617,-0.40867649122424055,-0.37102224165605746,-0.3727413544960404
2025-02-20 00:00:00+00:00,-0.5137677603951731,-0.46767795834219617,-0.40867649122424055,-0.3752708796399672,-0.37697838016454843
2025-02-21 00:00:00+00:00,-0.5170329250699713,-0.46767795834219617,-0.40867649122424055,-0.3794660836782169,-0.3811621179322775
2025-02-22 00:00:00+00:00,-0.5151016748432149,-0.46767795834219617,-0.40867649122424055,-0.3769847421358764,-0.37868755835646806
2025-02-23 00:00:00+00:00,-0.5149196039731453,-0.46767795834219617,-0.40867649122424055,-0.3767508107647394,-0.3784542663631444
2025-02-24 00:00:00+00:00,-0.5322347127776336,-0.46767795834219617,-0.40867649122424055,-0.3989979013755093,-0.400640551550171
2025-02-25 00:00:00+00:00,-0.5179383179315862,-0.46767795834219617,-0.40867649122424055,-0.38824123030504865,-0.38991328045627116
2025-02-26 00:00:00+00:00,-0.5121385974965074,-0.46767795834219617,-0.40867649122424055,-0.37833815111269953,-0.38003726821560546
2025-02-27 00:00:00+00:00,-0.5331243281940161,-0.46767795834219617,-0.40867649122424055,-0.38923632259258,-0.3909056529720687
2025-02-28 00:00:00+00:00,-0.5208473207029953,-0.46767795834219617,-0.40867649122424055,-0.39036138566898126,-0.39202764104247056
2025-03-01 00:00:00+00:00,-0.5222730275668424,-0.46767795834219617,-0.40867649122424055,-0.39064556781096405,-0.39231104646196546
2025-03-02 00:00:00+00:00,-0.5187970689072383,-0.46767795834219617,-0.40867649122424055,-0.39064556781096405,-0.39231104646196546
2025-03-03 00:00:00+00:00,-0.5734815452382607,-0.46767795834219617,-0.40867649122424055,-0.4473401051593121,-0.39231104646196546
2025-03-04 00:00:00+00:00,-0.5714151829071104,-0.46767795834219617,-0.40867649122424055,-0.43683948923616245,-0.39231104646196546
2025-03-05 00:00:00+00:00,-0.5660680991307324,-0.46767795834219617,-0.40867649122424055,-0.4305570754191086,-0.39231104646196546
2025-03-06 00:00:00+00:00,-0.5808106250081644,-0.46767795834219617,-0.40867649122424055,-0.4548482169470758,-0.39231104646196546
2025-03-07 00:00:00+00:00,-0.5907070768364083,-0.46767795834219617,-0.40867649122424055,-0.46116019736058556,-0.39231104646196546
2025-03-08 00:00:00+00:00,-0.5872494234752306,-0.46767795834219617,-0.40867649122424055,-0.4620318293814817,-0.39231104646196546
2025-03-09 00:00:00+00:00,-0.6012660956629536,-0.46767795834219617,-0.40867649122424055,-0.4620318293814817,-0.39231104646196546
2025-03-10 00:00:00+00:00,-0.617491545353775,-0.46767795834219617,-0.40867649122424055,-0.4620318293814817,-0.39231104646196546
2025-03-11 00:00:00+00:00,-0.5921820244291047,-0.46767795834219617,-0.40867649122424055,-0.4620318293814817,-0.39231104646196546
2025-03-12 00:00:00+00:00,-0.5940809543302106,-0.46767795834219617,-0.40867649122424055,-0.4620318293814817,-0.39231104646196546
2025-03-13 00:00:00+00:00,-0.6131912124771197,-0.46767795834219617,-0.40867649122424055,-0.4620318293814817,-0.39231104646196546
2025-03-14 00:00:00+00:00,-0.6061069471978855,-0.46767795834219617,-0.40867649122424055,-0.4620318293814817,-0.39231104646196546
2025-03-15 00:00:00+00:00,-0.6009314973312245,-0.46767795834219617,-0.40867649122424055,-0.4620318293814817,-0.39231104646196546
2025-03-16 00:00:00+00:00,-0.6010149221565704,-0.46767795834219617,-0.40867649122424055,-0.4620318293814817,-0.39231104646196546
2025-03-17 00:00:00+00:00,-0.599478038234345,-0.46767795834219617,-0.40867649122424055,-0.4620318293814817,-0.39231104646196546
2025-03-18 00:00:00+00:00,-0.6064974456035068,-0.46767795834219617,-0.40867649122424055,-0.4620318293814817,-0.39231104646196546
2025-03-19 00:00:00+00:00,-0.6024673724479528,-0.46767795834219617,-0.40867649122424055,-0.4620318293814817,-0.39231104646196546
2025-03-20 00:00:00+00:00,-0.6009386570081166,-0.46767795834219617,-0.40867649122424055,-0.4620318293814817,-0.39231104646196546
2025-03-21 00:00:00+00:00,-0.5936896305611343,-0.46767795834219617,-0.40867649122424055,-0.4620318293814817,-0.39231104646196546
2025-03-22 00:00:00+00:00,-0.599138103352927,-0.46767795834219617,-0.40867649122424055,-0.4620318293814817,-0.39231104646196546
2025-03-23 00:00:00+00:00,-0.6141381870872918,-0.46767795834219617,-0.40867649122424055,-0.4620318293814817,-0.39231104646196546
2025-03-24 00:00:00+00:00,-0.6135977066912449,-0.46767795834219617,-0.40867649122424055,-0.4620318293814817,-0.39231104646196546
2025-03-25 00:00:00+00:00,-0.6153473321840472,-0.46767795834219617,-0.40867649122424055,-0.4620318293814817,-0.39231104646196546
2025-03-26 00:00:00+00:00,-0.6187430278583825,-0.46767795834219617,-0.40867649122424055,-0.4620318293814817,-0.39231104646196546
2025-03-27 00:00:00+00:00,-0.6164914067685692,-0.46767795834219617,-0.40867649122424055,-0.4620318293814817,-0.39231104646196546
2025-03-28 00:00:00+00:00,-0.6256386684345778,-0.46767795834219617,-0.40867649122424055,-0.4620318293814817,-0.39231104646196546
2025-03-29 00:00:00+00:00,-0.6402387186928133,-0.46767795834219617,-0.40867649122424055,-0.4620318293814817,-0.39231104646196546
2025-03-30 00:00:00+00:00,-0.6399880083224696,-0.46767795834219617,-0.40867649122424055,-0.4620318293814817,-0.39231104646196546
2025-03-31 00:00:00+00:00,-0.6380618257165236,-0.46767795834219617,-0.40867649122424055,-0.4620318293814817,-0.39231104646196546
2025-04-01 00:00:00+00:00,-0.6324441585659656,-0.46767795834219617,-0.40867649122424055,-0.4620318293814817,-0.39231104646196546
2025-04-02 00:00:00+00:00,-0.6366318808830195,-0.46767795834219617,-0.40867649122424055,-0.4620318293814817,-0.39231104646196546
2025-04-03 00:00:00+00:00,-0.6286278968588895,-0.46767795834219617,-0.40867649122424055,-0.4620318293814817,-0.39231104646196546
2025-04-04 00:00:00+00:00,-0.6247206235985612,-0.46767795834219617,-0.40867649122424055,-0.4620318293814817,-0.39231104646196546
2025-04-05 00:00:00+00:00,-0.6251825605042266,-0.46767795834219617,-0.40867649122424055,-0.4620318293814817,-0.39231104646196546
2025-04-06 00:00:00+00:00,-0.6550624231061173,-0.46767795834219617,-0.40867649122424055,-0.4620318293814817,-0.39231104646196546
2025-04-07 00:00:00+00:00,-0.6406758075507284,-0.46767795834219617,-0.40867649122424055,-0.4620318293814817,-0.39231104646196546
2025-04-08 00:00:00+00:00,-0.6506436805695719,-0.46767795834219617,-0.40867649122424055,-0.4620318293814817,-0.39231104646196546
2025-04-09 00:00:00+00:00,-0.6203808967113829,-0.46767795834219617,-0.40867649122424055,-0.4620318293814817,-0.39231104646196546
2025-04-10 00:00:00+00:00,-0.6239238523223896,-0.46767795834219617,-0.40867649122424055,-0.4620318293814817,-0.39231104646196546
2025-04-11 00:00:00+00:00,-0.6251962874953024,-0.46767795834219617,-0.40867649122424055,-0.4620318293814817,-0.39231104646196546
2025-04-12 00:00:00+00:00,-0.624518053917529,-0.46767795834219617,-0.40867649122424055,-0.4620318293814817,-0.39231104646196546
2025-04-13 00:00:00+00:00,-0.6555992176991847,-0.4715253173342312,-0.40867649122424055,-0.4620318293814817,-0.39231104646196546
2025-04-14 00:00:00+00:00,-0.6525268267156348,-0.46496723860335387,-0.40867649122424055,-0.4620318293814817,-0.39231104646196546
2025-04-15 00:00:00+00:00,-0.65009043117578,-0.46365493510631706,-0.40867649122424055,-0.4620318293814817,-0.39231104646196546
2025-04-16 00:00:00+00:00,-0.6560284873668121,-0.4686904638201105,-0.40867649122424055,-0.4620318293814817,-0.39231104646196546
2025-04-17 00:00:00+00:00,-0.6557001460548141,-0.4694430904889917,-0.40867649122424055,-0.4620318293814817,-0.39231104646196546
2025-04-18 00:00:00+00:00,-0.6568603622203386,-0.47148892764784867,-0.40867649122424055,-0.4620318293814817,-0.39231104646196546
2025-04-19 00:00:00+00:00,-0.6585873028227318,-0.47058221081988594,-0.40867649122424055,-0.4620318293814817,-0.39231104646196546
2025-04-20 00:00:00+00:00,-0.66129351076071,-0.4706611983769291,-0.40867649122424055,-0.4620318293814817,-0.39231104646196546
2025-04-21 00:00:00+00:00,-0.6593428248258133,-0.4706611983769291,-0.40867649122424055,-0.4620318293814817,-0.39231104646196546
2025-04-22 00:00:00+00:00,-0.6612132219424587,-0.47203668989909353,-0.4093260405579059,-0.4612483298207738,-0.39231104646196546
2025-04-23 00:00:00+00:00,-0.6552486142402856,-0.4661745630705977,-0.4026745825445478,-0.45503761180946734,-0.39231104646196546
2025-04-24 00:00:00+00:00,-0.6529063713978125,-0.4621641807253164,-0.3970727239531878,-0.4500383882686446,-0.39231104646196546
2025-04-25 00:00:00+00:00,-0.6425021846187067,-0.4453089506184391,-0.3751209942859648,-0.4301097331479159,-0.3922418020490168
2025-04-26 00:00:00+00:00,-0.6437910178071522,-0.4475947089318826,-0.37862760156942576,-0.43319570099690796,-0.392260165508047
2025-04-27 00:00:00+00:00,-0.6438642048726418,-0.4477277016396609,-0.3785630717638262,-0.4324737657051412,-0.394755220630554
2025-04-28 00:00:00+00:00,-0.6377210126484472,-0.437291054078366,-0.36182091535571204,-0.4197116820821115,-0.38632838290084515
2025-04-29 00:00:00+00:00,-0.6414854083831258,-0.4433608229459868,-0.36950660331655116,-0.42570236612443824,-0.39396052379331137
2025-04-30 00:00:00+00:00,-0.6330191627031944,-0.4304326524122368,-0.35536631028042787,-0.4129856234296262,-0.3824151283128867
2025-05-01 00:00:00+00:00,-0.637692314126539,-0.43712474180770455,-0.3624395071887,-0.41842359537575613,-0.3857789421680363
2025-05-02 00:00:00+00:00,-0.6330498946241292,-0.42967514104568594,-0.35347333007789195,-0.4111382864947628,-0.3781741872134671
2025-05-03 00:00:00+00:00,-0.6430640864106405,-0.4448748100263429,-0.36896211572069304,-0.4266302333074551,-0.38540076918679766
2025-05-04 00:00:00+00:00,-0.644638455732597,-0.44707160673291035,-0.3708524525744529,-0.42833740230812345,-0.384990331092252
2025-05-05 00:00:00+00:00,-0.6457450175437587,-0.4485055515009252,-0.3710252375451416,-0.42965131588057004,-0.3869762343267177
2025-05-06 00:00:00+00:00,-0.6497237965800309,-0.45404809532484136,-0.3753302375696109,-0.4350577192234435,-0.3977813647702112
2025-05-07 00:00:00+00:00,-0.6506843245040974,-0.4551755059268665,-0.37392880789611227,-0.43635177621210997,-0.400442897440885
2025-05-08 00:00:00+00:00,-0.6227396728775141,-0.41144906569167106,-0.3132993166653084,-0.39177743796697095,-0.3515805201192628
2025-05-09 00:00:00+00:00,-0.6172379115608146,-0.40302078437788114,-0.3005665198552403,-0.3832534979151826,-0.34366106893500226
2025-05-10 00:00:00+00:00,-0.6107926583268118,-0.3930993501948923,-0.2891107421659763,-0.3731642995253749,-0.33385295804977344
2025-05-11 00:00:00+00:00,-0.612316518370407,-0.39534878515189475,-0.29188343347413526,-0.37530221703658184,-0.3350280111832613
2025-05-12 00:00:00+00:00,-0.6078922907457407,-0.388429595738747,-0.2842291516673099,-0.36821419982639747,-0.3270875049633436
2025-05-13 00:00:00+00:00,-0.6026043623475608,-0.38022035741231774,-0.2749340848108255,-0.35993598943723293,-0.3183108147179028
2025-05-14 00:00:00+00:00,-0.6045946932088391,-0.3833979088599462,-0.27909780496377046,-0.36357627951004223,-0.3223437060791715
2025-05-15 00:00:00+00:00,-0.6199220909736756,-0.40728684484191,-0.30681044508485134,-0.3881782163130434,-0.3485353912375845
2025-05-16 00:00:00+00:00,-0.6230467357161303,-0.41220354623003386,-0.312932213857386,-0.3933170709309348,-0.35428747189835696
2025-05-17 00:00:00+00:00,-0.633470516314954,-0.42843126760662154,-0.33190626000751766,-0.4100799305222862,-0.3718301226597026
2025-05-18 00:00:00+00:00,-0.6074085281826486,-0.3878858792495975,-0.2838743919953345,-0.36832020521191877,-0.3284056673767203
2025-05-19 00:00:00+00:00,-0.6059189593961705,-0.3855375318038289,-0.2815070553522159,-0.36581412486360454,-0.325491255446155
2025-05-20 00:00:00+00:00,-0.6049459233532095,-0.38399536886613783,-0.2796297349753991,-0.36414789272719417,-0.3235797928002948
2025-05-21 00:00:00+00:00,-0.60480392928426,-0.38379525307984985,-0.2794518126408154,-0.36400728849599673,-0.32354733911359124
2025-05-22 00:00:00+00:00,-0.6011666799495656,-0.3781345816061522,-0.27285672242810033,-0.35819787470774067,-0.31742801181842106
2025-05-23 00:00:00+00:00,-0.6026889791976602,-0.38051087461357724,-0.27564267673271026,-0.3606587354500721,-0.32006002777884934
2025-05-24 00:00:00+00:00,-0.602704721687138,-0.3805394691906404,-0.27568513722898114,-0.36070078729059885,-0.320127432457618
2025-05-25 00:00:00+00:00,-0.5997671895385097,-0.3759439467542769,-0.27027802713654103,-0.35591057812476634,-0.3149471566199912
2025-05-26 00:00:00+00:00,-0.5988721715639437,-0.37455766025989634,-0.26867733027509544,-0.354508454394476,-0.31350778064143914
2025-05-27 00:00:00+00:00,-0.5892243734821273,-0.35950071259115557,-0.2510405729814653,-0.33892544971452365,-0.2968563897230325
2025-05-28 00:00:00+00:00,-0.5891741457085906,-0.3594223217017377,-0.2509487481823619,-0.3388443127976797,-0.29676967632284834
2025-05-29 00:00:00+00:00,-0.5921022974188996,-0.3639913521889937,-0.25629879934060606,-0.34357042739996557,-0.30181521984348736
2025-05-30 00:00:00+00:00,-0.6093787125370513,-0.39090932878899054,-0.28773058345281266,-0.3712906567610398,-0.3311864032144709
2025-05-31 00:00:00+00:00,-0.6250218761520623,-0.4152968721523169,-0.3162390666547854,-0.39644935435692574,-0.35792393673439704
2025-06-01 00:00:00+00:00,-0.6197881105004179,-0.40713463741578515,-0.3066913282778595,-0.3880202132633126,-0.3489498665413663
2025-06-02 00:00:00+00:00,-0.6184208909867757,-0.4050176070027034,-0.304248410968585,-0.38588100998649366,-0.3467575183837036
2025-06-03 00:00:00+00:00,-0.6205980325438706,-0.40841467285191657,-0.3082259776993249,-0.3893945484246847,-0.35050794332074897
2025-06-04 00:00:00+00:00,-0.6167016664406655,-0.4023217746203839,-0.3010628342452838,-0.3830516761481101,-0.34366318214159797
2025-06-05 00:00:00+00:00,-0.6246327577415891,-0.41468863792703925,-0.3155246537385108,-0.3958169236014103,-0.3572427935273541
2025-06-06 00:00:00+00:00,-0.6182724378238138,-0.4047711363523441,-0.3039272849789608,-0.38558017418689605,-0.3463534085877451
2025-06-07 00:00:00+00:00,-0.6118090554408387,-0.3946928934076097,-0.2921418633819576,-0.37517739007815987,-0.3352871880373224
2025-06-08 00:00:00+00:00,-0.6133258338504624,-0.3970579018475069,-0.29490731386426217,-0.3776183137361002,-0.33788334102317263
2025-06-09 00:00:00+00:00,-0.5957369419742383,-0.36963191173154875,-0.26283572463016647,-0.3493093699736418,-0.307769400209559
2025-06-10 00:00:00+00:00,-0.5975455629622375,-0.3724522043157208,-0.2661340624703794,-0.3522209170291609,-0.3108674185013408
2025-06-11 00:00:00+00:00,-0.5980968091170276,-0.37331172601250273,-0.2671391210463566,-0.3531080331856956,-0.31181095830012284
2025-06-12 00:00:00+00:00,-0.6171251968247442,-0.40298256647517683,-0.3018364125125418,-0.38373494891770554,-0.34439220720010466
2025-06-13 00:00:00+00:00,-0.6176786633802481,-0.40384546852576164,-0.30284524408878566,-0.38462530068101775,-0.345338729703476
2025-06-14 00:00:00+00:00,-0.6269362207528368,-0.4182806682714515,-0.3197257614904174,-0.3995254904145761,-0.36118944076231907
2025-06-15 00:00:00+00:00,-0.625096839511854,-0.4154125404316368,-0.3163717684619932,-0.3965649662818417,-0.3580400436357659
2025-06-16 00:00:00+00:00,-0.6249600687669621,-0.4151992253173358,-0.3161222076694211,-0.3963446246118757,-0.35780536476385394
2025-06-17 00:00:00+00:00,-0.6275444649237045,-0.41922927194437853,-0.3208354447621299,-0.40050519500528015,-0.3622326287931964
2025-06-18 00:00:00+00:00,-0.6276043539261154,-0.4193226608708712,-0.32094466410370603,-0.40060160679533796,-0.36233521737265517
2025-06-19 00:00:00+00:00,-0.6274515850441917,-0.41908444802014577,-0.3206660933751906,-0.40035571395054703,-0.3620736263931932
2025-06-20 00:00:00+00:00,-0.6284977336749202,-0.4207157098631338,-0.32257372262164297,-0.4020395677613352,-0.36386497973835485
2025-06-21 00:00:00+00:00,-0.634769865929931,-0.43074256269228284,-0.3342993187169375,-0.41213502957644566,-0.3746049493498437
2025-06-22 00:00:00+00:00,-0.6400591831167995,-0.43591015116725784,-0.34034239686806933,-0.420648577659804,-0.3836620137069041
2025-06-23 00:00:00+00:00,-0.6190620572320178,-0.41850130496619986,-0.31998415457982554,-0.38685214712375793,-0.3477079739187011
2025-06-24 00:00:00+00:00,-0.6061765760351023,-0.4151424995976081,-0.31605630247787364,-0.3661120101102032,-0.32564375902362064
2025-06-25 00:00:00+00:00,-0.6073580741392157,-0.4130686513268972,-0.31636197470004046,-0.3680137188764825,-0.32766687540112127
2025-06-26 00:00:00+00:00,-0.6117007250745663,-0.41392216492459843,-0.31426449525521694,-0.37500353741982706,-0.3351029332408858
2025-06-27 00:00:00+00:00,-0.6114834849713715,-0.4133635658528355,-0.30481592935853596,-0.3746538733725031,-0.33473094617636356
2025-06-28 00:00:00+00:00,-0.6064954905658217,-0.405846201634688,-0.29574665848004844,-0.36662532668145986,-0.3261898464024976
2025-06-29 00:00:00+00:00,-0.6053373343102078,-0.4041246652494529,-0.29109668617491,-0.3647611883489591,-0.3242066990032477
2025-06-30 00:00:00+00:00,-0.6048017205430165,-0.4033229719846464,-0.295871630219544,-0.3638990782925663,-0.32328955069595755
2025-07-01 00:00:00+00:00,-0.60483779560372,-0.4033765085685296,-0.296150068956197,-0.36395714377654464,-0.3233513231575449
2025-07-02 00:00:00+00:00,-0.6048249146365299,-0.40335705908731445,-0.2961270206613147,-0.36393641090515305,-0.32332926667211004
2025-07-03 00:00:00+00:00,-0.604893591659932,-0.4030867828904857,-0.29624990648686234,-0.36404695166445566,-0.3234468645002867
2025-07-04 00:00:00+00:00,-0.6050487014718556,-0.4057773197896448,-0.29624990648686234,-0.3642966124030249,-0.32371246391196073
2025-07-05 00:00:00+00:00,-0.6036016903268003,-0.40474298333321934,-0.29624990648686234,-0.36196754071689474,-0.321234701196334
2025-07-06 00:00:00+00:00,-0.6031106803174809,-0.4028145766098399,-0.29624990648686234,-0.3611772237146932,-0.32039392930715493
2025-07-07 00:00:00+00:00,-0.6061024154430662,-0.4050731948881885,-0.2945800924242826,-0.36599264313783475,-0.3255167715012438
2025-07-08 00:00:00+00:00,-0.5967172657959767,-0.39030118803703573,-0.2834812169496046,-0.3508865491814578,-0.30944628444549516
2025-07-09 00:00:00+00:00,-0.5947621241930932,-0.3872461059988298,-0.2820527125347231,-0.34773960386233416,-0.3060984339579924
2025-07-10 00:00:00+00:00,-0.5857814519334995,-0.35850149494391215,-0.24620349539744868,-0.333284546239793,-0.2907205462602209
2025-07-11 00:00:00+00:00,-0.5878429594718417,-0.3390588906377979,-0.25471617533239,-0.33660269541556376,-0.29425053048594185
2025-07-12 00:00:00+00:00,-0.5846151126996629,-0.3248628992469996,-0.2533700220939089,-0.33140723679733675,-0.28872338688985366
2025-07-13 00:00:00+00:00,-0.5961737728965391,-0.31991378010896243,-0.26733101376835744,-0.35001175707773524,-0.3085156444521294
2025-07-14 00:00:00+00:00,-0.5959634660129409,-0.32000462668535457,-0.2665998878570014,-0.349673252561263,-0.308155529357785
2025-07-15 00:00:00+00:00,-0.596373539890198,-0.31791665175682615,-0.2677586620751976,-0.3503332968601648,-0.30885771176128074
2025-07-16 00:00:00+00:00,-0.5929169659013531,-0.31056251975845073,-0.26459881062593105,-0.3447696848341325,-0.3029389113549179
2025-07-17 00:00:00+00:00,-0.5872576426080081,-0.2993529371489011,-0.2557998878013059,-0.33566058454127823,-0.29324827400229947
2025-07-18 00:00:00+00:00,-0.5860827886950035,-0.2940984368006311,-0.2503521179042465,-0.33376957009161856,-0.29123653467886845
2025-07-19 00:00:00+00:00,-0.5826906157400282,-0.2902598885345339,-0.24780330961428831,-0.3283096163028125,-0.2854280101892569
2025-07-20 00:00:00+00:00,-0.5806587754693241,-0.28676770234013016,-0.2525419617514264,-0.32503921879315456,-0.2819488261594285
2025-07-21 00:00:00+00:00,-0.5757691627583645,-0.26901792135576785,-0.2358953237179381,-0.31716902473130937,-0.27357618845689946
2025-07-22 00:00:00+00:00,-0.5667700383456635,-0.2548717798301261,-0.2216806928995918,-0.30268426700072304,-0.25816670455674295
2025-07-23 00:00:00+00:00,-0.5848767604877019,-0.2836800399812488,-0.25702572776047405,-0.33182837830474143,-0.2891714146303753
2025-07-24 00:00:00+00:00,-0.5903501302087181,-0.2954109893668073,-0.2659923368526187,-0.3406381725406068,-0.29854363782984195
2025-07-25 00:00:00+00:00,-0.5707764808669609,-0.2644000070615633,-0.2414067256069381,-0.30913293318435797,-0.26502706215349947
2025-07-26 00:00:00+00:00,-0.5695378010399437,-0.2638007665187071,-0.23945153066545244,-0.30713918619550806,-0.2629060317091453
2025-07-27 00:00:00+00:00,-0.5605324524027246,-0.250058342783695,-0.22478832162861062,-0.29264441011423925,-0.2474858898734943
2025-07-28 00:00:00+00:00,-0.567608793028366,-0.26447722089896175,-0.23394681040184506,-0.3040343048285359,-0.2596029305923607
2025-07-29 00:00:00+00:00,-0.5666889049318675,-0.2633454303900884,-0.23232992078278902,-0.30255367675785094,-0.25802777725933923
2025-07-30 00:00:00+00:00,-0.5622959779652594,-0.2544144399630244,-0.22496008413315716,-0.29548293521441005,-0.2505056301856782
2025-07-31 00:00:00+00:00,-0.5775938009727866,-0.2808867981917078,-0.25214587738079763,-0.32010591517418086,-0.2767005738858931
2025-08-01 00:00:00+00:00,-0.5890925380506937,-0.30034449210074954,-0.2724683424986053,-0.33861398475327487,-0.2963902232060047
2025-08-02 00:00:00+00:00,-0.6011186225872553,-0.32114236861026724,-0.29384388735515077,-0.35797085915249927,-0.3169828661731938
2025-08-03 00:00:00+00:00,-0.5939026315731815,-0.3076189297979476,-0.2807284181662485,-0.34635618678754876,-0.30462669769994666
2025-08-04 00:00:00+00:00,-0.594577625460859,-0.30881847342872426,-0.2819390669026026,-0.3474426394783058,-0.30578251097331255
2025-08-05 00:00:00+00:00,-0.5969195026752596,-0.3128033735407201,-0.2860847842000629,-0.3512120644278597,-0.30979258101751805
2025-08-06 00:00:00+00:00,-0.5926186371745351,-0.30547490626592044,-0.27846838259142825,-0.34428950263708047,-0.30242807368871427
2025-08-07 00:00:00+00:00,-0.5877805854650839,-0.2972280764603098,-0.2698998535633831,-0.33650229982871127,-0.2941437255114969
2025-08-08 00:00:00+00:00,-0.5862525104312786,-0.29462257515453205,-0.26719331264431145,-0.33404274980542326,-0.2915271545483906
2025-08-09 00:00:00+00:00,-0.5846589363458585,-0.2919056117636757,-0.26437081905494375,-0.33147777420396685,-0.28879842749819795
2025-08-10 00:00:00+00:00,-0.5803076861349123,-0.28501892165065057,-0.2568575992538984,-0.3244741144877211,-0.2813476448446661
2025-08-11 00:00:00+00:00,-0.5786824563152239,-0.2823962780161198,-0.25403141733473766,-0.32185818663573074,-0.2785647126845999
2025-08-12 00:00:00+00:00,-0.5725781035241828,-0.27216961671242335,-0.24326527565585787,-0.31203277838207166,-0.26811203731968747
2025-08-13 00:00:00+00:00,-0.571501497466321,-0.27019444779017676,-0.24130628890313754,-0.31029990113710304,-0.2662685308901044
2025-08-14 00:00:00+00:00,-0.5822558735699397,-0.2882161016494572,-0.26025065647525336,-0.3276098665582575,-0.2846835874917273
2025-08-15 00:00:00+00:00,-0.5886481599612208,-0.2991135036071063,-0.27157679523189215,-0.3378987252822857,-0.29562930062050885
2025-08-16 00:00:00+00:00,-0.5847717297902763,-0.2924678734970453,-0.2646995686950335,-0.33165932361267203,-0.28899156726225583
2025-08-17 00:00:00+00:00,-0.5810288801415004,-0.28602328111845987,-0.25805002661459175,-0.32563492969408014,-0.28258256803538506
2025-08-18 00:00:00+00:00,-0.5908150616551348,-0.3027364395587405,-0.27539080351241274,-0.34138651416295096,-0.29933975457516915
2025-08-19 00:00:00+00:00,-0.593700188559039,-0.3077480121347669,-0.2805301404902013,-0.3460303397518125,-0.3042800481567174
2025-08-20 00:00:00+00:00,-0.589502159382808,-0.3005865544267916,-0.27309709221875134,-0.33927330064722827,-0.2970916307022129
2025-08-21 00:00:00+00:00,-0.5930458444699398,-0.30581268952102014,-0.2785240684155209,-0.34497712444236883,-0.3031595941832277
2025-08-22 00:00:00+00:00,-0.5762847671318396,-0.28698714923924895,-0.2585985469812391,-0.3179989281854809,-0.27445907404971315
2025-08-23 00:00:00+00:00,-0.5785574396466575,-0.28879455205340954,-0.2607709424729645,-0.3216569630418097,-0.2783506427092137
2025-08-24 00:00:00+00:00,-0.5744169903705139,-0.28939007446266607,-0.2608630001821538,-0.31499260305406696,-0.2712608211294497
2025-08-25 00:00:00+00:00,-0.6024195111482563,-0.2962086928448936,-0.2608630001821538,-0.36006473570942266,-0.31921041859022115
2025-08-26 00:00:00+00:00,-0.5992167733974381,-0.2922935577032313,-0.2608630001821538,-0.3549096919220813,-0.31372626996149433
2025-08-27 00:00:00+00:00,-0.6085322836149709,-0.2942867768009376,-0.2608630001821538,-0.36990369605511975,-0.3296775112307244
2025-08-28 00:00:00+00:00,-0.6067855179275332,-0.29447030779393013,-0.2608630001821538,-0.3670921472161097,-0.32668646938003854
2025-08-29 00:00:00+00:00,-0.6170587708882806,-0.29447030779393013,-0.2608630001821538,-0.3836277092793964,-0.34427768368500444
2025-08-30 00:00:00+00:00,-0.617938498003508,-0.29447030779393013,-0.2608630001821538,-0.38504369527411286,-0.3457840681060814
2025-08-31 00:00:00+00:00,-0.6180893263582883,-0.29447030779393013,-0.2608630001821538,-0.3852864646900811,-0.34604233624396774
2025-09-01 00:00:00+00:00,-0.6183158753628479,-0.29447030779393013,-0.2608630001821538,-0.3873647403900087,-0.34825329182457065
2025-09-02 00:00:00+00:00,-0.6144583203766748,-0.29447030779393013,-0.2608630001821538,-0.3847743242546713,-0.3454975000830286
2025-09-03 00:00:00+00:00,-0.6125011818732905,-0.29447030779393013,-0.2608630001821538,-0.38485511932035943,-0.3455834532130079
2025-09-04 00:00:00+00:00,-0.6203866950816044,-0.29447030779393013,-0.2608630001821538,-0.38440969284294646,-0.3455834532130079
2025-09-05 00:00:00+00:00,-0.6103313801324144,-0.29447030779393013,-0.2608630001821538,-0.38464290043425,-0.3455834532130079
2025-09-06 00:00:00+00:00,-0.6112600608044568,-0.29447030779393013,-0.2608630001821538,-0.38609195643524863,-0.34444047916225273
2025-09-07 00:00:00+00:00,-0.6094470579040281,-0.29447030779393013,-0.2608630001821538,-0.38227351262935505,-0.34355685986616236
2025-09-08 00:00:00+00:00,-0.6085027865268517,-0.29447030779393013,-0.2608630001821538,-0.3810611508581392,-0.34521224791453453
2025-09-09 00:00:00+00:00,-0.6092478959334993,-0.29447030779393013,-0.2608630001821538,-0.3804612536214248,-0.3486027164947798
2025-09-10 00:00:00+00:00,-0.6102027784971767,-0.29447030779393013,-0.2608630001821538,-0.38047732430003345,-0.3502462271340646
2025-09-11 00:00:00+00:00,-0.6052656474542312,-0.29447030779393013,-0.2608630001821538,-0.38057090676839345,-0.3411490958536626
2025-09-12 00:00:00+00:00,-0.6048207085407445,-0.2917899308191356,-0.2608630001821538,-0.3782176344719088,-0.3406285469391269
2025-09-13 00:00:00+00:00,-0.6008145263671829,-0.2855055467857587,-0.2608630001821538,-0.3727001766720224,-0.3338270797958165
2025-09-14 00:00:00+00:00,-0.6030599273033054,-0.28624206970645805,-0.25825482572582015,-0.37321492862294914,-0.3376535982565152
2025-09-15 00:00:00+00:00,-0.6338075469476357,-0.33885364623720604,-0.31216193165649075,-0.4195954627577375,-0.3882750473419381
2025-09-16 00:00:00+00:00,-0.6306139943582119,-0.33170669527655294,-0.30536380789806605,-0.41338454341204933,-0.3835917725017336
2025-09-17 00:00:00+00:00,-0.6213756864681654,-0.3143914992964646,-0.27580535383337135,-0.3980665320510105,-0.3676489959383543
2025-09-18 00:00:00+00:00,-0.61711285201517,-0.30814297384082967,-0.2687945364126172,-0.3912134747784022,-0.3598249802019857
2025-09-19 00:00:00+00:00,-0.6402552526736247,-0.3518365367012958,-0.31022924068560087,-0.4289048550806387,-0.3987293664580136
2025-09-20 00:00:00+00:00,-0.6403982487024669,-0.3522380661457343,-0.3108244699243409,-0.4292130263095806,-0.39900681325415344
2025-09-21 00:00:00+00:00,-0.6416084820295616,-0.35420288485159457,-0.31146781002182666,-0.43105071292861075,-0.4009255198551055
2025-09-22 00:00:00+00:00,-0.651716321367845,-0.3728304613815142,-0.3217952369381478,-0.4473119744453552,-0.4179384604295906
2025-09-23 00:00:00+00:00,-0.6570284226225098,-0.38108470449,-0.3324492765179258,-0.45499996075462323,-0.4265369903007149
2025-09-24 00:00:00+00:00,-0.6543220952514455,-0.37630523197402643,-0.3171053090468008,-0.45081109298682576,-0.42195448766080645
2025-09-25 00:00:00+00:00,-0.6765429320056691,-0.4157711873364136,-0.36671293547539285,-0.4866225516525201,-0.459464286979578
2025-09-26 00:00:00+00:00,-0.6698441826153381,-0.405319474316445,-0.35128782679526394,-0.47577550165191085,-0.44811071904085475
2025-09-27 00:00:00+00:00,-0.669559831252277,-0.405850594600338,-0.3520442853082911,-0.4754149143974161,-0.44769271067559335
2025-09-28 00:00:00+00:00,-0.6696486806404851,-0.405850594600338,-0.3520442853082911,-0.47589130308757766,-0.44821141534651665
2025-09-29 00:00:00+00:00,-0.671358957836979,-0.405850594600338,-0.3520442853082911,-0.48170592307305204,-0.45043752289256256
2025-09-30 00:00:00+00:00,-0.675590202927149,-0.4052676653656543,-0.3520442853082911,-0.4886203097719326,-0.45048610283770507
2025-10-01 00:00:00+00:00,-0.6936394763430823,-0.3962248009714253,-0.3520442853082911,-0.5167176085464065,-0.48771598451805465
2025-10-02 00:00:00+00:00,-0.6882181986362333,-0.3659290018513177,-0.3518836775645797,-0.5086611360864943,-0.4904017108246792
2025-10-03 00:00:00+00:00,-0.6850688362263573,-0.3498213880397488,-0.3518076151310924,-0.5040048728016248,-0.49085929696632813
2025-10-04 00:00:00+00:00,-0.6860428832018803,-0.353197402844724,-0.35097281171464223,-0.5057677362611522,-0.49090301784682067
2025-10-05 00:00:00+00:00,-0.6868992851836118,-0.35539583720878587,-0.3550412991181433,-0.5075787736315109,-0.49283224575502005
2025-10-06 00:00:00+00:00,-0.6813252571020112,-0.3547252862237772,-0.3448958746918551,-0.5021485867059139,-0.48211201738369047
2025-10-07 00:00:00+00:00,-0.67897742194378,-0.35701896290176194,-0.3421066375347902,-0.5030360322253165,-0.4778321897543011
2025-10-08 00:00:00+00:00,-0.6689106884250346,-0.33344685348924585,-0.3245746605729103,-0.4870257998848325,-0.4628125783200391
2025-10-09 00:00:00+00:00,-0.6642672458319566,-0.3241547197970157,-0.3124792701211615,-0.47913636457778885,-0.4546547932550823
2025-10-10 00:00:00+00:00,-0.708339692339303,-0.4193033434264217,-0.394231211581636,-0.545749126971337,-0.5177394382798566
2025-10-11 00:00:00+00:00,-0.6980392538771878,-0.39974065748706133,-0.3732689098534323,-0.5293694066742989,-0.5002291093201515
2025-10-12 00:00:00+00:00,-0.6799205842445732,-0.363619726674258,-0.3275305050714271,-0.5003182190652513,-0.4698625514792676
2025-10-13 00:00:00+00:00,-0.6766894800978414,-0.35552161066731647,-0.3219117016522707,-0.4950306542508909,-0.46624536797520566
2025-10-14 00:00:00+00:00,-0.6799609112950753,-0.3560536100597167,-0.3303096204663618,-0.49710477712523116,-0.4750864877017762
2025-10-15 00:00:00+00:00,-0.6853613497095212,-0.36660840761076563,-0.33085833715136737,-0.5053042387315837,-0.4754844712694347
2025-10-16 00:00:00+00:00,-0.6911440429838138,-0.3806370891102161,-0.33085833715136737,-0.5162028724519108,-0.4754844712694347
2025-10-17 00:00:00+00:00,-0.6906166611375657,-0.3785381786800899,-0.33085833715136737,-0.5144742645001226,-0.4754844712694347
2025-10-18 00:00:00+00:00,-0.6861722107734235,-0.3762841990788769,-0.33085833715136737,-0.5127782271726022,-0.4754844712694347
2025-10-19 00:00:00+00:00,-0.678059902309845,-0.37655507872053817,-0.33085833715136737,-0.5129834431882502,-0.4754844712694347
2025-10-20 00:00:00+00:00,-0.6778755191576948,-0.37655507872053817,-0.33085833715136737,-0.5129834431882502,-0.4754844712694347
2025-10-21 00:00:00+00:00,-0.6831474461580491,-0.37655507872053817,-0.33085833715136737,-0.5129834431882502,-0.4754844712694347
2025-10-22 00:00:00+00:00,-0.6838253033006096,-0.37655507872053817,-0.33085833715136737,-0.5129834431882502,-0.4754844712694347
2025-10-23 00:00:00+00:00,-0.6843598418639147,-0.37655507872053817,-0.33085833715136737,-0.5129834431882502,-0.4754844712694347
2025-10-24 00:00:00+00:00,-0.6816294952640163,-0.37655507872053817,-0.33085833715136737,-0.5129834431882502,-0.4754844712694347
2025-10-25 00:00:00+00:00,-0.6834353459355056,-0.37655507872053817,-0.33085833715136737,-0.5129834431882502,-0.4754844712694347
2025-10-26 00:00:00+00:00,-0.6779655367460232,-0.37655507872053817,-0.33085833715136737,-0.5129834431882502,-0.4754844712694347
2025-10-27 00:00:00+00:00,-0.6788307720113783,-0.37621168959122575,-0.33085833715136737,-0.5127151978538249,-0.4754844712694347
2025-10-28 00:00:00+00:00,-0.6816146170211732,-0.3765860393455399,-0.33085833715136737,-0.5135598768578161,-0.4754844712694347
2025-10-29 00:00:00+00:00,-0.6795270302566521,-0.3767765117666737,-0.33085833715136737,-0.5102789618389614,-0.4754844712694347
2025-10-30 00:00:00+00:00,-0.6865716566860878,-0.3755513956663553,-0.33085833715136737,-0.515487909341866,-0.4754844712694347
2025-10-31 00:00:00+00:00,-0.667106221921141,-0.3760866969719162,-0.33085833715136737,-0.49474928959308373,-0.4754844712694347
2025-11-01 00:00:00+00:00,-0.62807252296989,-0.3761808848762941,-0.33085833715136737,-0.4502946094750684,-0.4754844712694347
2025-11-02 00:00:00+00:00,-0.6197187987931552,-0.3761808848762941,-0.33085833715136737,-0.4331808382396316,-0.4754844712694347
2025-11-03 00:00:00+00:00,-0.6243668664774973,-0.3761808848762941,-0.33085833715136737,-0.43328302133634156,-0.4754844712694347
2025-11-04 00:00:00+00:00,-0.6335166982774025,-0.3761808848762941,-0.33085833715136737,-0.43328302133634156,-0.4754844712694347
2025-11-05 00:00:00+00:00,-0.6195851212958878,-0.3761808848762941,-0.33085833715136737,-0.43328302133634156,-0.4754844712694347
2025-11-06 00:00:00+00:00,-0.6128067443629324,-0.3761808848762941,-0.33085833715136737,-0.43328302133634156,-0.4754844712694347
2025-11-07 00:00:00+00:00,-0.5859720660910238,-0.3761808848762941,-0.33085833715136737,-0.43328302133634156,-0.4754844712694347
2025-11-08 00:00:00+00:00,-0.5916787454728932,-0.3761808848762941,-0.33085833715136737,-0.43328302133634156,-0.4754844712694347
2025-11-09 00:00:00+00:00,-0.5960882386822224,-0.3761808848762941,-0.33085833715136737,-0.43328302133634156,-0.4754844712694347
2025-11-10 00:00:00+00:00,-0.6057122990121762,-0.3761808848762941,-0.33085833715136737,-0.43328302133634156,-0.4754844712694347
2025-11-11 00:00:00+00:00,-0.6222401321787414,-0.3761808848762941,-0.33085833715136737,-0.43328302133634156,-0.4754844712694347
2025-11-12 00:00:00+00:00,-0.6226553828810277,-0.3761808848762941,-0.33085833715136737,-0.43328302133634156,-0.4754844712694347
2025-11-13 00:00:00+00:00,-0.6295174817083375,-0.3761808848762941,-0.33085833715136737,-0.43328302133634156,-0.4754844712694347
2025-11-14 00:00:00+00:00,-0.6329653203026798,-0.3761808848762941,-0.33085833715136737,-0.43328302133634156,-0.4754844712694347
2025-11-15 00:00:00+00:00,-0.6167062815660657,-0.3761808848762941,-0.33085833715136737,-0.43328302133634156,-0.4754844712694347
2025-11-16 00:00:00+00:00,-0.6257017243218169,-0.3761808848762941,-0.33085833715136737,-0.43328302133634156,-0.4754844712694347
2025-11-17 00:00:00+00:00,-0.6294465259907367,-0.3761808848762941,-0.33085833715136737,-0.43328302133634156,-0.4754844712694347
2025-11-18 00:00:00+00:00,-0.6181194177853504,-0.3761808848762941,-0.33085833715136737,-0.43328302133634156,-0.4754844712694347
2025-11-19 00:00:00+00:00,-0.6074965431964063,-0.3761808848762941,-0.33085833715136737,-0.43328302133634156,-0.4754844712694347
2025-11-20 00:00:00+00:00,-0.6204973136289871,-0.3761808848762941,-0.33085833715136737,-0.43328302133634156,-0.4754844712694347
2025-11-21 00:00:00+00:00,-0.6352808398000618,-0.3761808848762941,-0.33085833715136737,-0.43328302133634156,-0.4754844712694347
2025-11-22 00:00:00+00:00,-0.645671688423723,-0.3761808848762941,-0.33085833715136737,-0.43328302133634156,-0.4754844712694347
2025-11-23 00:00:00+00:00,-0.6453445108134963,-0.3761808848762941,-0.33085833715136737,-0.43328302133634156,-0.4754844712694347
2025-11-24 00:00:00+00:00,-0.6393246727337554,-0.3761808848762941,-0.33085833715136737,-0.43328302133634156,-0.4754844712694347
2025-11-25 00:00:00+00:00,-0.6357123566982947,-0.3761808848762941,-0.33085833715136737,-0.43328302133634156,-0.4754844712694347
2025-11-26 00:00:00+00:00,-0.6348763407576907,-0.3761808848762941,-0.33085833715136737,-0.43328302133634156,-0.4754844712694347
2025-11-27 00:00:00+00:00,-0.6356161434180059,-0.3761808848762941,-0.33085833715136737,-0.43328302133634156,-0.4754844712694347
2025-11-28 00:00:00+00:00,-0.6345539068768364,-0.3761808848762941,-0.33085833715136737,-0.43328302133634156,-0.4754844712694347
2025-11-29 00:00:00+00:00,-0.6355925127486088,-0.3761808848762941,-0.33085833715136737,-0.43328302133634156,-0.4754844712694347
2025-11-30 00:00:00+00:00,-0.6353883567554931,-0.3761808848762941,-0.33085833715136737,-0.43328302133634156,-0.4754844712694347
2025-12-01 00:00:00+00:00,-0.6385309446026517,-0.3761808848762941,-0.33085833715136737,-0.43328302133634156,-0.4754844712694347
2025-12-02 00:00:00+00:00,-0.6331821728594882,-0.3761808848762941,-0.33085833715136737,-0.43328302133634156,-0.4754844712694347
2025-12-03 00:00:00+00:00,-0.6279971747295541,-0.3761808848762941,-0.33085833715136737,-0.43328302133634156,-0.4754844712694347
2025-12-04 00:00:00+00:00,-0.6303122893804922,-0.3761808848762941,-0.33085833715136737,-0.43328302133634156,-0.4754844712694347
2025-12-05 00:00:00+00:00,-0.6369926308622577,-0.3761808848762941,-0.33085833715136737,-0.43328302133634156,-0.4754844712694347
2025-12-06 00:00:00+00:00,-0.6354386140732964,-0.3761808848762941,-0.33085833715136737,-0.43328302133634156,-0.4754844712694347
2025-12-07 00:00:00+00:00,-0.6366321689315608,-0.3761808848762941,-0.33085833715136737,-0.43328302133634156,-0.4754844712694347
2025-12-08 00:00:00+00:00,-0.6339672293580234,-0.3761808848762941,-0.33085833715136737,-0.43328302133634156,-0.4754844712694347
2025-12-09 00:00:00+00:00,-0.6279424588846094,-0.3761808848762941,-0.33085833715136737,-0.43328302133634156,-0.4754844712694347
2025-12-10 00:00:00+00:00,-0.6277885135409047,-0.3761808848762941,-0.33085833715136737,-0.43328302133634156,-0.4754844712694347
2025-12-11 00:00:00+00:00,-0.6238572953838761,-0.3761808848762941,-0.33085833715136737,-0.43328302133634156,-0.4754844712694347
2025-12-12 00:00:00+00:00,-0.6344385787261881,-0.3761808848762941,-0.33085833715136737,-0.43328302133634156,-0.4754844712694347
2025-12-13 00:00:00+00:00,-0.633329426943311,-0.3761808848762941,-0.33085833715136737,-0.43328302133634156,-0.4754844712694347
2025-12-14 00:00:00+00:00,-0.6413256608286779,-0.3761808848762941,-0.33085833715136737,-0.43328302133634156,-0.4754844712694347
2025-12-15 00:00:00+00:00,-0.6528984388339751,-0.3761808848762941,-0.33085833715136737,-0.43328302133634156,-0.4754844712694347
2025-12-16 00:00:00+00:00,-0.6546276133807891,-0.3761808848762941,-0.33085833715136737,-0.43328302133634156,-0.4754844712694347
2025-12-17 00:00:00+00:00,-0.6608780170043544,-0.3761808848762941,-0.33085833715136737,-0.43328302133634156,-0.4754844712694347
2025-12-18 00:00:00+00:00,-0.6676972174844001,-0.3761808848762941,-0.33085833715136737,-0.43328302133634156,-0.4754844712694347
2025-12-19 00:00:00+00:00,-0.6636046071140234,-0.3761808848762941,-0.33085833715136737,-0.43328302133634156,-0.4754844712694347
2025-12-20 00:00:00+00:00,-0.6639666801197663,-0.3761808848762941,-0.33085833715136737,-0.43328302133634156,-0.4754844712694347
2025-12-21 00:00:00+00:00,-0.6668513120295809,-0.3761808848762941,-0.33085833715136737,-0.43328302133634156,-0.4754844712694347
2025-12-22 00:00:00+00:00,-0.66640519835062,-0.3761808848762941,-0.33085833715136737,-0.43328302133634156,-0.4754844712694347
2025-12-23 00:00:00+00:00,-0.6675838325859439,-0.3761808848762941,-0.33085833715136737,-0.43328302133634156,-0.4754844712694347
2025-12-24 00:00:00+00:00,-0.6677756469347438,-0.3761808848762941,-0.33085833715136737,-0.43328302133634156,-0.4754844712694347
2025-12-25 00:00:00+00:00,-0.6677556749746039,-0.3761808848762941,-0.33085833715136737,-0.43328302133634156,-0.4754844712694347
2025-12-26 00:00:00+00:00,-0.6675814993554043,-0.3761808848762941,-0.33085833715136737,-0.43328302133634156,-0.4754844712694347
2025-12-27 00:00:00+00:00,-0.6669908278130449,-0.3761808848762941,-0.33085833715136737,-0.43328302133634156,-0.4754844712694347
2025-12-28 00:00:00+00:00,-0.6669789722544517,-0.3761808848762941,-0.33085833715136737,-0.43328302133634156,-0.4754844712694347
2025-12-29 00:00:00+00:00,-0.6643909427282646,-0.3761808848762941,-0.33085833715136737,-0.43328302133634156,-0.4754844712694347
2025-12-30 00:00:00+00:00,-0.6622963118892049,-0.3761808848762941,-0.33085833715136737,-0.43328302133634156,-0.4754844712694347
2025-12-31 00:00:00+00:00,-0.6649521533851637,-0.3761808848762941,-0.33085833715136737,-0.43328302133634156,-0.4754844712694347
2026-01-01 00:00:00+00:00,-0.6667799933811711,-0.3761808848762941,-0.33085833715136737,-0.43328302133634156,-0.4754844712694347
2026-01-02 00:00:00+00:00,-0.6650946714371779,-0.3761808848762941,-0.33085833715136737,-0.43328302133634156,-0.4754844712694347
2026-01-03 00:00:00+00:00,-0.6649953143883298,-0.3761808848762941,-0.33085833715136737,-0.43328302133634156,-0.4754844712694347
2026-01-04 00:00:00+00:00,-0.66613299911503,-0.37339375714816325,-0.33085833715136737,-0.43328302133634156,-0.4754844712694347
2026-01-05 00:00:00+00:00,-0.6638277554510675,-0.37129691244513074,-0.3240259486843,-0.43328302133634156,-0.4754844712694347
2026-01-06 00:00:00+00:00,-0.6624377329143822,-0.35864600498554544,-0.323027599277946,-0.43328302133634156,-0.4754844712694347
2026-01-07 00:00:00+00:00,-0.6718725152295316,-0.3779962825418667,-0.3331277767740931,-0.43328302133634156,-0.4754844712694347
2026-01-08 00:00:00+00:00,-0.6707477583479122,-0.37923814434345204,-0.33315577572854194,-0.43328302133634156,-0.4754844712694347
2026-01-09 00:00:00+00:00,-0.674377337449803,-0.3865756568980948,-0.3372541647818468,-0.43328302133634156,-0.4754844712694347
2026-01-10 00:00:00+00:00,-0.6791980363491199,-0.3932452620737308,-0.345681868621179,-0.43328302133634156,-0.4754844712694347
2026-01-11 00:00:00+00:00,-0.6771870711663458,-0.39120590759835683,-0.34178988529819077,-0.43328302133634156,-0.4754844712694347
2026-01-12 00:00:00+00:00,-0.6806080354305499,-0.4001198920582607,-0.34821431903336575,-0.43328302133634156,-0.4754844712694347
2026-01-13 00:00:00+00:00,-0.6800462310458946,-0.39815409886242625,-0.34434112660588323,-0.43328302133634156,-0.4754844712694347
2026-01-14 00:00:00+00:00,-0.6801024036137071,-0.39854403841929353,-0.34451444965259115,-0.43328302133634156,-0.4754844712694347
2026-01-15 00:00:00+00:00,-0.6811729483502231,-0.4025968783591719,-0.34697276229620433,-0.43328302133634156,-0.4754844712694347
2026-01-16 00:00:00+00:00,-0.67970176746419,-0.4001652011192399,-0.34391696882824996,-0.43328302133634156,-0.4754844712694347
2026-01-17 00:00:00+00:00,-0.6795777432045178,-0.39964711427080846,-0.34360376677506965,-0.43328302133634156,-0.4754844712694347
2026-01-18 00:00:00+00:00,-0.6879694686399338,-0.417576390611047,-0.361310318325763,-0.43328302133634156,-0.4754844712694347
2026-01-19 00:00:00+00:00,-0.6930143277497902,-0.42792203474144874,-0.37191526017545573,-0.43328302133634156,-0.4754844712694347
2026-01-20 00:00:00+00:00,-0.6995410908894169,-0.4413839029857627,-0.3849411039016839,-0.43328302133634156,-0.4754844712694347
2026-01-21 00:00:00+00:00,-0.695861575907883,-0.43510582672463916,-0.3774967707804644,-0.43328302133634156,-0.4754844712694347
2026-01-22 00:00:00+00:00,-0.6950388894328646,-0.43402133275824983,-0.3757198297618415,-0.43328302133634156,-0.4754844712694347
2026-01-23 00:00:00+00:00,-0.694519703170526,-0.4341493807604423,-0.3746368649899059,-0.43328302133634156,-0.4754844712694347
2026-01-24 00:00:00+00:00,-0.6947338935489765,-0.43417570072398715,-0.37503368283928273,-0.43328302133634156,-0.4754844712694347
2026-01-25 00:00:00+00:00,-0.701105227110665,-0.43433775379944006,-0.3752047313485485,-0.43328302133634156,-0.4754844712694347
2026-01-26 00:00:00+00:00,-0.6909970026158088,-0.43433775379944006,-0.3752047313485485,-0.43328302133634156,-0.4754844712694347
2026-01-27 00:00:00+00:00,-0.6819117607007839,-0.43433775379944006,-0.3752047313485485,-0.43328302133634156,-0.4754844712694347
2026-01-28 00:00:00+00:00,-0.6878979167651088,-0.43433775379944006,-0.3752047313485485,-0.43328302133634156,-0.4754844712694347
2026-01-29 00:00:00+00:00,-0.6978979717913034,-0.43433775379944006,-0.3752047313485485,-0.43328302133634156,-0.4754844712694347
2026-01-30 00:00:00+00:00,-0.7029295891981973,-0.43433775379944006,-0.3752047313485485,-0.43328302133634156,-0.4754844712694347
2026-01-31 00:00:00+00:00,-0.7152900082861399,-0.43433775379944006,-0.3752047313485485,-0.43328302133634156,-0.4754844712694347
2026-02-01 00:00:00+00:00,-0.7258352606173623,-0.43433775379944006,-0.3752047313485485,-0.43328302133634156,-0.4754844712694347
2026-02-02 00:00:00+00:00,-0.7254212239973215,-0.43433775379944006,-0.3752047313485485,-0.43328302133634156,-0.4754844712694347
2026-02-03 00:00:00+00:00,-0.7272913966504588,-0.43433775379944006,-0.3752047313485485,-0.43328302133634156,-0.4754844712694347
2026-02-04 00:00:00+00:00,-0.7295924087397415,-0.43433775379944006,-0.3752047313485485,-0.43328302133634156,-0.4754844712694347
2026-02-05 00:00:00+00:00,-0.7338807069729179,-0.43433775379944006,-0.3752047313485485,-0.43328302133634156,-0.4754844712694347
2026-02-06 00:00:00+00:00,-0.73102042429367,-0.43433775379944006,-0.3752047313485485,-0.43328302133634156,-0.4754844712694347
2026-02-07 00:00:00+00:00,-0.7301283935035083,-0.43433775379944006,-0.3752047313485485,-0.43328302133634156,-0.4754844712694347
2026-02-08 00:00:00+00:00,-0.7182505008844804,-0.43433775379944006,-0.3752047313485485,-0.43328302133634156,-0.4754844712694347
2026-02-09 00:00:00+00:00,-0.725111268376896,-0.43433775379944006,-0.3752047313485485,-0.43328302133634156,-0.4754844712694347
2026-02-10 00:00:00+00:00,-0.7248551249323185,-0.43433775379944006,-0.3752047313485485,-0.43328302133634156,-0.4754844712694347
2026-02-11 00:00:00+00:00,-0.7217999784678745,-0.43433775379944006,-0.3752047313485485,-0.43328302133634156,-0.4754844712694347
2026-02-12 00:00:00+00:00,-0.7255899667480019,-0.43433775379944006,-0.3752047313485485,-0.43328302133634156,-0.4754844712694347
2026-02-13 00:00:00+00:00,-0.7266532735657165,-0.43433775379944006,-0.3752047313485485,-0.43328302133634156,-0.4754844712694347
2026-02-14 00:00:00+00:00,-0.7278256112938724,-0.43433775379944006,-0.3752047313485485,-0.43328302133634156,-0.4754844712694347
2026-02-15 00:00:00+00:00,-0.7300267821576082,-0.43433775379944006,-0.3752047313485485,-0.43328302133634156,-0.4754844712694347
2026-02-16 00:00:00+00:00,-0.7301150485860569,-0.43433775379944006,-0.3752047313485485,-0.43328302133634156,-0.4754844712694347
2026-02-17 00:00:00+00:00,-0.7306111257754238,-0.43433775379944006,-0.3752047313485485,-0.43328302133634156,-0.4754844712694347
2026-02-18 00:00:00+00:00,-0.7315299071896186,-0.43433775379944006,-0.3752047313485485,-0.43328302133634156,-0.4754844712694347
2026-02-19 00:00:00+00:00,-0.7315940716770546,-0.43433775379944006,-0.3752047313485485,-0.43328302133634156,-0.4754844712694347
2026-02-20 00:00:00+00:00,-0.7316739927916314,-0.43433775379944006,-0.3752047313485485,-0.43328302133634156,-0.4754844712694347
2026-02-21 00:00:00+00:00,-0.7316739927916314,-0.43433775379944006,-0.3752047313485485,-0.43328302133634156,-0.4754844712694347
2026-02-22 00:00:00+00:00,-0.7316739927916314,-0.43433775379944006,-0.3752047313485485,-0.43328302133634156,-0.4754844712694347
2026-02-23 00:00:00+00:00,-0.7329310787798949,-0.43433775379944006,-0.3752047313485485,-0.43328302133634156,-0.4754844712694347
2026-02-24 00:00:00+00:00,-0.7335812825312504,-0.43433775379944006,-0.3752047313485485,-0.43328302133634156,-0.4754844712694347
2026-02-25 00:00:00+00:00,-0.7305393426609035,-0.43433775379944006,-0.3752047313485485,-0.43328302133634156,-0.4754844712694347
2026-02-26 00:00:00+00:00,-0.7308752574340774,-0.43433775379944006,-0.3752047313485485,-0.43328302133634156,-0.4754844712694347
2026-02-27 00:00:00+00:00,-0.7334640097635194,-0.43433775379944006,-0.3752047313485485,-0.43328302133634156,-0.4754844712694347
2026-02-28 00:00:00+00:00,-0.7274120554178023,-0.43433775379944006,-0.3752047313485485,-0.43328302133634156,-0.4754844712694347
2026-03-01 00:00:00+00:00,-0.7291553591180627,-0.43433775379944006,-0.3752047313485485,-0.43328302133634156,-0.4754844712694347
2026-03-02 00:00:00+00:00,-0.7281824913026287,-0.43433775379944006,-0.3752047313485485,-0.43328302133634156,-0.4754844712694347
2026-03-03 00:00:00+00:00,-0.7296670753428451,-0.43433775379944006,-0.3752047313485485,-0.43328302133634156,-0.4754844712694347
2026-03-04 00:00:00+00:00,-0.7262165388332091,-0.43433775379944006,-0.3752047313485485,-0.43328302133634156,-0.4754844712694347
2026-03-05 00:00:00+00:00,-0.7294200706529023,-0.43433775379944006,-0.3752047313485485,-0.43328302133634156,-0.4754844712694347
2026-03-06 00:00:00+00:00,-0.7332446378056922,-0.43433775379944006,-0.3752047313485485,-0.43328302133634156,-0.4754844712694347
2026-03-07 00:00:00+00:00,-0.7354047854938843,-0.43433775379944006,-0.3752047313485485,-0.43328302133634156,-0.4754844712694347
2026-03-08 00:00:00+00:00,-0.73753483078582,-0.43433775379944006,-0.3752047313485485,-0.43328302133634156,-0.4754844712694347
2026-03-09 00:00:00+00:00,-0.7337718953447414,-0.43433775379944006,-0.3752047313485485,-0.43328302133634156,-0.4754844712694347
2026-03-10 00:00:00+00:00,-0.730692985595835,-0.43433775379944006,-0.3752047313485485,-0.43328302133634156,-0.4754844712694347
2026-03-11 00:00:00+00:00,-0.7313051825186772,-0.43433775379944006,-0.3752047313485485,-0.43328302133634156,-0.4754844712694347
2026-03-12 00:00:00+00:00,-0.7301559067526424,-0.43433775379944006,-0.3752047313485485,-0.43328302133634156,-0.4754844712694347
2026-03-13 00:00:00+00:00,-0.7316867933236352,-0.43433775379944006,-0.3752047313485485,-0.43328302133634156,-0.4754844712694347
2026-03-14 00:00:00+00:00,-0.7302110045928834,-0.43433775379944006,-0.3752047313485485,-0.43328302133634156,-0.4754844712694347
2026-03-15 00:00:00+00:00,-0.7281173549603439,-0.43433775379944006,-0.3752047313485485,-0.43328302133634156,-0.4754844712694347
2026-03-16 00:00:00+00:00,-0.7259609614116435,-0.43441130758574853,-0.3752047313485485,-0.43328302133634156,-0.4754844712694347
2026-03-17 00:00:00+00:00,-0.7246800860470586,-0.43144937920945525,-0.3752047313485485,-0.43328302133634156,-0.4754844712694347
2026-03-18 00:00:00+00:00,-0.72982482671261,-0.4431940887390059,-0.38326328986176106,-0.43328302133634156,-0.4754844712694347
2026-03-19 00:00:00+00:00,-0.7333126312626921,-0.44876087455741365,-0.3966114986647722,-0.43328302133634156,-0.4754844712694347
2026-03-20 00:00:00+00:00,-0.7322701963240015,-0.4456975859918947,-0.39279660829347085,-0.43328302133634156,-0.4754844712694347
2026-03-21 00:00:00+00:00,-0.7385956890537521,-0.4580245010649362,-0.407817433007025,-0.43328302133634156,-0.4754844712694347
2026-03-22 00:00:00+00:00,-0.7417597598122431,-0.4635592494213797,-0.41907890453746743,-0.43328302133634156,-0.4754844712694347
2026-03-23 00:00:00+00:00,-0.7382062279339343,-0.45464503447589966,-0.41989616094449833,-0.43328302133634156,-0.4754844712694347
2026-03-24 00:00:00+00:00,-0.7382567011304416,-0.4553330347332608,-0.41989616094449833,-0.43328302133634156,-0.4754844712694347
2026-03-25 00:00:00+00:00,-0.7414178823998907,-0.4664464731444248,-0.41989616094449833,-0.43328302133634156,-0.4754844712694347
2026-03-26 00:00:00+00:00,-0.7479825920955705,-0.4764981997578941,-0.42365052647092283,-0.43328302133634156,-0.4754844712694347
2026-03-27 00:00:00+00:00,-0.7531323587828033,-0.48093638840890884,-0.43575230438088897,-0.43328302133634156,-0.4754844712694347
2026-03-28 00:00:00+00:00,-0.7539345275349778,-0.48211856234329253,-0.4335646726317126,-0.43328302133634156,-0.4754844712694347
2026-03-29 00:00:00+00:00,-0.7553259528512017,-0.48329043717038733,-0.43471852449044024,-0.43328302133634156,-0.4754844712694347
2026-03-30 00:00:00+00:00,-0.7544056772839052,-0.48228077973879924,-0.4357711963762835,-0.43328302133634156,-0.4754844712694347
2026-03-31 00:00:00+00:00,-0.7544774709293944,-0.48227159898544436,-0.4362219879944734,-0.43328302133634156,-0.4754844712694347
2026-04-01 00:00:00+00:00,-0.7546971208619673,-0.48227159898544436,-0.4362219879944734,-0.43328302133634156,-0.4754844712694347
2026-04-02 00:00:00+00:00,-0.7643634239452227,-0.48227159898544436,-0.4362219879944734,-0.43328302133634156,-0.4754844712694347
2026-04-03 00:00:00+00:00,-0.769048481950739,-0.48227159898544436,-0.4362219879944734,-0.43328302133634156,-0.4754844712694347
2026-04-04 00:00:00+00:00,-0.76510226157197,-0.48227159898544436,-0.4362219879944734,-0.43328302133634156,-0.4754844712694347
2026-04-05 00:00:00+00:00,-0.7672536375768702,-0.48227159898544436,-0.4362219879944734,-0.43328302133634156,-0.4754844712694347
2026-04-06 00:00:00+00:00,-0.7753840903288588,-0.48492938529317586,-0.4362219879944734,-0.43328302133634156,-0.4754844712694347
2026-04-07 00:00:00+00:00,-0.7634115057221154,-0.45827044778182935,-0.4362219879944734,-0.43328302133634156,-0.4754844712694347
2026-04-08 00:00:00+00:00,-0.7664468205186116,-0.4642691689593219,-0.43701029284099135,-0.43328302133634156,-0.4754844712694347
2026-04-09 00:00:00+00:00,-0.75776559138993,-0.44048502649011867,-0.4381738668041161,-0.43328302133634156,-0.4754844712694347
2026-04-10 00:00:00+00:00,-0.7603559488038129,-0.4382288830065486,-0.44294022484351137,-0.43328302133634156,-0.4754844712694347
2026-04-11 00:00:00+00:00,-0.7509300465218005,-0.4349976568951226,-0.43973659984420976,-0.43328302133634156,-0.4754844712694347
2026-04-12 00:00:00+00:00,-0.7483699354467528,-0.4159556199430702,-0.46072118719381705,-0.43328302133634156,-0.4754844712694347
2026-04-13 00:00:00+00:00,-0.7350137447950966,-0.3915823526687954,-0.4446136161845722,-0.43328302133634156,-0.4754844712694347
2026-04-14 00:00:00+00:00,-0.7397705127039609,-0.3966010785702232,-0.45642617939358476,-0.43328302133634156,-0.4754844712694347
2026-04-15 00:00:00+00:00,-0.7399315541836904,-0.39485128635811295,-0.46487622274130636,-0.43328302133634156,-0.4754844712694347
2026-04-16 00:00:00+00:00,-0.7375123153545052,-0.3924698489471803,-0.4663930415793338,-0.43328302133634156,-0.4754844712694347
2026-04-17 00:00:00+00:00,-0.7352110792775299,-0.3875452778144821,-0.46991247883560017,-0.43328302133634156,-0.4754844712694347
2026-04-18 00:00:00+00:00,-0.7411473190383545,-0.41070909631906605,-0.4916619906563987,-0.43328302133634156,-0.4754844712694347
2026-04-19 00:00:00+00:00,-0.7489542021363252,-0.4310197166079991,-0.5002319840055812,-0.43328302133634156,-0.4754844712694347
2026-04-20 00:00:00+00:00,-0.7435573264908778,-0.41654654702208316,-0.4856426855637894,-0.43328302133634156,-0.4754844712694347
2026-04-21 00:00:00+00:00,-0.7428021278530519,-0.41600521387807166,-0.4872359395448863,-0.43328302133634156,-0.4754844712694347
2026-04-22 00:00:00+00:00,-0.7478404731501218,-0.4274797380445873,-0.5021573627961267,-0.43328302133634156,-0.4754844712694347
2026-04-23 00:00:00+00:00,-0.7433336746663826,-0.41892713273114146,-0.4939749017015522,-0.43261775023678994,-0.4754844712694347
2026-04-24 00:00:00+00:00,-0.7469402666022357,-0.4269587192160973,-0.49520806971065623,-0.43385252988960155,-0.4754844712694347
2026-04-25 00:00:00+00:00,-0.746823635842419,-0.4263439232914581,-0.4965108875623867,-0.4368377105151039,-0.4899649545463792
2026-04-26 00:00:00+00:00,-0.7487932866708971,-0.43025524514233715,-0.5002109221747841,-0.4360718965198831,-0.5000785588407117
2026-04-27 00:00:00+00:00,-0.750622379819976,-0.4348933657034614,-0.5033308235816691,-0.4428958448786321,-0.5067257501583247
2026-04-28 00:00:00+00:00,-0.7469243894324307,-0.4292563860758546,-0.4932346799432811,-0.43719299017329627,-0.493428049523721
2026-04-29 00:00:00+00:00,-0.7501005857956009,-0.4365472373618229,-0.49961263584243876,-0.44358138042767914,-0.5018727380031008
2026-04-30 00:00:00+00:00,-0.7452166312348001,-0.4276068314434459,-0.4877891717735333,-0.43922422212002254,-0.49223498732518833
2026-05-01 00:00:00+00:00,-0.7448615886608991,-0.426172885062607,-0.4877223841620857,-0.4377843856818885,-0.4931603721676786
2026-05-02 00:00:00+00:00,-0.744819341538984,-0.42615464369488165,-0.4875638093603295,-0.4375206852685972,-0.492713482536309
2026-05-03 00:00:00+00:00,-0.7450685261660974,-0.4265923282348387,-0.48825874026581073,-0.43760302923113803,-0.4928055599634745
2026-05-04 00:00:00+00:00,-0.7454336323187989,-0.4273483415827345,-0.4890027120640946,-0.43840055723312166,-0.49391333916373725
2026-05-05 00:00:00+00:00,-0.7469738276317338,-0.4305334476867344,-0.492077383162682,-0.4423352639879846,-0.4974167220773339
2026-05-06 00:00:00+00:00,-0.7489823736304804,-0.4346875447935744,-0.49608699033765447,-0.4474380868106975,-0.5051555404688344
2026-05-07 00:00:00+00:00,-0.7483897139253214,-0.43344987107011435,-0.4949035308523867,-0.44622092877646247,-0.5077398444246481
2026-05-08 00:00:00+00:00,-0.7471135081253242,-0.43074789973844285,-0.492350987050327,-0.4431285702412969,-0.4946951785856275
2026-05-09 00:00:00+00:00,-0.7474980851132971,-0.4316018591958942,-0.4931228590080933,-0.44406264075126045,-0.4909142516387468
2026-05-10 00:00:00+00:00,-0.7415516763287233,-0.4182359353365477,-0.4811916494981856,-0.4308353126922376,-0.4811327038164569
2026-05-11 00:00:00+00:00,-0.7447575271843659,-0.4254799293616064,-0.48762470526459767,-0.43808322689350465,-0.4882942479295407
2026-05-12 00:00:00+00:00,-0.7509961747714446,-0.43960708056089515,-0.5001535071995922,-0.45213175626655755,-0.49670465384863793
2026-05-13 00:00:00+00:00,-0.7589797597563445,-0.45769240620442964,-0.5161876557713729,-0.4701277889401282,-0.5094397525697609
2026-05-14 00:00:00+00:00,-0.7550625853991803,-0.4488355119142571,-0.5083217625552346,-0.46130661572902876,-0.502525084926765
2026-05-15 00:00:00+00:00,-0.7576481955098108,-0.45465507189939536,-0.5135206762176998,-0.46689061608502,-0.5088123211005378
2026-05-16 00:00:00+00:00,-0.7595768763057115,-0.45901589785237784,-0.5173969375589986,-0.4712349102907004,-0.512697083338632
2026-05-17 00:00:00+00:00,-0.7617684892375194,-0.46391082120515115,-0.5217933831966691,-0.47587861155731126,-0.5183295751609575
2026-05-18 00:00:00+00:00,-0.7596119957299159,-0.4590517847018377,-0.5174639854560841,-0.4710843957924611,-0.5143786556708037
2026-05-19 00:00:00+00:00,-0.7622542181387224,-0.46499732069789357,-0.5227660153335603,-0.4767321648575168,-0.519483232534959
2026-05-20 00:00:00+00:00,-0.7591190265494421,-0.4579056254111492,-0.516477252129398,-0.4692810988052307,-0.5137836012826935
2026-05-21 00:00:00+00:00,-0.7571825142315354,-0.4535555387765612,-0.5125880361069113,-0.46952438364817783,-0.5139821737570383
2026-05-22 00:00:00+00:00,-0.7613896503610458,-0.4630236225676402,-0.5210330407479329,-0.46952438364817783,-0.5139821737570383
2026-05-23 00:00:00+00:00,-0.7560859249474492,-0.45348721637812284,-0.5125240381058926,-0.46952438364817783,-0.5139821737570383
2026-05-24 00:00:00+00:00,-0.7557587526681077,-0.4518686708840074,-0.5117617714408438,-0.46952438364817783,-0.5139821737570383
2026-05-25 00:00:00+00:00,-0.7525982175306019,-0.44429740885552105,-0.509089731367075,-0.46952438364817783,-0.5139821737570383
2026-05-26 00:00:00+00:00,-0.7577383332310015,-0.4513326422159122,-0.5171224964874358,-0.46952438364817783,-0.5139821737570383
2026-05-27 00:00:00+00:00,-0.7604487494327548,-0.45754434525674126,-0.5186557974365724,-0.46952438364817783,-0.5139821737570383
2026-05-28 00:00:00+00:00,-0.7643081416324083,-0.4664693561922014,-0.5187519677873704,-0.46952438364817783,-0.5139821737570383
2026-05-29 00:00:00+00:00,-0.7670850944510321,-0.47020923212471877,-0.5204305617947103,-0.46952438364817783,-0.5139821737570383
2026-05-30 00:00:00+00:00,-0.765686018197275,-0.47024498408786697,-0.5204258154560681,-0.46952438364817783,-0.5139821737570383
2026-05-31 00:00:00+00:00,-0.7650414874366314,-0.47024498408786697,-0.5205487446187854,-0.46952438364817783,-0.5139821737570383
2026-06-01 00:00:00+00:00,-0.7690213585443754,-0.47024498408786697,-0.5205487446187854,-0.46952438364817783,-0.5139821737570383
2026-06-02 00:00:00+00:00,-0.7747747479547706,-0.47024498408786697,-0.5205487446187854,-0.46952438364817783,-0.5139821737570383
2026-06-03 00:00:00+00:00,-0.7672563638465459,-0.47024498408786697,-0.5205487446187854,-0.46952438364817783,-0.5139821737570383
2026-06-04 00:00:00+00:00,-0.7805492195100794,-0.47024498408786697,-0.5205487446187854,-0.46952438364817783,-0.5139821737570383
2026-06-05 00:00:00+00:00,-0.784384667931257,-0.47024498408786697,-0.5205487446187854,-0.46952438364817783,-0.5139821737570383
2026-06-06 00:00:00+00:00,-0.7852674675895884,-0.47024498408786697,-0.5205487446187854,-0.46952438364817783,-0.5139821737570383
2026-06-07 00:00:00+00:00,-0.7778930907679354,-0.47024498408786697,-0.5205487446187854,-0.46952438364817783,-0.5139821737570383
2026-06-08 00:00:00+00:00,-0.7775665813205532,-0.47024498408786697,-0.5205487446187854,-0.46952438364817783,-0.5139821737570383
2026-06-09 00:00:00+00:00,-0.7797170017816906,-0.47024498408786697,-0.5205487446187854,-0.46952438364817783,-0.5139821737570383
2026-06-10 00:00:00+00:00,-0.7847277605931552,-0.47024498408786697,-0.5205487446187854,-0.46952438364817783,-0.5139821737570383
2026-06-11 00:00:00+00:00,-0.7783143008604813,-0.47024498408786697,-0.5205487446187854,-0.46952438364817783,-0.5139821737570383
2026-06-12 00:00:00+00:00,-0.7806253156599889,-0.47024498408786697,-0.5205487446187854,-0.46952438364817783,-0.5139821737570383
2026-06-13 00:00:00+00:00,-0.7795588508890774,-0.47024498408786697,-0.5205487446187854,-0.46952438364817783,-0.5139821737570383
2026-06-14 00:00:00+00:00,-0.7750153342834184,-0.47024498408786697,-0.5205487446187854,-0.46952438364817783,-0.5139821737570383
2026-06-15 00:00:00+00:00,-0.775880746782979,-0.47024498408786697,-0.5205487446187854,-0.46952438364817783,-0.5139821737570383
2026-06-16 00:00:00+00:00,-0.7780762051297672,-0.47024498408786697,-0.5205487446187854,-0.46952438364817783,-0.5139821737570383
2026-06-17 00:00:00+00:00,-0.7795941508643023,-0.47024498408786697,-0.5205487446187854,-0.46952438364817783,-0.5139821737570383
2026-06-18 00:00:00+00:00,-0.7819993376834379,-0.47024498408786697,-0.5205487446187854,-0.46952438364817783,-0.5139821737570383
2026-06-19 00:00:00+00:00,-0.7830018572927325,-0.47024498408786697,-0.5205487446187854,-0.46952438364817783,-0.5139821737570383
2026-06-20 00:00:00+00:00,-0.7832284409134722,-0.47024498408786697,-0.5205487446187854,-0.46952438364817783,-0.5139821737570383
2026-06-21 00:00:00+00:00,-0.7851901482426079,-0.47024498408786697,-0.5205487446187854,-0.46952438364817783,-0.5139821737570383
2026-06-22 00:00:00+00:00,-0.7860777401562228,-0.47024498408786697,-0.5205487446187854,-0.46952438364817783,-0.5139821737570383
2026-06-23 00:00:00+00:00,-0.7856354147137408,-0.47024498408786697,-0.5205487446187854,-0.46952438364817783,-0.5139821737570383
2026-06-24 00:00:00+00:00,-0.782996947149972,-0.47024498408786697,-0.5205487446187854,-0.46952438364817783,-0.5139821737570383
2026-06-25 00:00:00+00:00,-0.7811693586389445,-0.47024498408786697,-0.5205487446187854,-0.46952438364817783,-0.5139821737570383
2026-06-26 00:00:00+00:00,-0.7795665536610024,-0.47024498408786697,-0.5205487446187854,-0.46952438364817783,-0.5139821737570383
2026-06-27 00:00:00+00:00,-0.780848216493003,-0.47024498408786697,-0.5205487446187854,-0.46952438364817783,-0.5139821737570383
2026-06-28 00:00:00+00:00,-0.7752691394052997,-0.47024498408786697,-0.5205487446187854,-0.46952438364817783,-0.5139821737570383
2026-06-29 00:00:00+00:00,-0.7637151198126296,-0.47024498408786697,-0.5205487446187854,-0.46952438364817783,-0.5139821737570383
2026-06-30 00:00:00+00:00,-0.7650236251615186,-0.47024498408786697,-0.5205487446187854,-0.46952438364817783,-0.5139821737570383
