date,none,C > SMA(50),"C > SMA(50), 3d",C > EMA(120),"C > EMA(120), 3d"
2020-01-01 00:00:00+00:00,100000.0,100000.0,100000.0,100000.0,100000.0
2020-01-02 00:00:00+00:00,98414.98970163935,100000.0,100000.0,100000.0,100000.0
2020-01-03 00:00:00+00:00,101659.8385044868,100000.0,100000.0,100000.0,100000.0
2020-01-04 00:00:00+00:00,103157.88847600647,100000.0,100000.0,100000.0,100000.0
2020-01-05 00:00:00+00:00,102188.08199220106,100000.0,100000.0,100000.0,100000.0
2020-01-06 00:00:00+00:00,104735.51670589854,100000.0,100000.0,100000.0,100000.0
2020-01-07 00:00:00+00:00,104784.2747657812,100379.4899734736,100000.0,100000.0,100000.0
2020-01-08 00:00:00+00:00,104868.0895853304,99799.83650914193,100993.66390723806,100993.66390723806,100000.0
2020-01-09 00:00:00+00:00,104958.00395484714,100235.12945760557,99582.88063427365,99582.88063427365,100000.0
2020-01-10 00:00:00+00:00,110712.92122984162,105218.22305623302,105700.0936193755,105700.0936193755,100000.0
2020-01-11 00:00:00+00:00,111591.34396366862,106030.93534432925,105984.02005401113,105984.02005401113,100000.0
2020-01-12 00:00:00+00:00,114427.00875977316,107781.03007069517,108715.87741250636,108715.87741250636,100000.0
2020-01-13 00:00:00+00:00,113758.39668896791,107387.88435008549,108727.82540299294,108727.82540299294,101204.57505729637
2020-01-14 00:00:00+00:00,118310.90375436048,111201.65313642615,108616.8024188979,108616.8024188979,109570.14822204829
2020-01-15 00:00:00+00:00,118853.17747276276,114126.91120470763,108748.05625787248,108748.05625787248,113325.53165431801
2020-01-16 00:00:00+00:00,119707.05150132685,114505.52713558759,108640.02708670177,108640.02708670177,114312.0666058968
2020-01-17 00:00:00+00:00,124021.43996057441,119690.37581284175,110277.61304799835,110277.61304799835,121223.38924334472
2020-01-18 00:00:00+00:00,118882.59594995785,114648.25484630378,108776.21645812521,108776.21645812521,118476.92182848607
2020-01-19 00:00:00+00:00,118859.34625455634,113726.04288965798,108153.65695312955,108153.65695312955,118021.11485556312
2020-01-20 00:00:00+00:00,120812.32007344314,115315.03745562377,109827.89597312003,109827.89597312003,119824.46124402429
2020-01-21 00:00:00+00:00,121749.44562104114,115924.5008052561,110999.10151792927,110999.10151792927,120747.38904953553
2020-01-22 00:00:00+00:00,121676.89134786284,115522.04742204782,111489.52782312059,111489.52782312059,120151.10379674428
2020-01-23 00:00:00+00:00,118233.04998027746,113090.65736145363,108347.5291603759,108347.5291603759,115990.18601560891
2020-01-24 00:00:00+00:00,118692.98802787867,113619.69184625713,109116.76667264142,109116.76667264142,116093.29928176955
2020-01-25 00:00:00+00:00,117644.87219800556,112405.47890073538,108224.39428569573,108224.39428569573,115563.47000171633
2020-01-26 00:00:00+00:00,120818.30352020108,116442.74028048872,111129.74891023239,111129.74891023239,119266.90753015655
2020-01-27 00:00:00+00:00,122628.70530627925,119685.80379202586,112820.28826951206,112820.28826951206,123185.64339259054
2020-01-28 00:00:00+00:00,123074.79651116033,120050.95262403342,113296.20052450962,113296.20052450962,124835.70129517448
2020-01-29 00:00:00+00:00,123119.04148628692,120095.62238256913,113322.82997875777,113322.82997875777,124826.30378248355
2020-01-30 00:00:00+00:00,123749.24974646872,120686.64911301351,113846.92630017751,113846.92630017751,126744.96982445705
2020-01-31 00:00:00+00:00,123568.21628162707,120512.67264951687,113710.89136805799,113710.89136805799,126463.8524835042
2020-02-01 00:00:00+00:00,124621.89206318931,121321.20978320036,114639.98083100475,114639.98083100475,127882.10159429006
2020-02-02 00:00:00+00:00,124586.2071939708,121461.74810186613,114611.88957377734,114611.88957377734,127919.49114232666
2020-02-03 00:00:00+00:00,124971.87834269746,121397.59702125721,114964.86495438675,114964.86495438675,128090.83983975092
2020-02-04 00:00:00+00:00,124868.87492067888,121697.76228366593,115199.54852751533,115199.54852751533,128611.14112948038
2020-02-05 00:00:00+00:00,124909.76564432765,121684.07000521707,115062.21165609352,115062.21165609352,128503.04531234755
2020-02-06 00:00:00+00:00,125902.51520376201,122659.49759149631,116080.47195665719,116080.47195665719,129936.41352266778
2020-02-07 00:00:00+00:00,126374.72486655759,123145.83001359891,116201.49793849888,116201.49793849888,130012.63782672894
2020-02-08 00:00:00+00:00,126063.19445601503,122666.17010485302,115264.75874746963,115264.75874746963,128718.60651907255
2020-02-09 00:00:00+00:00,131150.95935986403,128097.58136579594,118937.8862180934,118937.8862180934,133289.39482878102
2020-02-10 00:00:00+00:00,132178.86388812336,128980.7544409061,119917.29548262089,119917.29548262089,134222.1277332434
2020-02-11 00:00:00+00:00,137459.2843531944,134385.74059458412,124432.68037747801,124432.68037747801,139614.7766085672
2020-02-12 00:00:00+00:00,143005.68649809642,139963.55160516736,128757.47992787347,128757.47992787347,144708.5531004196
2020-02-13 00:00:00+00:00,142391.24248135285,139280.79305779003,127930.81285100844,127930.81285100844,143733.53075208212
2020-02-14 00:00:00+00:00,148897.50896527848,145569.8849138157,133877.6417783696,133877.6417783696,150354.96331745462
2020-02-15 00:00:00+00:00,140178.08651070308,136865.2841149951,126256.64976004668,126256.64976004668,141573.76774220882
2020-02-16 00:00:00+00:00,138456.65081052072,135130.54887277033,124833.79888038785,124833.79888038785,139845.56470580414
2020-02-17 00:00:00+00:00,136448.9057828671,133208.38853708448,123028.75245981617,123028.75245981617,137826.66274429657
2020-02-18 00:00:00+00:00,141397.0126366823,138022.9785734938,127360.90204655677,127360.90204655677,142673.8197119712
2020-02-19 00:00:00+00:00,136797.95269174402,133669.96109113097,122273.65242895688,122273.65242895688,137235.642266587
2020-02-20 00:00:00+00:00,137149.2512368747,134050.40920438475,122480.84630669854,122480.84630669854,137510.14637128374
2020-02-21 00:00:00+00:00,137488.88746674673,134390.38819144462,122809.69699580093,122809.69699580093,137884.90088689167
2020-02-22 00:00:00+00:00,137178.31106744206,134084.73232850543,122517.93655668468,122517.93655668468,137552.6299448292
2020-02-23 00:00:00+00:00,138690.02514521053,135563.13853272592,123893.00920705133,123893.00920705133,139100.80024716567
2020-02-24 00:00:00+00:00,137159.1158099727,134076.70153467412,122527.56394021718,122527.56394021718,137574.05041487986
2020-02-25 00:00:00+00:00,129292.3511847366,126423.02019566075,115415.16987539019,115415.16987539019,129640.64911964329
2020-02-26 00:00:00+00:00,121320.97227217245,118601.69011837007,108403.92218867847,108403.92218867847,121737.76697303455
2020-02-27 00:00:00+00:00,126229.84214879476,123390.44754220803,112801.83783357588,112801.83783357588,126658.53760787801
2020-02-28 00:00:00+00:00,125487.73931152702,122651.98105928606,112174.90940851142,112174.90940851142,125937.1747686695
2020-02-29 00:00:00+00:00,123555.50083678169,120762.87270205183,110445.96360927983,110445.96360927983,123994.51144840996
2020-03-01 00:00:00+00:00,123452.96007898303,120385.68877439959,110088.19922667008,110088.19922667008,123594.0618516139
2020-03-02 00:00:00+00:00,127544.44543214227,120332.54607852294,110038.06680734614,110038.06680734614,123537.81624067697
2020-03-03 00:00:00+00:00,128155.56855525383,120332.54607852294,110038.06680734614,110038.06680734614,123537.81624067697
2020-03-04 00:00:00+00:00,131511.9365608409,120332.54607852294,110038.06680734614,110038.06680734614,123537.81624067697
2020-03-05 00:00:00+00:00,131811.84269157538,120332.54607852294,110038.06680734614,110126.6116009397,123637.22393437248
2020-03-06 00:00:00+00:00,133463.4680566102,120332.54607852294,110038.06680734614,111386.51569111514,125051.69625735027
2020-03-07 00:00:00+00:00,133826.21945633015,120332.54607852294,110038.06680734614,111633.46608058561,125607.08645554929
2020-03-08 00:00:00+00:00,126232.59611150481,120332.54607852294,110038.06680734614,105311.89109909351,117710.23022053791
2020-03-09 00:00:00+00:00,124266.05221708391,120332.54607852294,110038.06680734614,103664.50124308857,115894.78243646749
2020-03-10 00:00:00+00:00,126576.6802050715,120332.54607852294,110038.06680734614,105593.69418916109,118061.4926192578
2020-03-11 00:00:00+00:00,122034.45710313777,120332.54607852294,110038.06680734614,101734.05800656477,113760.46592267771
2020-03-12 00:00:00+00:00,82283.873770696,120332.54607852294,110038.06680734614,86096.56736718533,96508.16530980078
2020-03-13 00:00:00+00:00,87464.55822098273,120332.54607852294,110038.06680734614,86253.60273318001,96678.03414744009
2020-03-14 00:00:00+00:00,84755.06745337349,120332.54607852294,110038.06680734614,86253.60273318001,96678.03414744009
2020-03-15 00:00:00+00:00,84604.50397361636,120332.54607852294,110038.06680734614,86253.60273318001,96678.03414744009
2020-03-16 00:00:00+00:00,83205.60298114244,120332.54607852294,110038.06680734614,86253.60273318001,96678.03414744009
2020-03-17 00:00:00+00:00,83458.52132468944,120332.54607852294,110038.06680734614,86253.60273318001,96678.03414744009
2020-03-18 00:00:00+00:00,83422.78241821297,120332.54607852294,110038.06680734614,86253.60273318001,96678.03414744009
2020-03-19 00:00:00+00:00,84466.86904313276,120332.54607852294,110038.06680734614,86253.60273318001,96678.03414744009
2020-03-20 00:00:00+00:00,83785.27704104576,120332.54607852294,110038.06680734614,86253.60273318001,96678.03414744009
2020-03-21 00:00:00+00:00,83770.68894401815,120332.54607852294,110038.06680734614,86253.60273318001,96678.03414744009
2020-03-22 00:00:00+00:00,83770.68894401815,120332.54607852294,110038.06680734614,86253.60273318001,96678.03414744009
2020-03-23 00:00:00+00:00,83770.68894401815,120332.54607852294,110038.06680734614,86253.60273318001,96678.03414744009
2020-03-24 00:00:00+00:00,83770.68894401815,120332.54607852294,110038.06680734614,86253.60273318001,96678.03414744009
2020-03-25 00:00:00+00:00,83770.68894401815,120332.54607852294,110038.06680734614,86253.60273318001,96678.03414744009
2020-03-26 00:00:00+00:00,83770.68894401815,120332.54607852294,110038.06680734614,86253.60273318001,96678.03414744009
2020-03-27 00:00:00+00:00,83770.68894401815,120332.54607852294,110038.06680734614,86253.60273318001,96678.03414744009
2020-03-28 00:00:00+00:00,83770.68894401815,120332.54607852294,110038.06680734614,86253.60273318001,96678.03414744009
2020-03-29 00:00:00+00:00,83770.68894401815,120332.54607852294,110038.06680734614,86253.60273318001,96678.03414744009
2020-03-30 00:00:00+00:00,83770.68894401815,120332.54607852294,110038.06680734614,86253.60273318001,96678.03414744009
2020-03-31 00:00:00+00:00,83770.68894401815,120332.54607852294,110038.06680734614,86253.60273318001,96678.03414744009
2020-04-01 00:00:00+00:00,83770.68894401815,120332.54607852294,110038.06680734614,86253.60273318001,96678.03414744009
2020-04-02 00:00:00+00:00,83770.68894401815,120332.54607852294,110038.06680734614,86253.60273318001,96678.03414744009
2020-04-03 00:00:00+00:00,83770.68894401815,120332.54607852294,110038.06680734614,86253.60273318001,96678.03414744009
2020-04-04 00:00:00+00:00,83770.68894401815,120332.54607852294,110038.06680734614,86253.60273318001,96678.03414744009
2020-04-05 00:00:00+00:00,83996.09969289212,120332.54607852294,110038.06680734614,86253.60273318001,96678.03414744009
2020-04-06 00:00:00+00:00,85005.3520342609,120332.54607852294,110038.06680734614,86253.60273318001,96678.03414744009
2020-04-07 00:00:00+00:00,85033.82037772847,120332.54607852294,110038.06680734614,86253.60273318001,96678.03414744009
2020-04-08 00:00:00+00:00,86025.28464115332,120332.54607852294,110038.06680734614,86253.60273318001,96678.03414744009
2020-04-09 00:00:00+00:00,85789.83027789227,120332.54607852294,110038.06680734614,86253.60273318001,96678.03414744009
2020-04-10 00:00:00+00:00,83241.54098575882,120332.54607852294,110038.06680734614,86253.60273318001,96678.03414744009
2020-04-11 00:00:00+00:00,83978.51454452041,120332.54607852294,110038.06680734614,86253.60273318001,96678.03414744009
2020-04-12 00:00:00+00:00,83955.97144308529,120332.54607852294,110038.06680734614,86253.60273318001,96678.03414744009
2020-04-13 00:00:00+00:00,83331.82299877149,120332.54607852294,110038.06680734614,86253.60273318001,96678.03414744009
2020-04-14 00:00:00+00:00,83955.73472758594,120332.54607852294,110038.06680734614,86253.60273318001,96678.03414744009
2020-04-15 00:00:00+00:00,83581.59808014538,120332.54607852294,110038.06680734614,86253.60273318001,96678.03414744009
2020-04-16 00:00:00+00:00,84614.64693870046,120332.54607852294,110038.06680734614,86253.60273318001,96678.03414744009
2020-04-17 00:00:00+00:00,84490.15552817317,120332.54607852294,110038.06680734614,86253.60273318001,96678.03414744009
2020-04-18 00:00:00+00:00,84887.39775860713,121159.32204296233,110038.06680734614,86253.60273318001,96678.03414744009
2020-04-19 00:00:00+00:00,84536.70879801348,120906.57632509212,110132.16081866776,86253.60273318001,96678.03414744009
2020-04-20 00:00:00+00:00,81494.7182917697,119665.7210766468,105865.38143887115,86253.60273318001,96678.03414744009
2020-04-21 00:00:00+00:00,82383.94397515416,123151.66045222436,106988.8904460922,86253.60273318001,96678.03414744009
2020-04-22 00:00:00+00:00,85712.03318367747,128710.36665289314,111554.90044152213,86253.60273318001,96678.03414744009
2020-04-23 00:00:00+00:00,87601.41874575344,131422.88089149893,113672.2062297183,86253.60273318001,96678.03414744009
2020-04-24 00:00:00+00:00,89042.98030871892,133406.27685807282,115338.54142020708,86253.60273318001,96678.03414744009
2020-04-25 00:00:00+00:00,88983.72024885085,133273.6861084729,115266.35315583347,86253.60273318001,96678.03414744009
2020-04-26 00:00:00+00:00,88821.31226700304,133030.4426215321,115055.97562004779,86253.60273318001,96678.03414744009
2020-04-27 00:00:00+00:00,89935.917725437,134667.29117826762,116732.03607447562,87541.44402876592,96678.03414744009
2020-04-28 00:00:00+00:00,90046.70264970679,134802.1657416099,117024.66352553754,87551.0347566067,96678.03414744009
2020-04-29 00:00:00+00:00,91924.70026807423,137884.00649040387,119786.62293227989,90913.72716738413,96678.03414744009
2020-04-30 00:00:00+00:00,90512.50703764567,135602.4197859085,116625.75399433573,87938.35084568108,96908.6326251356
2020-05-01 00:00:00+00:00,91894.29010506344,137774.79393210667,119082.32276141939,90149.68393879976,97756.59845027525
2020-05-02 00:00:00+00:00,92228.19553318784,138270.79535935,119535.05991362927,90516.14294338571,98275.61398434921
2020-05-03 00:00:00+00:00,91256.04963284542,136831.99292975006,118549.50123051682,89934.22613294286,96943.9173758956
2020-05-04 00:00:00+00:00,92921.66576880575,139278.72032072418,120146.72819820658,92747.24407956464,97795.06062473146
2020-05-05 00:00:00+00:00,92283.30154040823,138300.82581000976,120377.24225487771,94609.025371404,97185.14400745413
2020-05-06 00:00:00+00:00,91751.68487651504,137646.00857192045,119721.5522783141,92431.2344833385,96784.50888279041
2020-05-07 00:00:00+00:00,92351.23292154264,138454.4108764222,120315.84323052986,93573.30802700145,98198.06316131775
2020-05-08 00:00:00+00:00,93085.79248117298,139641.55804655992,121111.88457206296,94189.80670762577,98452.1155629158
2020-05-09 00:00:00+00:00,92957.33858415483,139447.9495104869,120711.7178075473,93889.23114191549,98323.4754152377
2020-05-10 00:00:00+00:00,89846.2632575299,134764.28820161018,117077.26365042172,91275.25489732099,95314.56761169276
2020-05-11 00:00:00+00:00,87698.0758789966,131542.65033913747,114433.8545675272,89264.9925943169,93401.21829177585
2020-05-12 00:00:00+00:00,94397.47647537198,141521.9396836089,122387.22706166345,95619.12534094395,100083.31856036019
2020-05-13 00:00:00+00:00,100107.99465115042,150017.80364169925,129283.73460270322,101448.50177480912,106195.68355338028
2020-05-14 00:00:00+00:00,101311.15603166168,151810.93806013226,130809.512004348,102943.01077782366,107351.04795522359
2020-05-15 00:00:00+00:00,101560.92880825646,152206.13738143732,131187.56077362562,103218.93228362383,108259.45823453314
2020-05-16 00:00:00+00:00,101593.6470451964,152255.4895959389,131259.6488291636,103279.53625716832,108073.00572810283
2020-05-17 00:00:00+00:00,101664.35062248545,152365.97909634246,131370.6818398621,103360.41994046394,108354.88240180566
2020-05-18 00:00:00+00:00,101505.72113946301,152128.4513400919,131447.96851591466,103420.74259358426,108104.29982777452
2020-05-19 00:00:00+00:00,101672.89344894452,152381.04865049722,132166.39223161916,103986.66958434846,108401.04071361214
2020-05-20 00:00:00+00:00,101752.39599206136,152500.24772885826,132335.43979998017,104123.837734589,108293.05734985105
2020-05-21 00:00:00+00:00,101542.16550022771,152188.50668191665,132678.99683940853,104384.3165668838,108444.21632081717
2020-05-22 00:00:00+00:00,105785.30417190946,158544.09610123944,137687.98432208237,108326.61669881723,112879.26596673684
2020-05-23 00:00:00+00:00,105800.89139523657,158574.2269147251,137528.8455337361,108202.33622050195,112919.90523784338
2020-05-24 00:00:00+00:00,105427.61195977576,158010.84514711596,137576.61838769505,108236.16296826527,112590.08557937286
2020-05-25 00:00:00+00:00,112799.52158143112,169063.76723687843,147891.89204744104,116345.77013014964,120771.37090844777
2020-05-26 00:00:00+00:00,111277.95410209385,166782.51942525618,145901.76220814005,114779.78275736587,119145.40548938364
2020-05-27 00:00:00+00:00,113923.89129377405,170749.01871264537,148729.54216263854,117004.64166607335,121983.54378126672
2020-05-28 00:00:00+00:00,112563.67324751482,168709.83146021824,146950.6091102091,115605.03764996122,120524.56161475054
2020-05-29 00:00:00+00:00,115942.4695035996,173770.13504415203,151527.06096884084,119204.59309249377,124120.79297433271
2020-05-30 00:00:00+00:00,115334.5825988049,172857.42739355177,150634.50386975444,118502.15987307529,123460.24865604515
2020-05-31 00:00:00+00:00,109275.30632899405,163775.77614419768,142179.63558455894,111850.91946598918,116969.37921619891
2020-06-01 00:00:00+00:00,110877.59365145434,166175.1016640476,144542.18938609003,113709.1332940226,118672.73813923137
2020-06-02 00:00:00+00:00,111270.44232459791,166765.9414991823,144786.85804126464,113901.85635097025,119104.74367648759
2020-06-03 00:00:00+00:00,112809.41400971092,169073.77292068873,146865.29809587612,115537.03136323053,120759.36160161288
2020-06-04 00:00:00+00:00,113921.61470582274,170740.40818379307,148487.2612307349,116812.91619439925,121948.36751153716
2020-06-05 00:00:00+00:00,113291.57305475336,169795.332052104,147740.0835236277,116225.05140435952,121269.47458581757
2020-06-06 00:00:00+00:00,115193.33162334753,172646.5526002529,150041.33089057094,118035.5012278705,123310.54919596805
2020-06-07 00:00:00+00:00,115176.70679807666,172621.4521594009,150057.16914605015,118047.96950739375,123291.72653609383
2020-06-08 00:00:00+00:00,115066.53842448804,172456.25963699468,149942.06429939234,117957.3997091375,123173.36447289301
2020-06-09 00:00:00+00:00,115141.59996900227,172568.87690874416,149991.43828264048,117996.25579553272,123254.37622403463
2020-06-10 00:00:00+00:00,116524.28663497398,174640.53508103668,151712.3491387827,119350.01523729385,124730.86759970646
2020-06-11 00:00:00+00:00,110649.7674720638,165836.93493059432,143902.37377805586,113206.0599334197,118447.21248819923
2020-06-12 00:00:00+00:00,115367.67047580864,172908.87653526303,149972.45556860138,117981.3257408146,123502.93666613821
2020-06-13 00:00:00+00:00,115647.70402287433,173328.91212269108,150312.15256501082,118248.55216982907,123804.56696114
2020-06-14 00:00:00+00:00,113028.4326027581,169402.55676428377,146985.15281431022,115631.27106145,120996.76410018519
2020-06-15 00:00:00+00:00,115193.80942653207,172647.50326665727,149751.0756817512,117807.16588110777,123312.3696965221
2020-06-16 00:00:00+00:00,115324.77169419364,172843.73031433142,149926.43126660993,117945.11722468908,123452.2630486837
2020-06-17 00:00:00+00:00,116532.63666229924,174653.7416359287,151497.56683896852,119181.1233860304,124743.66748576594
2020-06-18 00:00:00+00:00,115274.24088107544,172767.38427221647,149891.8907058482,117917.9692424843,123394.75187709935
2020-06-19 00:00:00+00:00,114592.61059051465,171745.8211372843,149015.16325423025,117228.25529119592,122665.27675339623
2020-06-20 00:00:00+00:00,114668.90190027104,171860.06435853595,149112.05776901502,117304.48671615803,122746.39294709466
2020-06-21 00:00:00+00:00,114544.87225538454,171729.64887872167,148995.86067085326,117173.99599755915,122613.09741021822
2020-06-22 00:00:00+00:00,115918.14419530376,173670.18938498193,150678.72507634832,118586.46586685628,124082.29072158557
2020-06-23 00:00:00+00:00,116348.40705557188,173406.94695128116,150449.40836045612,119022.40007721011,124542.98528233392
2020-06-24 00:00:00+00:00,115695.62706370087,172594.726431136,150396.55202073778,118346.67828852184,123844.90475368101
2020-06-25 00:00:00+00:00,114242.6013911301,170985.35882470774,150396.55202073778,116864.18182909794,122289.50178137596
2020-06-26 00:00:00+00:00,111169.33798546015,169407.22628449765,150396.55202073778,113724.48930662352,118999.85221047438
2020-06-27 00:00:00+00:00,106909.27964577936,164436.31542090338,150396.55202073778,109375.06793021187,114439.63506881238
2020-06-28 00:00:00+00:00,110122.41650910642,166361.68956300593,150396.55202073778,112658.6035599038,117878.18757705837
2020-06-29 00:00:00+00:00,113410.02297430052,166218.9476580343,150396.55202073778,116020.29160505727,121396.62693621233
2020-06-30 00:00:00+00:00,111115.19594239633,166218.9476580343,150396.55202073778,113666.54764715098,118941.57339308423
2020-07-01 00:00:00+00:00,111342.40246373291,166218.9476580343,150396.55202073778,113900.69107161982,119184.60686016225
2020-07-02 00:00:00+00:00,110761.686047537,166218.9476580343,150396.55202073778,113307.13276188601,118562.92971339577
2020-07-03 00:00:00+00:00,113479.95894422737,166218.9476580343,150396.55202073778,116084.91253242259,121472.98179090458
2020-07-04 00:00:00+00:00,114430.37308333704,166218.9476580343,150396.55202073778,117060.24174947967,122490.00017026103
2020-07-05 00:00:00+00:00,113511.42776921128,166218.9476580343,150396.55202073778,116121.30560363113,121506.20779156948
2020-07-06 00:00:00+00:00,120942.4367483161,166218.9476580343,150396.55202073778,123714.65433368005,129461.52473793563
2020-07-07 00:00:00+00:00,121466.80296371384,166218.9476580343,150396.55202073778,124251.33901052788,130022.7941907853
2020-07-08 00:00:00+00:00,123449.53042251119,166218.9476580343,150396.55202073778,126278.10177421896,132145.33782061533
2020-07-09 00:00:00+00:00,123034.5633836695,168614.33860637152,150396.55202073778,125852.26200207596,131701.28970879086
2020-07-10 00:00:00+00:00,129188.06648551,164327.0450855699,150396.55202073778,132140.75287592414,138288.90347149104
2020-07-11 00:00:00+00:00,132083.69628596038,168453.41938121035,150396.55202073778,135100.3098004053,141388.76656903644
2020-07-12 00:00:00+00:00,134388.5875822448,172092.0975402327,150396.55202073778,137459.36516353404,143855.8670091418
2020-07-13 00:00:00+00:00,133053.72220107,167800.1112386736,150396.55202073778,136094.6792760105,142426.8898227416
2020-07-14 00:00:00+00:00,136620.7352457198,167597.8662345687,150396.55202073778,139748.2484806446,146244.63628555433
2020-07-15 00:00:00+00:00,139216.5193384731,167597.8662345687,150396.55202073778,142403.61971625255,149023.25577883446
2020-07-16 00:00:00+00:00,140186.22871038894,167597.8662345687,150396.55202073778,143398.07613861212,150060.99520247776
2020-07-17 00:00:00+00:00,140098.8888842367,167597.8662345687,150396.55202073778,143308.3222130341,149967.5482876844
2020-07-18 00:00:00+00:00,143399.0339585599,167597.8662345687,150396.55202073778,146685.62527121624,153499.98754557193
2020-07-19 00:00:00+00:00,149210.02089846498,167597.8662345687,150396.55202073778,152632.30166452914,159720.02338691306
2020-07-20 00:00:00+00:00,142673.93945045138,167597.8662345687,150396.55202073778,145944.26830750855,152723.7788191063
2020-07-21 00:00:00+00:00,144817.40641076566,167597.8662345687,150396.55202073778,148137.6629155574,155018.1428691033
2020-07-22 00:00:00+00:00,144696.56798578246,168026.53991540408,150396.55202073778,148013.9959261473,154888.79910957254
2020-07-23 00:00:00+00:00,145730.55871809466,169721.5551363172,150396.55202073778,149071.56762070523,155995.63644342974
2020-07-24 00:00:00+00:00,142031.55413262872,166415.5046146864,150286.11198423154,145287.95137125542,152036.05769113204
2020-07-25 00:00:00+00:00,140409.65216094788,165086.33425770875,150920.40502265215,143628.15274371125,150299.98893887503
2020-07-26 00:00:00+00:00,138589.42026376585,163416.78248389094,151175.15136703945,141765.47149272708,148351.62078815937
2020-07-27 00:00:00+00:00,133172.55029877956,155785.0838373818,146888.21224711303,136224.70887997808,142553.16112884923
2020-07-28 00:00:00+00:00,135534.93875224376,158426.20067203394,160298.8509416152,138641.22862267244,145081.9563957871
2020-07-29 00:00:00+00:00,134228.1280238225,157755.5935172684,160463.52182857777,137304.39993092982,143683.1019106219
2020-07-30 00:00:00+00:00,136214.78266788347,160433.92268876266,164495.09447282646,139336.87323251634,145809.66419128256
2020-07-31 00:00:00+00:00,135727.72914716095,159672.34049372887,161912.8343051782,138838.53066725502,145288.31666870916
2020-08-01 00:00:00+00:00,138771.02008556752,163269.05638277432,164288.64489794555,141951.66085252308,148545.9656551353
2020-08-02 00:00:00+00:00,136282.18965758258,160000.8005471282,161046.58683526015,139405.8059581167,145881.82138532848
2020-08-03 00:00:00+00:00,138666.8408693862,163116.8216971616,164388.17452305247,141845.0170979651,148434.4565114972
2020-08-04 00:00:00+00:00,139382.22822497276,163822.04808720504,164972.7921252705,142576.83112950277,149200.23203850532
2020-08-05 00:00:00+00:00,142184.12193475285,167144.87414866377,168514.77304275718,145442.91101398683,152199.4930768516
2020-08-06 00:00:00+00:00,145803.56666732137,171494.42628783386,173118.00435721423,149145.2623024019,156073.89489271195
2020-08-07 00:00:00+00:00,145655.52502911288,171313.83314204114,172932.6503422481,148993.82984704376,155915.42504002078
2020-08-08 00:00:00+00:00,146854.7259187785,172559.65199991025,174114.14835525976,150220.57054488832,157199.09099492658
2020-08-09 00:00:00+00:00,146390.18133652033,172173.8577443897,173798.93118089356,149745.32522739726,156701.83001042678
2020-08-10 00:00:00+00:00,151062.44180873796,177815.8563930237,179468.1281139481,154524.59934375997,161703.20983276283
2020-08-11 00:00:00+00:00,142957.60820528667,168331.34322098375,169950.81255308786,146234.0015053164,153027.4768206478
2020-08-12 00:00:00+00:00,151593.6426136423,179943.85475590368,181948.58557761143,155067.38819000951,162271.89230009727
2020-08-13 00:00:00+00:00,154430.70748325926,182874.50455826314,184479.3989175186,157969.55702315623,165308.7897223592
2020-08-14 00:00:00+00:00,157808.0499274532,186481.61969170487,188026.17116037908,161424.44473704585,168924.01518582023
2020-08-15 00:00:00+00:00,159070.71907847817,187960.61925926682,189594.02086964855,162716.07315315143,170275.6239211097
2020-08-16 00:00:00+00:00,162657.9079669844,191883.69148510677,193410.5198292294,166385.5749859461,174115.48187875733
2020-08-17 00:00:00+00:00,162710.17670345434,191843.73486496805,193315.5609905565,166439.0754925541,174171.42870038585
2020-08-18 00:00:00+00:00,159929.06761022564,188371.30328266052,189759.17552295254,163594.27757968157,171194.41404104885
2020-08-19 00:00:00+00:00,154715.17063141163,181991.75182057763,183194.0307990564,158260.97117377614,165613.24313898163
2020-08-20 00:00:00+00:00,158165.21088978022,186134.75919084135,187357.26402229644,161790.06347866144,169306.3046438587
2020-08-21 00:00:00+00:00,144948.61033685657,170954.98403919954,172199.3453007411,148270.47179702375,155158.74204569505
2020-08-22 00:00:00+00:00,156495.41503328836,184340.48483337302,185638.34179298076,160081.9258767912,167518.89703665714
2020-08-23 00:00:00+00:00,158899.93259171772,187049.53887372246,188342.07503014855,162541.5954137036,170092.78293280225
2020-08-24 00:00:00+00:00,160355.16280141886,188948.2131822182,190266.78757004405,164030.12111562723,171650.52506107703
2020-08-25 00:00:00+00:00,154689.98836875148,182060.28694966112,183258.19967620587,158235.16712823743,165586.29193078226
2020-08-26 00:00:00+00:00,157914.82393899205,185972.80890346237,187223.55957662823,161533.87801491236,169038.28711031916
2020-08-27 00:00:00+00:00,151538.9447018965,178248.79779805645,179390.9781622936,155011.93413905703,162213.28709294437
2020-08-28 00:00:00+00:00,158566.2802862999,186576.31103434457,187781.35102548776,162200.3057090061,169735.62727733192
2020-08-29 00:00:00+00:00,157756.3843127149,185576.23469204377,186768.3189312584,161371.86199010204,168868.68107419665
2020-08-30 00:00:00+00:00,157820.77117589308,185495.02280480252,186651.8471691513,161437.7667768471,168937.59869680865
2020-08-31 00:00:00+00:00,156498.10018580253,184137.34887366748,185332.51710740084,160084.72987637264,167521.76506333417
2020-09-01 00:00:00+00:00,158333.60124609448,186293.49727177038,187506.14627286838,161962.29881663318,169486.55790321945
2020-09-02 00:00:00+00:00,163874.41168215062,192838.9155348079,194106.4704013007,167630.0559351655,175417.6649931289
2020-09-03 00:00:00+00:00,134466.84036982918,158312.26775649187,159360.27793137476,137548.50235191535,143938.6378863882
2020-09-04 00:00:00+00:00,146200.34180538374,171199.83118432443,172330.3565277729,148780.5190724731,155692.4358031318
2020-09-05 00:00:00+00:00,123952.83906200621,146315.35432485523,147259.38985528908,126662.82491394857,133198.37563084954
2020-09-06 00:00:00+00:00,131868.1101876226,155124.79069719353,156107.70163045282,134752.7119188991,141310.6229991828
2020-09-07 00:00:00+00:00,134269.54008995328,155430.82856360293,156410.0487568999,137202.53069280362,141612.81306051183
2020-09-08 00:00:00+00:00,133678.485214854,155405.69982852947,156384.42517010326,136587.3548973366,141591.32815850517
2020-09-09 00:00:00+00:00,134026.9141297241,155405.69982852947,156384.42517010326,136689.76491360852,141591.32815850517
2020-09-10 00:00:00+00:00,136373.974260881,155405.69982852947,156384.42517010326,139071.837155463,141591.32815850517
2020-09-11 00:00:00+00:00,137315.77993721148,155405.69982852947,156384.42517010326,140031.02242224524,141591.32815850517
2020-09-12 00:00:00+00:00,138506.16384424712,155405.69982852947,156384.42517010326,141245.02271140745,141591.32815850517
2020-09-13 00:00:00+00:00,140219.3541179788,155405.69982852947,156384.42517010326,141262.87452588248,143334.18741378386
2020-09-14 00:00:00+00:00,141715.76320096912,155405.69982852947,156384.42517010326,141327.8341964092,145127.40072583483
2020-09-15 00:00:00+00:00,134055.27181479483,155405.69982852947,156384.42517010326,132947.23316422052,138066.97139361658
2020-09-16 00:00:00+00:00,132940.1418776927,155405.69982852947,156384.42517010326,131917.6609395689,137678.222950758
2020-09-17 00:00:00+00:00,133131.25989710315,155405.69982852947,156384.42517010326,131580.62702976697,139646.13109221152
2020-09-18 00:00:00+00:00,134417.7390393315,155405.69982852947,156384.42517010326,132627.09800660732,142022.80517936416
2020-09-19 00:00:00+00:00,134239.38650603849,155405.69982852947,156384.42517010326,132634.3926282752,141276.98142597725
2020-09-20 00:00:00+00:00,134331.72698307526,155405.69982852947,156384.42517010326,133179.65592459962,140790.71688516135
2020-09-21 00:00:00+00:00,130711.79651377341,155405.69982852947,156384.42517010326,128565.72309127479,137103.98482733895
2020-09-22 00:00:00+00:00,134883.26234956688,155405.69982852947,156384.42517010326,132657.87158457143,141414.1115021733
2020-09-23 00:00:00+00:00,126848.73252362784,155405.69982852947,156384.42517010326,124764.16930391628,133454.89761840686
2020-09-24 00:00:00+00:00,135293.17615625827,155405.69982852947,156384.42517010326,133047.83975497866,140168.78067200613
2020-09-25 00:00:00+00:00,135144.7573528708,155405.69982852947,156384.42517010326,132817.1803004794,140013.4865213302
2020-09-26 00:00:00+00:00,135342.6615005724,155405.69982852947,156384.42517010326,133031.8637550535,140220.396731437
2020-09-27 00:00:00+00:00,135634.6760828736,155405.69982852947,156384.42517010326,133317.78844453648,140785.03676215664
2020-09-28 00:00:00+00:00,136225.27840635832,155405.69982852947,156384.42517010326,133816.91694886767,141466.77848111646
2020-09-29 00:00:00+00:00,139258.64382861747,155405.69982852947,156384.42517010326,137165.5705337519,144571.19410918644
2020-09-30 00:00:00+00:00,140457.36146010598,155405.69982852947,156384.42517010326,138437.42273326596,145858.5016417732
2020-10-01 00:00:00+00:00,135704.83954520244,155405.69982852947,156384.42517010326,133800.06080160057,140642.68916895133
2020-10-02 00:00:00+00:00,134357.68860721,155405.69982852947,156384.42517010326,133377.42415646915,138534.83499401572
2020-10-03 00:00:00+00:00,134852.26172428118,155405.69982852947,156384.42517010326,133778.62626692484,138998.13911847834
2020-10-04 00:00:00+00:00,136951.94757620717,155405.69982852947,156384.42517010326,135610.44545593485,141195.5901945668
2020-10-05 00:00:00+00:00,136874.96288554676,155405.69982852947,156384.42517010326,135795.5223553953,141652.51771727094
2020-10-06 00:00:00+00:00,129839.0909734471,155405.69982852947,156384.42517010326,128213.03998705978,135092.09445754378
2020-10-07 00:00:00+00:00,130567.99434964043,155405.69982852947,156384.42517010326,128909.44363541628,136953.19347594405
2020-10-08 00:00:00+00:00,131740.0162434475,155405.69982852947,156384.42517010326,130070.22442732786,137371.66132647434
2020-10-09 00:00:00+00:00,132356.16023447743,155405.69982852947,156384.42517010326,130681.89787893704,138004.6491356727
2020-10-10 00:00:00+00:00,134345.4660304168,155405.69982852947,156384.42517010326,132650.79979542107,140101.66162685267
2020-10-11 00:00:00+00:00,133865.48285148537,155405.69982852947,156300.6572004293,132176.75533397627,139987.13256181523
2020-10-12 00:00:00+00:00,134180.71978594546,155405.76192885038,156933.41324118635,132487.58558637512,140666.29636418005
2020-10-13 00:00:00+00:00,134241.8713332536,155393.54083208757,157013.86007198555,132547.33103987455,140924.53576597874
2020-10-14 00:00:00+00:00,133943.20509271172,156989.73984214696,156665.7455901942,132251.5456373357,140728.69760114115
2020-10-15 00:00:00+00:00,134183.01794873129,156662.22328626737,157057.6189520448,132488.63538308427,141045.44768465287
2020-10-16 00:00:00+00:00,130787.39333681243,150933.62619614328,152929.81643496046,129136.6219504766,137368.99021438166
2020-10-17 00:00:00+00:00,131664.34367226236,152078.93595844862,153637.72378794674,130002.03550066212,138429.02541947647
2020-10-18 00:00:00+00:00,133587.3453952494,153710.0934254016,156148.86418068953,131901.00804113082,140335.32029667962
2020-10-19 00:00:00+00:00,133363.20958196212,154385.08405358266,156341.64532928832,131679.98703389018,140007.68548365575
2020-10-20 00:00:00+00:00,131022.74730444021,151501.60483395812,153446.6170635308,129369.56418519377,137457.6693667049
2020-10-21 00:00:00+00:00,134776.73528370674,156302.69612070022,158763.88349945622,133075.2128791673,141601.08692406447
2020-10-22 00:00:00+00:00,135965.80535319555,157650.49338468764,160470.6088061292,134248.77062738943,142954.41344807483
2020-10-23 00:00:00+00:00,135377.17582258568,157475.58366910214,159946.30738790357,133667.43996646226,142363.59670430608
2020-10-24 00:00:00+00:00,137174.31678321835,158854.56319869243,161262.7128433667,135441.6121969178,144309.87217332495
2020-10-25 00:00:00+00:00,136993.32047902653,158690.68535815,161103.2565337008,135262.91203058147,144118.9527730232
2020-10-26 00:00:00+00:00,136584.91628004087,158062.15614457268,161553.16073542094,134859.56905542733,143719.10625466343
2020-10-27 00:00:00+00:00,138651.01007131077,160375.07656585347,163658.2497563084,136899.38337601617,145956.24104514802
2020-10-28 00:00:00+00:00,133867.52370266095,155006.47970300296,158556.76346393197,132176.79874647947,140819.7361795146
2020-10-29 00:00:00+00:00,131033.5450627173,151953.7292489422,155457.84631975857,129379.1790206809,137768.8871201565
2020-10-30 00:00:00+00:00,129405.83774036476,150222.72464280645,154741.7482981261,127772.22587127224,136006.38562252707
2020-10-31 00:00:00+00:00,129773.39062898088,150544.8179898159,154717.04512611963,128134.76274348827,136466.29642804927
2020-11-01 00:00:00+00:00,130008.28527644604,150790.4083685086,155029.35580116083,128366.68335626915,136709.17912996403
2020-11-02 00:00:00+00:00,130252.33924572845,151076.00773392763,155323.06267377094,128607.6619010409,136965.19204891357
2020-11-03 00:00:00+00:00,130849.14190474465,151768.17667549924,156302.69023612957,129196.9288162191,137592.74342294823
2020-11-04 00:00:00+00:00,132407.82303034788,153576.18383366405,158416.28872154374,130735.92871231752,139231.78141830902
2020-11-05 00:00:00+00:00,137510.13510892517,159494.95257045847,165647.34143105237,135773.8146945159,144597.19713579584
2020-11-06 00:00:00+00:00,143396.4977463446,166323.17132790812,173373.89329218632,141585.85114711412,150787.08136533704
2020-11-07 00:00:00+00:00,141243.20811357928,163825.45870445747,170173.2287248508,139459.75077627902,148522.78336911323
2020-11-08 00:00:00+00:00,141667.68963233006,164317.74323424714,170620.41786172305,139878.872424108,148969.12991417001
2020-11-09 00:00:00+00:00,142097.86543714497,164816.62281376706,171150.41838659762,140303.61645635183,149421.46234592958
2020-11-10 00:00:00+00:00,144086.11855422286,167122.5655664109,173560.77231740445,142266.76417714416,151512.15040618513
2020-11-11 00:00:00+00:00,141455.50691674254,164071.47159740495,170373.2488035629,139669.36889615728,148745.97938180456
2020-11-12 00:00:00+00:00,140982.57290318154,163522.9884121758,169792.37698946695,139202.4065561253,148248.68323628284
2020-11-13 00:00:00+00:00,146060.07621910394,169412.10471388992,175942.46859492856,144215.79696577747,153587.84078153787
2020-11-14 00:00:00+00:00,147362.54365240375,170923.0709663805,177468.77108124815,145501.8183527722,154957.48663617013
2020-11-15 00:00:00+00:00,148785.9500218968,172574.22449766187,179155.09153252136,146907.2515910522,156454.28747551044
2020-11-16 00:00:00+00:00,152732.01215516042,177151.3997565838,183872.84981387487,150803.48739054793,160603.76749981428
2020-11-17 00:00:00+00:00,155535.60933917435,180403.19664580017,187256.33739283655,153571.68395942135,163551.85132346605
2020-11-18 00:00:00+00:00,158191.4467947297,183483.44714822722,190488.3293474241,156193.9865279997,166344.5283425848
2020-11-19 00:00:00+00:00,161175.97067775644,186945.29812180705,194056.91863523974,159140.8252761102,169482.90272718118
2020-11-20 00:00:00+00:00,167453.90684498634,194227.0187476458,201607.74932830886,165339.49086546263,176084.41005816177
2020-11-21 00:00:00+00:00,175500.35311545467,203559.97319078044,211293.03350004618,173284.33583733937,184545.5695565731
2020-11-22 00:00:00+00:00,179436.3784375158,208125.21832781253,216045.7927543629,177170.66153709783,188684.43929036893
2020-11-23 00:00:00+00:00,182010.88409607115,211111.24942694075,219160.92201582677,179712.6592821718,191391.6152912494
2020-11-24 00:00:00+00:00,179756.97893073334,208496.9295888745,216455.85743586323,177487.21384358063,189021.5345917102
2020-11-25 00:00:00+00:00,172337.6189458238,199891.44713275187,207505.25331618433,170161.5370399668,181219.8054701453
2020-11-26 00:00:00+00:00,164061.04768641776,190291.79415024977,197507.1933638752,161989.47285036792,172516.70319920828
2020-11-27 00:00:00+00:00,168612.56120551185,195571.0545859068,202981.31303695944,166483.5150769075,177302.80663192453
2020-11-28 00:00:00+00:00,174960.63521081867,202934.13470030227,210615.35477263803,172751.43288470726,183978.06818801095
2020-11-29 00:00:00+00:00,177675.42029366628,206082.98914073248,213880.57850712223,175431.93877507045,186832.7760529092
2020-11-30 00:00:00+00:00,182268.23177507176,211410.13366309967,219407.14759946562,179966.7574993251,191662.30266877112
2020-12-01 00:00:00+00:00,181950.28387522697,211041.35439419866,219023.82354893262,179652.8242813348,191327.96850100107
2020-12-02 00:00:00+00:00,183905.6187079758,213309.30797022584,221379.10239055048,181583.46938673017,193384.0791018546
2020-12-03 00:00:00+00:00,186440.17863700772,216249.09396184568,224431.93999354378,184086.02579778034,196049.26758078276
2020-12-04 00:00:00+00:00,180978.2391128116,209913.90901752375,217851.36218441866,178693.05338690945,190305.8275493667
2020-12-05 00:00:00+00:00,188264.48415279097,218365.10046478512,226624.31638182886,185887.29607662396,197967.60183445094
2020-12-06 00:00:00+00:00,187745.5508635214,217763.19980424034,225999.3002271771,185374.9152821791,197421.92323292454
2020-12-07 00:00:00+00:00,187678.61900221105,217685.56327544805,225919.26476266794,185308.82855943247,197351.54107597057
2020-12-08 00:00:00+00:00,182265.73905306982,211407.23887576716,219404.71880097865,179964.29625229214,191659.68078756428
2020-12-09 00:00:00+00:00,192028.377212046,222730.7682799546,231157.44182548954,189603.66300823778,201925.48248704826
2020-12-10 00:00:00+00:00,185056.52074783502,214644.22524770783,222763.92521964468,182719.83915531545,194594.29912208123
2020-12-11 00:00:00+00:00,180546.14941057982,209412.712935054,217334.78202377664,178266.41961642672,189851.4637704941
2020-12-12 00:00:00+00:00,191943.72621210213,222632.58397741138,231055.36394178873,189520.08088415922,201836.46880388496
2020-12-13 00:00:00+00:00,193241.79105885385,224138.19487712032,232617.0535283602,190801.75525655274,203201.4367123683
2020-12-14 00:00:00+00:00,193193.09858582664,224081.71713011444,232558.45452354368,190753.67761624613,203150.2346203045
2020-12-15 00:00:00+00:00,193054.7331295289,223921.22799352065,232392.0844595705,190617.05928021824,203004.73760807177
2020-12-16 00:00:00+00:00,193829.84110117183,224820.26377248997,233325.14437293017,191382.3800769834,203819.794481565
2020-12-17 00:00:00+00:00,192868.75945038794,223705.51987575958,232168.23186436918,190433.43386348733,202809.1788619798
2020-12-18 00:00:00+00:00,197894.3855507295,229534.6665204199,238217.90817856012,195395.60211887484,208093.8247641011
2020-12-19 00:00:00+00:00,197690.8073487134,229298.5392834581,237972.84810592793,195194.59446900903,207879.75418028203
2020-12-20 00:00:00+00:00,194664.16351836725,225787.98147671818,234329.48494134884,192206.16762716667,204697.11770133267
2020-12-21 00:00:00+00:00,199644.19701325003,231564.2460079238,240324.27023948816,197123.318968253,209933.82117370743
2020-12-22 00:00:00+00:00,214820.85396330204,249167.41787604275,258593.37527450133,212108.34249306636,225892.68014220335
2020-12-23 00:00:00+00:00,200809.5305697181,232915.8986067491,241727.04622879392,198273.938028529,211159.21581240592
2020-12-24 00:00:00+00:00,215877.8106195997,250393.36570579882,259865.7013631531,213151.95311241772,227004.11214359253
2020-12-25 00:00:00+00:00,213682.1400047473,247846.64102064283,257222.63003340963,210984.00690894446,224695.27708595037
2020-12-26 00:00:00+00:00,221085.1214664992,256433.2458832068,266134.05405136186,218293.51200768308,232479.80682445076
2020-12-27 00:00:00+00:00,210793.73768286116,244496.42735368697,253745.6879714788,208132.07602027006,221658.00704336274
2020-12-28 00:00:00+00:00,213882.9499876962,248079.5574068101,257464.36366380056,211182.28129363718,224906.43677022523
2020-12-29 00:00:00+00:00,215269.19874446618,249687.44608819118,259133.0812541349,212551.0260903202,226364.13252239925
2020-12-30 00:00:00+00:00,212478.52178100002,246450.58270074427,255773.75569070963,209795.58659628357,223429.62461066007
2020-12-31 00:00:00+00:00,218352.76753731404,253264.0303783776,262844.95371333923,215595.65911150436,229606.62788344885
2021-01-01 00:00:00+00:00,219419.94531325143,254501.83339484272,264129.6052945844,216649.3617899041,230728.8077730799
2021-01-02 00:00:00+00:00,221739.53307227365,257192.2877748998,266921.8276259927,218939.66045391833,233167.94666005453
2021-01-03 00:00:00+00:00,226730.64456011518,262981.4015519997,272929.93981905637,223867.74990777223,238416.299093087
2021-01-04 00:00:00+00:00,239132.58941063005,277366.2273791071,287858.9460927126,236113.09721647442,251457.4378291929
2021-01-05 00:00:00+00:00,251272.37022986522,291446.97317114024,302472.36757266143,248099.59080073604,264222.90065118216
2021-01-06 00:00:00+00:00,255985.11576675152,296913.21451753983,308145.3977464529,252752.82918973867,269178.5401993091
2021-01-07 00:00:00+00:00,253524.18456247734,294058.81811371766,305183.01950491976,250322.9718034666,266590.7730669164
2021-01-08 00:00:00+00:00,257079.4885104514,298182.56070611044,309462.76195317897,253833.38344903573,270329.3167085387
2021-01-09 00:00:00+00:00,257276.80719890524,298411.4276429067,309700.2848229867,254028.21062330168,270536.805167324
2021-01-10 00:00:00+00:00,255554.71551177214,296413.9998511759,307627.29845494754,252327.8635357621,268725.9571959179
2021-01-11 00:00:00+00:00,234047.35538803038,271467.94230365305,281737.53464480897,231092.073699327,246110.11180141626
2021-01-12 00:00:00+00:00,240882.0692437999,279395.42222341645,289964.9075507608,237840.48662393782,253297.08551901078
2021-01-13 00:00:00+00:00,264953.8361361516,307315.8958779371,318941.61271372647,261608.30284017866,278609.50671758305
2021-01-14 00:00:00+00:00,278976.59840994334,323580.68302794534,335821.6953984079,275454.0017478658,293354.9995045428
2021-01-15 00:00:00+00:00,282831.07684859185,328051.43353392556,340461.5722490901,279259.8102516193,297408.1370343987
2021-01-16 00:00:00+00:00,286175.46141090506,331930.533972592,344487.4160043488,282561.9657597296,300924.8905472278
2021-01-17 00:00:00+00:00,288047.7461761505,334102.16840360867,346741.20107412146,284410.60945937375,302893.6725173723
2021-01-18 00:00:00+00:00,293627.0093706677,340573.47032478737,353457.31028858107,289919.4241144158,308760.4898826183
2021-01-19 00:00:00+00:00,279679.3086224094,324395.74587412935,336667.58621221554,276147.8389413682,294093.92727523175
2021-01-20 00:00:00+00:00,300187.7694776534,348183.19546119496,361354.9121551958,296397.342464116,315659.39032186166
2021-01-21 00:00:00+00:00,265319.8819886052,307740.46689379046,319382.2388404544,261969.7266852504,278994.4185115674
2021-01-22 00:00:00+00:00,297070.8352109498,344567.91117408185,357602.8584876824,293319.76527003734,312381.80985720817
2021-01-23 00:00:00+00:00,306001.35895320494,354926.2888595593,368353.0925026727,302137.52459655143,321772.6111029194
2021-01-24 00:00:00+00:00,313076.8491139194,363133.0415030002,376870.306928401,309123.6735789558,329212.77068595914
2021-01-25 00:00:00+00:00,314060.08403183497,364273.48061919026,378053.8892775276,310094.49333352194,330246.6813448089
2021-01-26 00:00:00+00:00,326317.97272094915,378491.2179416435,392809.4811622064,322197.60345688387,343136.3392981028
2021-01-27 00:00:00+00:00,314815.53767126775,365149.71972418687,378963.27623262827,310840.40797045856,331041.07092205546
2021-01-28 00:00:00+00:00,339586.7598855475,393881.4809166965,408781.9558031156,335298.84758868936,357088.99724228826
2021-01-29 00:00:00+00:00,346718.27806101134,402153.21960628906,417366.6130352172,342340.3171283049,364588.07251532277
2021-01-30 00:00:00+00:00,371079.4300487288,430409.3466248962,446691.66521140956,366393.86441668426,390204.7936671631
2021-01-31 00:00:00+00:00,378456.3926200033,438965.7725023952,455571.78045124444,373677.67916166055,397961.96349236596
2021-02-01 00:00:00+00:00,386754.7649980752,448590.92750830215,465561.053384698,381871.26920671156,406688.0324130191
2021-02-02 00:00:00+00:00,384597.7596287617,446089.0500214207,462964.53035498445,379741.5000283808,404419.85539495444
2021-02-03 00:00:00+00:00,396932.92512796837,460396.4195263567,477813.1461423347,391920.9111988682,417390.77298938384
2021-02-04 00:00:00+00:00,409708.80584452767,475214.9678623051,493192.27834845614,404535.47274018556,430825.12018035824
2021-02-05 00:00:00+00:00,427101.9091543596,495388.9619557192,514129.4521038465,421708.95588111575,449114.6607433746
2021-02-06 00:00:00+00:00,429187.4049938026,497807.8966336226,516639.8947226557,423768.11846993974,451307.6426437956
2021-02-07 00:00:00+00:00,433022.32709490514,502255.9640341963,521256.2318513567,427554.6175711575,455340.21590440534
2021-02-08 00:00:00+00:00,449092.10813929175,520895.05690592667,540600.4388164792,443421.48784313566,472238.23042336904
2021-02-09 00:00:00+00:00,458454.2012947902,531754.0053457335,551870.1796416838,452665.36721910007,482082.8440887762
2021-02-10 00:00:00+00:00,469211.92117259704,544231.7198421145,564819.9242025407,463287.2509430893,493395.01481370104
2021-02-11 00:00:00+00:00,468640.86838755046,543569.3644642239,564132.5120313683,462723.4087579494,492794.5300761444
2021-02-12 00:00:00+00:00,476045.42981447524,552157.8018380685,573045.848703203,470034.47387186706,500580.72119805054
2021-02-13 00:00:00+00:00,483478.0534446222,560778.788131563,581992.9656158723,477373.24685167545,508396.4208438229
2021-02-14 00:00:00+00:00,470042.40989278123,545194.9909869113,565819.6357625715,464107.25320379884,494268.3067653783
2021-02-15 00:00:00+00:00,466152.60283289046,540683.2633633543,561137.2301588847,460266.5621681316,490178.01978558325
2021-02-16 00:00:00+00:00,460995.3515999517,534701.4466585601,554929.1222245962,455174.430791418,484754.9647998649
2021-02-17 00:00:00+00:00,479626.8875973334,556311.8798585804,577357.0748729354,473570.7091116764,504346.7666374153
2021-02-18 00:00:00+00:00,512954.7407355083,594968.3461877018,617475.9095284421,506477.7363279359,539392.3310206126
2021-02-19 00:00:00+00:00,535710.6944827144,621362.6283567016,644868.6834349204,528946.3539789633,563321.1223184627
2021-02-20 00:00:00+00:00,534225.3331712089,619639.7805246884,643080.6605275217,527479.7481072607,561759.2057659968
2021-02-21 00:00:00+00:00,550852.3085343826,638925.1545515426,663095.5973622592,543896.7770869437,579243.1322935211
2021-02-22 00:00:00+00:00,536050.9936437443,621757.3361407778,645278.3229552803,529282.3562323115,563678.9604338668
2021-02-23 00:00:00+00:00,482818.42360439966,560013.6935842882,581198.927657301,476721.94606086647,507702.7938064383
2021-02-24 00:00:00+00:00,511783.01495971484,593609.2794091995,616065.4294573102,505320.80576195626,538160.2147200287
2021-02-25 00:00:00+00:00,494658.1089152115,573746.3632125254,595451.1021181126,488412.1333987529,520152.69425807014
2021-02-26 00:00:00+00:00,498477.6004784159,578176.5329685928,600048.8645318062,492183.39680121536,524169.0416937843
2021-02-27 00:00:00+00:00,488084.7243427064,566121.9951399132,587538.3053442594,481921.7499908101,513240.51868840016
2021-02-28 00:00:00+00:00,511110.6353295114,592829.39657584,615256.0437725175,504656.9161708978,537453.1807709015
2021-03-01 00:00:00+00:00,551725.7132250757,639938.2032732102,664146.9695647863,544759.153424486,580161.5520967224
2021-03-02 00:00:00+00:00,534731.1103835618,620226.4237656571,643689.4963936277,527979.1389448063,562291.0506401809
2021-03-03 00:00:00+00:00,533466.6923985814,618759.8447136045,642167.4368758932,526730.6865805937,560961.4647914858
2021-03-04 00:00:00+00:00,514833.1139400467,597147.0424941785,619737.0255887108,508332.3915890404,541367.5152247208
2021-03-05 00:00:00+00:00,516801.37597495364,599429.9994780511,622106.3464930381,510275.80066741345,543437.2211125065
2021-03-06 00:00:00+00:00,523184.24160511256,606833.3875478617,629789.8036236195,516578.0707878006,550149.0584295886
2021-03-07 00:00:00+00:00,532909.3468130173,618113.3881064916,641496.524912308,526180.3785161354,560375.3937198928
2021-03-08 00:00:00+00:00,569092.7805145144,660081.9985883911,685052.8016368973,561906.9292980407,598423.7147483632
2021-03-09 00:00:00+00:00,601998.5268653026,698248.8697207808,724663.5197823696,594397.1796075156,633025.4170402162
2021-03-10 00:00:00+00:00,610395.3168144694,707988.1777583242,734771.2643828806,602687.944519401,641854.9759546681
2021-03-11 00:00:00+00:00,611192.4994733412,708912.8177128714,735730.8833282924,603475.0612695576,642693.245256949
2021-03-12 00:00:00+00:00,628477.916395984,728961.9080183504,756538.4277143464,620542.2177635434,660869.5492973379
2021-03-13 00:00:00+00:00,637471.0091476436,739392.8585421636,767363.9795326964,629421.7560497413,670326.1443479011
2021-03-14 00:00:00+00:00,642592.0304637306,745332.6527213841,773528.4752352422,634478.1149794587,675711.1021337083
2021-03-15 00:00:00+00:00,631543.6285781125,732517.7806169213,760228.8184402422,623569.2196468108,664093.2677052924
2021-03-16 00:00:00+00:00,653411.5369312388,757882.0325366682,786552.5962075747,645161.0051229277,687088.2439174724
2021-03-17 00:00:00+00:00,701024.9900267904,813108.1474253365,843867.9067431154,692173.2501175123,737155.6853769768
2021-03-18 00:00:00+00:00,696354.4544872832,807690.8647976979,838245.6891258089,687561.6887464314,732244.4313194412
2021-03-19 00:00:00+00:00,694008.2518011493,804969.5402418731,835421.4172700199,685245.1112180986,729777.3057907717
2021-03-20 00:00:00+00:00,676166.3114271708,784274.9469101795,813943.9505750886,667628.4584129145,711015.7951856611
2021-03-21 00:00:00+00:00,695080.1914191896,806212.8665845518,836711.7784618606,686303.5156115287,730904.4929739119
2021-03-22 00:00:00+00:00,697205.3894534429,808677.8512300747,839270.013106981,688401.8790813619,733139.2233127576
2021-03-23 00:00:00+00:00,710960.4792815163,824632.16921715,855827.8805516822,701983.2854041124,747603.2478680701
2021-03-24 00:00:00+00:00,698089.1003309072,809702.8539399024,840333.7915156521,689274.4314709641,734068.4804816458
2021-03-25 00:00:00+00:00,706272.9664115924,819195.1948440245,850185.2262531151,697354.9610728802,742674.1414717203
2021-03-26 00:00:00+00:00,761437.6677553877,883179.8869035919,916590.4496208527,751823.1058096855,800682.0210854666
2021-03-27 00:00:00+00:00,774590.5655840382,898435.7316150905,932423.4206506711,764809.9239232203,814512.8167796424
2021-03-28 00:00:00+00:00,768500.2302810033,891371.6449906457,925092.1006882527,758796.4903923472,808108.5867473966
2021-03-29 00:00:00+00:00,768062.0082516812,890863.3579716487,924564.5852475283,758363.8017284275,807647.7788375961
2021-03-30 00:00:00+00:00,774147.0161308054,897921.2653987063,931889.492254449,764371.9751039915,814046.4068715104
2021-03-31 00:00:00+00:00,793279.1588606982,920112.3446793263,954920.0567374253,783262.5390688454,834164.6166178498
2021-04-01 00:00:00+00:00,786730.076576534,912516.1644586906,947036.5141578466,776796.1510878068,827277.9958718636
2021-04-02 00:00:00+00:00,791306.3979792951,917824.1695523176,952545.3202884025,781314.6879502522,832090.1800138708
2021-04-03 00:00:00+00:00,782564.7555884547,907684.8724502278,942022.4550970023,772683.424997983,822897.9950281484
2021-04-04 00:00:00+00:00,792353.1891376324,919038.3265818184,953805.4086963068,782348.261429898,833190.922590453
2021-04-05 00:00:00+00:00,799445.0748534275,927264.0961879803,962342.3579334823,789350.5989431102,840648.3227542365
2021-04-06 00:00:00+00:00,808227.8286460243,937451.0777752106,972914.7115069488,798022.4541894849,849883.7380155833
2021-04-07 00:00:00+00:00,773681.3299193389,897381.1230955443,931328.9164489445,763912.1690441344,813556.719280814
2021-04-08 00:00:00+00:00,847319.2301040967,982792.5955128571,1019971.4920631133,836620.25424487,890989.9029086074
2021-04-09 00:00:00+00:00,820003.306995373,951109.2747323834,987089.5960074032,809649.2452978098,862266.1222911055
2021-04-10 00:00:00+00:00,822639.6931739612,954167.1786759901,990263.1799987615,812252.3422141246,865038.3873145271
2021-04-11 00:00:00+00:00,837301.787158974,971173.5168909433,1007912.8654388362,826729.3000851227,880456.16284942
2021-04-12 00:00:00+00:00,835522.2707891534,969109.4831127432,1005770.7495722424,824972.2534079582,878584.9305425884
2021-04-13 00:00:00+00:00,834212.7325294266,967590.5697451776,1004194.3759396938,823679.2504961024,877207.8989287232
2021-04-14 00:00:00+00:00,854014.5581011125,990558.4038955949,1028031.0798127367,843231.0413155567,898030.3068438158
2021-04-15 00:00:00+00:00,853415.5861915799,989863.6655529558,1027310.0596227491,842639.6325366282,897400.464035393
2021-04-16 00:00:00+00:00,876997.0313318992,1017215.4225437078,1055696.529479949,865923.3182218114,922197.2923965721
2021-04-17 00:00:00+00:00,863809.6952441856,1001919.6334230572,1039822.1029499735,852902.4966960684,908330.2835019771
2021-04-18 00:00:00+00:00,886050.6211692016,1027716.542710446,1066594.9054482915,874862.5897058095,931717.5025411258
2021-04-19 00:00:00+00:00,842700.860676483,977435.8195593078,1014412.0700783153,832060.2002918257,886133.5035945025
2021-04-20 00:00:00+00:00,873486.2156223255,995803.9807885437,1033475.096093141,862456.8330681704,918505.5299095826
2021-04-21 00:00:00+00:00,848576.5191946285,972604.8982056899,1009398.3956941308,837861.6677301406,892311.9924409831
2021-04-22 00:00:00+00:00,839143.773553424,968714.5520413567,1005360.8783176324,828548.0279870629,882393.0848741318
2021-04-23 00:00:00+00:00,863413.0170932256,968411.8529880876,1005046.728204558,852510.8273420415,907913.1606341691
2021-04-24 00:00:00+00:00,823497.8076606689,968411.8529880876,1005046.728204558,813099.6214148488,865940.7288595223
2021-04-25 00:00:00+00:00,831152.0507996725,968411.8529880876,1005046.728204558,820657.2155464236,873989.470241707
2021-04-26 00:00:00+00:00,914635.5187533908,968411.8529880876,1005046.728204558,903086.549973429,961775.6603384654
2021-04-27 00:00:00+00:00,932311.7586095333,968411.8529880876,1005046.728204558,920539.5945369552,980362.9302524019
2021-04-28 00:00:00+00:00,938941.4171030351,968411.8529880876,1005046.728204558,927085.5413033336,987334.2800903099
2021-04-29 00:00:00+00:00,941339.7775212971,968411.8529880876,1005046.728204558,929453.6179757473,989856.2515507529
2021-04-30 00:00:00+00:00,945673.2068532836,968411.8529880876,1005046.728204558,933732.3297300331,994413.0250106136
2021-05-01 00:00:00+00:00,948220.99581601,968411.8529880876,1005046.728204558,936247.9481345589,997092.1265344304
2021-05-02 00:00:00+00:00,957345.3865205967,976360.8269037242,1005046.728204558,945257.1264936562,1006686.7866095726
2021-05-03 00:00:00+00:00,952328.6968130318,976599.645851624,1005046.728204558,940303.7817925157,1001411.5376636508
2021-05-04 00:00:00+00:00,936198.2435605908,960509.2846590893,1005046.728204558,924377.0054115709,984449.7239025036
2021-05-05 00:00:00+00:00,974514.8129667621,1054886.3466817376,1005046.728204558,962209.7571059281,1024741.122046272
2021-05-06 00:00:00+00:00,990425.0441330124,1045476.5756136599,1005046.728204558,977919.092112721,1041471.3635165727
2021-05-07 00:00:00+00:00,973540.8034550009,1023768.8515252417,1005046.728204558,961248.0462696634,1023716.9122685598
2021-05-08 00:00:00+00:00,986960.5818622112,1066864.7677084303,1005046.728204558,974498.3750997677,1037828.3435158196
2021-05-09 00:00:00+00:00,984245.0068121817,1060784.2663482728,1005046.728204558,971817.0892182973,1034972.8082415059
2021-05-10 00:00:00+00:00,955755.3729330859,1041594.3356082006,1012507.7499439357,943687.1897749146,1005014.8240225961
2021-05-11 00:00:00+00:00,1022788.8086307087,1121151.4747396652,1084228.9688619967,1009874.2040946092,1075503.15031317
2021-05-12 00:00:00+00:00,879751.2117331935,988318.3984310548,940562.4418454645,868642.721990429,925093.4227346509
2021-05-13 00:00:00+00:00,905254.8148033293,1016563.0949065273,967706.7480046238,893824.2947986799,951911.476681672
2021-05-14 00:00:00+00:00,1008993.5957062674,1122340.0383029797,1083478.630940899,996253.1813039541,1060996.9347246937
2021-05-15 00:00:00+00:00,1000740.6651722022,1120874.5799752593,1081796.867684457,988104.4593153992,1052318.6497123796
2021-05-16 00:00:00+00:00,1006678.9587657409,1120874.5799752593,1081796.867684457,989144.0995239151,1053425.8532778511
2021-05-17 00:00:00+00:00,1003549.4967257681,1120874.5799752593,1081796.867684457,986196.1054226524,1050286.2771502926
2021-05-18 00:00:00+00:00,1011527.3931223345,1120874.5799752593,1081796.867684457,991779.5912632194,1056232.6183746853
2021-05-19 00:00:00+00:00,740537.3083581636,1120874.5799752593,1081796.867684457,975048.5487034892,1038414.2713884426
2021-05-20 00:00:00+00:00,883925.696304167,1120874.5799752593,1081796.867684457,975034.1967320658,1038398.9867218807
2021-05-21 00:00:00+00:00,778292.8934646489,1120874.5799752593,1081796.867684457,975034.1967320658,1038398.9867218807
2021-05-22 00:00:00+00:00,725334.9819975665,1120874.5799752593,1081796.867684457,975034.1967320658,1038398.9867218807
2021-05-23 00:00:00+00:00,685877.4545441433,1120874.5799752593,1081796.867684457,975034.1967320658,1038398.9867218807
2021-05-24 00:00:00+00:00,738026.5235969189,1120874.5799752593,1081796.867684457,975034.1967320658,1038398.9867218807
2021-05-25 00:00:00+00:00,745614.0232511689,1120874.5799752593,1081796.867684457,975034.1967320658,1038398.9867218807
2021-05-26 00:00:00+00:00,760572.6011430883,1120874.5799752593,1081796.867684457,975034.1967320658,1038398.9867218807
2021-05-27 00:00:00+00:00,745667.1251738325,1120874.5799752593,1081796.867684457,975034.1967320658,1038398.9867218807
2021-05-28 00:00:00+00:00,745439.1013067327,1120874.5799752593,1081796.867684457,975034.1967320658,1038398.9867218807
2021-05-29 00:00:00+00:00,747351.165599686,1120874.5799752593,1081796.867684457,975034.1967320658,1038398.9867218807
2021-05-30 00:00:00+00:00,754966.8826183511,1120874.5799752593,1081796.867684457,975034.1967320658,1038398.9867218807
2021-05-31 00:00:00+00:00,755277.6637736377,1120874.5799752593,1081796.867684457,975034.1967320658,1038398.9867218807
2021-06-01 00:00:00+00:00,753184.2888219898,1120874.5799752593,1081796.867684457,975034.1967320658,1038398.9867218807
2021-06-02 00:00:00+00:00,752045.359334183,1120874.5799752593,1081796.867684457,975034.1967320658,1038398.9867218807
2021-06-03 00:00:00+00:00,751902.4723784499,1120874.5799752593,1081796.867684457,975034.1967320658,1038398.9867218807
2021-06-04 00:00:00+00:00,751902.4723784499,1120874.5799752593,1081796.867684457,975034.1967320658,1038398.9867218807
2021-06-05 00:00:00+00:00,753053.1558249615,1120874.5799752593,1081796.867684457,975034.1967320658,1038398.9867218807
2021-06-06 00:00:00+00:00,755815.4608791677,1120874.5799752593,1081796.867684457,975034.1967320658,1038398.9867218807
2021-06-07 00:00:00+00:00,750959.4246044761,1120874.5799752593,1081796.867684457,975034.1967320658,1038398.9867218807
2021-06-08 00:00:00+00:00,750685.894397262,1120874.5799752593,1081796.867684457,975034.1967320658,1038398.9867218807
2021-06-09 00:00:00+00:00,751236.9552534776,1120874.5799752593,1081796.867684457,975034.1967320658,1038398.9867218807
2021-06-10 00:00:00+00:00,751124.7061152827,1120874.5799752593,1081796.867684457,975034.1967320658,1038398.9867218807
2021-06-11 00:00:00+00:00,748558.6754300098,1120874.5799752593,1081796.867684457,975034.1967320658,1038398.9867218807
2021-06-12 00:00:00+00:00,744893.9844721805,1120874.5799752593,1081796.867684457,975034.1967320658,1038398.9867218807
2021-06-13 00:00:00+00:00,797142.8302989872,1120874.5799752593,1081796.867684457,975034.1967320658,1038398.9867218807
2021-06-14 00:00:00+00:00,801124.74548071,1120874.5799752593,1081796.867684457,975034.1967320658,1038398.9867218807
2021-06-15 00:00:00+00:00,796913.0936932553,1120874.5799752593,1081796.867684457,975034.1967320658,1038398.9867218807
2021-06-16 00:00:00+00:00,787326.4080978404,1120874.5799752593,1081796.867684457,975034.1967320658,1038398.9867218807
2021-06-17 00:00:00+00:00,784395.5478385093,1120874.5799752593,1081796.867684457,975034.1967320658,1038398.9867218807
2021-06-18 00:00:00+00:00,758854.4577201295,1120874.5799752593,1081796.867684457,975034.1967320658,1038398.9867218807
2021-06-19 00:00:00+00:00,762739.6739061475,1120874.5799752593,1081796.867684457,975034.1967320658,1038398.9867218807
2021-06-20 00:00:00+00:00,766812.9740067099,1120874.5799752593,1081796.867684457,975034.1967320658,1038398.9867218807
2021-06-21 00:00:00+00:00,671744.9477492865,1120874.5799752593,1081796.867684457,975034.1967320658,1038398.9867218807
2021-06-22 00:00:00+00:00,675253.4517198082,1120874.5799752593,1081796.867684457,975034.1967320658,1038398.9867218807
2021-06-23 00:00:00+00:00,713875.6429127865,1120874.5799752593,1081796.867684457,975034.1967320658,1038398.9867218807
2021-06-24 00:00:00+00:00,722593.2285301894,1120874.5799752593,1081796.867684457,975034.1967320658,1038398.9867218807
2021-06-25 00:00:00+00:00,689977.8483030455,1120874.5799752593,1081796.867684457,975034.1967320658,1038398.9867218807
2021-06-26 00:00:00+00:00,696873.2528693671,1120874.5799752593,1081796.867684457,975034.1967320658,1038398.9867218807
2021-06-27 00:00:00+00:00,696723.4495146987,1120874.5799752593,1081796.867684457,975034.1967320658,1038398.9867218807
2021-06-28 00:00:00+00:00,696723.4495146987,1120874.5799752593,1081796.867684457,975034.1967320658,1038398.9867218807
2021-06-29 00:00:00+00:00,696723.4495146987,1120874.5799752593,1081796.867684457,975034.1967320658,1038398.9867218807
2021-06-30 00:00:00+00:00,696723.4495146987,1120874.5799752593,1081796.867684457,975034.1967320658,1038398.9867218807
2021-07-01 00:00:00+00:00,696120.9014047508,1120874.5799752593,1081796.867684457,975034.1967320658,1038398.9867218807
2021-07-02 00:00:00+00:00,697237.5256652737,1120874.5799752593,1081796.867684457,975034.1967320658,1038398.9867218807
2021-07-03 00:00:00+00:00,702957.6408079162,1120874.5799752593,1081796.867684457,975034.1967320658,1038398.9867218807
2021-07-04 00:00:00+00:00,711490.825357634,1120874.5799752593,1081796.867684457,975034.1967320658,1038398.9867218807
2021-07-05 00:00:00+00:00,708763.3677647172,1120874.5799752593,1081796.867684457,975034.1967320658,1038398.9867218807
2021-07-06 00:00:00+00:00,708583.9352641919,1120874.5799752593,1081796.867684457,975034.1967320658,1038398.9867218807
2021-07-07 00:00:00+00:00,708498.1710293605,1120874.5799752593,1081796.867684457,975034.1967320658,1038398.9867218807
2021-07-08 00:00:00+00:00,701346.9341492911,1120874.5799752593,1081796.867684457,975034.1967320658,1038398.9867218807
2021-07-09 00:00:00+00:00,748605.8889791283,1120874.5799752593,1081796.867684457,975034.1967320658,1038398.9867218807
2021-07-10 00:00:00+00:00,740780.995392833,1120874.5799752593,1081796.867684457,975034.1967320658,1038398.9867218807
2021-07-11 00:00:00+00:00,768124.6336868065,1120874.5799752593,1081796.867684457,975034.1967320658,1038398.9867218807
2021-07-12 00:00:00+00:00,734978.7148377539,1120874.5799752593,1081796.867684457,975034.1967320658,1038398.9867218807
2021-07-13 00:00:00+00:00,732934.2438652075,1120874.5799752593,1081796.867684457,975034.1967320658,1038398.9867218807
2021-07-14 00:00:00+00:00,760878.8860037221,1120874.5799752593,1081796.867684457,975034.1967320658,1038398.9867218807
2021-07-15 00:00:00+00:00,738321.3874712527,1120874.5799752593,1081796.867684457,975034.1967320658,1038398.9867218807
2021-07-16 00:00:00+00:00,694527.9216569216,1120874.5799752593,1081796.867684457,975034.1967320658,1038398.9867218807
2021-07-17 00:00:00+00:00,699761.7385871349,1120874.5799752593,1081796.867684457,975034.1967320658,1038398.9867218807
2021-07-18 00:00:00+00:00,735988.4982247679,1120874.5799752593,1081796.867684457,975034.1967320658,1038398.9867218807
2021-07-19 00:00:00+00:00,699748.0812913057,1120874.5799752593,1081796.867684457,975034.1967320658,1038398.9867218807
2021-07-20 00:00:00+00:00,699035.4843751191,1120874.5799752593,1081796.867684457,975034.1967320658,1038398.9867218807
2021-07-21 00:00:00+00:00,785234.4989961952,1120874.5799752593,1081796.867684457,975034.1967320658,1038398.9867218807
2021-07-22 00:00:00+00:00,788460.9279501699,1120874.5799752593,1081796.867684457,975034.1967320658,1038398.9867218807
2021-07-23 00:00:00+00:00,823691.4566249418,1120874.5799752593,1081796.867684457,975034.1967320658,1038398.9867218807
2021-07-24 00:00:00+00:00,814557.9214129207,1120874.5799752593,1081796.867684457,975034.1967320658,1038398.9867218807
2021-07-25 00:00:00+00:00,833150.7252653535,1120874.5799752593,1081796.867684457,975034.1967320658,1038398.9867218807
2021-07-26 00:00:00+00:00,824700.1612886015,1107779.3484169042,1081796.867684457,975034.1967320658,1038398.9867218807
2021-07-27 00:00:00+00:00,894701.4963755987,1235391.1900758203,1081796.867684457,975034.1967320658,1038398.9867218807
2021-07-28 00:00:00+00:00,890599.9126446729,1204289.0813662733,1081796.867684457,975034.1967320658,1038398.9867218807
2021-07-29 00:00:00+00:00,892420.3810172102,1215625.3930018519,1090478.5436021346,982859.0769452981,1038398.9867218807
2021-07-30 00:00:00+00:00,889412.2596083907,1215940.9213541881,1097630.056222896,989304.8058726973,1067830.0951685188
2021-07-31 00:00:00+00:00,883347.2551176993,1207035.06216368,1094235.0219823676,986244.8279947089,1062381.0305780726
2021-08-01 00:00:00+00:00,875086.294407687,1209010.381441877,1075930.7622628422,969747.01800326,1058751.5599221913
2021-08-02 00:00:00+00:00,903662.041389165,1230551.832292923,1108777.0442835724,999351.6962588634,1077845.9447725262
2021-08-03 00:00:00+00:00,926635.9912748835,1243337.8039045823,1117406.4637307634,1001835.6487394962,1092232.8603093566
2021-08-04 00:00:00+00:00,955376.2126356189,1288091.4788871934,1154653.4864941523,1011462.3132757795,1096573.3818599046
2021-08-05 00:00:00+00:00,964192.987343054,1301319.259867103,1160322.4652333423,1039256.3095146975,1093964.764970193
2021-08-06 00:00:00+00:00,985200.419820807,1333053.3062446082,1177128.4178648153,1051055.9298110027,1093808.8020589298
2021-08-07 00:00:00+00:00,1008462.3983555974,1361604.8053673683,1194776.677298271,1070135.2979758114,1093808.8020589298
2021-08-08 00:00:00+00:00,998106.5493410926,1348126.4583877395,1178438.2405071585,1038871.7703645118,1092111.5405785358
2021-08-09 00:00:00+00:00,1032809.2644421859,1393838.9300200145,1209318.4452690063,1091546.4746886187,1140192.7398287393
2021-08-10 00:00:00+00:00,1055245.4404433912,1421305.1881057909,1239017.7856794123,1116964.5161689234,1170068.446895136
2021-08-11 00:00:00+00:00,1085057.6389585517,1456584.0540021495,1272716.6974879815,1149304.013706165,1212670.6454907253
2021-08-12 00:00:00+00:00,1074943.7567781194,1445294.573337879,1260310.7618045849,1140319.5403278917,1198425.3015060688
2021-08-13 00:00:00+00:00,1123352.354782691,1515313.167631694,1323070.7806984175,1169552.6059200668,1226226.4154567237
2021-08-14 00:00:00+00:00,1133255.4825762087,1528864.0551899178,1331439.2011766108,1177590.206352504,1225203.2435012795
2021-08-15 00:00:00+00:00,1163911.5004250659,1569723.3308141315,1354988.4945414034,1197792.8047892961,1236895.6915109004
2021-08-16 00:00:00+00:00,1120884.6277169464,1511050.895983369,1310921.9369873018,1149363.3104164652,1192727.0414608195
2021-08-17 00:00:00+00:00,1069982.3800762384,1443952.7080672812,1253595.5088625492,1098590.499975869,1134610.1518837865
2021-08-18 00:00:00+00:00,1120618.5912891058,1516691.063299335,1298398.9977767956,1123453.9786668823,1151689.3158351174
2021-08-19 00:00:00+00:00,1206871.1286595282,1630272.6747922166,1381950.1615669257,1211072.8841867931,1244738.121017896
2021-08-20 00:00:00+00:00,1229498.280558378,1663026.502767717,1410242.2999781142,1235440.260347361,1269118.8571871235
2021-08-21 00:00:00+00:00,1209619.2531506633,1633955.831793651,1388601.940242699,1219240.1224997025,1256082.2680454014
2021-08-22 00:00:00+00:00,1217673.3384539303,1645333.090978984,1397421.8500279468,1237012.4651628435,1270328.3664082815
2021-08-23 00:00:00+00:00,1219813.7199213072,1648134.7122612488,1400815.6398458125,1249129.9343833013,1280704.765025826
2021-08-24 00:00:00+00:00,1182937.0874774428,1598284.8422699287,1359900.734493392,1225339.30804056,1256561.8704068437
2021-08-25 00:00:00+00:00,1201874.879337904,1623898.776575857,1377433.0867727967,1246202.646833922,1270859.0964523929
2021-08-26 00:00:00+00:00,1150278.0895858295,1554175.959045183,1325812.3609392075,1187663.787931395,1221156.8747289882
2021-08-27 00:00:00+00:00,1253619.9500318035,1693751.0471963794,1445148.6943879807,1291398.608377524,1334557.4658326972
2021-08-28 00:00:00+00:00,1259149.6044444544,1701218.5043344067,1454868.33757117,1285367.1826926905,1335588.5416058307
2021-08-29 00:00:00+00:00,1250389.304248481,1689398.8049290637,1441828.7861782908,1273383.4658511728,1320198.8305067392
2021-08-30 00:00:00+00:00,1245545.1929622185,1682851.0812010346,1431739.3357860853,1267140.0543757014,1306738.9701736704
2021-08-31 00:00:00+00:00,1247924.8132530542,1686068.1132180332,1433434.0969935753,1269324.418810417,1307959.65830743
2021-09-01 00:00:00+00:00,1305397.72165565,1763725.083839773,1500296.9673191607,1328753.8135565277,1360765.165066187
2021-09-02 00:00:00+00:00,1288785.3941468159,1741278.1271953927,1480863.5812329957,1311630.6050967807,1344895.8232182362
2021-09-03 00:00:00+00:00,1311611.377441659,1772118.0887495033,1507086.998926981,1334837.2524350388,1367480.5653368179
2021-09-04 00:00:00+00:00,1326142.2863309847,1791750.739894258,1523788.2339309976,1349619.549123604,1382961.3909957507
2021-09-05 00:00:00+00:00,1325865.6677155248,1791377.0015997845,1523470.2641335125,1349338.1345836774,1382671.1820762032
2021-09-06 00:00:00+00:00,1339603.186868683,1809937.8107611397,1539258.2830056208,1363385.3091369919,1397044.7931215735
2021-09-07 00:00:00+00:00,1269230.0891286144,1714858.3298296614,1458499.9379203129,1289356.8327378053,1320169.7670182884
2021-09-08 00:00:00+00:00,1304508.4273716006,1762522.7843340742,1499029.32672238,1324642.8271526909,1355550.061418401
2021-09-09 00:00:00+00:00,1368527.8591440998,1849020.2257107238,1572640.9107554215,1390974.5202328258,1423633.9889147654
2021-09-10 00:00:00+00:00,1355416.8727904921,1831305.7054505814,1557558.7221524648,1377482.8402021425,1410266.9022181616
2021-09-11 00:00:00+00:00,1349360.2281442096,1823123.0281239753,1550628.5763512908,1371963.1534777982,1405230.9196441742
2021-09-12 00:00:00+00:00,1348095.2807688732,1821413.9402861525,1549173.9785855617,1370658.4762498783,1403897.4515745966
2021-09-13 00:00:00+00:00,1373423.3365747803,1855634.6986091933,1544606.1977625056,1396368.189511404,1430241.4772095033
2021-09-14 00:00:00+00:00,1347403.0185239012,1820478.9093027075,1546900.2966603057,1370308.1488998765,1403420.457249537
2021-09-15 00:00:00+00:00,1371572.1199504673,1851604.3071166999,1546815.5202876083,1394232.0021628872,1428138.7772826892
2021-09-16 00:00:00+00:00,1364797.5338584906,1847429.125284213,1546815.5202876083,1387888.846077809,1421462.0474414155
2021-09-17 00:00:00+00:00,1300156.9346729864,1745812.4892334202,1552783.7015313108,1322271.6079435109,1354218.892354675
2021-09-18 00:00:00+00:00,1327923.3607815227,1784555.5571929677,1633899.5083409473,1350953.787123641,1383447.7592695237
2021-09-19 00:00:00+00:00,1309876.1768016515,1755961.205511523,1615415.0479677639,1332547.5070946938,1364613.9727038818
2021-09-20 00:00:00+00:00,1159249.730908992,1574242.6041930874,1426582.725496683,1177753.3079396074,1206609.5377400164
2021-09-21 00:00:00+00:00,1077311.1862422258,1460332.6329202133,1317264.5837581307,1094495.7802016041,1121315.7660744302
2021-09-22 00:00:00+00:00,1227385.1234112668,1632647.4885485843,1437901.4062907347,1229938.0397845895,1260452.278123025
2021-09-23 00:00:00+00:00,1261395.5099967355,1660848.7868105327,1477173.3194163125,1253013.60813015,1284173.542401002
2021-09-24 00:00:00+00:00,1246692.4991851272,1624366.5417388214,1412377.1425209441,1230137.6792207216,1253673.400762973
2021-09-25 00:00:00+00:00,1228106.813345138,1623226.684932543,1411395.828638236,1226034.591623793,1252753.1436691799
2021-09-26 00:00:00+00:00,1236514.4466073986,1623226.684932543,1411395.828638236,1224900.9557884438,1252753.1436691799
2021-09-27 00:00:00+00:00,1218879.3523581377,1623226.684932543,1411395.828638236,1219746.1211409138,1252753.1436691799
2021-09-28 00:00:00+00:00,1193575.5358110128,1623226.684932543,1411395.828638236,1211725.1128719356,1252753.1436691799
2021-09-29 00:00:00+00:00,1201166.2346735594,1623226.684932543,1411395.828638236,1211620.927984835,1252753.1436691799
2021-09-30 00:00:00+00:00,1224450.8338087476,1623226.684932543,1411395.828638236,1211620.927984835,1252753.1436691799
2021-10-01 00:00:00+00:00,1237732.9695253896,1623226.684932543,1411395.828638236,1211620.927984835,1252753.1436691799
2021-10-02 00:00:00+00:00,1242933.1935689051,1624206.9381388652,1411395.828638236,1212585.7692067167,1252753.1436691799
2021-10-03 00:00:00+00:00,1258013.0332033564,1632523.1834338112,1411395.828638236,1225466.671747236,1252753.1436691799
2021-10-04 00:00:00+00:00,1247635.9768318958,1630844.6752091432,1412912.4728467038,1217056.4261857802,1252753.1436691799
2021-10-05 00:00:00+00:00,1247268.4258180736,1630804.9647963683,1417775.0158172227,1218896.0341057426,1258719.6074216815
2021-10-06 00:00:00+00:00,1235813.016662602,1627246.3261233065,1402458.2110188622,1191383.3494670917,1241433.592574281
2021-10-07 00:00:00+00:00,1268417.0971691948,1660942.2075266386,1440461.092392588,1226344.722696518,1266878.566899728
2021-10-08 00:00:00+00:00,1300689.1614771034,1684005.7109739368,1477333.1992323939,1257104.7321998063,1241669.1975124222
2021-10-09 00:00:00+00:00,1285347.8420079467,1667048.346487512,1464973.428990997,1239242.4832284953,1243995.5485753566
2021-10-10 00:00:00+00:00,1233239.5125370042,1600335.533369463,1413462.2796912636,1200597.1644153195,1222330.8752761984
2021-10-11 00:00:00+00:00,1245907.0741059084,1599429.3956409763,1434134.03814642,1213214.3249883794,1219925.2875464086
2021-10-12 00:00:00+00:00,1248010.55699529,1601841.0019676436,1438251.3730320055,1216141.065631238,1224571.296056618
2021-10-13 00:00:00+00:00,1247219.344624424,1601822.4147667966,1447331.9801527495,1215091.143272578,1224268.4958878066
2021-10-14 00:00:00+00:00,1249775.1698521972,1605130.1809191504,1450485.5256051207,1217699.3454627707,1233053.8228818774
2021-10-15 00:00:00+00:00,1257359.2183642306,1614109.0128799146,1472453.471659873,1224358.0139658244,1235114.1711559372
2021-10-16 00:00:00+00:00,1268217.6187255492,1619618.2081645778,1484585.3155362103,1232930.0081103086,1237965.3593098861
2021-10-17 00:00:00+00:00,1297003.326829689,1645670.002108402,1515176.3324777111,1257951.1869025426,1258381.9321734007
2021-10-18 00:00:00+00:00,1293733.4582584933,1644529.3217891788,1510453.748343239,1254524.8052421599,1257505.1289530024
2021-10-19 00:00:00+00:00,1306788.2278200751,1649933.178581541,1520753.4879354872,1266459.1855460897,1264094.9201199177
2021-10-20 00:00:00+00:00,1355809.513685524,1719107.635610688,1574323.3873412213,1313368.0203302032,1308526.1579427584
2021-10-21 00:00:00+00:00,1336555.5581915271,1693162.8747976995,1556600.7117199227,1295538.8917605507,1295104.5355130562
2021-10-22 00:00:00+00:00,1347815.2267399726,1702517.0291102189,1565410.1044103852,1305292.8698383644,1300984.66913093
2021-10-23 00:00:00+00:00,1356561.4911482886,1711975.6726411725,1576540.1297900793,1313758.8368315527,1310284.5612961
2021-10-24 00:00:00+00:00,1356841.3528062892,1711851.9428501425,1575700.9442819331,1313772.7149501047,1309268.5103777417
2021-10-25 00:00:00+00:00,1371434.1781678838,1719791.9182706617,1595873.2213999173,1326414.310935034,1322715.5886855202
2021-10-26 00:00:00+00:00,1370538.5981574603,1720725.024125492,1596560.2988995844,1325557.1861823788,1323368.9239028455
2021-10-27 00:00:00+00:00,1349535.8960446352,1709162.2142719375,1577093.2375361503,1303410.832005392,1307134.98723381
2021-10-28 00:00:00+00:00,1416539.0676643262,1794904.7410242618,1656119.4288359517,1368372.7619655035,1371047.980574177
2021-10-29 00:00:00+00:00,1434692.0916172492,1813390.2172971135,1674118.8947408162,1386381.650410279,1385744.744436069
2021-10-30 00:00:00+00:00,1392518.0460993624,1757004.5729967363,1621708.6923492788,1345604.637923531,1343077.7595327406
2021-10-31 00:00:00+00:00,1399902.9187822747,1769720.6385554988,1632706.6730781973,1352360.154128352,1356779.12562466
2021-11-01 00:00:00+00:00,1405313.082352338,1776327.2375412423,1639147.4707224239,1357635.7036087913,1367108.4684996628
2021-11-02 00:00:00+00:00,1414500.7847549801,1784381.5196076084,1647644.7214148005,1366938.2139124717,1373101.8113112277
2021-11-03 00:00:00+00:00,1408685.579318789,1767478.8550627131,1633550.9926612512,1362360.1925578103,1353818.7027619225
2021-11-04 00:00:00+00:00,1387877.8339736343,1744110.9114779518,1611242.6173974923,1341917.3590642107,1324998.5656910427
2021-11-05 00:00:00+00:00,1388840.9628255982,1746871.9087201501,1613655.9147877642,1342688.3861455135,1328205.4754138459
2021-11-06 00:00:00+00:00,1412514.2729528355,1776454.7960108628,1641035.706344978,1365597.8047625825,1351776.6059031142
2021-11-07 00:00:00+00:00,1433549.1618203637,1803058.3826471546,1665615.1272402129,1385919.9881661388,1372889.6722332546
2021-11-08 00:00:00+00:00,1440089.1027088175,1812090.0086940913,1673791.0459804842,1392151.9311308786,1377223.6264842807
2021-11-09 00:00:00+00:00,1417485.0086615486,1782912.4333173835,1646978.0639278437,1370381.9200304977,1356805.7807122183
2021-11-10 00:00:00+00:00,1438134.9058758668,1809811.7040642048,1671864.8720847499,1390261.6346760604,1381571.0021203961
2021-11-11 00:00:00+00:00,1461369.4958418196,1838641.2063929066,1698550.703539093,1412782.7215556866,1404005.1667234409
2021-11-12 00:00:00+00:00,1466589.8358524805,1846004.1819860844,1705194.3865368273,1417804.0236585,1408043.1387537487
2021-11-13 00:00:00+00:00,1513666.6654670918,1905123.4540263806,1759805.4601928769,1463381.0270220903,1453219.2730251409
2021-11-14 00:00:00+00:00,1531120.897738486,1927803.7484383855,1780608.564989293,1480228.9799818352,1468904.365993789
2021-11-15 00:00:00+00:00,1502692.5193162458,1891247.6846743054,1747003.2590911537,1452822.5185554526,1443298.5495609096
2021-11-16 00:00:00+00:00,1553220.6333104074,1954284.0454747519,1805349.3090197325,1501709.9205375419,1492883.3262303318
2021-11-17 00:00:00+00:00,1595709.5556599237,2007721.7446470405,1854720.7780367627,1542784.934702587,1533749.3535882947
2021-11-18 00:00:00+00:00,1592714.6427572747,2003862.3578823807,1851172.3073944687,1539896.8478540075,1530985.8265241256
2021-11-19 00:00:00+00:00,1652674.1306608676,2075028.9632103094,1916928.4494201168,1597869.3759927545,1588652.2700804193
2021-11-20 00:00:00+00:00,1718601.4394596424,2147531.8361593536,1983915.9692387173,1661608.7572846394,1651920.4609327745
2021-11-21 00:00:00+00:00,1723464.7492466297,2158813.886759537,1994403.942732605,1666327.904301745,1657200.6151092395
2021-11-22 00:00:00+00:00,1722631.5768210392,2144873.831382126,1981457.0014254039,1665508.0217132624,1655980.1114565167
2021-11-23 00:00:00+00:00,1752261.1762257512,2144791.800334209,1981380.8144136602,1694150.0775616034,1684237.0742517489
2021-11-24 00:00:00+00:00,1798640.0740343365,2144791.800334209,1981380.8144136602,1739000.4964857227,1729359.0344632408
2021-11-25 00:00:00+00:00,1838365.0505258846,2144791.800334209,1981380.8144136602,1777411.4806761588,1767683.9235145326
2021-11-26 00:00:00+00:00,1660497.915923912,2144791.800334209,1981380.8144136602,1605444.20385634,1596720.095511441
2021-11-27 00:00:00+00:00,1662489.8284636713,2144791.800334209,1981380.8144136602,1607364.8624823184,1598439.656724647
2021-11-28 00:00:00+00:00,1780705.812239693,2144791.800334209,1981380.8144136602,1721667.2103434838,1712270.9098025267
2021-11-29 00:00:00+00:00,1711304.0584996883,2144791.800334209,1981380.8144136602,1654565.304086818,1645535.327519675
2021-11-30 00:00:00+00:00,1649157.6646414371,2144791.800334209,1981380.8144136602,1594476.874534787,1585651.873588189
2021-12-01 00:00:00+00:00,1660197.1903858157,2144791.800334209,1981380.8144136602,1605151.464917162,1596297.2834835253
2021-12-02 00:00:00+00:00,1623553.2374633967,2144791.800334209,1981380.8144136602,1569722.1584602427,1561078.3557651886
2021-12-03 00:00:00+00:00,1570646.4647098212,2144791.800334209,1981380.8144136602,1518572.1067925254,1510290.9025699985
2021-12-04 00:00:00+00:00,1633241.4015924023,2144791.800334209,1981380.8144136602,1458142.3922725613,1450295.7963090278
2021-12-05 00:00:00+00:00,1536480.725083503,2144791.800334209,1981380.8144136602,1423330.4282666564,1415750.56865496
2021-12-06 00:00:00+00:00,1575333.4961908667,2144791.800334209,1981380.8144136602,1432710.0382632613,1425055.0904826792
2021-12-07 00:00:00+00:00,1565843.5806482641,2144791.800334209,1981380.8144136602,1426879.9129720351,1419265.6051185005
2021-12-08 00:00:00+00:00,1586239.5408503576,2144791.800334209,1981380.8144136602,1426714.018275671,1419100.8936395813
2021-12-09 00:00:00+00:00,1556129.1027285112,2144791.800334209,1981380.8144136602,1426714.018275671,1419100.8936395813
2021-12-10 00:00:00+00:00,1534077.9527329563,2144791.800334209,1981380.8144136602,1426714.018275671,1419100.8936395813
2021-12-11 00:00:00+00:00,1547011.0598407239,2144791.800334209,1981380.8144136602,1426714.018275671,1419100.8936395813
2021-12-12 00:00:00+00:00,1557489.012723459,2144791.800334209,1981380.8144136602,1426714.018275671,1419100.8936395813
2021-12-13 00:00:00+00:00,1488792.7505621489,2144791.800334209,1981380.8144136602,1426714.018275671,1419100.8936395813
2021-12-14 00:00:00+00:00,1514259.7049605744,2144791.800334209,1981380.8144136602,1426714.018275671,1419100.8936395813
2021-12-15 00:00:00+00:00,1545500.4741624794,2144791.800334209,1981380.8144136602,1426714.018275671,1419100.8936395813
2021-12-16 00:00:00+00:00,1531428.3322398602,2144791.800334209,1981380.8144136602,1426714.018275671,1419100.8936395813
2021-12-17 00:00:00+00:00,1527939.959448903,2144791.800334209,1981380.8144136602,1426714.018275671,1419100.8936395813
2021-12-18 00:00:00+00:00,1527268.857190877,2144791.800334209,1981380.8144136602,1426714.018275671,1419100.8936395813
2021-12-19 00:00:00+00:00,1537899.5889445615,2144791.800334209,1981380.8144136602,1426714.018275671,1419100.8936395813
2021-12-20 00:00:00+00:00,1535870.8319702582,2144791.800334209,1981380.8144136602,1426714.018275671,1419100.8936395813
2021-12-21 00:00:00+00:00,1565702.7693168547,2144791.800334209,1981380.8144136602,1426714.018275671,1419100.8936395813
2021-12-22 00:00:00+00:00,1568545.71531813,2144791.800334209,1981380.8144136602,1426714.018275671,1419100.8936395813
2021-12-23 00:00:00+00:00,1590238.9198744053,2144791.800334209,1981380.8144136602,1426714.018275671,1419100.8936395813
2021-12-24 00:00:00+00:00,1578688.1030884814,2144791.800334209,1981380.8144136602,1426714.018275671,1419100.8936395813
2021-12-25 00:00:00+00:00,1605979.7977192365,2144791.800334209,1981380.8144136602,1426714.018275671,1419100.8936395813
2021-12-26 00:00:00+00:00,1610676.3057834695,2144791.800334209,1981380.8144136602,1426714.018275671,1419100.8936395813
2021-12-27 00:00:00+00:00,1623061.9378274083,2144791.800334209,1981380.8144136602,1426714.018275671,1419100.8936395813
2021-12-28 00:00:00+00:00,1566935.8870649196,2144791.800334209,1981380.8144136602,1426714.018275671,1419100.8936395813
2021-12-29 00:00:00+00:00,1582917.8871725188,2144791.800334209,1981380.8144136602,1426714.018275671,1419100.8936395813
2021-12-30 00:00:00+00:00,1607934.6897299774,2144791.800334209,1981380.8144136602,1426714.018275671,1419100.8936395813
2021-12-31 00:00:00+00:00,1618855.5838645988,2144791.800334209,1981380.8144136602,1426714.018275671,1419100.8936395813
2022-01-01 00:00:00+00:00,1660453.692763222,2144791.800334209,1981380.8144136602,1426714.018275671,1419100.8936395813
2022-01-02 00:00:00+00:00,1655258.3942306093,2144791.800334209,1981380.8144136602,1426714.018275671,1419100.8936395813
2022-01-03 00:00:00+00:00,1649567.467931787,2144791.800334209,1981380.8144136602,1426714.018275671,1419100.8936395813
2022-01-04 00:00:00+00:00,1634796.2426232295,2144791.800334209,1981380.8144136602,1426714.018275671,1419100.8936395813
2022-01-05 00:00:00+00:00,1565679.2890456922,2144791.800334209,1981380.8144136602,1426714.018275671,1419100.8936395813
2022-01-06 00:00:00+00:00,1627684.5039819558,2144791.800334209,1981380.8144136602,1426714.018275671,1419100.8936395813
2022-01-07 00:00:00+00:00,1548996.705427493,2144791.800334209,1981380.8144136602,1426714.018275671,1419100.8936395813
2022-01-08 00:00:00+00:00,1484918.6125664404,2144791.800334209,1981380.8144136602,1426714.018275671,1419100.8936395813
2022-01-09 00:00:00+00:00,1482208.9163012202,2144791.800334209,1981380.8144136602,1426714.018275671,1419100.8936395813
2022-01-10 00:00:00+00:00,1476960.1716551995,2144791.800334209,1981380.8144136602,1426714.018275671,1419100.8936395813
2022-01-11 00:00:00+00:00,1530309.7170081811,2144791.800334209,1981380.8144136602,1426714.018275671,1419100.8936395813
2022-01-12 00:00:00+00:00,1555440.1873598797,2144791.800334209,1981380.8144136602,1426714.018275671,1419100.8936395813
2022-01-13 00:00:00+00:00,1535311.735674284,2144791.800334209,1981380.8144136602,1426714.018275671,1419100.8936395813
2022-01-14 00:00:00+00:00,1563930.2808240338,2144791.800334209,1981380.8144136602,1426714.018275671,1419100.8936395813
2022-01-15 00:00:00+00:00,1564742.9447880215,2144791.800334209,1981380.8144136602,1426714.018275671,1419100.8936395813
2022-01-16 00:00:00+00:00,1571446.4883902194,2144791.800334209,1981380.8144136602,1426714.018275671,1419100.8936395813
2022-01-17 00:00:00+00:00,1522164.0755867464,2144791.800334209,1981380.8144136602,1426714.018275671,1419100.8936395813
2022-01-18 00:00:00+00:00,1518495.1503923328,2144791.800334209,1981380.8144136602,1426714.018275671,1419100.8936395813
2022-01-19 00:00:00+00:00,1447761.2541843606,2144791.800334209,1981380.8144136602,1426714.018275671,1419100.8936395813
2022-01-20 00:00:00+00:00,1378481.9043215609,2144791.800334209,1981380.8144136602,1426714.018275671,1419100.8936395813
2022-01-21 00:00:00+00:00,1222481.6060406938,2144791.800334209,1981380.8144136602,1426714.018275671,1419100.8936395813
2022-01-22 00:00:00+00:00,1116348.3882989471,2144791.800334209,1981380.8144136602,1426714.018275671,1419100.8936395813
2022-01-23 00:00:00+00:00,1138251.3857576651,2144791.800334209,1981380.8144136602,1426714.018275671,1419100.8936395813
2022-01-24 00:00:00+00:00,1136393.0112393354,2144791.800334209,1981380.8144136602,1426714.018275671,1419100.8936395813
2022-01-25 00:00:00+00:00,1138335.7464135916,2144791.800334209,1981380.8144136602,1426714.018275671,1419100.8936395813
2022-01-26 00:00:00+00:00,1138255.7587463048,2144791.800334209,1981380.8144136602,1426714.018275671,1419100.8936395813
2022-01-27 00:00:00+00:00,1138255.7587463048,2144791.800334209,1981380.8144136602,1426714.018275671,1419100.8936395813
2022-01-28 00:00:00+00:00,1138255.7587463048,2144791.800334209,1981380.8144136602,1426714.018275671,1419100.8936395813
2022-01-29 00:00:00+00:00,1138255.7587463048,2144791.800334209,1981380.8144136602,1426714.018275671,1419100.8936395813
2022-01-30 00:00:00+00:00,1138255.7587463048,2144791.800334209,1981380.8144136602,1426714.018275671,1419100.8936395813
2022-01-31 00:00:00+00:00,1138255.7587463048,2144791.800334209,1981380.8144136602,1426714.018275671,1419100.8936395813
2022-02-01 00:00:00+00:00,1138255.7587463048,2144791.800334209,1981380.8144136602,1426714.018275671,1419100.8936395813
2022-02-02 00:00:00+00:00,1138255.7587463048,2144791.800334209,1981380.8144136602,1426714.018275671,1419100.8936395813
2022-02-03 00:00:00+00:00,1138255.7587463048,2144791.800334209,1981380.8144136602,1426714.018275671,1419100.8936395813
2022-02-04 00:00:00+00:00,1138255.7587463048,2144791.800334209,1981380.8144136602,1426714.018275671,1419100.8936395813
2022-02-05 00:00:00+00:00,1138255.7587463048,2144791.800334209,1981380.8144136602,1426714.018275671,1419100.8936395813
2022-02-06 00:00:00+00:00,1139530.1272381316,2144791.800334209,1981380.8144136602,1426714.018275671,1419100.8936395813
2022-02-07 00:00:00+00:00,1135531.9035052971,2144791.800334209,1981380.8144136602,1426714.018275671,1419100.8936395813
2022-02-08 00:00:00+00:00,1154085.112517013,2181752.472780505,1981380.8144136602,1426714.018275671,1419100.8936395813
2022-02-09 00:00:00+00:00,1167233.390700137,2211094.9855719507,1981380.8144136602,1426714.018275671,1419100.8936395813
2022-02-10 00:00:00+00:00,1127546.7209851206,2155833.4487928674,1987323.000835881,1426714.018275671,1419100.8936395813
2022-02-11 00:00:00+00:00,1074996.4868744176,2054512.8020904853,1911174.1059135112,1426714.018275671,1419100.8936395813
2022-02-12 00:00:00+00:00,1086520.9926332678,2079031.1180552815,1930112.9604287366,1426714.018275671,1419100.8936395813
2022-02-13 00:00:00+00:00,1070588.5546682111,2049079.073779742,1900988.3788050604,1426714.018275671,1419100.8936395813
2022-02-14 00:00:00+00:00,1079786.0242383531,2070210.724940049,1915631.347431638,1426714.018275671,1419100.8936395813
2022-02-15 00:00:00+00:00,1099795.2405814538,2137581.422933528,1988992.952754864,1426714.018275671,1419100.8936395813
2022-02-16 00:00:00+00:00,1099799.8183550271,2136450.8358888957,1987393.9123050747,1426714.018275671,1419100.8936395813
2022-02-17 00:00:00+00:00,1053298.4125584383,2071330.5960723392,1917835.9355502645,1426714.018275671,1419100.8936395813
2022-02-18 00:00:00+00:00,1034350.9437926062,2033254.580664916,1882710.7840236917,1426714.018275671,1419100.8936395813
2022-02-19 00:00:00+00:00,1035690.7487921665,2035453.9301667663,1886109.2369515987,1426714.018275671,1419100.8936395813
2022-02-20 00:00:00+00:00,963643.9853931749,1894268.3824108073,1752526.8814257558,1426714.018275671,1419100.8936395813
2022-02-21 00:00:00+00:00,899091.7009451932,1768429.8488212859,1635981.1132191503,1426714.018275671,1419100.8936395813
2022-02-22 00:00:00+00:00,898987.3801278713,1765576.2711360815,1633342.556441827,1426714.018275671,1419100.8936395813
2022-02-23 00:00:00+00:00,897173.3182423732,1765576.2711360815,1633342.556441827,1426714.018275671,1419100.8936395813
2022-02-24 00:00:00+00:00,948545.0051804739,1765576.2711360815,1633342.556441827,1426714.018275671,1419100.8936395813
2022-02-25 00:00:00+00:00,1008062.4910104647,1765576.2711360815,1633342.556441827,1426714.018275671,1419100.8936395813
2022-02-26 00:00:00+00:00,1006511.2175703752,1765576.2711360815,1633342.556441827,1426714.018275671,1419100.8936395813
2022-02-27 00:00:00+00:00,962211.6675008051,1765576.2711360815,1633342.556441827,1426714.018275671,1419100.8936395813
2022-02-28 00:00:00+00:00,1063820.1756664973,1765576.2711360815,1633342.556441827,1426714.018275671,1419100.8936395813
2022-03-01 00:00:00+00:00,1062530.4866659336,1767568.82227212,1633342.556441827,1426714.018275671,1419100.8936395813
2022-03-02 00:00:00+00:00,1062316.3840428884,1762016.5901384829,1633342.556441827,1426714.018275671,1419100.8936395813
2022-03-03 00:00:00+00:00,1062820.7274286333,1752117.5279476417,1634914.879821149,1426714.018275671,1419100.8936395813
2022-03-04 00:00:00+00:00,1017641.9802018851,1669381.1683880151,1594445.113660965,1426714.018275671,1419100.8936395813
2022-03-05 00:00:00+00:00,1034220.2811048579,1696558.9994063934,1618779.1492345287,1426714.018275671,1419100.8936395813
2022-03-06 00:00:00+00:00,965650.5719781081,1596703.5257340595,1530126.6373229949,1426714.018275671,1419100.8936395813
2022-03-07 00:00:00+00:00,963221.6959235262,1596055.3041922187,1534569.3296491783,1426714.018275671,1419100.8936395813
2022-03-08 00:00:00+00:00,995348.6956911397,1654264.6137831088,1578035.6115256762,1426714.018275671,1419100.8936395813
2022-03-09 00:00:00+00:00,1024842.0694626018,1653186.3738392463,1576682.3027723446,1426714.018275671,1419100.8936395813
2022-03-10 00:00:00+00:00,1046752.0053420898,1715719.5671277775,1576682.3027723446,1426714.018275671,1419100.8936395813
2022-03-11 00:00:00+00:00,1026888.006675431,1667112.297563304,1576682.3027723446,1426714.018275671,1419100.8936395813
2022-03-12 00:00:00+00:00,1016402.8897613557,1684422.2912243116,1576682.3027723446,1426714.018275671,1419100.8936395813
2022-03-13 00:00:00+00:00,1006688.1488211169,1652106.1636005496,1576682.3027723446,1426714.018275671,1419100.8936395813
2022-03-14 00:00:00+00:00,1021113.4449828682,1690318.0901394817,1576682.3027723446,1426714.018275671,1419100.8936395813
2022-03-15 00:00:00+00:00,1020674.6839442042,1688155.5311986727,1576682.3027723446,1426714.018275671,1419100.8936395813
2022-03-16 00:00:00+00:00,1027291.3014526931,1688155.5311986727,1576682.3027723446,1426714.018275671,1419100.8936395813
2022-03-17 00:00:00+00:00,1009502.329686379,1680698.1046565706,1576682.3027723446,1426714.018275671,1419100.8936395813
2022-03-18 00:00:00+00:00,1010261.7392123938,1776290.6716056399,1576682.3027723446,1426714.018275671,1419100.8936395813
2022-03-19 00:00:00+00:00,1011494.9681179958,1816130.0331504983,1578409.1286367185,1426714.018275671,1419100.8936395813
2022-03-20 00:00:00+00:00,1006413.0513074927,1779729.284500001,1562111.7070469088,1426714.018275671,1419100.8936395813
2022-03-21 00:00:00+00:00,1027051.2526528245,1836914.842169193,1601979.082553079,1426714.018275671,1419100.8936395813
2022-03-22 00:00:00+00:00,1026951.8803900547,1814072.6065184218,1610589.1953634883,1426714.018275671,1419100.8936395813
2022-03-23 00:00:00+00:00,1020628.4690685836,1825496.286586923,1617469.7277064314,1426714.018275671,1419100.8936395813
2022-03-24 00:00:00+00:00,1042705.8878586516,1861345.7588078626,1654365.9179529417,1426714.018275671,1419100.8936395813
2022-03-25 00:00:00+00:00,1054679.8612103746,1874657.2266849198,1685433.5752681117,1437679.8104523532,1419100.8936395813
2022-03-26 00:00:00+00:00,1048086.2838413934,1874335.3042823488,1697889.3106993302,1454956.5286304557,1419100.8936395813
2022-03-27 00:00:00+00:00,1064939.9715861697,1908677.3539701626,1722887.7517072945,1498019.5885610597,1419100.8936395813
2022-03-28 00:00:00+00:00,1052942.111957316,1886292.7670885269,1694722.6762725117,1491334.2910582516,1419994.828447749
2022-03-29 00:00:00+00:00,1060197.6048744365,1901201.271188695,1704844.9627448681,1517950.3073031388,1425872.0536164274
2022-03-30 00:00:00+00:00,1082310.4815235073,1940059.3612123285,1740947.7043762496,1539944.3750267792,1457893.056037503
2022-03-31 00:00:00+00:00,1065824.1504325287,1908676.0236752874,1717055.4015555931,1507753.491611498,1432581.3178234193
2022-04-01 00:00:00+00:00,1085099.3834189058,1943507.9472705708,1760476.2362670214,1545934.0863302941,1475138.4834552398
2022-04-02 00:00:00+00:00,1074413.943622578,1925240.2380344789,1733228.0986969818,1523138.6695021673,1448286.8803717492
2022-04-03 00:00:00+00:00,1090349.989078998,1953169.1968311034,1755651.486985782,1546351.208038171,1466711.9997962536
2022-04-04 00:00:00+00:00,1085665.356411773,1942303.8748882213,1747093.2347090081,1544839.5490286902,1468819.5397175455
2022-04-05 00:00:00+00:00,1064315.0852998914,1902405.9370190569,1715430.2396528684,1518033.6413469557,1446622.8158322969
2022-04-06 00:00:00+00:00,992415.7608439035,1774647.6629760144,1611116.0673747286,1422847.0120451385,1362606.7333429428
2022-04-07 00:00:00+00:00,1026308.869582244,1835280.072893165,1660800.0144175761,1472146.9058390963,1409337.4593722015
2022-04-08 00:00:00+00:00,974572.1949137729,1745243.4354367375,1584428.877625678,1415350.6635703954,1353357.2167470462
2022-04-09 00:00:00+00:00,995020.9538890927,1780056.381202411,1617402.8240435892,1440041.137763814,1379393.1340996537
2022-04-10 00:00:00+00:00,974407.5328926826,1745343.5090032378,1583848.1486758268,1408286.989323452,1355189.8616506902
2022-04-11 00:00:00+00:00,958503.6911316937,1715594.057097387,1556742.4640719742,1406949.8502378426,1353988.7668296797
2022-04-12 00:00:00+00:00,970354.7207069809,1737841.0711239292,1576914.5181794392,1406949.8502378426,1353988.7668296797
2022-04-13 00:00:00+00:00,978833.8053327702,1753488.4309641279,1590687.7044784185,1406949.8502378426,1353988.7668296797
2022-04-14 00:00:00+00:00,973049.1536650948,1740345.8851103305,1579110.1157495081,1406949.8502378426,1353988.7668296797
2022-04-15 00:00:00+00:00,980568.9575746695,1750491.6836957203,1588047.7968239908,1406949.8502378426,1353988.7668296797
2022-04-16 00:00:00+00:00,978541.4772442387,1750054.6973373336,1587662.8448980986,1406949.8502378426,1353988.7668296797
2022-04-17 00:00:00+00:00,973391.4862388427,1750054.6973373336,1587662.8448980986,1406949.8502378426,1353988.7668296797
2022-04-18 00:00:00+00:00,996710.002436548,1750054.6973373336,1587662.8448980986,1406949.8502378426,1353988.7668296797
2022-04-19 00:00:00+00:00,1006318.2642575126,1750054.6973373336,1587662.8448980986,1406949.8502378426,1353988.7668296797
2022-04-20 00:00:00+00:00,999702.7919630529,1750054.6973373336,1587662.8448980986,1406949.8502378426,1353988.7668296797
2022-04-21 00:00:00+00:00,976976.5926003424,1750054.6973373336,1587662.8448980986,1406949.8502378426,1353988.7668296797
2022-04-22 00:00:00+00:00,980040.9617264544,1750054.6973373336,1587662.8448980986,1406949.8502378426,1353988.7668296797
2022-04-23 00:00:00+00:00,987332.2206522175,1750054.6973373336,1587662.8448980986,1406949.8502378426,1353988.7668296797
2022-04-24 00:00:00+00:00,988112.8463378978,1750054.6973373336,1587662.8448980986,1406949.8502378426,1353988.7668296797
2022-04-25 00:00:00+00:00,1009836.8257557801,1750054.6973373336,1587662.8448980986,1406949.8502378426,1353988.7668296797
2022-04-26 00:00:00+00:00,1001849.3714348478,1750054.6973373336,1587662.8448980986,1406949.8502378426,1353988.7668296797
2022-04-27 00:00:00+00:00,1013705.6574538607,1750054.6973373336,1587662.8448980986,1406949.8502378426,1353988.7668296797
2022-04-28 00:00:00+00:00,1009760.7945963818,1750054.6973373336,1587662.8448980986,1406949.8502378426,1353988.7668296797
2022-04-29 00:00:00+00:00,999494.1286744291,1750054.6973373336,1587662.8448980986,1406949.8502378426,1353988.7668296797
2022-04-30 00:00:00+00:00,959781.3269630561,1750054.6973373336,1587662.8448980986,1406949.8502378426,1353988.7668296797
2022-05-01 00:00:00+00:00,962382.4417589569,1750054.6973373336,1587662.8448980986,1406949.8502378426,1353988.7668296797
2022-05-02 00:00:00+00:00,926737.8576417478,1750054.6973373336,1587662.8448980986,1406949.8502378426,1353988.7668296797
2022-05-03 00:00:00+00:00,926033.3108051408,1750054.6973373336,1587662.8448980986,1406949.8502378426,1353988.7668296797
2022-05-04 00:00:00+00:00,948234.0993518699,1750054.6973373336,1587662.8448980986,1406949.8502378426,1353988.7668296797
2022-05-05 00:00:00+00:00,900617.4679416555,1750054.6973373336,1587662.8448980986,1406949.8502378426,1353988.7668296797
2022-05-06 00:00:00+00:00,878381.7579771756,1750054.6973373336,1587662.8448980986,1406949.8502378426,1353988.7668296797
2022-05-07 00:00:00+00:00,853527.9214992081,1750054.6973373336,1587662.8448980986,1406949.8502378426,1353988.7668296797
2022-05-08 00:00:00+00:00,841340.77353644,1750054.6973373336,1587662.8448980986,1406949.8502378426,1353988.7668296797
2022-05-09 00:00:00+00:00,663135.676528913,1750054.6973373336,1587662.8448980986,1406949.8502378426,1353988.7668296797
2022-05-10 00:00:00+00:00,681878.2055260186,1750054.6973373336,1587662.8448980986,1406949.8502378426,1353988.7668296797
2022-05-11 00:00:00+00:00,629163.4654463832,1750054.6973373336,1587662.8448980986,1406949.8502378426,1353988.7668296797
2022-05-12 00:00:00+00:00,639800.4609742566,1750054.6973373336,1587662.8448980986,1406949.8502378426,1353988.7668296797
2022-05-13 00:00:00+00:00,646197.6174521153,1750054.6973373336,1587662.8448980986,1406949.8502378426,1353988.7668296797
2022-05-14 00:00:00+00:00,646116.3299483814,1750054.6973373336,1587662.8448980986,1406949.8502378426,1353988.7668296797
2022-05-15 00:00:00+00:00,646116.3299483814,1750054.6973373336,1587662.8448980986,1406949.8502378426,1353988.7668296797
2022-05-16 00:00:00+00:00,646116.3299483814,1750054.6973373336,1587662.8448980986,1406949.8502378426,1353988.7668296797
2022-05-17 00:00:00+00:00,646116.3299483814,1750054.6973373336,1587662.8448980986,1406949.8502378426,1353988.7668296797
2022-05-18 00:00:00+00:00,646116.3299483814,1750054.6973373336,1587662.8448980986,1406949.8502378426,1353988.7668296797
2022-05-19 00:00:00+00:00,646116.3299483814,1750054.6973373336,1587662.8448980986,1406949.8502378426,1353988.7668296797
2022-05-20 00:00:00+00:00,646116.3299483814,1750054.6973373336,1587662.8448980986,1406949.8502378426,1353988.7668296797
2022-05-21 00:00:00+00:00,646116.3299483814,1750054.6973373336,1587662.8448980986,1406949.8502378426,1353988.7668296797
2022-05-22 00:00:00+00:00,646116.3299483814,1750054.6973373336,1587662.8448980986,1406949.8502378426,1353988.7668296797
2022-05-23 00:00:00+00:00,646116.3299483814,1750054.6973373336,1587662.8448980986,1406949.8502378426,1353988.7668296797
2022-05-24 00:00:00+00:00,646116.3299483814,1750054.6973373336,1587662.8448980986,1406949.8502378426,1353988.7668296797
2022-05-25 00:00:00+00:00,646116.3299483814,1750054.6973373336,1587662.8448980986,1406949.8502378426,1353988.7668296797
2022-05-26 00:00:00+00:00,646116.3299483814,1750054.6973373336,1587662.8448980986,1406949.8502378426,1353988.7668296797
2022-05-27 00:00:00+00:00,646116.3299483814,1750054.6973373336,1587662.8448980986,1406949.8502378426,1353988.7668296797
2022-05-28 00:00:00+00:00,646116.3299483814,1750054.6973373336,1587662.8448980986,1406949.8502378426,1353988.7668296797
2022-05-29 00:00:00+00:00,646116.3299483814,1750054.6973373336,1587662.8448980986,1406949.8502378426,1353988.7668296797
2022-05-30 00:00:00+00:00,646116.3299483814,1750054.6973373336,1587662.8448980986,1406949.8502378426,1353988.7668296797
2022-05-31 00:00:00+00:00,646116.3299483814,1750054.6973373336,1587662.8448980986,1406949.8502378426,1353988.7668296797
2022-06-01 00:00:00+00:00,642713.7548693256,1750054.6973373336,1587662.8448980986,1406949.8502378426,1353988.7668296797
2022-06-02 00:00:00+00:00,660604.6653774047,1750054.6973373336,1587662.8448980986,1406949.8502378426,1353988.7668296797
2022-06-03 00:00:00+00:00,637583.8450138781,1750054.6973373336,1587662.8448980986,1406949.8502378426,1353988.7668296797
2022-06-04 00:00:00+00:00,640974.9733101373,1750054.6973373336,1587662.8448980986,1406949.8502378426,1353988.7668296797
2022-06-05 00:00:00+00:00,634460.3725630362,1750054.6973373336,1587662.8448980986,1406949.8502378426,1353988.7668296797
2022-06-06 00:00:00+00:00,636162.8986501481,1750054.6973373336,1587662.8448980986,1406949.8502378426,1353988.7668296797
2022-06-07 00:00:00+00:00,647331.7176844752,1750054.6973373336,1587662.8448980986,1406949.8502378426,1353988.7668296797
2022-06-08 00:00:00+00:00,610347.7599549531,1750054.6973373336,1587662.8448980986,1406949.8502378426,1353988.7668296797
2022-06-09 00:00:00+00:00,619064.3087819724,1750054.6973373336,1587662.8448980986,1406949.8502378426,1353988.7668296797
2022-06-10 00:00:00+00:00,585983.113821684,1750054.6973373336,1587662.8448980986,1406949.8502378426,1353988.7668296797
2022-06-11 00:00:00+00:00,546114.5586242209,1750054.6973373336,1587662.8448980986,1406949.8502378426,1353988.7668296797
2022-06-12 00:00:00+00:00,521425.73256151506,1750054.6973373336,1587662.8448980986,1406949.8502378426,1353988.7668296797
2022-06-13 00:00:00+00:00,498354.124113352,1750054.6973373336,1587662.8448980986,1406949.8502378426,1353988.7668296797
2022-06-14 00:00:00+00:00,487023.53139978414,1750054.6973373336,1587662.8448980986,1406949.8502378426,1353988.7668296797
2022-06-15 00:00:00+00:00,499077.4479491774,1750054.6973373336,1587662.8448980986,1406949.8502378426,1353988.7668296797
2022-06-16 00:00:00+00:00,470823.4988928847,1750054.6973373336,1587662.8448980986,1406949.8502378426,1353988.7668296797
2022-06-17 00:00:00+00:00,479331.47551649273,1750054.6973373336,1587662.8448980986,1406949.8502378426,1353988.7668296797
2022-06-18 00:00:00+00:00,492996.4038010137,1750054.6973373336,1587662.8448980986,1406949.8502378426,1353988.7668296797
2022-06-19 00:00:00+00:00,507521.39316315355,1750054.6973373336,1587662.8448980986,1406949.8502378426,1353988.7668296797
2022-06-20 00:00:00+00:00,522360.24514373165,1750054.6973373336,1587662.8448980986,1406949.8502378426,1353988.7668296797
2022-06-21 00:00:00+00:00,517489.36632169096,1750054.6973373336,1587662.8448980986,1406949.8502378426,1353988.7668296797
2022-06-22 00:00:00+00:00,524643.1569239056,1750054.6973373336,1587662.8448980986,1406949.8502378426,1353988.7668296797
2022-06-23 00:00:00+00:00,524537.7719189257,1750054.6973373336,1587662.8448980986,1406949.8502378426,1353988.7668296797
2022-06-24 00:00:00+00:00,524537.7719189257,1750054.6973373336,1587662.8448980986,1406949.8502378426,1353988.7668296797
2022-06-25 00:00:00+00:00,526012.6408751478,1750054.6973373336,1587662.8448980986,1406949.8502378426,1353988.7668296797
2022-06-26 00:00:00+00:00,519694.23296939745,1750054.6973373336,1587662.8448980986,1406949.8502378426,1353988.7668296797
2022-06-27 00:00:00+00:00,529098.830678454,1750054.6973373336,1587662.8448980986,1406949.8502378426,1353988.7668296797
2022-06-28 00:00:00+00:00,515860.400836598,1750054.6973373336,1587662.8448980986,1406949.8502378426,1353988.7668296797
2022-06-29 00:00:00+00:00,513808.92758528877,1750054.6973373336,1587662.8448980986,1406949.8502378426,1353988.7668296797
2022-06-30 00:00:00+00:00,510385.4654898305,1750054.6973373336,1587662.8448980986,1406949.8502378426,1353988.7668296797
2022-07-01 00:00:00+00:00,503222.3508276376,1750054.6973373336,1587662.8448980986,1406949.8502378426,1353988.7668296797
2022-07-02 00:00:00+00:00,507288.35585823434,1750054.6973373336,1587662.8448980986,1406949.8502378426,1353988.7668296797
2022-07-03 00:00:00+00:00,515778.37348517,1750054.6973373336,1587662.8448980986,1406949.8502378426,1353988.7668296797
2022-07-04 00:00:00+00:00,516692.6867057454,1750054.6973373336,1587662.8448980986,1406949.8502378426,1353988.7668296797
2022-07-05 00:00:00+00:00,516251.09322216123,1750054.6973373336,1587662.8448980986,1406949.8502378426,1353988.7668296797
2022-07-06 00:00:00+00:00,520851.5200689881,1750054.6973373336,1587662.8448980986,1406949.8502378426,1353988.7668296797
2022-07-07 00:00:00+00:00,521711.7663584715,1750054.6973373336,1587662.8448980986,1406949.8502378426,1353988.7668296797
2022-07-08 00:00:00+00:00,522025.05288243014,1750054.6973373336,1587662.8448980986,1406949.8502378426,1353988.7668296797
2022-07-09 00:00:00+00:00,543320.9949108707,1750054.6973373336,1587662.8448980986,1406949.8502378426,1353988.7668296797
2022-07-10 00:00:00+00:00,549203.1851959284,1750054.6973373336,1587662.8448980986,1406949.8502378426,1353988.7668296797
2022-07-11 00:00:00+00:00,527101.4531882535,1750054.6973373336,1587662.8448980986,1406949.8502378426,1353988.7668296797
2022-07-12 00:00:00+00:00,522416.87879821757,1750054.6973373336,1587662.8448980986,1406949.8502378426,1353988.7668296797
2022-07-13 00:00:00+00:00,551853.9843392607,1750054.6973373336,1587662.8448980986,1406949.8502378426,1353988.7668296797
2022-07-14 00:00:00+00:00,579389.6696848595,1750054.6973373336,1587662.8448980986,1406949.8502378426,1353988.7668296797
2022-07-15 00:00:00+00:00,578581.9935486467,1750054.6973373336,1587662.8448980986,1406949.8502378426,1353988.7668296797
2022-07-16 00:00:00+00:00,572383.3856731821,1750054.6973373336,1587662.8448980986,1406949.8502378426,1353988.7668296797
2022-07-17 00:00:00+00:00,566453.9370581794,1750054.6973373336,1587662.8448980986,1406949.8502378426,1353988.7668296797
2022-07-18 00:00:00+00:00,579800.6091955064,1750054.6973373336,1587662.8448980986,1406949.8502378426,1353988.7668296797
2022-07-19 00:00:00+00:00,580979.598513491,1750054.6973373336,1587662.8448980986,1406949.8502378426,1353988.7668296797
2022-07-20 00:00:00+00:00,574281.4103477811,1729499.0595628559,1587662.8448980986,1406949.8502378426,1353988.7668296797
2022-07-21 00:00:00+00:00,589325.6106547744,1880373.6176637018,1587662.8448980986,1406949.8502378426,1353988.7668296797
2022-07-22 00:00:00+00:00,569878.8774350742,1838795.1085251053,1592217.735142821,1406949.8502378426,1353988.7668296797
2022-07-23 00:00:00+00:00,572670.2015831226,1839779.872245023,1603745.4832743236,1406949.8502378426,1353988.7668296797
2022-07-24 00:00:00+00:00,577318.140779298,1834144.7402642772,1612886.3472922402,1406949.8502378426,1353988.7668296797
2022-07-25 00:00:00+00:00,553277.2042767433,1784462.6682581687,1506333.0377828714,1406949.8502378426,1353988.7668296797
2022-07-26 00:00:00+00:00,566179.9309632131,1793085.9444888742,1533790.4875800877,1406949.8502378426,1353988.7668296797
2022-07-27 00:00:00+00:00,607807.7089109618,1782752.8543300154,1601074.6359626483,1406949.8502378426,1353988.7668296797
2022-07-28 00:00:00+00:00,665507.8574394112,1825467.6089058602,1600052.6984312295,1406949.8502378426,1353988.7668296797
2022-07-29 00:00:00+00:00,668947.984504761,1823946.8607036069,1600052.6984312295,1406949.8502378426,1353988.7668296797
2022-07-30 00:00:00+00:00,651931.0418214671,1776767.3679533713,1522489.2354958355,1406949.8502378426,1353988.7668296797
2022-07-31 00:00:00+00:00,649489.4054503611,1757259.8717081156,1508902.371499678,1406949.8502378426,1353988.7668296797
2022-08-01 00:00:00+00:00,646669.029156468,1746461.7471716967,1500393.7037362761,1406949.8502378426,1353988.7668296797
2022-08-02 00:00:00+00:00,678160.2044423411,1785039.1956982962,1544298.3241347705,1406949.8502378426,1353988.7668296797
2022-08-03 00:00:00+00:00,705225.0495137036,1823901.9168916137,1598212.8400940257,1406949.8502378426,1353988.7668296797
2022-08-04 00:00:00+00:00,695074.957598498,1802876.3100980588,1587694.8259817127,1406949.8502378426,1353988.7668296797
2022-08-05 00:00:00+00:00,728426.8879777971,1864501.3713556007,1609555.7586710039,1406949.8502378426,1353988.7668296797
2022-08-06 00:00:00+00:00,718917.7715025756,1847962.14048135,1604824.4910493363,1406949.8502378426,1353988.7668296797
2022-08-07 00:00:00+00:00,717032.5977074702,1841996.9767990531,1607257.946687467,1406949.8502378426,1353988.7668296797
2022-08-08 00:00:00+00:00,718351.8120442682,1846884.1698537446,1604612.9956813275,1406949.8502378426,1353988.7668296797
2022-08-09 00:00:00+00:00,714107.6161711051,1837163.8746073374,1580818.9076510328,1406949.8502378426,1353988.7668296797
2022-08-10 00:00:00+00:00,744433.3093349012,1916129.88089426,1644833.1953641863,1406949.8502378426,1353988.7668296797
2022-08-11 00:00:00+00:00,731415.349637263,1882496.8163353046,1616825.399581492,1406949.8502378426,1353988.7668296797
2022-08-12 00:00:00+00:00,756652.493491716,1948002.95343363,1660590.1842689347,1406949.8502378426,1353988.7668296797
2022-08-13 00:00:00+00:00,747633.5925133874,1924502.2918861508,1632840.1333127427,1406949.8502378426,1353988.7668296797
2022-08-14 00:00:00+00:00,753557.45658557,1939288.8947027242,1649958.5107694948,1406949.8502378426,1353988.7668296797
2022-08-15 00:00:00+00:00,752690.2619923657,1936948.3817372096,1646178.206698939,1406949.8502378426,1353988.7668296797
2022-08-16 00:00:00+00:00,760099.5915151334,1955891.4421139988,1660302.7640637602,1406949.8502378426,1353988.7668296797
2022-08-17 00:00:00+00:00,730632.1035283853,1879860.4608252165,1592641.343233282,1406949.8502378426,1353988.7668296797
2022-08-18 00:00:00+00:00,699501.3863582846,1799801.8666842876,1525042.7300337981,1406949.8502378426,1353988.7668296797
2022-08-19 00:00:00+00:00,640508.7022923472,1648113.6472870351,1399971.5224050952,1406949.8502378426,1353988.7668296797
2022-08-20 00:00:00+00:00,636944.7415397868,1640023.9289842187,1394266.5971772785,1406949.8502378426,1353988.7668296797
2022-08-21 00:00:00+00:00,645982.6248178666,1660223.394069314,1409902.0596097864,1406949.8502378426,1353988.7668296797
2022-08-22 00:00:00+00:00,664715.5904204472,1679617.5349616674,1423007.1317861935,1406949.8502378426,1353988.7668296797
2022-08-23 00:00:00+00:00,669213.233834256,1686939.2350349897,1427973.0762027584,1406949.8502378426,1353988.7668296797
2022-08-24 00:00:00+00:00,671869.2566710802,1686575.3923676584,1427726.2998469598,1406949.8502378426,1353988.7668296797
2022-08-25 00:00:00+00:00,666714.8833691147,1686575.3923676584,1427726.2998469598,1406949.8502378426,1353988.7668296797
2022-08-26 00:00:00+00:00,634135.2038634003,1686575.3923676584,1427726.2998469598,1406949.8502378426,1353988.7668296797
2022-08-27 00:00:00+00:00,637933.381628704,1686575.3923676584,1427726.2998469598,1406949.8502378426,1353988.7668296797
2022-08-28 00:00:00+00:00,628785.1088006735,1686575.3923676584,1427726.2998469598,1406949.8502378426,1353988.7668296797
2022-08-29 00:00:00+00:00,644333.7603484697,1686575.3923676584,1427726.2998469598,1406949.8502378426,1353988.7668296797
2022-08-30 00:00:00+00:00,639271.2560274063,1686575.3923676584,1427726.2998469598,1406949.8502378426,1353988.7668296797
2022-08-31 00:00:00+00:00,638483.9611787723,1686575.3923676584,1427726.2998469598,1406949.8502378426,1353988.7668296797
2022-09-01 00:00:00+00:00,638383.127377814,1686575.3923676584,1427726.2998469598,1406949.8502378426,1353988.7668296797
2022-09-02 00:00:00+00:00,638383.127377814,1686575.3923676584,1427726.2998469598,1406949.8502378426,1353988.7668296797
2022-09-03 00:00:00+00:00,638383.127377814,1686575.3923676584,1427726.2998469598,1406949.8502378426,1353988.7668296797
2022-09-04 00:00:00+00:00,638383.127377814,1686575.3923676584,1427726.2998469598,1406949.8502378426,1353988.7668296797
2022-09-05 00:00:00+00:00,639955.9088072937,1686575.3923676584,1427726.2998469598,1406949.8502378426,1353988.7668296797
2022-09-06 00:00:00+00:00,638248.5043119903,1686575.3923676584,1427726.2998469598,1406949.8502378426,1353988.7668296797
2022-09-07 00:00:00+00:00,666104.2672436138,1686575.3923676584,1427726.2998469598,1406949.8502378426,1353988.7668296797
2022-09-08 00:00:00+00:00,666497.936392417,1686575.3923676584,1427726.2998469598,1406949.8502378426,1353988.7668296797
2022-09-09 00:00:00+00:00,685845.1005708665,1686575.3923676584,1427726.2998469598,1406949.8502378426,1353988.7668296797
2022-09-10 00:00:00+00:00,693547.17621985,1686575.3923676584,1427726.2998469598,1406949.8502378426,1353988.7668296797
2022-09-11 00:00:00+00:00,688804.0905638217,1686575.3923676584,1427726.2998469598,1406949.8502378426,1353988.7668296797
2022-09-12 00:00:00+00:00,686083.1162052664,1686575.3923676584,1427726.2998469598,1406949.8502378426,1353988.7668296797
2022-09-13 00:00:00+00:00,661720.4650461647,1650786.8762163129,1427726.2998469598,1406949.8502378426,1353988.7668296797
2022-09-14 00:00:00+00:00,645077.2066854837,1672818.9644406575,1427726.2998469598,1406949.8502378426,1353988.7668296797
2022-09-15 00:00:00+00:00,635210.5208511642,1619352.1731086085,1427726.2998469598,1406949.8502378426,1353988.7668296797
2022-09-16 00:00:00+00:00,647903.6197531371,1624358.9176112139,1427726.2998469598,1406949.8502378426,1353988.7668296797
2022-09-17 00:00:00+00:00,654516.27171459,1633033.1550563225,1427726.2998469598,1406949.8502378426,1353988.7668296797
2022-09-18 00:00:00+00:00,631822.9428177074,1631736.8763186724,1427726.2998469598,1406949.8502378426,1353988.7668296797
2022-09-19 00:00:00+00:00,643279.8804908537,1631736.8763186724,1427726.2998469598,1406949.8502378426,1353988.7668296797
2022-09-20 00:00:00+00:00,634688.9709988466,1631736.8763186724,1427726.2998469598,1406949.8502378426,1353988.7668296797
2022-09-21 00:00:00+00:00,628924.3240800602,1631736.8763186724,1427726.2998469598,1406949.8502378426,1353988.7668296797
2022-09-22 00:00:00+00:00,646838.3636166169,1631736.8763186724,1427726.2998469598,1406949.8502378426,1353988.7668296797
2022-09-23 00:00:00+00:00,645518.3542787622,1631736.8763186724,1427726.2998469598,1406949.8502378426,1353988.7668296797
2022-09-24 00:00:00+00:00,643213.1804288151,1631736.8763186724,1427726.2998469598,1406949.8502378426,1353988.7668296797
2022-09-25 00:00:00+00:00,648687.8476710217,1631736.8763186724,1427726.2998469598,1406949.8502378426,1353988.7668296797
2022-09-26 00:00:00+00:00,646898.200779558,1631736.8763186724,1427726.2998469598,1406949.8502378426,1353988.7668296797
2022-09-27 00:00:00+00:00,647260.3886280463,1631736.8763186724,1427726.2998469598,1406949.8502378426,1353988.7668296797
2022-09-28 00:00:00+00:00,645977.9818619865,1631736.8763186724,1427726.2998469598,1406949.8502378426,1353988.7668296797
2022-09-29 00:00:00+00:00,655019.7507808851,1631736.8763186724,1427726.2998469598,1406949.8502378426,1353988.7668296797
2022-09-30 00:00:00+00:00,649444.7166892885,1631736.8763186724,1427726.2998469598,1406949.8502378426,1353988.7668296797
2022-10-01 00:00:00+00:00,644932.5651115112,1631736.8763186724,1427726.2998469598,1406949.8502378426,1353988.7668296797
2022-10-02 00:00:00+00:00,630561.7977444634,1631736.8763186724,1427726.2998469598,1406949.8502378426,1353988.7668296797
2022-10-03 00:00:00+00:00,640031.8357666091,1631736.8763186724,1427726.2998469598,1406949.8502378426,1353988.7668296797
2022-10-04 00:00:00+00:00,646474.9543271128,1631736.8763186724,1427726.2998469598,1406949.8502378426,1353988.7668296797
2022-10-05 00:00:00+00:00,657663.6825606317,1636536.641535109,1427726.2998469598,1406949.8502378426,1353988.7668296797
2022-10-06 00:00:00+00:00,655731.0262448766,1629829.1472809564,1427726.2998469598,1406949.8502378426,1353988.7668296797
2022-10-07 00:00:00+00:00,650732.1786109861,1624987.2311334123,1427726.2998469598,1406949.8502378426,1353988.7668296797
2022-10-08 00:00:00+00:00,639843.4664940675,1620270.2011830641,1427726.2998469598,1406949.8502378426,1353988.7668296797
2022-10-09 00:00:00+00:00,641121.1550751441,1622221.957205753,1427726.2998469598,1406949.8502378426,1353988.7668296797
2022-10-10 00:00:00+00:00,629853.5509500671,1621761.242305621,1427726.2998469598,1406949.8502378426,1353988.7668296797
2022-10-11 00:00:00+00:00,626316.3840950449,1621761.242305621,1427726.2998469598,1406949.8502378426,1353988.7668296797
2022-10-12 00:00:00+00:00,627897.2735893903,1621761.242305621,1427726.2998469598,1406949.8502378426,1353988.7668296797
2022-10-13 00:00:00+00:00,631854.2022348632,1621761.242305621,1427726.2998469598,1406949.8502378426,1353988.7668296797
2022-10-14 00:00:00+00:00,638939.3763917505,1621761.242305621,1427726.2998469598,1406949.8502378426,1353988.7668296797
2022-10-15 00:00:00+00:00,636254.9793059187,1621761.242305621,1427726.2998469598,1406949.8502378426,1353988.7668296797
2022-10-16 00:00:00+00:00,637002.3934421581,1621761.242305621,1427726.2998469598,1406949.8502378426,1353988.7668296797
2022-10-17 00:00:00+00:00,642067.507511177,1621761.242305621,1427726.2998469598,1406949.8502378426,1353988.7668296797
2022-10-18 00:00:00+00:00,642973.9305714904,1621761.242305621,1427726.2998469598,1406949.8502378426,1353988.7668296797
2022-10-19 00:00:00+00:00,640967.6052496108,1621761.242305621,1427726.2998469598,1406949.8502378426,1353988.7668296797
2022-10-20 00:00:00+00:00,628216.3871394389,1621761.242305621,1427726.2998469598,1406949.8502378426,1353988.7668296797
2022-10-21 00:00:00+00:00,634191.8648737075,1621761.242305621,1427726.2998469598,1406949.8502378426,1353988.7668296797
2022-10-22 00:00:00+00:00,628404.4382454872,1621761.242305621,1427726.2998469598,1406949.8502378426,1353988.7668296797
2022-10-23 00:00:00+00:00,638436.8967436149,1621761.242305621,1427726.2998469598,1406949.8502378426,1353988.7668296797
2022-10-24 00:00:00+00:00,635634.8148981298,1621761.242305621,1427726.2998469598,1406949.8502378426,1353988.7668296797
2022-10-25 00:00:00+00:00,631739.0883623846,1621761.242305621,1427726.2998469598,1406949.8502378426,1353988.7668296797
2022-10-26 00:00:00+00:00,637600.3792527671,1621761.242305621,1427726.2998469598,1406949.8502378426,1353988.7668296797
2022-10-27 00:00:00+00:00,641410.3483526516,1619108.382973317,1427726.2998469598,1406949.8502378426,1353988.7668296797
2022-10-28 00:00:00+00:00,644846.8062121148,1626926.8606682103,1446687.564361934,1406949.8502378426,1353988.7668296797
2022-10-29 00:00:00+00:00,648274.8645434326,1606221.5266522097,1519754.1824922846,1406949.8502378426,1353988.7668296797
2022-10-30 00:00:00+00:00,646454.3987633951,1605133.9300928067,1507261.0066769575,1406949.8502378426,1353988.7668296797
2022-10-31 00:00:00+00:00,648304.3181113355,1611045.783733558,1536959.8691158728,1406949.8502378426,1353988.7668296797
2022-11-01 00:00:00+00:00,650990.2170389869,1623820.0540990988,1566059.7958080054,1406949.8502378426,1353988.7668296797
2022-11-02 00:00:00+00:00,641868.8694973554,1593920.8413606046,1541989.3052466644,1406949.8502378426,1353988.7668296797
2022-11-03 00:00:00+00:00,659748.079301271,1630679.990781439,1591143.471680956,1406949.8502378426,1353988.7668296797
2022-11-04 00:00:00+00:00,681003.9959299092,1673931.3528647085,1694813.37943752,1406949.8502378426,1353988.7668296797
2022-11-05 00:00:00+00:00,680353.581515288,1671976.3199368068,1692732.0616043648,1406949.8502378426,1353988.7668296797
2022-11-06 00:00:00+00:00,673033.8645963029,1654482.7196723982,1667376.9788486864,1406949.8502378426,1353988.7668296797
2022-11-07 00:00:00+00:00,677064.5967460965,1664487.2091865283,1693123.0666620333,1406949.8502378426,1353988.7668296797
2022-11-08 00:00:00+00:00,563711.3490338719,1386006.757138297,1398788.216044326,1406949.8502378426,1353988.7668296797
2022-11-09 00:00:00+00:00,453389.6632562516,1114818.0497080279,1132424.8732509112,1406949.8502378426,1353988.7668296797
2022-11-10 00:00:00+00:00,564952.1920479012,1388955.181723322,1403325.2082103188,1406949.8502378426,1353988.7668296797
2022-11-11 00:00:00+00:00,562606.7217000014,1383062.97378888,1395869.1470624148,1406949.8502378426,1353988.7668296797
2022-11-12 00:00:00+00:00,542171.311365267,1329778.5904403701,1350263.4903912004,1406949.8502378426,1353988.7668296797
2022-11-13 00:00:00+00:00,546260.6463034591,1328572.4298502842,1349236.3943300757,1406949.8502378426,1353988.7668296797
2022-11-14 00:00:00+00:00,551565.8130896742,1328572.4298502842,1349236.3943300757,1406949.8502378426,1353988.7668296797
2022-11-15 00:00:00+00:00,562616.4082141363,1328572.4298502842,1349236.3943300757,1406949.8502378426,1353988.7668296797
2022-11-16 00:00:00+00:00,569653.4573755796,1328572.4298502842,1349236.3943300757,1406949.8502378426,1353988.7668296797
2022-11-17 00:00:00+00:00,573703.7486576245,1328572.4298502842,1349236.3943300757,1406949.8502378426,1353988.7668296797
2022-11-18 00:00:00+00:00,589488.9642287269,1328572.4298502842,1349236.3943300757,1406949.8502378426,1353988.7668296797
2022-11-19 00:00:00+00:00,581456.0271575717,1328572.4298502842,1349236.3943300757,1406949.8502378426,1353988.7668296797
2022-11-20 00:00:00+00:00,573403.7331229256,1328572.4298502842,1349236.3943300757,1406949.8502378426,1353988.7668296797
2022-11-21 00:00:00+00:00,569195.3462893227,1328572.4298502842,1349236.3943300757,1406949.8502378426,1353988.7668296797
2022-11-22 00:00:00+00:00,582222.3625197741,1328572.4298502842,1349236.3943300757,1406949.8502378426,1353988.7668296797
2022-11-23 00:00:00+00:00,602585.8076369578,1328572.4298502842,1349236.3943300757,1406949.8502378426,1353988.7668296797
2022-11-24 00:00:00+00:00,593098.383730373,1328572.4298502842,1349236.3943300757,1406949.8502378426,1353988.7668296797
2022-11-25 00:00:00+00:00,588535.8356595333,1328572.4298502842,1349236.3943300757,1406949.8502378426,1353988.7668296797
2022-11-26 00:00:00+00:00,586817.094005284,1328572.4298502842,1349236.3943300757,1406949.8502378426,1353988.7668296797
2022-11-27 00:00:00+00:00,586660.7166529575,1328572.4298502842,1349236.3943300757,1406949.8502378426,1353988.7668296797
2022-11-28 00:00:00+00:00,589028.9427132363,1328572.4298502842,1349236.3943300757,1406949.8502378426,1353988.7668296797
2022-11-29 00:00:00+00:00,590785.6600375909,1328572.4298502842,1349236.3943300757,1406949.8502378426,1353988.7668296797
2022-11-30 00:00:00+00:00,594585.2057130672,1328572.4298502842,1349236.3943300757,1406949.8502378426,1353988.7668296797
2022-12-01 00:00:00+00:00,593378.7955567299,1328572.4298502842,1349236.3943300757,1406949.8502378426,1353988.7668296797
2022-12-02 00:00:00+00:00,593917.6492788325,1328572.4298502842,1349236.3943300757,1406949.8502378426,1353988.7668296797
2022-12-03 00:00:00+00:00,588172.5636852976,1328572.4298502842,1349236.3943300757,1406949.8502378426,1353988.7668296797
2022-12-04 00:00:00+00:00,594302.734329318,1328572.4298502842,1349236.3943300757,1406949.8502378426,1353988.7668296797
2022-12-05 00:00:00+00:00,590461.6427697846,1328572.4298502842,1349236.3943300757,1406949.8502378426,1353988.7668296797
2022-12-06 00:00:00+00:00,588172.2818497939,1328572.4298502842,1349236.3943300757,1406949.8502378426,1353988.7668296797
2022-12-07 00:00:00+00:00,577710.9808810768,1328572.4298502842,1349236.3943300757,1406949.8502378426,1353988.7668296797
2022-12-08 00:00:00+00:00,582819.492268739,1328572.4298502842,1349236.3943300757,1406949.8502378426,1353988.7668296797
2022-12-09 00:00:00+00:00,577708.3280449535,1328572.4298502842,1349236.3943300757,1406949.8502378426,1353988.7668296797
2022-12-10 00:00:00+00:00,577977.4143463528,1328572.4298502842,1349236.3943300757,1406949.8502378426,1353988.7668296797
2022-12-11 00:00:00+00:00,573092.8156699357,1328572.4298502842,1349236.3943300757,1406949.8502378426,1353988.7668296797
2022-12-12 00:00:00+00:00,571600.5129897369,1328572.4298502842,1349236.3943300757,1406949.8502378426,1353988.7668296797
2022-12-13 00:00:00+00:00,586058.0774336244,1328572.4298502842,1349236.3943300757,1406949.8502378426,1353988.7668296797
2022-12-14 00:00:00+00:00,578030.0198611253,1328572.4298502842,1349236.3943300757,1406949.8502378426,1353988.7668296797
2022-12-15 00:00:00+00:00,565031.6331371634,1328572.4298502842,1349236.3943300757,1406949.8502378426,1353988.7668296797
2022-12-16 00:00:00+00:00,521360.90783993946,1328572.4298502842,1349236.3943300757,1406949.8502378426,1353988.7668296797
2022-12-17 00:00:00+00:00,540150.2325696456,1328572.4298502842,1349236.3943300757,1406949.8502378426,1353988.7668296797
2022-12-18 00:00:00+00:00,533408.9550636461,1328572.4298502842,1349236.3943300757,1406949.8502378426,1353988.7668296797
2022-12-19 00:00:00+00:00,525288.9938092101,1328572.4298502842,1349236.3943300757,1406949.8502378426,1353988.7668296797
2022-12-20 00:00:00+00:00,537981.5764983377,1328572.4298502842,1349236.3943300757,1406949.8502378426,1353988.7668296797
2022-12-21 00:00:00+00:00,536790.6603250008,1328572.4298502842,1349236.3943300757,1406949.8502378426,1353988.7668296797
2022-12-22 00:00:00+00:00,537045.1378963102,1328572.4298502842,1349236.3943300757,1406949.8502378426,1353988.7668296797
2022-12-23 00:00:00+00:00,535246.7920354145,1328572.4298502842,1349236.3943300757,1406949.8502378426,1353988.7668296797
2022-12-24 00:00:00+00:00,535470.7497081042,1328572.4298502842,1349236.3943300757,1406949.8502378426,1353988.7668296797
2022-12-25 00:00:00+00:00,536099.9419306247,1328572.4298502842,1349236.3943300757,1406949.8502378426,1353988.7668296797
2022-12-26 00:00:00+00:00,536475.7964710968,1328572.4298502842,1349236.3943300757,1406949.8502378426,1353988.7668296797
2022-12-27 00:00:00+00:00,535997.7746816364,1328572.4298502842,1349236.3943300757,1406949.8502378426,1353988.7668296797
2022-12-28 00:00:00+00:00,530676.478482625,1328572.4298502842,1349236.3943300757,1406949.8502378426,1353988.7668296797
2022-12-29 00:00:00+00:00,531421.9202917152,1328572.4298502842,1349236.3943300757,1406949.8502378426,1353988.7668296797
2022-12-30 00:00:00+00:00,529359.6407493862,1328572.4298502842,1349236.3943300757,1406949.8502378426,1353988.7668296797
2022-12-31 00:00:00+00:00,529924.4689042915,1328572.4298502842,1349236.3943300757,1406949.8502378426,1353988.7668296797
2023-01-01 00:00:00+00:00,531743.7409846265,1328572.4298502842,1349236.3943300757,1406949.8502378426,1353988.7668296797
2023-01-02 00:00:00+00:00,531679.4639576515,1328572.4298502842,1349236.3943300757,1406949.8502378426,1353988.7668296797
2023-01-03 00:00:00+00:00,531679.4639576515,1328572.4298502842,1349236.3943300757,1406949.8502378426,1353988.7668296797
2023-01-04 00:00:00+00:00,531679.4639576515,1328572.4298502842,1349236.3943300757,1406949.8502378426,1353988.7668296797
2023-01-05 00:00:00+00:00,531685.2772321336,1329006.8874764156,1349236.3943300757,1406949.8502378426,1353988.7668296797
2023-01-06 00:00:00+00:00,550279.9550416287,1391335.9210156754,1349236.3943300757,1406949.8502378426,1353988.7668296797
2023-01-07 00:00:00+00:00,550443.2658988504,1434322.0663582124,1350149.5450061378,1406949.8502378426,1353988.7668296797
2023-01-08 00:00:00+00:00,574054.5826772286,1460702.8872110704,1359198.0759093428,1406949.8502378426,1353988.7668296797
2023-01-09 00:00:00+00:00,579136.8801341287,1490192.5664140494,1369999.419219752,1406949.8502378426,1353988.7668296797
2023-01-10 00:00:00+00:00,595680.7641628371,1529728.180117542,1400578.8645490822,1406949.8502378426,1353988.7668296797
2023-01-11 00:00:00+00:00,600595.2531309768,1549676.5563308704,1436764.7438127422,1406949.8502378426,1353988.7668296797
2023-01-12 00:00:00+00:00,626917.5772099344,1625278.736549992,1472100.0150246392,1406949.8502378426,1353988.7668296797
2023-01-13 00:00:00+00:00,657293.5828331545,1727788.5747903767,1541272.713232307,1434001.570225072,1353988.7668296797
2023-01-14 00:00:00+00:00,688161.1782904641,1806751.883556745,1616735.9413530463,1458673.94025059,1353988.7668296797
2023-01-15 00:00:00+00:00,699628.4845284072,1831875.4269164996,1655769.2489749626,1468080.878259141,1390489.753412268
2023-01-16 00:00:00+00:00,695634.0801261832,1824160.010094,1659978.9549941253,1451025.4502389296,1365030.3642548213
2023-01-17 00:00:00+00:00,694051.1691808519,1820087.755321172,1644053.1716230963,1438070.874913951,1351928.2214652274
2023-01-18 00:00:00+00:00,672401.3061750454,1761257.188243853,1573641.0045564661,1409244.7068079873,1280253.140436408
2023-01-19 00:00:00+00:00,687488.6608060856,1802225.1041576234,1618478.2088661573,1434949.1485421732,1321406.9965123495
2023-01-20 00:00:00+00:00,748756.7090295495,1969327.8225479207,1768725.8878702053,1504216.8105546017,1330203.1424040704
2023-01-21 00:00:00+00:00,740120.5928234706,1947951.87265195,1756291.7072427254,1495476.5016253134,1328045.0175744263
2023-01-22 00:00:00+00:00,747962.2568857746,1968832.6654587486,1767121.9171062503,1500429.8664412657,1328909.3156877786
2023-01-23 00:00:00+00:00,747110.3818241411,1966612.0625273122,1770264.5808159076,1503621.8287173673,1328516.2176628893
2023-01-24 00:00:00+00:00,732863.5418605444,1929192.386165101,1724774.7999012803,1473931.0712388153,1303972.3519262022
2023-01-25 00:00:00+00:00,774465.575368643,2038759.251870111,1821061.4081860185,1548056.0097687573,1364207.1490279767
2023-01-26 00:00:00+00:00,774335.3350332865,2038294.0817737042,1819655.1583009746,1542644.9154689214,1366056.974418954
2023-01-27 00:00:00+00:00,790830.6268128359,2081730.1207033356,1864724.4629285552,1567370.318452729,1388442.2877676303
2023-01-28 00:00:00+00:00,780302.3033778672,2054017.914957666,1838630.1971509897,1548985.0953920425,1372132.364085661
2023-01-29 00:00:00+00:00,781062.4318029457,2056019.591256577,1839843.190590922,1551190.8113918947,1380472.3237738349
2023-01-30 00:00:00+00:00,774174.136227557,2037883.548973279,1816333.0326969735,1536939.4083988946,1359018.8284732692
2023-01-31 00:00:00+00:00,776756.2946401013,2044681.400932583,1826581.8206095414,1546051.2298316138,1372302.4860599954
2023-02-01 00:00:00+00:00,814458.5255598335,2143930.8307037777,1925530.7370790513,1616925.548844533,1490505.331451362
2023-02-02 00:00:00+00:00,811609.6888553704,2136430.6111598704,1917798.9024161638,1606288.7540731581,1461694.3871695213
2023-02-03 00:00:00+00:00,834249.1440091456,2196025.916946557,1986177.1045629648,1655412.795673831,1528555.2342381265
2023-02-04 00:00:00+00:00,836929.1270188278,2203079.6914532976,1983972.1189209502,1657143.8899990348,1529471.7223484507
2023-02-05 00:00:00+00:00,869325.3242399108,2288359.406641815,2038785.4917587517,1713296.9576493273,1581786.7767598913
2023-02-06 00:00:00+00:00,861833.4369664659,2268639.40240094,2036146.6962186848,1696244.3044485694,1579298.5456219064
2023-02-07 00:00:00+00:00,906350.4932213051,2385824.1353667993,2122563.726627661,1778558.3542214984,1659173.7630359046
2023-02-08 00:00:00+00:00,881867.0438176559,2321375.6323660593,2070397.9005445386,1731318.8219830606,1603075.0116270399
2023-02-09 00:00:00+00:00,799780.113810648,2105295.9468482127,1874044.359300012,1563998.363865999,1437887.8367491595
2023-02-10 00:00:00+00:00,799620.5546135751,2104874.586225841,1868644.5726483867,1560204.9411205593,1438836.3149382444
2023-02-11 00:00:00+00:00,814347.0149281409,2143640.0265763937,1918708.465109604,1588012.9998945734,1467816.625802503
2023-02-12 00:00:00+00:00,814749.5961871403,2144700.486977224,1901754.1313099905,1589183.9908930075,1463249.4106963472
2023-02-13 00:00:00+00:00,792939.6787573892,2087288.9724407853,1870940.0497942027,1551890.4375975444,1426885.708894566
2023-02-14 00:00:00+00:00,805344.7569924499,2119943.599550477,1921819.3514646299,1595279.1137474298,1452345.5139363152
2023-02-15 00:00:00+00:00,821712.3205690478,2163028.9572586548,1956341.6183415286,1623959.3895298345,1486060.2345091945
2023-02-16 00:00:00+00:00,804527.041751964,2117791.070801053,1894472.8444319768,1574372.6661458714,1451475.039602376
2023-02-17 00:00:00+00:00,837772.9105438867,2205305.882125022,1983491.2044653099,1648704.332435085,1508126.7230453491
2023-02-18 00:00:00+00:00,832542.3784903337,2191537.27353298,1970759.5973485792,1638460.3704791786,1499082.0498461872
2023-02-19 00:00:00+00:00,827448.1049638612,2178127.3764028354,1958470.6680976166,1628307.4573488538,1491385.5916228425
2023-02-20 00:00:00+00:00,831183.401561457,2187959.9004306206,1967028.2135502552,1635800.8984510903,1498042.490669413
2023-02-21 00:00:00+00:00,823981.1585000115,2169001.108959596,1948477.9040158263,1620179.7523819227,1484243.0788203203
2023-02-22 00:00:00+00:00,837706.2858776757,2205130.3571061287,1980139.6904210187,1646587.7459699826,1509084.7277511281
2023-02-23 00:00:00+00:00,847852.148252547,2231837.7888785275,2004481.555568596,1666776.4089273782,1527478.5885315684
2023-02-24 00:00:00+00:00,801902.0138463259,2110881.434877511,1898825.5194929775,1578418.0223840172,1444186.7446904604
2023-02-25 00:00:00+00:00,794069.2952830745,2090263.112055756,1880129.5917478865,1562688.5655674876,1429313.0601309757
2023-02-26 00:00:00+00:00,817807.9430727375,2152751.2807583297,1936489.2710775626,1609764.059595197,1472706.929672891
2023-02-27 00:00:00+00:00,815952.6396476977,2147867.5088626766,1932048.0522646504,1606026.2707167037,1469152.2372721585
2023-02-28 00:00:00+00:00,801150.8667806417,2108904.3325245474,1896625.637496705,1576263.233452313,1440920.0067896186
2023-03-01 00:00:00+00:00,815010.9308476651,2145388.7828430743,1929438.4807227673,1603534.0280845405,1465853.277186076
2023-03-02 00:00:00+00:00,804919.5435450312,2118824.785906087,1905545.0518413354,1583673.6299937957,1447689.2608089203
2023-03-03 00:00:00+00:00,766313.4616368513,2017200.3116278674,1814156.3131387373,1507726.7538818023,1378281.6764585741
2023-03-04 00:00:00+00:00,719581.9647739353,1893755.6813993133,1703146.2540472494,1415799.722896811,1294277.028239891
2023-03-05 00:00:00+00:00,738066.3079735546,1941332.9103741874,1745926.4742278317,1452160.6009306205,1327504.3777961978
2023-03-06 00:00:00+00:00,741421.2475570133,1950705.9226626107,1754350.95238568,1458749.8483686931,1333508.6341539156
2023-03-07 00:00:00+00:00,737877.3193565228,1942549.8841912607,1747008.5489144619,1451754.2773631907,1327075.14798747
2023-03-08 00:00:00+00:00,732283.2625513104,1941111.4527327097,1745715.038222446,1440727.925112611,1316961.5353657529
2023-03-09 00:00:00+00:00,724048.2195190549,1941111.4527327097,1745715.038222446,1424517.756972529,1302130.829408277
2023-03-10 00:00:00+00:00,742557.0038881436,1941111.4527327097,1745715.038222446,1431670.663378846,1308679.0718549609
2023-03-11 00:00:00+00:00,729539.6183537813,1941111.4527327097,1745715.038222446,1414799.3615642206,1293255.0890036367
2023-03-12 00:00:00+00:00,781961.4904630061,1941111.4527327097,1745715.038222446,1466930.8411588199,1340920.088484277
2023-03-13 00:00:00+00:00,829613.5595779596,1941111.4527327097,1745715.038222446,1534716.9247129578,1402882.838349884
2023-03-14 00:00:00+00:00,864714.9258763251,1957768.2556360732,1745715.038222446,1547238.470169826,1402290.5419044376
2023-03-15 00:00:00+00:00,848031.7556521206,1925187.6304050344,1745715.038222446,1521621.3071473227,1398085.7857074544
2023-03-16 00:00:00+00:00,861447.1807392188,1961165.0985616595,1745715.038222446,1549922.4173780743,1430483.603037156
2023-03-17 00:00:00+00:00,909049.6320991331,2108729.166671019,1745715.038222446,1666760.0540673966,1605557.607833815
2023-03-18 00:00:00+00:00,885213.32579967,2039692.1438292176,1745715.038222446,1612107.6529594348,1536621.1636831001
2023-03-19 00:00:00+00:00,903021.4478402871,2101906.3151322105,1745715.038222446,1661268.3719564462,1578666.330598663
2023-03-20 00:00:00+00:00,901711.5277376221,2099060.33484413,1737975.0636897697,1658928.8860668428,1573787.076470198
2023-03-21 00:00:00+00:00,908625.9124451036,2106747.572195315,1777399.0059954857,1664801.4825042458,1574268.9733537382
2023-03-22 00:00:00+00:00,891425.0237254899,2077986.6185113222,1713528.683309943,1642757.9765344714,1561499.382149349
2023-03-23 00:00:00+00:00,926038.5525765275,2143287.6990079912,1793767.253753012,1692651.7049842703,1611484.4227134841
2023-03-24 00:00:00+00:00,902602.1260446454,2077169.6630144457,1720363.0273453572,1650161.9981640393,1569694.5549292383
2023-03-25 00:00:00+00:00,878251.9275270815,2035235.25729698,1692638.3681388865,1607144.994146484,1530566.9708341751
2023-03-26 00:00:00+00:00,898960.8008854706,2091299.6410773853,1701788.9758029073,1658058.1605307425,1603297.9104989362
2023-03-27 00:00:00+00:00,876193.1334217682,2034472.5239328803,1690474.9733710778,1603937.442402046,1545107.311388418
2023-03-28 00:00:00+00:00,922941.8526351037,2123982.1244765352,1734840.3841766755,1676142.3774737082,1586538.6275948046
2023-03-29 00:00:00+00:00,929279.8711519577,2131595.847828685,1756874.0642735886,1681882.683684344,1585847.6389029282
2023-03-30 00:00:00+00:00,928257.1688765201,2125064.2919193506,1735044.070186165,1676870.5542611228,1585682.8038030465
2023-03-31 00:00:00+00:00,935073.3394130967,2140361.416087479,1756873.68493874,1688818.4727279101,1592907.2726228435
2023-04-01 00:00:00+00:00,927249.8602407881,2124626.1880073957,1741722.7689083419,1676664.464104264,1590175.2214682992
2023-04-02 00:00:00+00:00,927094.453550389,2123036.669543449,1741509.3584684064,1675415.4576160572,1589964.967358326
2023-04-03 00:00:00+00:00,942201.4311812771,2151373.7489111875,1783160.4516435699,1697669.4864615465,1610046.2658520346
2023-04-04 00:00:00+00:00,948795.1598138574,2169092.480104001,1797538.2453354625,1711777.2901049736,1625021.1876582643
2023-04-05 00:00:00+00:00,945864.6028174435,2154176.2194243567,1785138.2064060725,1699634.966972552,1607546.4031026275
2023-04-06 00:00:00+00:00,936691.2620796252,2132420.6726305047,1762935.0730971652,1682336.703392021,1588262.5286082223
2023-04-07 00:00:00+00:00,935434.5103721714,2124147.917712675,1756035.5246559228,1675575.8707754328,1580792.0644430812
2023-04-08 00:00:00+00:00,932640.1081267372,2113001.5453873444,1744999.1647680511,1666557.1468194593,1572218.4368550854
2023-04-09 00:00:00+00:00,934846.3236841633,2117513.485242133,1748907.4172891648,1670100.3562519948,1575334.540584988
2023-04-10 00:00:00+00:00,929353.5136487867,2103510.435706496,1738601.549869768,1659017.3845833463,1563827.5325131735
2023-04-11 00:00:00+00:00,924957.3564902991,2093287.7652313847,1730313.8965390637,1650947.0198163441,1556068.780148774
2023-04-12 00:00:00+00:00,911315.1854147002,2062581.0712897615,1704880.6213202053,1626735.3299074355,1533547.4514230802
2023-04-13 00:00:00+00:00,914769.9461999002,2070723.1739273083,1711566.9698897253,1633170.2677529282,1540294.9986138437
2023-04-14 00:00:00+00:00,934476.0502729644,2118427.741165625,1750897.8863559212,1670943.8379474971,1578097.542547597
2023-04-15 00:00:00+00:00,929789.7541814251,2107078.7155510588,1741533.2639258904,1661957.5499849338,1568944.8845839929
2023-04-16 00:00:00+00:00,937344.8594574493,2123861.106270338,1755626.2744832858,1675177.1906347845,1581032.681901215
2023-04-17 00:00:00+00:00,935890.5630453352,2120465.1673234203,1753023.773159828,1672497.409173657,1578581.0094807344
2023-04-18 00:00:00+00:00,947949.9198419914,2147524.035836528,1778153.9810399034,1693830.117962596,1599575.3545212203
2023-04-19 00:00:00+00:00,898988.0696304819,2036876.7810026677,1696141.6398179547,1606565.1107268438,1520521.811776333
2023-04-20 00:00:00+00:00,881980.4772478326,1998371.297549869,1663578.1239971116,1576193.4089992484,1490854.7598464107
2023-04-21 00:00:00+00:00,830213.0479744991,1880902.3218539779,1566204.5910825366,1483531.755767953,1401721.4548030044
2023-04-22 00:00:00+00:00,852009.137909964,1930372.4119401148,1607030.650299707,1522558.579543334,1439912.7454064167
2023-04-23 00:00:00+00:00,841588.2465466477,1906688.647647983,1573914.015649606,1503872.4370564308,1408702.8176249603
2023-04-24 00:00:00+00:00,840732.0990420533,1904774.7995336906,1572150.409528931,1502363.9510314045,1407213.0351446
2023-04-25 00:00:00+00:00,846296.5710330408,1917231.472330512,1582684.488976486,1512182.2385122264,1415694.816348957
2023-04-26 00:00:00+00:00,853282.9278771785,1932920.1169420492,1595663.2486502277,1524548.085515567,1426221.3097098528
2023-04-27 00:00:00+00:00,859787.094495568,1947565.0854266195,1607526.042978954,1536094.9503375613,1436183.9636583906
2023-04-28 00:00:00+00:00,859555.1244551525,1947060.3193627847,1606679.8160980311,1535697.5756283393,1435533.4689979176
2023-04-29 00:00:00+00:00,856108.3939004657,1939301.719804389,1596953.7180826059,1529581.2702506012,1427252.9432567954
2023-04-30 00:00:00+00:00,859394.3602410168,1946745.2960977354,1597016.0200806144,1535452.399826834,1427331.635602164
2023-05-01 00:00:00+00:00,858270.8137508656,1944201.9271903564,1596528.5364681082,1533445.951721222,1426847.8032089563
2023-05-02 00:00:00+00:00,860049.461181073,1938224.4661676188,1591829.8029844693,1536622.7546320192,1422689.591991726
2023-05-03 00:00:00+00:00,877937.4317213844,1982746.230063662,1615294.900967599,1568582.7837081142,1452489.9948359383
2023-05-04 00:00:00+00:00,864728.145199755,1959723.6948205843,1599222.6768904356,1544982.5518735303,1440601.5650350743
2023-05-05 00:00:00+00:00,869380.5515299105,1965017.0091838893,1601374.4957526699,1553295.201442851,1440756.5611373708
2023-05-06 00:00:00+00:00,838222.7712028759,1928120.687207801,1598175.7529705055,1497621.012335287,1400526.8361752164
2023-05-07 00:00:00+00:00,824171.9824732065,1892919.403032184,1580053.5423996989,1472518.4776112433,1377000.9561395003
2023-05-08 00:00:00+00:00,805474.7690484398,1849731.5075340946,1519715.8300082206,1439105.4194373167,1343565.0498289193
2023-05-09 00:00:00+00:00,798371.3301987762,1843479.0945352705,1514724.973844903,1426413.818739058,1331159.557051599
2023-05-10 00:00:00+00:00,784285.1952149938,1808416.9101858165,1517291.7298960178,1401246.631417031,1307730.6184856244
2023-05-11 00:00:00+00:00,766811.9189946882,1807424.3325850244,1516370.0853196394,1370027.7471190013,1278436.2673590733
2023-05-12 00:00:00+00:00,776086.2336844411,1807424.3325850244,1516370.0853196394,1386597.7951677213,1293921.5522178945
2023-05-13 00:00:00+00:00,773973.2451058691,1807424.3325850244,1516370.0853196394,1382822.6135168138,1290398.059668754
2023-05-14 00:00:00+00:00,774222.9313303342,1807424.3325850244,1516370.0853196394,1383268.7164621605,1290814.3389634662
2023-05-15 00:00:00+00:00,773366.8642750253,1807424.3325850244,1516370.0853196394,1381739.2206495432,1289387.0956673096
2023-05-16 00:00:00+00:00,774008.914566507,1807424.3325850244,1516370.0853196394,1382886.3425090062,1290457.528139427
2023-05-17 00:00:00+00:00,773885.3194823319,1807424.3325850244,1516370.0853196394,1382665.520830922,1290251.4692165507
2023-05-18 00:00:00+00:00,773656.3113208539,1807424.3325850244,1516370.0853196394,1382256.3624183084,1289869.6579722087
2023-05-19 00:00:00+00:00,776338.1480864051,1807424.3325850244,1516370.0853196394,1387047.8775625406,1294340.9197068335
2023-05-20 00:00:00+00:00,779112.4291457643,1807424.3325850244,1516370.0853196394,1392004.5587003147,1298966.3081541643
2023-05-21 00:00:00+00:00,777103.5509745508,1807424.3325850244,1516370.0853196394,1388415.3879111337,1295617.0289572787
2023-05-22 00:00:00+00:00,775939.077339441,1807424.3325850244,1516370.0853196394,1386334.8761031998,1293675.5735824422
2023-05-23 00:00:00+00:00,775227.9430365518,1807424.3325850244,1516370.0853196394,1385064.3249549407,1292489.94302746
2023-05-24 00:00:00+00:00,775101.6307116477,1807424.3325850244,1516370.0853196394,1384838.6484986192,1292279.3502454497
2023-05-25 00:00:00+00:00,770891.1822082154,1807424.3325850244,1516370.0853196394,1377316.032645376,1285259.528017417
2023-05-26 00:00:00+00:00,774364.5409986494,1807424.3325850244,1516370.0853196394,1383521.7240057194,1291050.4458313165
2023-05-27 00:00:00+00:00,765148.4850574711,1807424.3325850244,1516370.0853196394,1367055.818183342,1275685.0817144122
2023-05-28 00:00:00+00:00,768505.6070403224,1807424.3325850244,1516370.0853196394,1373053.8345535416,1281282.2050370823
2023-05-29 00:00:00+00:00,760782.0402915773,1807424.3325850244,1516370.0853196394,1359254.4909395943,1268405.176497636
2023-05-30 00:00:00+00:00,763965.874659146,1807424.3325850244,1516370.0853196394,1364942.9022497071,1273713.3880208565
2023-05-31 00:00:00+00:00,767767.0409752273,1807424.3325850244,1516370.0853196394,1371734.2723298445,1280050.8391917576
2023-06-01 00:00:00+00:00,778436.6152370555,1807424.3325850244,1516370.0853196394,1390797.1128856563,1297839.5651447817
2023-06-02 00:00:00+00:00,787623.7300759731,1807424.3325850244,1516370.0853196394,1407211.3109637164,1313156.677539148
2023-06-03 00:00:00+00:00,757680.034589569,1807424.3325850244,1516370.0853196394,1353712.279165301,1263233.3928834426
2023-06-04 00:00:00+00:00,746365.0302128587,1807424.3325850244,1516370.0853196394,1333496.2781301686,1244368.5809354472
2023-06-05 00:00:00+00:00,718848.2397569926,1807424.3325850244,1516370.0853196394,1284333.2865997101,1198491.5260020203
2023-06-06 00:00:00+00:00,729731.2413615913,1807424.3325850244,1516370.0853196394,1303777.4480316548,1216636.086257168
2023-06-07 00:00:00+00:00,710918.7422505622,1807424.3325850244,1516370.0853196394,1261596.0898101511,1192492.6148923999
2023-06-08 00:00:00+00:00,711957.4695233074,1807424.3325850244,1516370.0853196394,1261277.962315565,1200884.784831987
2023-06-09 00:00:00+00:00,702836.5943542987,1807424.3325850244,1516370.0853196394,1245273.9034314193,1197317.2515885048
2023-06-10 00:00:00+00:00,645399.3844091608,1807424.3325850244,1516370.0853196394,1143918.715160076,1141103.8079027976
2023-06-11 00:00:00+00:00,666369.76551698,1807424.3325850244,1516370.0853196394,1167490.3992576783,1165015.3824643476
2023-06-12 00:00:00+00:00,677286.5651943025,1807424.3325850244,1516370.0853196394,1175806.2156738078,1244093.775049502
2023-06-13 00:00:00+00:00,676115.3001665137,1807424.3325850244,1516370.0853196394,1176892.2509560022,1210674.5985497641
2023-06-14 00:00:00+00:00,677473.4239893595,1807424.3325850244,1516370.0853196394,1176707.237688656,1195056.4289308502
2023-06-15 00:00:00+00:00,674595.9572197078,1807424.3325850244,1516370.0853196394,1176707.237688656,1193859.190698575
2023-06-16 00:00:00+00:00,673369.202888931,1807424.3325850244,1516370.0853196394,1176707.237688656,1193859.190698575
2023-06-17 00:00:00+00:00,674363.2808982374,1807424.3325850244,1516370.0853196394,1176707.237688656,1193859.190698575
2023-06-18 00:00:00+00:00,675256.5868221188,1807424.3325850244,1516370.0853196394,1176707.237688656,1193859.190698575
2023-06-19 00:00:00+00:00,675158.7530110388,1807424.3325850244,1516370.0853196394,1176707.237688656,1193859.190698575
2023-06-20 00:00:00+00:00,675158.7530110388,1807424.3325850244,1516370.0853196394,1176707.237688656,1193859.190698575
2023-06-21 00:00:00+00:00,675158.7530110388,1807424.3325850244,1516370.0853196394,1176707.237688656,1193859.190698575
2023-06-22 00:00:00+00:00,676247.8570069171,1810339.9032624203,1516370.0853196394,1178605.393565078,1195785.0145278703
2023-06-23 00:00:00+00:00,677816.2599259485,1814538.5744438458,1516370.0853196394,1181338.9004006267,1198558.3655823495
2023-06-24 00:00:00+00:00,673718.1748794473,1803567.8529697987,1520860.8378748347,1174196.5115722576,1191311.867665807
2023-06-25 00:00:00+00:00,673421.5149378327,1802773.6836065399,1515927.1515222883,1173679.4748029446,1190787.2944506498
2023-06-26 00:00:00+00:00,669651.8891356924,1792682.2593761003,1513685.3854227215,1167109.5444791887,1184121.599324416
2023-06-27 00:00:00+00:00,674482.2488935208,1805613.306663131,1521567.8426381228,1175528.185668876,1192662.952547707
2023-06-28 00:00:00+00:00,661342.2150714432,1770436.9622032607,1482171.3162100588,1152626.9452821435,1169427.898459145
2023-06-29 00:00:00+00:00,668266.7690753604,1788974.243017828,1492816.104991308,1164695.4740212534,1181672.3408250283
2023-06-30 00:00:00+00:00,681265.4935787341,1823772.2973349628,1521136.2194547793,1187350.43203761,1204657.5226752262
2023-07-01 00:00:00+00:00,685509.1039287073,1835132.5952950274,1523027.8479013222,1194746.4511079015,1212161.34780593
2023-07-02 00:00:00+00:00,688118.7320393499,1842118.6638679928,1529519.7441133268,1199294.6677632793,1216775.860304363
2023-07-03 00:00:00+00:00,688534.7386329798,1843232.3285231418,1531774.9041384286,1200019.709047966,1217511.4699561396
2023-07-04 00:00:00+00:00,683403.5073410606,1829495.8372878947,1518039.5682015927,1191076.6908725693,1208438.096308627
2023-07-05 00:00:00+00:00,688846.6085298191,1844067.2154851102,1524861.7876009725,1200563.2546410451,1218062.9383937228
2023-07-06 00:00:00+00:00,672551.0828874139,1800443.5056139228,1489048.0455360084,1172162.4335306867,1189248.1404388903
2023-07-07 00:00:00+00:00,681991.4728159849,1825715.7699367865,1512933.1467374647,1188615.7122684813,1205941.2459192523
2023-07-08 00:00:00+00:00,678078.7528218778,1815241.2773935115,1506128.6316718804,1181796.3887899937,1199022.5224267961
2023-07-09 00:00:00+00:00,673574.4286705451,1803183.0391841107,1494968.3700642118,1173945.982043238,1191057.6863612463
2023-07-10 00:00:00+00:00,673592.2500742988,1803230.7477247193,1494879.3716626074,1173977.0422563942,1191089.1993151514
2023-07-11 00:00:00+00:00,674252.2999093649,1804997.7249390362,1496343.681968451,1175127.4167641578,1192256.3419440493
2023-07-12 00:00:00+00:00,674476.4910093086,1805597.8925994274,1496831.126393006,1175518.1504823428,1192652.771086006
2023-07-13 00:00:00+00:00,670860.1063113916,1795916.700331901,1488808.7714817082,1169215.2979616174,1186258.046749759
2023-07-14 00:00:00+00:00,678425.2236795833,1816168.7923756628,1505559.629332027,1182400.2390164654,1199635.1745118587
2023-07-15 00:00:00+00:00,671762.8318383205,1798333.3291258551,1490940.4930457352,1170788.6222449003,1187854.3041665452
2023-07-16 00:00:00+00:00,664286.0080858319,1778317.6022757932,1474328.2846586094,1157757.5646081024,1174633.3028622845
2023-07-17 00:00:00+00:00,665617.9829311466,1781883.3469766895,1477324.8881822417,1160079.0103923879,1176988.5865696594
2023-07-18 00:00:00+00:00,657822.8145062171,1761015.3999568494,1460024.593940945,1146493.122534593,1163204.6677125886
2023-07-19 00:00:00+00:00,663955.540480579,1777432.928577643,1473651.353395292,1157181.605811466,1174048.9487588983
2023-07-20 00:00:00+00:00,672227.5715932589,1799577.454211473,1492098.9328017435,1171598.598610961,1188676.0869328086
2023-07-21 00:00:00+00:00,669306.4680636356,1791757.5547079935,1485585.4265067691,1166507.5238822163,1183510.803537948
2023-07-22 00:00:00+00:00,665597.5413734996,1781828.624189609,1477340.5536753102,1160043.3836176102,1176952.440490889
2023-07-23 00:00:00+00:00,662738.5532656335,1774175.0099104736,1470980.1131890907,1155060.5673777433,1171896.9935853253
2023-07-24 00:00:00+00:00,653920.8961720576,1750569.8238468347,1451354.8801869217,1139692.624838016,1156305.0444109333
2023-07-25 00:00:00+00:00,657578.6196605789,1760361.6815477647,1459490.6522056512,1146067.5250866045,1162772.866659153
2023-07-26 00:00:00+00:00,668823.2666875981,1790464.0071968432,1484414.0397737336,1165665.371493746,1182656.3757442357
2023-07-27 00:00:00+00:00,669367.8952166287,1791921.9974120331,1485627.3866654786,1166614.5828149414,1183619.4229860883
2023-07-28 00:00:00+00:00,670697.2443511409,1795480.7129904106,1488577.048950288,1168931.45235269,1185970.063742513
2023-07-29 00:00:00+00:00,671743.9182283643,1798282.6967098515,1490903.1101924041,1170755.6584691564,1187820.8599032895
2023-07-30 00:00:00+00:00,671520.4634072696,1797684.500094494,1490406.134691264,1170366.2079819846,1187425.732697014
2023-07-31 00:00:00+00:00,668313.8342143828,1789608.681834754,1483710.6623188318,1164777.5019731743,1181755.5644350797
2023-08-01 00:00:00+00:00,673915.9973091241,1778167.3787660017,1474225.0156176398,1174541.2883876956,1191661.6700267228
2023-08-02 00:00:00+00:00,663653.4022581731,1754003.2204122113,1464289.0435549961,1156655.02116526,1173514.6884948174
2023-08-03 00:00:00+00:00,664627.2566435596,1745495.4448217205,1457727.8170265527,1158352.313096422,1175236.7205401855
2023-08-04 00:00:00+00:00,672882.8700418907,1751131.8612707912,1457085.6894229418,1172740.6921169881,1189834.8278542007
2023-08-05 00:00:00+00:00,672423.8172248565,1779341.9416706779,1457085.6894229418,1171940.6272879736,1189023.1010978073
2023-08-06 00:00:00+00:00,669547.145495378,1761837.1494650757,1457085.6894229418,1166926.990969944,1183936.3848735942
2023-08-07 00:00:00+00:00,667104.7923936809,1761293.5595737807,1457085.6894229418,1162670.3112498913,1179617.6588193318
2023-08-08 00:00:00+00:00,661793.4373966473,1761293.5595737807,1457085.6894229418,1153413.3626595484,1170225.778835562
2023-08-09 00:00:00+00:00,656595.7912657738,1761293.5595737807,1457085.6894229418,1144354.5927126773,1161034.96619236
2023-08-10 00:00:00+00:00,659256.3915890623,1761293.5595737807,1457085.6894229418,1148991.64680262,1165739.6110400609
2023-08-11 00:00:00+00:00,665339.389226759,1761293.5595737807,1457085.6894229418,1159593.4605467184,1176495.9592387243
2023-08-12 00:00:00+00:00,661309.0700916564,1761293.5595737807,1457085.6894229418,1152569.1782200509,1169369.289371183
2023-08-13 00:00:00+00:00,657673.7237071609,1761293.5595737807,1457085.6894229418,1146233.2781327553,1162941.0357594998
2023-08-14 00:00:00+00:00,656287.9892546537,1761293.5595737807,1457085.6894229418,1143818.1368752248,1160490.6908522975
2023-08-15 00:00:00+00:00,645302.8695664402,1761293.5595737807,1457085.6894229418,1124672.6103063263,1141066.0947225587
2023-08-16 00:00:00+00:00,638203.2611631817,1761293.5595737807,1457085.6894229418,1112298.986242931,1128512.1098933755
2023-08-17 00:00:00+00:00,587697.3637490198,1761293.5595737807,1457085.6894229418,1024274.273879862,1039204.3292514635
2023-08-18 00:00:00+00:00,620394.1299255312,1761293.5595737807,1457085.6894229418,1081260.162365093,1097020.8570412057
2023-08-19 00:00:00+00:00,635578.2750648028,1761293.5595737807,1457085.6894229418,1102353.2839341003,1118421.4367598672
2023-08-20 00:00:00+00:00,629529.8670057897,1761293.5595737807,1457085.6894229418,1093805.8411070653,1109749.4044571933
2023-08-21 00:00:00+00:00,634104.4760776407,1761293.5595737807,1457085.6894229418,1096544.2685677472,1112527.7478609597
2023-08-22 00:00:00+00:00,644678.857410857,1761293.5595737807,1457085.6894229418,1096365.9560454316,1112346.83621466
2023-08-23 00:00:00+00:00,663758.9391450712,1761293.5595737807,1457085.6894229418,1096365.9560454316,1112346.83621466
2023-08-24 00:00:00+00:00,643283.289432067,1761293.5595737807,1457085.6894229418,1096365.9560454316,1112346.83621466
2023-08-25 00:00:00+00:00,640971.3317874784,1761293.5595737807,1457085.6894229418,1096365.9560454316,1112346.83621466
2023-08-26 00:00:00+00:00,641057.3464089164,1761293.5595737807,1457085.6894229418,1096365.9560454316,1112346.83621466
2023-08-27 00:00:00+00:00,640289.6332219583,1761293.5595737807,1457085.6894229418,1096365.9560454316,1112346.83621466
2023-08-28 00:00:00+00:00,643996.988591017,1761293.5595737807,1457085.6894229418,1096365.9560454316,1112346.83621466
2023-08-29 00:00:00+00:00,654390.0586017488,1761293.5595737807,1457085.6894229418,1096365.9560454316,1112346.83621466
2023-08-30 00:00:00+00:00,657211.1558169037,1761293.5595737807,1457085.6894229418,1096365.9560454316,1112346.83621466
2023-08-31 00:00:00+00:00,649491.7171554415,1761293.5595737807,1457085.6894229418,1096365.9560454316,1112346.83621466
2023-09-01 00:00:00+00:00,659285.2544466453,1761293.5595737807,1457085.6894229418,1096365.9560454316,1112346.83621466
2023-09-02 00:00:00+00:00,642536.9070234718,1761293.5595737807,1457085.6894229418,1096365.9560454316,1112346.83621466
2023-09-03 00:00:00+00:00,634357.7405865934,1761293.5595737807,1457085.6894229418,1096365.9560454316,1112346.83621466
2023-09-04 00:00:00+00:00,619922.175899625,1761293.5595737807,1457085.6894229418,1096365.9560454316,1112346.83621466
2023-09-05 00:00:00+00:00,622917.2778507109,1761293.5595737807,1457085.6894229418,1096365.9560454316,1112346.83621466
2023-09-06 00:00:00+00:00,625627.8455933601,1761293.5595737807,1457085.6894229418,1096365.9560454316,1112346.83621466
2023-09-07 00:00:00+00:00,622629.023821798,1761293.5595737807,1457085.6894229418,1096365.9560454316,1112346.83621466
2023-09-08 00:00:00+00:00,616908.6410937286,1761293.5595737807,1457085.6894229418,1096365.9560454316,1112346.83621466
2023-09-09 00:00:00+00:00,614042.3970022601,1761293.5595737807,1457085.6894229418,1096365.9560454316,1112346.83621466
2023-09-10 00:00:00+00:00,596582.1949776115,1761293.5595737807,1457085.6894229418,1096365.9560454316,1112346.83621466
2023-09-11 00:00:00+00:00,588041.2649347692,1761293.5595737807,1457085.6894229418,1096365.9560454316,1112346.83621466
2023-09-12 00:00:00+00:00,588033.378094353,1761293.5595737807,1457085.6894229418,1096365.9560454316,1112346.83621466
2023-09-13 00:00:00+00:00,597366.6768617377,1761293.5595737807,1457085.6894229418,1096365.9560454316,1112346.83621466
2023-09-14 00:00:00+00:00,601484.7751351706,1761293.5595737807,1457085.6894229418,1096365.9560454316,1112346.83621466
2023-09-15 00:00:00+00:00,642151.6778646143,1761293.5595737807,1457085.6894229418,1096365.9560454316,1112346.83621466
2023-09-16 00:00:00+00:00,683367.7356282237,1761293.5595737807,1457085.6894229418,1096365.9560454316,1112346.83621466
2023-09-17 00:00:00+00:00,587502.3182662638,1761293.5595737807,1457085.6894229418,1096365.9560454316,1112346.83621466
2023-09-18 00:00:00+00:00,619029.3072297545,1761293.5595737807,1457085.6894229418,1096365.9560454316,1112346.83621466
2023-09-19 00:00:00+00:00,647729.4098065948,1761293.5595737807,1457085.6894229418,1096365.9560454316,1112346.83621466
2023-09-20 00:00:00+00:00,646953.7304249802,1762322.093407471,1457085.6894229418,1096365.9560454316,1112346.83621466
2023-09-21 00:00:00+00:00,617929.5433418638,1711622.960060698,1457085.6894229418,1096365.9560454316,1112346.83621466
2023-09-22 00:00:00+00:00,617783.8003106023,1704468.0862132227,1457085.6894229418,1096365.9560454316,1112346.83621466
2023-09-23 00:00:00+00:00,618720.432498819,1691969.1815106315,1457085.6894229418,1096365.9560454316,1112346.83621466
2023-09-24 00:00:00+00:00,614343.0836996094,1679302.6860170045,1457085.6894229418,1096365.9560454316,1112346.83621466
2023-09-25 00:00:00+00:00,627444.1496287582,1678434.5469314705,1457085.6894229418,1096365.9560454316,1112346.83621466
2023-09-26 00:00:00+00:00,633295.3438702851,1678434.5469314705,1457085.6894229418,1096365.9560454316,1112346.83621466
2023-09-27 00:00:00+00:00,644899.138252639,1678434.5469314705,1457085.6894229418,1096365.9560454316,1112346.83621466
2023-09-28 00:00:00+00:00,649003.1277408395,1678434.5469314705,1457085.6894229418,1096365.9560454316,1112346.83621466
2023-09-29 00:00:00+00:00,642367.240847124,1680404.2915981263,1457085.6894229418,1096365.9560454316,1112346.83621466
2023-09-30 00:00:00+00:00,642333.1153421612,1690026.471946241,1457085.6894229418,1096365.9560454316,1112346.83621466
2023-10-01 00:00:00+00:00,653525.865642631,1710453.3201226662,1466550.0421149097,1096365.9560454316,1112346.83621466
2023-10-02 00:00:00+00:00,649587.1880809452,1697893.8734315278,1450203.7577675781,1091607.8851034532,1112346.83621466
2023-10-03 00:00:00+00:00,626557.5884684733,1630056.7411258013,1431706.4537479565,1061543.817428005,1112346.83621466
2023-10-04 00:00:00+00:00,613357.5908919058,1596845.9652756518,1396250.6961394262,1042373.6975999263,1084479.560352044
2023-10-05 00:00:00+00:00,604657.7054475737,1632430.6326959147,1435771.762505308,1067213.1333885523,1075731.4720172235
2023-10-06 00:00:00+00:00,611646.9892808846,1629676.5902472436,1420440.1271461565,1054377.7578529364,1083696.7498992363
2023-10-07 00:00:00+00:00,607641.3229525082,1629964.8327256427,1416604.701181484,1055880.710001014,1073022.0165325715
2023-10-08 00:00:00+00:00,604271.0708617296,1624243.2676476245,1410822.2651254274,1054548.1583266472,1066181.9697875457
2023-10-09 00:00:00+00:00,599611.9895932202,1608106.4755115777,1398858.667351102,1044235.7957609604,1060435.5406925066
2023-10-10 00:00:00+00:00,594552.7243501504,1593095.7664699336,1384732.791165327,1037527.4031172087,1058321.3894989414
2023-10-11 00:00:00+00:00,600474.6341616042,1606326.1256223237,1396711.4099751567,1042654.3790447805,1068498.5455496549
2023-10-12 00:00:00+00:00,600214.0383689173,1595967.6705172309,1392422.8017343073,1025192.551099048,1068438.739491776
2023-10-13 00:00:00+00:00,600540.6606722166,1591692.3548541758,1387626.04261825,1028224.3568586232,1061586.0961483065
2023-10-14 00:00:00+00:00,606940.8642522881,1604483.128126939,1400805.6356058733,1032067.067697854,1073873.8352559637
2023-10-15 00:00:00+00:00,618562.4331044813,1631990.611334116,1426185.7531601824,1039957.8511451187,1090170.3372247692
2023-10-16 00:00:00+00:00,620747.3282574505,1629638.9201452942,1427957.2107805877,1039575.9409155262,1089526.302739006
2023-10-17 00:00:00+00:00,594099.2293248471,1559152.0607242053,1366378.8986992622,1021876.3647139788,1089526.302739006
2023-10-18 00:00:00+00:00,563656.9274313193,1471453.8252377938,1289800.195178989,950742.2652301375,1089526.302739006
2023-10-19 00:00:00+00:00,541698.0865885844,1411273.4729574998,1236681.8945710822,917767.6247310182,1090164.757807075
2023-10-20 00:00:00+00:00,540395.6167248155,1410362.011467638,1235693.2380978032,945071.7310137335,1090276.1493773712
2023-10-21 00:00:00+00:00,545890.4054519027,1425645.8710440614,1248999.0672320183,948958.6900892274,1099767.2771864159
2023-10-22 00:00:00+00:00,545965.4895655133,1423576.848120924,1247337.0502104138,946665.041017795,1100385.8482863782
2023-10-23 00:00:00+00:00,556985.3455770661,1453194.5667934148,1273071.423180526,954225.4967052295,1155594.5549648784
2023-10-24 00:00:00+00:00,556144.2521835136,1450884.1304803034,1271078.1347902203,955674.592668546,1148222.4698216133
2023-10-25 00:00:00+00:00,563706.2469713279,1470647.8854289576,1288367.6012759092,962939.0961114825,1166315.2143899454
2023-10-26 00:00:00+00:00,563769.4539348873,1470825.7461875337,1288521.5852956898,969307.0185997009,1174041.1371753789
2023-10-27 00:00:00+00:00,559233.8223437457,1459013.6321218752,1278156.7057384048,949316.8299105824,1151633.7916083531
2023-10-28 00:00:00+00:00,564920.4558719439,1473854.0958564498,1291150.5943768902,952794.1157449632,1152872.4315980314
2023-10-29 00:00:00+00:00,571385.3141753174,1490827.5814451966,1305993.344682532,966102.6760451151,1159761.6794498991
2023-10-30 00:00:00+00:00,575561.4869374105,1501820.9368279679,1315601.1193446424,993818.686631137,1164975.7478258896
2023-10-31 00:00:00+00:00,576419.5366946553,1504050.963655506,1317557.4302025628,998758.5652172507,1170029.1051050415
2023-11-01 00:00:00+00:00,589405.6073602256,1537854.3529747021,1347196.708944725,1022551.8096762343,1200314.6198608917
2023-11-02 00:00:00+00:00,577164.4706428634,1505832.8411138863,1319178.7142553767,1002126.5357363555,1181585.0807235583
2023-11-03 00:00:00+00:00,587091.948023572,1531591.5123185343,1341790.2354727923,1029424.4089855873,1223464.3711503842
2023-11-04 00:00:00+00:00,606756.629462843,1582725.787959265,1386638.50992175,1080104.1865140265,1302785.2672783725
2023-11-05 00:00:00+00:00,603319.3087320911,1573784.573573392,1378798.565198219,1071454.7252648375,1287117.746624409
2023-11-06 00:00:00+00:00,606094.4864889712,1581010.0738725245,1385133.683984899,1075086.8355063521,1296089.829118566
2023-11-07 00:00:00+00:00,607717.2090427696,1585258.4691506329,1388849.5009347992,1080752.8869033603,1302101.1465534312
2023-11-08 00:00:00+00:00,611135.6656354093,1594147.594575941,1396646.677501292,1087109.3126048057,1312701.8638084645
2023-11-09 00:00:00+00:00,620935.1374391506,1619778.0234195082,1419078.747551129,1109438.5663872864,1335612.9647005645
2023-11-10 00:00:00+00:00,650652.451504454,1697428.6753540717,1487064.537741204,1171317.6763562844,1394018.2856798498
2023-11-11 00:00:00+00:00,624462.9936378556,1629019.9202222792,1427162.4017981149,1143444.7115675493,1354661.196970366
2023-11-12 00:00:00+00:00,628690.1559094908,1640085.6787605183,1436844.059295036,1150522.0347863096,1361533.344615493
2023-11-13 00:00:00+00:00,584049.7154705506,1523569.1416289976,1334787.028573171,1078279.9539062914,1271491.0880350273
2023-11-14 00:00:00+00:00,602654.4202698345,1572028.7677736902,1377266.6644269922,1111387.511000276,1314654.1828655596
2023-11-15 00:00:00+00:00,631808.7723593022,1647961.610185581,1443831.1020434366,1168947.4859957458,1384132.3615551013
2023-11-16 00:00:00+00:00,618775.3164767618,1613995.2185387341,1414062.3221589816,1137866.7369133602,1353428.0131264934
2023-11-17 00:00:00+00:00,615373.6363768687,1605142.4337514213,1406299.443894525,1132055.5061899605,1344300.8465725053
2023-11-18 00:00:00+00:00,614560.041289509,1603017.23837502,1404438.5251956694,1132129.0453542997,1343483.1980505781
2023-11-19 00:00:00+00:00,620372.7164274699,1618212.9597282931,1417740.4410828261,1142467.096839798,1353846.8477276454
2023-11-20 00:00:00+00:00,610350.6895256322,1592013.5558767319,1394806.014333853,1123894.6420715002,1335704.470849915
2023-11-21 00:00:00+00:00,574422.7636842654,1498275.1076744597,1312687.7951466837,1058458.7878143562,1260129.1401316868
2023-11-22 00:00:00+00:00,619105.5408555621,1614781.4466932674,1414776.355354536,1138510.3819154622,1358493.4022134186
2023-11-23 00:00:00+00:00,613437.8405066861,1600008.8163520466,1401830.044220232,1128650.1069567248,1345595.880387533
2023-11-24 00:00:00+00:00,620150.3014762732,1617502.839758576,1417161.8881896553,1141113.0081713004,1361447.422135684
2023-11-25 00:00:00+00:00,628566.4005277152,1639442.6626632044,1436388.1124634517,1156784.1905275066,1380845.8839393803
2023-11-26 00:00:00+00:00,627804.9325174515,1637461.989913727,1434650.943673574,1155356.540269487,1378872.2380874038
2023-11-27 00:00:00+00:00,620826.6647170493,1619254.545003374,1418700.7950627122,1142338.442926236,1363832.079169865
2023-11-28 00:00:00+00:00,655920.6727608232,1710767.899373018,1498886.3008066947,1206128.5355298067,1441211.6660859557
2023-11-29 00:00:00+00:00,638390.0491714701,1665027.7617385949,1458816.8229275593,1174103.3732077102,1403937.8973169522
2023-11-30 00:00:00+00:00,642527.2191269163,1675810.7348611897,1468266.8440575264,1181739.1944209808,1413559.4333030875
2023-12-01 00:00:00+00:00,661969.0962699993,1726472.7629838267,1512669.7717836588,1217866.3638433772,1459337.720981468
2023-12-02 00:00:00+00:00,670738.29977565,1749307.7714664317,1532688.9595107874,1234089.541678432,1480801.2551541044
2023-12-03 00:00:00+00:00,668873.0221376161,1744445.910751359,1528428.1940697306,1230640.67279483,1476494.8662440972
2023-12-04 00:00:00+00:00,678274.4785433233,1768960.4073706712,1549908.6471931362,1247924.8790919813,1497502.2078536875
2023-12-05 00:00:00+00:00,689340.7592874388,1797825.6268434164,1575198.1138790043,1268295.5895169773,1521722.7243638947
2023-12-06 00:00:00+00:00,676743.5570502644,1764966.817443695,1546409.888678813,1245105.710935006,1494169.3187409723
2023-12-07 00:00:00+00:00,680804.2236201069,1775555.5941873484,1555687.9738394958,1252572.6990388297,1503216.853277579
2023-12-08 00:00:00+00:00,702365.2838547932,1831782.1673639675,1604953.7529207007,1292227.8219990772,1551099.4022067385
2023-12-09 00:00:00+00:00,693695.5681710823,1809169.580659551,1585141.8727519326,1276272.397706882,1532048.0044627683
2023-12-10 00:00:00+00:00,700211.9353745936,1826163.4717269465,1600031.7297808644,1288258.953882428,1546487.0719397657
2023-12-11 00:00:00+00:00,688473.1804957611,1795549.943005364,1573208.5952028497,1266665.3026746952,1520491.2620078677
2023-12-12 00:00:00+00:00,694665.7292528811,1811699.7512130088,1587358.7433662482,1278057.2439199411,1534191.9778669346
2023-12-13 00:00:00+00:00,731819.2660936288,1908596.6422241013,1672257.0373804686,1346412.5353824766,1616254.6568258358
2023-12-14 00:00:00+00:00,743235.6435361998,1938370.7496475733,1698344.2443382028,1367416.5861322149,1641467.807033083
2023-12-15 00:00:00+00:00,709929.7593989975,1851508.7433068715,1622238.1772144053,1306140.634910702,1567895.290484389
2023-12-16 00:00:00+00:00,718558.3763145453,1874012.6395741804,1641955.3306159205,1322016.540884337,1586935.0424888448
2023-12-17 00:00:00+00:00,702706.827517431,1832671.404769759,1605733.3849117921,1292852.258631542,1551933.3419032325
2023-12-18 00:00:00+00:00,759745.5517660091,1981429.574612746,1736070.8988340185,1397793.6232003758,1677893.1123878607
2023-12-19 00:00:00+00:00,751970.9549655016,1961153.376268442,1718305.455741951,1383490.0048335856,1660718.5060012003
2023-12-20 00:00:00+00:00,795502.3324099279,2074684.285249412,1817777.8245239302,1463580.6575220807,1756840.3511843267
2023-12-21 00:00:00+00:00,814715.0146590156,2124790.5897665196,1861679.745747476,1498926.6939769117,1799308.501832002
2023-12-22 00:00:00+00:00,800289.2354289757,2087168.0889867847,1828715.945106172,1472386.3482180932,1767439.6967329043
2023-12-23 00:00:00+00:00,811353.0085608747,2116022.607165646,1853997.4317538943,1492741.693900595,1791873.6531578354
2023-12-24 00:00:00+00:00,813831.9349596703,2122487.688946678,1859661.9485845536,1497302.464773423,1797348.4128344255
2023-12-25 00:00:00+00:00,809028.1622425864,2109959.3674573465,1848684.9977329257,1488464.3992323226,1786739.2555885124
2023-12-26 00:00:00+00:00,827914.9181875808,2159216.3559483904,1891842.5363178556,1523212.5975496396,1828450.455439046
2023-12-27 00:00:00+00:00,831018.3884639385,2167310.260248864,1898934.1795913489,1528922.4182145188,1835304.4492010279
2023-12-28 00:00:00+00:00,795801.3695140281,2075463.6684203406,1818460.8687290042,1464129.5195039278,1757527.662701615
2023-12-29 00:00:00+00:00,787958.3248224354,2055008.8719463788,1800538.9716202863,1449699.7442692572,1740206.3446350065
2023-12-30 00:00:00+00:00,812503.6791170867,2119023.5788246575,1856626.7947697812,1494858.7247581491,1794414.747552121
2023-12-31 00:00:00+00:00,798256.5112610394,2081866.7188675315,1824071.0356955132,1468646.5296501005,1762949.9232437313
2024-01-01 00:00:00+00:00,804526.5977207739,2098219.2125059227,1838398.614672718,1480182.3468095912,1776797.399334922
2024-01-02 00:00:00+00:00,802663.8804721889,2093361.2137130615,1834142.17755175,1476755.2861387397,1772683.5954152048
2024-01-03 00:00:00+00:00,845333.4282423068,2204644.127817928,1931645.0287683145,1555259.4774040345,1866919.356348849
2024-01-04 00:00:00+00:00,864357.8509188743,2254260.149346051,1975117.1430506362,1590260.9482031397,1908934.8150119272
2024-01-05 00:00:00+00:00,833380.7504960124,2173471.338545133,1904332.337955578,1533268.728231965,1840521.8619392156
2024-01-06 00:00:00+00:00,784676.6812333302,2046450.2879487262,1793040.1897303313,1443662.1156633697,1732958.8884265271
2024-01-07 00:00:00+00:00,768064.0066273425,2003124.1467352286,1755079.0855940331,1413097.821516227,1696269.7850522986
2024-01-08 00:00:00+00:00,782664.6084198302,2041202.7679579714,1788442.4652409782,1439960.2694911303,1728515.1961899488
2024-01-09 00:00:00+00:00,777311.2416135303,2027241.095066503,1776209.6537896877,1430111.0497162472,1716692.289844837
2024-01-10 00:00:00+00:00,817533.5853320026,2132141.659812855,1868120.4759182476,1504112.833489507,1805523.3502591173
2024-01-11 00:00:00+00:00,827288.1284707728,2157581.676269356,1890410.2779929051,1522059.4156606672,1827066.2595848865
2024-01-12 00:00:00+00:00,801685.0469109095,2090808.3990296123,1831905.4755842912,1474954.4109333945,1770521.8362137917
2024-01-13 00:00:00+00:00,813574.263752872,2121815.6811124305,1859073.1538334265,1496828.403472367,1796779.1803393215
2024-01-14 00:00:00+00:00,805370.9770057515,2100421.368068354,1840328.0793410009,1481735.850510723,1778662.219076554
2024-01-15 00:00:00+00:00,809075.2124429808,2110082.0778350574,1848792.5121074347,1488550.9687602543,1786843.0250426126
2024-01-16 00:00:00+00:00,816837.2218402569,2130325.531990864,1866529.2375210496,1502831.6518799192,1803985.423226412
2024-01-17 00:00:00+00:00,813715.8934733806,2126385.983313325,1859396.7874916573,1497088.976372098,1797091.9691617042
2024-01-18 00:00:00+00:00,807510.3990012633,2099488.3511973666,1858451.5830405047,1485671.9972545267,1783387.1313183303
2024-01-19 00:00:00+00:00,812202.5920561731,2105169.534898944,1858401.7204416422,1494304.7775087403,1793749.8420868795
2024-01-20 00:00:00+00:00,797158.771829148,2086571.9896010342,1858401.7204416422,1466626.889433844,1760525.557377301
2024-01-21 00:00:00+00:00,782517.6259283066,2078466.4246870014,1858401.7204416422,1439689.8487473675,1728190.5791301075
2024-01-22 00:00:00+00:00,749068.1580008735,2077860.1577307011,1858401.7204416422,1378148.922607977,1654317.4119830274
2024-01-23 00:00:00+00:00,757928.8108753602,2077860.1577307011,1858401.7204416422,1394450.90939314,1673886.1683999647
2024-01-24 00:00:00+00:00,756285.1603920159,2077860.1577307011,1858401.7204416422,1391426.8919943802,1670256.1654589772
2024-01-25 00:00:00+00:00,745630.6278592574,2077860.1577307011,1858401.7204416422,1371824.493499085,1646725.6249597208
2024-01-26 00:00:00+00:00,758582.4977628393,2077860.1577307011,1858401.7204416422,1395653.574168036,1675329.8359714975
2024-01-27 00:00:00+00:00,760650.5481131251,2077860.1577307011,1858401.7204416422,1399458.4099907724,1679897.1262625537
2024-01-28 00:00:00+00:00,761583.5812158887,2077860.1577307011,1858401.7204416422,1401175.02089115,1681957.7303554588
2024-01-29 00:00:00+00:00,782662.6439614461,2077860.1577307011,1858401.7204416422,1439956.6555158072,1728510.8512583612
2024-01-30 00:00:00+00:00,778898.0731911869,2077860.1577307011,1858401.7204416422,1433030.531242955,1720196.7947783447
2024-01-31 00:00:00+00:00,770537.1443568144,2066544.293671705,1858401.7204416422,1417647.9456369884,1701731.679151856
2024-02-01 00:00:00+00:00,784365.3845729171,2100658.1328971153,1858401.7204416422,1443089.3879836514,1732271.3547734679
2024-02-02 00:00:00+00:00,787991.4158332676,2113756.939273271,1858401.7204416422,1449760.6248015934,1740279.4466755427
2024-02-03 00:00:00+00:00,785789.8181598679,2105614.3583911713,1858401.7204416422,1445710.0862367991,1735417.2170831286
2024-02-04 00:00:00+00:00,776135.7884635264,2085423.3350996394,1858401.7204416422,1427948.4306613826,1714096.2875390972
2024-02-05 00:00:00+00:00,776538.7772813488,2094839.2289846377,1858401.7204416422,1428689.8566573719,1714986.2885502612
2024-02-06 00:00:00+00:00,776425.8111442814,2089037.92197588,1858401.7204416422,1428482.0195487873,1714736.802778515
2024-02-07 00:00:00+00:00,777252.5645952466,2093962.3006354487,1858401.7204416422,1430003.0952553807,1716562.6881996922
2024-02-08 00:00:00+00:00,776312.7440931178,2085911.2205945137,1858401.7204416422,1428273.9967766532,1714487.0941379352
2024-02-09 00:00:00+00:00,778913.6224399129,2116977.58870968,1858401.7204416422,1433059.1390273406,1720231.1353029585
2024-02-10 00:00:00+00:00,777088.9692423842,2108769.6470453353,1850831.7058392067,1429702.1096149094,1716201.387778853
2024-02-11 00:00:00+00:00,788558.2104743199,2141084.5190347023,1882557.1222906248,1450803.423665175,1741531.212931575
2024-02-12 00:00:00+00:00,800988.869867773,2176022.3691294114,1907874.6848225617,1473673.5719521223,1768984.330587909
2024-02-13 00:00:00+00:00,789317.8526573832,2143489.5186042273,1881055.9691255554,1452201.0268672085,1743208.8830831149
2024-02-14 00:00:00+00:00,811722.3726538931,2197333.4955530623,1918629.8168387776,1493421.261321377,1792689.2770050825
2024-02-15 00:00:00+00:00,816935.0204357672,2213057.3009882113,1932914.0706087071,1503011.5834407236,1804201.4123091993
2024-02-16 00:00:00+00:00,808952.4644834693,2193965.6958059054,1914691.5141439035,1488325.1349942265,1786571.933387741
2024-02-17 00:00:00+00:00,809743.458360341,2198741.023535684,1927465.606380045,1489780.419600259,1788318.843771163
2024-02-18 00:00:00+00:00,813348.9672986632,2210999.613123446,1939686.4554451806,1496413.8990850858,1796281.6121136737
2024-02-19 00:00:00+00:00,815665.848440893,2216749.228179159,1942127.1450731608,1500676.5382266536,1801398.445306519
2024-02-20 00:00:00+00:00,819300.6574209362,2227115.862183548,1948943.0738367853,1507363.924449471,1809425.922806223
2024-02-21 00:00:00+00:00,817947.9863897101,2228114.5522270836,1935228.1078014364,1504875.2562229168,1806438.5481388634
2024-02-22 00:00:00+00:00,847445.4258011046,2304241.830135945,2009108.5757452871,1559145.1699958853,1871583.6582323876
2024-02-23 00:00:00+00:00,838212.4070366169,2279830.3319523153,1986702.704675535,1542158.0978224478,1851192.531547819
2024-02-24 00:00:00+00:00,853196.9515107546,2329621.668334377,2038166.5112064916,1569726.9293131062,1884285.9057168295
2024-02-25 00:00:00+00:00,859353.4871800547,2343330.5263964557,2047541.2492326666,1581053.8331590062,1897882.6179052212
2024-02-26 00:00:00+00:00,870381.3618499639,2380134.6066249493,2075307.583395793,1601343.1131567778,1922237.684778969
2024-02-27 00:00:00+00:00,848317.5765878744,2320529.4246436544,2031239.7929941302,1560749.7685284866,1873509.803693011
2024-02-28 00:00:00+00:00,923783.3671517017,2515673.839981755,2202706.303733377,1699593.0725044142,2040176.0409215968
2024-02-29 00:00:00+00:00,911214.5821077022,2480943.4707244695,2178673.1040676665,1676468.7981884093,2012417.872695073
2024-03-01 00:00:00+00:00,1026791.758360873,2791559.9702370744,2416498.6423356906,1889109.7431159802,2267670.125824642
2024-03-02 00:00:00+00:00,1029141.365583036,2797271.546326164,2426996.905468071,1893432.592281588,2272859.2345818314
2024-03-03 00:00:00+00:00,1068103.4666530013,2912734.497008495,2521170.688816181,1965115.758945332,2358907.054810506
2024-03-04 00:00:00+00:00,1107191.0147106207,3026684.8887275755,2633415.557276187,2037029.725208598,2445231.924775859
2024-03-05 00:00:00+00:00,1067963.248976151,2926963.4108053716,2557171.6304197144,1964857.7839690647,2358597.3839991493
2024-03-06 00:00:00+00:00,1206865.2390959768,3281195.294039688,2877891.5166511685,2220412.1363846394,2665362.5005356753
2024-03-07 00:00:00+00:00,1220883.1903038588,3316480.7155185575,2914749.489482076,2246202.6123888567,2696321.1529796007
2024-03-08 00:00:00+00:00,1311547.9152485302,3549794.19767254,3122398.885695297,2413009.186219685,2896554.244596295
2024-03-09 00:00:00+00:00,1381289.3161880255,3729096.3163394984,3318392.72614376,2541320.656330895,3050578.1643988034
2024-03-10 00:00:00+00:00,1375566.3175740247,3713528.4669090887,3304328.011209074,2530791.3816717304,3037938.919019758
2024-03-11 00:00:00+00:00,1419490.9987692814,3833196.3371023647,3406663.7467173543,2611604.791531668,3134946.6000045203
2024-03-12 00:00:00+00:00,1410934.35455591,3807167.2736675693,3387022.054699272,2595862.1252897214,3116049.24686356
2024-03-13 00:00:00+00:00,1433450.7951137605,3866335.937631347,3438198.8552041035,2637288.273183652,3165776.8174027447
2024-03-14 00:00:00+00:00,1453538.026694066,3923259.6055069016,3484631.7014597654,2674245.1191863506,3210139.4786670855
2024-03-15 00:00:00+00:00,1421492.3972235618,3836249.0177901327,3410707.01384407,2615287.0000116755,3139366.6895189583
2024-03-16 00:00:00+00:00,1337526.531393431,3613635.732420586,3209336.250541158,2460805.1063489486,2953928.0316980723
2024-03-17 00:00:00+00:00,1399321.775875972,3780371.458902537,3359258.7984920023,2574497.0964527233,3090402.860883289
2024-03-18 00:00:00+00:00,1353684.8224975206,3661487.572964028,3249955.140241348,2490533.4177697264,2989613.625902311
2024-03-19 00:00:00+00:00,1287497.7943099337,3484134.376952758,3090720.5302043636,2368761.345877893,2843439.5401483485
2024-03-20 00:00:00+00:00,1426613.050184328,3857974.1042856146,3425201.850181098,2624708.068422608,3150675.654213399
2024-03-21 00:00:00+00:00,1400828.6828246,3788237.808369736,3363294.523479433,2577269.530663889,3093730.865653464
2024-03-22 00:00:00+00:00,1378679.6666590502,3728597.642921852,3310109.471347106,2536519.376703198,3044814.7520734286
2024-03-23 00:00:00+00:00,1372344.9331845148,3711501.25293607,3294901.0646564895,2524864.621365182,3030824.489940631
2024-03-24 00:00:00+00:00,1384788.4511834702,3744472.000858758,3324846.894521938,2547758.42714328,3058306.005833823
2024-03-25 00:00:00+00:00,1391017.1852022961,3760988.0272978297,3339835.3169362145,2559218.1627970077,3072062.1681142324
2024-03-26 00:00:00+00:00,1397513.5368366602,3778213.66496776,3355467.7170600966,2571170.2661005785,3086409.3640360385
2024-03-27 00:00:00+00:00,1400394.918579427,3785998.622550488,3362386.6446387144,2576471.483489183,3092772.897095166
2024-03-28 00:00:00+00:00,1413088.6264381688,3820238.594067988,3392873.3115553213,2599825.5930220615,3120806.9574222243
2024-03-29 00:00:00+00:00,1396773.581681572,3776183.033995848,3353694.0861334056,2569808.883442836,3084775.1726958957
2024-03-30 00:00:00+00:00,1385538.099112195,3745795.491654504,3326719.1057741623,2549137.6427383893,3059961.603669522
2024-03-31 00:00:00+00:00,1421141.4070328628,3842383.9137561657,3412168.3252037712,2614641.242014898,3138591.5275024897
2024-04-01 00:00:00+00:00,1388347.5803376008,3753446.484566358,3333458.761143716,2554306.5762760798,3066166.3443991207
2024-04-02 00:00:00+00:00,1327311.4208244062,3588309.623510306,3186923.843194686,2442011.164202629,2931367.9547586637
2024-04-03 00:00:00+00:00,1338276.0853857985,3617717.187797462,3213274.818487842,2462184.1491182763,2955583.422075279
2024-04-04 00:00:00+00:00,1345521.513002045,3637211.02726206,3230681.620931022,2475514.4157389817,2971584.9526878893
2024-04-05 00:00:00+00:00,1319691.3966156521,3567500.2109409617,3168650.0849529495,2427991.708107153,2914539.1273790626
2024-04-06 00:00:00+00:00,1334280.1790149673,3606940.9723923085,3203678.241588872,2454832.4094921555,2946758.460802517
2024-04-07 00:00:00+00:00,1345212.1517014909,3636648.761230723,3229910.173270325,2474945.247314847,2970901.728096689
2024-04-08 00:00:00+00:00,1354529.4588781511,3661804.212597088,3252284.8393190135,2492087.3948084456,2991479.005782841
2024-04-09 00:00:00+00:00,1320507.927051851,3569773.7615811653,3170603.6742526656,2429493.975329317,2916342.435266876
2024-04-10 00:00:00+00:00,1334296.6560121933,3607044.892895349,3203711.520778016,2454862.7241647686,2946794.8502593543
2024-04-11 00:00:00+00:00,1332006.7494556752,3600854.8073757486,3198213.310668259,2450649.7133458573,2941737.5904529104
2024-04-12 00:00:00+00:00,1234528.0534362893,3337380.873078435,2964157.658886619,2271306.674314819,2726455.840217228
2024-04-13 00:00:00+00:00,1114374.6501909127,3012569.985397172,2675663.0970215914,2050246.305558324,2461096.987424468
2024-04-14 00:00:00+00:00,1181692.7486982094,3194577.7825494865,2837294.54808785,2174099.340745504,2609769.0425605644
2024-04-15 00:00:00+00:00,1172213.450975194,3168925.3438802203,2814537.1005243626,2156659.1601629956,2588834.00866957
2024-04-16 00:00:00+00:00,1148212.4428727913,3093443.7938132905,2747492.6845763093,2112501.6784909237,2535827.7699455875
2024-04-17 00:00:00+00:00,1131275.7138627262,3063134.5386463376,2720566.1310315235,2081341.183162733,2498422.995226103
2024-04-18 00:00:00+00:00,1135873.8621274095,3062404.2323123273,2719918.4747446426,2089800.938138729,2508578.008030822
2024-04-19 00:00:00+00:00,1136275.9407635198,3062404.2323123273,2719918.4747446426,2090540.6895662115,2509465.998905228
2024-04-20 00:00:00+00:00,1172793.5418109172,3062404.2323123273,2719918.4747446426,2157726.421602069,2590115.139578269
2024-04-21 00:00:00+00:00,1150189.7249357507,3062404.2323123273,2719918.4747446426,2116139.5172051615,2540194.598397405
2024-04-22 00:00:00+00:00,1167367.9004330959,3062404.2323123273,2719918.4747446426,2147744.2300758557,2578132.607808084
2024-04-23 00:00:00+00:00,1163889.5544558484,3062404.2323123273,2719918.4747446426,2141344.707268976,2570450.678930433
2024-04-24 00:00:00+00:00,1164433.093721353,3062404.2323123273,2719918.4747446426,2142344.720478928,2571651.085677528
2024-04-25 00:00:00+00:00,1173828.066006253,3062404.2323123273,2719918.4747446426,2159629.757620287,2592399.886795125
2024-04-26 00:00:00+00:00,1161860.2309621829,3062404.2323123273,2719918.4747446426,2137611.1218047356,2565968.9169521662
2024-04-27 00:00:00+00:00,1153093.5544561828,3062404.2323123273,2719918.4747446426,2121482.034414447,2546607.707385038
2024-04-28 00:00:00+00:00,1145293.6103399014,3062404.2323123273,2719918.4747446426,2107131.558472422,2529381.526797234
2024-04-29 00:00:00+00:00,1144969.5209209886,3062404.2323123273,2719918.4747446426,2106535.2929941267,2528665.7751490735
2024-04-30 00:00:00+00:00,1130866.784270446,3062404.2323123273,2719918.4747446426,2080588.8272242139,2497519.874011476
2024-05-01 00:00:00+00:00,1138129.6470091552,3062404.2323123273,2719918.4747446426,2093951.1712933872,2513559.910101001
2024-05-02 00:00:00+00:00,1151244.176264364,3062404.2323123273,2719918.4747446426,2118079.5155176767,2542523.3546983413
2024-05-03 00:00:00+00:00,1161121.3665748248,3062404.2323123273,2719918.4747446426,2136251.745960867,2564337.134573116
2024-05-04 00:00:00+00:00,1162297.7378769019,3062404.2323123273,2719918.4747446426,2138416.054809453,2566935.15119808
2024-05-05 00:00:00+00:00,1160994.163462656,3062404.2323123273,2719918.4747446426,2136017.7154122223,2564056.2064345437
2024-05-06 00:00:00+00:00,1160899.8668634458,3062404.2323123273,2719918.4747446426,2135844.226851509,2563847.952346746
2024-05-07 00:00:00+00:00,1146460.6378372032,3062404.2323123273,2719918.4747446426,2109278.6764227613,2531958.907624551
2024-05-08 00:00:00+00:00,1135743.4426472564,3062404.2323123273,2719918.4747446426,2089560.9900590489,2508289.976541904
2024-05-09 00:00:00+00:00,1204923.609202211,3062404.2323123273,2719918.4747446426,2216839.8911655177,2661074.4099178365
2024-05-10 00:00:00+00:00,1174467.45947637,3062404.2323123273,2719918.4747446426,2160806.12510108,2593811.987602347
2024-05-11 00:00:00+00:00,1167528.161215081,3062404.2323123273,2719918.4747446426,2148039.080713506,2578486.543827426
2024-05-12 00:00:00+00:00,1166046.531294554,3062404.2323123273,2719918.4747446426,2145313.151628306,2575214.3633867987
2024-05-13 00:00:00+00:00,1170121.543777172,3062404.2323123273,2719918.4747446426,2152810.432086148,2584214.0305480794
2024-05-14 00:00:00+00:00,1136041.7056412683,3062404.2323123273,2719918.4747446426,2090109.7396213724,2508948.6905174023
2024-05-15 00:00:00+00:00,1189498.653211779,3062404.2323123273,2719918.4747446426,2188460.7827324914,2627008.38668884
2024-05-16 00:00:00+00:00,1178305.6766342311,3086244.734613711,2719918.4747446426,2167867.7453079703,2602288.6921672565
2024-05-17 00:00:00+00:00,1195248.812108729,3103067.0405679056,2719918.4747446426,2199040.027363393,2639707.6155667324
2024-05-18 00:00:00+00:00,1194528.313981259,3096241.8984190323,2727551.9875609213,2197714.442091192,2638116.3950820803
2024-05-19 00:00:00+00:00,1182285.6094179372,3049837.2988628503,2694569.6898404434,2175190.0964443376,2611078.375764648
2024-05-20 00:00:00+00:00,1234795.575582965,3265176.6923040953,2794251.629615618,2271798.866319349,2727046.663015592
2024-05-21 00:00:00+00:00,1233082.6271697506,3245029.659634412,2893163.415927871,2268647.3533562683,2723263.61556503
2024-05-22 00:00:00+00:00,1245635.608286018,3282024.505107918,2928600.3665601555,2291742.5513248886,2750986.880809039
2024-05-23 00:00:00+00:00,1253165.2485370664,3342542.6474332614,2901671.892142903,2305595.7174070943,2767616.0951716146
2024-05-24 00:00:00+00:00,1251467.6032754215,3317937.0221614754,2923062.8136638254,2302472.3594545065,2763866.8447391554
2024-05-25 00:00:00+00:00,1265164.8533043682,3360254.577857468,2972818.7862351676,2327672.8037246135,2794117.228464651
2024-05-26 00:00:00+00:00,1266467.312469577,3366586.580251349,2977485.7351548206,2330069.091266826,2796993.7102001156
2024-05-27 00:00:00+00:00,1299932.364316426,3447390.1914820955,3099198.2044931115,2391638.688980275,2870901.2943955865
2024-05-28 00:00:00+00:00,1313542.626074005,3505704.225375909,3143436.5335010067,2416679.0906812446,2900959.564479079
2024-05-29 00:00:00+00:00,1292458.4179299888,3439092.016069004,3091398.253467043,2377887.989460945,2854395.079961616
2024-05-30 00:00:00+00:00,1300956.065368532,3424065.268768013,3136783.652729553,2393522.112387041,2873162.1386950593
2024-05-31 00:00:00+00:00,1307259.1035955679,3451949.55665518,3152777.3426800296,2405118.5542448657,2887082.4018574725
2024-06-01 00:00:00+00:00,1295781.3904012835,3422241.472894889,3127525.741821528,2384001.65332756,2861733.8663715515
2024-06-02 00:00:00+00:00,1273789.66422175,3361853.1833990514,3076956.7327533355,2343540.884281248,2813165.1278064367
2024-06-03 00:00:00+00:00,1289594.0898157242,3373441.8744454756,3114328.345390414,2372618.1476414343,2848069.2098497967
2024-06-04 00:00:00+00:00,1285234.1018226726,3365719.2859946806,3109468.3008485055,2364596.564169932,2838440.1741273236
2024-06-05 00:00:00+00:00,1301626.3741010851,3400574.8321595946,3154952.251345895,2394755.358317631,2874642.515875255
2024-06-06 00:00:00+00:00,1293645.457429784,3374051.9831484132,3137501.9937355057,2380071.925849474,2857016.6573067205
2024-06-07 00:00:00+00:00,1245539.1866688316,3250852.6333509833,3020712.3071052064,2291565.1531182984,2750773.9336179486
2024-06-08 00:00:00+00:00,1231016.2960941042,3211428.2359906277,2988197.8849117137,2264845.680684354,2718700.122322947
2024-06-09 00:00:00+00:00,1238165.0106532902,3228609.2198824915,3007466.765761604,2277998.0129022044,2734488.0620993553
2024-06-10 00:00:00+00:00,1188970.3326008047,3104947.342382579,2881951.864953352,2187488.7690738747,2625841.5903480942
2024-06-11 00:00:00+00:00,1110565.7198665717,2901127.1326168496,2691329.6139444485,2043238.567788739,2452684.962846432
2024-06-12 00:00:00+00:00,1125421.7526842393,2943924.8081965423,2722922.647427121,2070570.9612476693,2485494.518956109
2024-06-13 00:00:00+00:00,1099002.9598770065,2875316.8455382576,2655649.2920017103,2021965.1962645368,2427148.6014694427
2024-06-14 00:00:00+00:00,1102119.1541017636,2887004.41384215,2661958.9952871013,2027698.4258346963,2434030.718015674
2024-06-15 00:00:00+00:00,1106235.783650311,2899738.384219781,2667149.4182085665,2035272.2741107808,2443122.2964884397
2024-06-16 00:00:00+00:00,1122268.724854526,2941568.400182125,2705968.2050132398,2064769.9645558607,2478531.05537441
2024-06-17 00:00:00+00:00,1081021.4034131563,2833591.7996790623,2606353.9794285293,1988882.4087999426,2387436.3247815226
2024-06-18 00:00:00+00:00,1041594.55839692,2730392.578594015,2511176.193311967,1916344.1979562999,2300362.117308761
2024-06-19 00:00:00+00:00,1033328.2953079342,2708740.543699546,2491228.3390178136,1901135.780072725,2282106.071030182
2024-06-20 00:00:00+00:00,1033776.219863974,2709923.4765205397,2492286.589749594,1901959.8796392686,2283095.3126423038
2024-06-21 00:00:00+00:00,1031832.0883004377,2704828.3474255763,2487598.7273631142,1898383.0318035998,2278801.6970854923
2024-06-22 00:00:00+00:00,1031253.7093026747,2703312.5597234764,2486203.5996144726,1897318.9198344585,2277524.346771808
2024-06-23 00:00:00+00:00,1031178.1561005128,2703312.5597234764,2486203.5996144726,1897179.9157090695,2277357.48748602
2024-06-24 00:00:00+00:00,1040628.5980980496,2703312.5597234764,2486203.5996144726,1914567.0070145144,2298228.793492472
2024-06-25 00:00:00+00:00,1038320.0414961295,2703312.5597234764,2486203.5996144726,1910319.683510298,2293130.3450511773
2024-06-26 00:00:00+00:00,1032975.4879849486,2703312.5597234764,2486203.5996144726,1900486.67888364,2281326.895876124
2024-06-27 00:00:00+00:00,1031570.291711299,2703312.5597234764,2486203.5996144726,1897901.3737816792,2278223.5191838895
2024-06-28 00:00:00+00:00,1011078.3298491829,2703312.5597234764,2486203.5996144726,1889026.779310455,2267570.536828291
2024-06-29 00:00:00+00:00,1013005.5999813937,2703312.5597234764,2486203.5996144726,1888449.7469767225,2266877.87247165
2024-06-30 00:00:00+00:00,1015433.2478446717,2703312.5597234764,2486203.5996144726,1888449.7469767225,2266877.87247165
2024-07-01 00:00:00+00:00,1016880.499455472,2703312.5597234764,2486203.5996144726,1888449.7469767225,2266877.87247165
2024-07-02 00:00:00+00:00,999369.0129178173,2703312.5597234764,2486203.5996144726,1864252.3249052756,2266877.87247165
2024-07-03 00:00:00+00:00,987537.7169430966,2703312.5597234764,2486203.5996144726,1865901.2134391484,2266877.87247165
2024-07-04 00:00:00+00:00,972164.0274952754,2703312.5597234764,2486203.5996144726,1855364.413539766,2266877.87247165
2024-07-05 00:00:00+00:00,965481.3054700131,2703312.5597234764,2486203.5996144726,1841610.2701596564,2266877.87247165
2024-07-06 00:00:00+00:00,989390.4513943181,2703312.5597234764,2486203.5996144726,1860713.2470764755,2266877.87247165
2024-07-07 00:00:00+00:00,975563.3010675679,2703312.5597234764,2486203.5996144726,1860471.6649185168,2266877.87247165
2024-07-08 00:00:00+00:00,976582.4238261817,2703312.5597234764,2486203.5996144726,1860471.6649185168,2266877.87247165
2024-07-09 00:00:00+00:00,976434.7155149115,2703312.5597234764,2486203.5996144726,1860471.6649185168,2266877.87247165
2024-07-10 00:00:00+00:00,978606.8789975141,2703312.5597234764,2486203.5996144726,1860471.6649185168,2266877.87247165
2024-07-11 00:00:00+00:00,973237.9225481264,2703312.5597234764,2486203.5996144726,1860471.6649185168,2266877.87247165
2024-07-12 00:00:00+00:00,972562.3012673632,2703312.5597234764,2486203.5996144726,1860471.6649185168,2266877.87247165
2024-07-13 00:00:00+00:00,966904.1855353125,2703312.5597234764,2486203.5996144726,1860471.6649185168,2266877.87247165
2024-07-14 00:00:00+00:00,972259.9432919883,2703312.5597234764,2486203.5996144726,1860471.6649185168,2266877.87247165
2024-07-15 00:00:00+00:00,986326.8282151569,2703312.5597234764,2486203.5996144726,1860471.6649185168,2266877.87247165
2024-07-16 00:00:00+00:00,990236.7340149316,2729338.558179279,2486203.5996144726,1878383.2573106247,2266877.87247165
2024-07-17 00:00:00+00:00,987386.5354959071,2710953.2861172073,2486203.5996144726,1865730.1596877584,2266877.87247165
2024-07-18 00:00:00+00:00,990786.2335941187,2715155.4464658694,2474166.3831415973,1868622.1672109023,2255902.5445971577
2024-07-19 00:00:00+00:00,1005460.71594517,2763590.50431257,2475661.379308982,1901956.1050081998,2257265.656504726
2024-07-20 00:00:00+00:00,1008497.128965696,2773604.5543677146,2484133.0242574927,1908847.966739711,2264989.957314279
2024-07-21 00:00:00+00:00,1012643.9758862496,2788996.9347266736,2499304.242023905,1919441.298765077,2278822.8139067404
2024-07-22 00:00:00+00:00,1001469.386747028,2759148.798181083,2489215.3560152706,1898899.2374729228,2269623.94038954
2024-07-23 00:00:00+00:00,989074.4643405848,2707805.0127703007,2450317.0468966216,1863563.4574563536,2234157.128165754
2024-07-24 00:00:00+00:00,982577.4176912995,2725916.81098699,2457689.9736501556,1876028.3451222917,2240879.6365377684
2024-07-25 00:00:00+00:00,981803.5825662664,2737861.454163571,2454672.582805071,1884248.8781485814,2238128.4312300524
2024-07-26 00:00:00+00:00,1014414.1882862464,2835917.3418439035,2540146.228103999,1951732.8248167208,2316061.837503649
2024-07-27 00:00:00+00:00,1005592.5784604852,2820481.8014418255,2521079.1134946435,1941109.789220087,2298676.7688767137
2024-07-28 00:00:00+00:00,1000199.0432760759,2810267.1071826788,2512357.9540690067,1934079.840290729,2290724.9650391922
2024-07-29 00:00:00+00:00,999223.2033303935,2809519.15658998,2511531.262938137,1933565.086316213,2289971.202220963
2024-07-30 00:00:00+00:00,998940.217649146,2801491.4935056292,2510498.111378679,1928040.2942790405,2289029.1923190355
2024-07-31 00:00:00+00:00,975686.5841626283,2739683.8869249118,2450363.916418173,1885503.1114045535,2234199.862992988
2024-08-01 00:00:00+00:00,959356.3057973031,2699662.231526845,2422591.55002095,1857959.4388893591,2208877.4948402746
2024-08-02 00:00:00+00:00,892787.5818178675,2514137.6977862283,2258979.6014847523,1730277.8887370732,2059698.9215865838
2024-08-03 00:00:00+00:00,854680.1723566188,2426857.0607533306,2169609.4557057945,1670209.676679362,1978212.752892555
2024-08-04 00:00:00+00:00,824555.4548395693,2351013.051713468,2101442.0346000446,1618012.371833887,1916058.8655150114
2024-08-05 00:00:00+00:00,803066.3085012264,2296961.5849919724,2051462.878576247,1580813.1134939948,1870488.7268132882
2024-08-06 00:00:00+00:00,804283.7577161357,2296236.8724256866,2050773.526911855,1580314.352375923,1869860.1877690186
2024-08-07 00:00:00+00:00,796851.9788773686,2296236.8724256866,2050773.526911855,1580314.352375923,1869860.1877690186
2024-08-08 00:00:00+00:00,799263.8510166913,2296236.8724256866,2050773.526911855,1580314.352375923,1869860.1877690186
2024-08-09 00:00:00+00:00,796440.9496804391,2296236.8724256866,2050773.526911855,1580314.352375923,1869860.1877690186
2024-08-10 00:00:00+00:00,794532.3470753997,2296236.8724256866,2050773.526911855,1580314.352375923,1869860.1877690186
2024-08-11 00:00:00+00:00,788416.6104179854,2296236.8724256866,2050773.526911855,1580314.352375923,1869860.1877690186
2024-08-12 00:00:00+00:00,790483.7617100306,2296236.8724256866,2050773.526911855,1580314.352375923,1869860.1877690186
2024-08-13 00:00:00+00:00,791684.5251933774,2296236.8724256866,2050773.526911855,1580314.352375923,1869860.1877690186
2024-08-14 00:00:00+00:00,792066.4937273196,2296236.8724256866,2050773.526911855,1580314.352375923,1869860.1877690186
2024-08-15 00:00:00+00:00,778448.6249763786,2296236.8724256866,2050773.526911855,1580314.352375923,1869860.1877690186
2024-08-16 00:00:00+00:00,768761.1133327924,2296236.8724256866,2050773.526911855,1580314.352375923,1869860.1877690186
2024-08-17 00:00:00+00:00,771755.6901650785,2296236.8724256866,2050773.526911855,1580314.352375923,1869860.1877690186
2024-08-18 00:00:00+00:00,769221.2631095892,2296236.8724256866,2050773.526911855,1580314.352375923,1869860.1877690186
2024-08-19 00:00:00+00:00,764157.7014979902,2296236.8724256866,2050773.526911855,1580314.352375923,1869860.1877690186
2024-08-20 00:00:00+00:00,769428.799465791,2296236.8724256866,2050773.526911855,1580314.352375923,1869860.1877690186
2024-08-21 00:00:00+00:00,775849.4740010158,2296236.8724256866,2050773.526911855,1580314.352375923,1869860.1877690186
2024-08-22 00:00:00+00:00,781699.4219108872,2296236.8724256866,2050773.526911855,1580314.352375923,1869860.1877690186
2024-08-23 00:00:00+00:00,784220.473882737,2296236.8724256866,2050773.526911855,1580314.352375923,1869860.1877690186
2024-08-24 00:00:00+00:00,780441.275209133,2297546.356398675,2050773.526911855,1581215.5644161834,1869860.1877690186
2024-08-25 00:00:00+00:00,778694.5330422386,2309830.2637607637,2050773.526911855,1589669.5855760553,1869860.1877690186
2024-08-26 00:00:00+00:00,756351.7366583636,2237235.4865754144,2015030.4867054655,1539708.4645474788,1837270.2957138005
2024-08-27 00:00:00+00:00,732928.916942475,2158740.7185345907,1939032.8524614745,1485686.8564063755,1767976.9540684866
2024-08-28 00:00:00+00:00,713052.2594500533,2106606.3811320346,1896999.8395820416,1449807.0033135915,1729651.9726291227
2024-08-29 00:00:00+00:00,702869.3919737433,2074361.1714382647,1878641.5866643141,1427615.2302058781,1712913.231955235
2024-08-30 00:00:00+00:00,723813.4692869867,2128369.2820315473,1949727.7809161323,1464784.6500249705,1777728.4067110976
2024-08-31 00:00:00+00:00,714446.6663139855,2111620.5476630004,1927364.8741934197,1453257.849099252,1757338.291266922
2024-09-01 00:00:00+00:00,701272.0860985855,2110904.7749774447,1926291.0206720524,1452765.2405789352,1756359.1700130387
2024-09-02 00:00:00+00:00,718577.4585846851,2110904.7749774447,1926291.0206720524,1452765.2405789352,1756359.1700130387
2024-09-03 00:00:00+00:00,687023.0566504761,2110904.7749774447,1926291.0206720524,1452765.2405789352,1756359.1700130387
2024-09-04 00:00:00+00:00,696386.958451602,2110904.7749774447,1926291.0206720524,1452765.2405789352,1756359.1700130387
2024-09-05 00:00:00+00:00,678359.5496685259,2110904.7749774447,1926291.0206720524,1452765.2405789352,1756359.1700130387
2024-09-06 00:00:00+00:00,671448.4385129574,2110904.7749774447,1926291.0206720524,1452765.2405789352,1756359.1700130387
2024-09-07 00:00:00+00:00,681442.530866893,2110904.7749774447,1926291.0206720524,1452765.2405789352,1756359.1700130387
2024-09-08 00:00:00+00:00,689003.53055618,2110904.7749774447,1926291.0206720524,1452765.2405789352,1756359.1700130387
2024-09-09 00:00:00+00:00,701957.5199008863,2110904.7749774447,1926291.0206720524,1452765.2405789352,1756359.1700130387
2024-09-10 00:00:00+00:00,709681.5993376074,2110904.7749774447,1926291.0206720524,1452765.2405789352,1756359.1700130387
2024-09-11 00:00:00+00:00,708458.5573299255,2110904.7749774447,1926291.0206720524,1452765.2405789352,1756359.1700130387
2024-09-12 00:00:00+00:00,721136.609644511,2110904.7749774447,1926291.0206720524,1452765.2405789352,1756359.1700130387
2024-09-13 00:00:00+00:00,724294.331634314,2110904.7749774447,1926291.0206720524,1452765.2405789352,1756359.1700130387
2024-09-14 00:00:00+00:00,723128.5846331301,2110904.7749774447,1926291.0206720524,1452765.2405789352,1756359.1700130387
2024-09-15 00:00:00+00:00,720164.8292825648,2102211.90957635,1926291.0206720524,1452765.2405789352,1756359.1700130387
2024-09-16 00:00:00+00:00,711785.9730556454,2097239.762479666,1926291.0206720524,1452765.2405789352,1756359.1700130387
2024-09-17 00:00:00+00:00,719854.8814736885,2101008.4321100186,1926291.0206720524,1452765.2405789352,1756359.1700130387
2024-09-18 00:00:00+00:00,735673.9280832366,2140056.5988750197,1926291.0206720524,1452765.2405789352,1756359.1700130387
2024-09-19 00:00:00+00:00,744638.7291254341,2162207.157655035,1926291.0206720524,1452765.2405789352,1756359.1700130387
2024-09-20 00:00:00+00:00,744285.6594710032,2154465.7904609866,1922686.3410010254,1452630.2686624003,1756359.1700130387
2024-09-21 00:00:00+00:00,745014.419156327,2160108.705818595,1927343.0688010724,1454655.3196805674,1770627.2219880773
2024-09-22 00:00:00+00:00,739876.7122203505,2148188.031682945,1916226.96375084,1443558.0683451598,1761153.0799332173
2024-09-23 00:00:00+00:00,756612.3468586702,2194961.6350186653,1985162.9554713727,1484245.3138397485,1811191.5354123777
2024-09-24 00:00:00+00:00,784803.0895701597,2239404.0762341535,2047337.6045312453,1518910.7887173463,1847485.1320855168
2024-09-25 00:00:00+00:00,784563.6345411262,2247342.4389452795,2040475.4829251396,1522700.5259927886,1839175.379381468
2024-09-26 00:00:00+00:00,802368.3106296028,2280755.0768007864,2073301.2562379455,1554493.6312509663,1878037.1069937502
2024-09-27 00:00:00+00:00,806335.3857387297,2291550.685760075,2080390.7418450718,1556906.135385431,1885934.5368655866
2024-09-28 00:00:00+00:00,801541.8103703726,2273216.8430491327,2074178.1870976328,1555509.8727707304,1873769.1251243162
2024-09-29 00:00:00+00:00,805685.58251688,2292764.9862796594,2087980.348648659,1571224.0726300296,1887237.2361596986
2024-09-30 00:00:00+00:00,800633.7649808422,2259899.8443010603,2073583.5257840145,1559706.7889110774,1876338.6028060103
2024-10-01 00:00:00+00:00,775022.5127350554,2189933.9065394276,2012844.1719784685,1519955.5977375556,1830150.823218123
2024-10-02 00:00:00+00:00,750561.5961438586,2132776.069036431,1954240.9433625378,1477949.038581298,1788332.0925489976
2024-10-03 00:00:00+00:00,717944.3722957447,2025616.7318320228,1873900.8410205692,1406046.328039613,1704574.1095596321
2024-10-04 00:00:00+00:00,765433.4542282114,2142830.232081259,1996653.5540391451,1484685.410997015,1796664.6524735352
2024-10-05 00:00:00+00:00,753072.411728105,2115171.620943361,1961826.2515597546,1465046.76873796,1776525.6982974382
2024-10-06 00:00:00+00:00,765500.2866736236,2135311.172125099,1997427.1374709604,1473585.0070034782,1775488.8610521918
2024-10-07 00:00:00+00:00,779308.7968086794,2159600.321369763,2030436.2932734513,1486280.6122488948,1811331.8504989226
2024-10-08 00:00:00+00:00,776461.8688051432,2152172.2596815443,2030064.7022517105,1485327.3030655251,1794687.383932551
2024-10-09 00:00:00+00:00,754419.5199719698,2091862.54497268,1974374.5094273696,1446596.4596137223,1742248.7548768031
2024-10-10 00:00:00+00:00,758003.6788145618,2099849.828814315,1982359.0964484187,1456317.589215103,1752921.39319113
2024-10-11 00:00:00+00:00,801663.7673338882,2180679.3231102596,2094940.8151389656,1522139.5984876729,1847059.7649165872
2024-10-12 00:00:00+00:00,818324.0888134823,2199292.46822457,2140951.3114458444,1541507.8854704415,1871802.2918047877
2024-10-13 00:00:00+00:00,821029.7383850393,2202688.205745107,2145638.9768759534,1543335.7641313393,1864968.6844641278
2024-10-14 00:00:00+00:00,828710.3895005404,2227934.959832412,2143901.258542504,1557302.0985311398,1863754.050989068
2024-10-15 00:00:00+00:00,822003.3357603999,2211514.3638896104,2127705.4247225625,1546093.5378526177,1843145.5736455738
2024-10-16 00:00:00+00:00,808740.0309937662,2169885.100670015,2095783.4697191394,1518708.1228118143,1815386.8982586514
2024-10-17 00:00:00+00:00,792171.6051073482,2122432.4541996587,2054159.6919169645,1486619.737277151,1779468.9574434354
2024-10-18 00:00:00+00:00,819793.5007422026,2192868.2906850814,2131925.0544104963,1536068.5705873335,1846558.964104213
2024-10-19 00:00:00+00:00,813880.2804140253,2174471.9833057784,2120771.931902972,1523125.4415450448,1836995.6698355947
2024-10-20 00:00:00+00:00,813593.5888362612,2171576.9291917626,2117487.0008112127,1521625.750562051,1834234.567247926
2024-10-21 00:00:00+00:00,811090.9693344097,2164967.9195304415,2110725.142116775,1516986.4203511227,1828357.9070722966
2024-10-22 00:00:00+00:00,808271.8018142747,2160550.9355327943,2102046.919130287,1513400.3219738188,1820799.1392738954
2024-10-23 00:00:00+00:00,783982.4149973636,2087875.6820326154,2045220.3039238064,1464907.291064239,1771635.8098703064
2024-10-24 00:00:00+00:00,793589.3801895648,2113371.441966146,2077799.8728154763,1483162.2047484526,1799856.7126875569
2024-10-25 00:00:00+00:00,754942.9118625999,2006333.8603675528,1949805.1870654386,1407942.8251448856,1689108.6946715058
2024-10-26 00:00:00+00:00,763100.0588105922,2029090.9643605212,1973218.0013988335,1423863.275289554,1709346.6118969056
2024-10-27 00:00:00+00:00,776043.1346474102,2063755.3246512825,1998109.2156292577,1448216.4714907513,1730920.830199647
2024-10-28 00:00:00+00:00,774444.3622298006,2059351.191630288,1995524.094825169,1445105.2889129107,1728683.163367143
2024-10-29 00:00:00+00:00,781330.838823098,2078632.7883180822,2016422.6641049862,1458903.3142735774,1746785.9772422514
2024-10-30 00:00:00+00:00,779944.8507888356,2074726.689696838,2012080.3734963213,1456105.1916470656,1743024.5343154026
2024-10-31 00:00:00+00:00,772807.1929967732,2055732.5729816537,1994198.8698765766,1442846.1284441154,1727534.476911173
2024-11-01 00:00:00+00:00,774202.0072453237,2059535.6976932385,1999004.0661045741,1445585.4789156332,1731697.4613488745
2024-11-02 00:00:00+00:00,762449.2070545298,2028437.9707463603,1970165.5675154435,1423789.9810751835,1706714.8277409934
2024-11-03 00:00:00+00:00,736422.3023207872,1959209.6695507895,1903345.1323633804,1375123.9145823258,1648829.2587974896
2024-11-04 00:00:00+00:00,712000.2893937754,1894450.25994037,1841574.30527186,1329921.0048586144,1595318.0523215006
2024-11-05 00:00:00+00:00,720208.7862438939,1916212.094685176,1858806.240064532,1345640.8695940766,1610245.174515272
2024-11-06 00:00:00+00:00,725503.8219220698,1930500.4656027115,1873810.083957569,1355980.463032939,1623242.4929072168
2024-11-07 00:00:00+00:00,729509.1069227464,1941194.6290509843,1884384.2593768593,1363549.9116806623,1632402.636159015
2024-11-08 00:00:00+00:00,734308.1826334966,1953963.7594585354,1896774.2713602763,1372517.6922535342,1643135.8453909776
2024-11-09 00:00:00+00:00,744181.0002734393,1980234.4398806263,1922273.4964391843,1390970.1764863292,1665225.2908682209
2024-11-10 00:00:00+00:00,768873.994390189,2045942.000229347,1986060.6028155908,1437125.8088418716,1720482.7251748447
2024-11-11 00:00:00+00:00,805001.4645685388,2142060.5134312403,2079285.6449207244,1504617.8663492755,1801241.646220805
2024-11-12 00:00:00+00:00,794841.0588788739,2115023.215855667,2053035.0651378105,1485624.7269254208,1778501.319547707
2024-11-13 00:00:00+00:00,803750.8553660952,2138736.3528241417,2076078.0851120376,1502288.7195752824,1798462.999820929
2024-11-14 00:00:00+00:00,785018.533864382,2088878.122485247,2027614.2310022372,1467247.3252552273,1756479.792577084
2024-11-15 00:00:00+00:00,842233.3951953365,2241099.286600439,2175247.017891125,1574131.4268730185,1884371.0162969418
2024-11-16 00:00:00+00:00,868317.1628310769,2310504.2786059594,2242605.6469924995,1622878.8739340943,1942722.3901108855
2024-11-17 00:00:00+00:00,866360.4449173233,2305312.2553988015,2237643.262272721,1619255.3343814407,1938423.5620629403
2024-11-18 00:00:00+00:00,869134.7037734748,2312693.928811324,2244806.1701792646,1624439.602761707,1944628.6398701926
2024-11-19 00:00:00+00:00,877333.3051217634,2334510.7199358204,2265987.856731739,1639765.353256751,1962977.8907291887
2024-11-20 00:00:00+00:00,864355.4663099234,2299978.708252926,2232474.3649914786,1615511.4841906275,1933945.8525714583
2024-11-21 00:00:00+00:00,876585.5520584045,2332518.558663859,2264041.22130292,1638362.1441992354,1961291.5641707403
2024-11-22 00:00:00+00:00,891403.5743737798,2371950.2827192307,2302327.172632561,1666062.5843259091,1994457.8804214129
2024-11-23 00:00:00+00:00,890166.5512276215,2368658.8086645817,2299133.0558469924,1663750.8712728256,1991690.8836766873
2024-11-24 00:00:00+00:00,893467.4607739056,2377441.954805606,2307656.8181729415,1669919.6961497893,1999074.8410828966
2024-11-25 00:00:00+00:00,878745.4160136752,2338267.387085326,2269629.8101639743,1642402.70199914,1966132.8398517058
2024-11-26 00:00:00+00:00,899032.1644905962,2392248.578897025,2322025.730225201,1680318.963143543,2011522.3298101763
2024-11-27 00:00:00+00:00,935576.3000332622,2489489.2860062113,2416411.2215507086,1748620.7447759588,2093286.5072526482
2024-11-28 00:00:00+00:00,937795.3647479021,2495394.399260515,2422144.947370165,1752769.094244799,2098253.5135695776
2024-11-29 00:00:00+00:00,983403.1295659186,2616754.140404732,2539949.308833284,1838014.484579134,2200304.966643755
2024-11-30 00:00:00+00:00,993588.1325362923,2643855.8753173137,2566257.0919356504,1857051.266644476,2223094.8486029226
2024-12-01 00:00:00+00:00,993922.2161966794,2644744.8561986363,2567120.04342165,1857675.7080775849,2223842.4054131256
2024-12-02 00:00:00+00:00,1013992.7096669908,2698150.650706605,2618957.6625426877,1895187.8714325838,2268748.2508951565
2024-12-03 00:00:00+00:00,1028811.794965484,2737583.0124208545,2657232.665180809,1922885.2666597976,2301905.0852043936
2024-12-04 00:00:00+00:00,1042474.5849554839,2773938.554615369,2692521.084586383,1948421.4746233616,2332474.7049362953
2024-12-05 00:00:00+00:00,1040349.494805938,2768283.922204456,2687032.718966443,1944449.736580302,2327720.2485127645
2024-12-06 00:00:00+00:00,1086665.7473965746,2891527.574950344,2806658.7457945086,2031016.2944076383,2431349.7738022427
2024-12-07 00:00:00+00:00,1074778.513714354,2859896.6559583643,2775956.356450139,2008798.6974850835,2404752.935983196
2024-12-08 00:00:00+00:00,1076769.3154674713,2865194.0117127434,2781098.2151024607,2012519.5690178643,2409207.2206018087
2024-12-09 00:00:00+00:00,981487.4541038752,2611656.869224722,2535002.6118017393,1834434.439391444,2196019.746236092
2024-12-10 00:00:00+00:00,984618.1497790865,2619987.3745226595,2543088.5215801005,1840285.7808546969,2203024.400791003
2024-12-11 00:00:00+00:00,1065438.1663812108,2835042.780741853,2751832.046462443,1991341.2974822067,2383854.5507508377
2024-12-12 00:00:00+00:00,1093161.0474542598,2908811.0987340463,2823435.343190525,2043156.3939531716,2445882.989181954
2024-12-13 00:00:00+00:00,1099927.1676910778,2926815.1897756285,2840911.0268505365,2055802.5216343168,2461021.8084485023
2024-12-14 00:00:00+00:00,1101055.0729221792,2929816.4450108856,2843824.154678794,2057910.5994520187,2463545.390170574
2024-12-15 00:00:00+00:00,1101315.3945876905,2930509.131985265,2844496.471495956,2058397.132706041,2464127.804177714
2024-12-16 00:00:00+00:00,1100338.8002510993,2927910.499006968,2841974.130107313,2056571.8521953584,2461942.7525797687
2024-12-17 00:00:00+00:00,1095866.7051380342,2916010.623676861,2830423.5235556187,2048213.348760645,2451936.7036908595
2024-12-18 00:00:00+00:00,1065220.0192204535,2834462.330974766,2751268.748335799,1990933.6227899834,2383366.5773377633
2024-12-19 00:00:00+00:00,997103.230028776,2653209.184419023,2575335.4811327294,1863620.936268494,2230959.2673922842
2024-12-20 00:00:00+00:00,1052129.4431905379,2799629.378724283,2717458.1026802124,1966466.8475657997,2354077.1221291116
2024-12-21 00:00:00+00:00,990807.2567842237,2636456.130615608,2559074.1950158654,1851853.5642582297,2216872.455301419
2024-12-22 00:00:00+00:00,1003726.7578934506,2670833.8527858164,2592442.8986767144,1876000.562591759,2245779.065419661
2024-12-23 00:00:00+00:00,1019748.7000524597,2713466.9027537187,2633824.5713395337,1905946.1066376974,2281627.143016695
2024-12-24 00:00:00+00:00,1031520.5848951748,2744790.9136330495,2664229.1957732877,1927948.171330211,2307966.033289737
2024-12-25 00:00:00+00:00,1031331.5246626496,2744287.8401503433,2663740.8886777945,1927594.8114667241,2307543.023065057
2024-12-26 00:00:00+00:00,1023255.4070532129,2722797.959522417,2642881.7525089793,1912500.2642409434,2289473.18964466
2024-12-27 00:00:00+00:00,996007.8865309632,2650294.562255783,2572506.38550833,1861573.6921985103,2228508.481024449
2024-12-28 00:00:00+00:00,1019604.1716918207,2713082.3243814055,2633451.2787097585,1905675.9772216515,2281303.767418914
2024-12-29 00:00:00+00:00,984934.4724538702,2620829.123768451,2543905.7802281342,1840877.0926976358,2203732.374815968
2024-12-30 00:00:00+00:00,976817.3773254069,2599230.205353553,2522940.8066154826,1825705.9570510206,2185570.8566314327
2024-12-31 00:00:00+00:00,966508.9127505985,2571675.843995755,2496195.186882237,1806439.0750119912,2162506.279490335
2025-01-01 00:00:00+00:00,970992.0572671577,2571371.110272506,2495899.397327329,1814818.2294333477,2172537.0490273726
2025-01-02 00:00:00+00:00,972662.1328741778,2571371.110272506,2495899.397327329,1817939.6593482324,2176273.74398824
2025-01-03 00:00:00+00:00,990866.3356926164,2595386.597992366,2495899.397327329,1851963.9532359466,2217004.5664042914
2025-01-04 00:00:00+00:00,986262.8353226327,2583080.255286264,2495899.397327329,1843359.8494967236,2206704.5077846153
2025-01-05 00:00:00+00:00,983690.408950847,2576548.427234563,2495899.397327329,1838551.8943354452,2200948.8565858738
2025-01-06 00:00:00+00:00,988452.9040530035,2589138.762464653,2500706.0674788873,1847453.1648085522,2211604.6564740315
2025-01-07 00:00:00+00:00,934441.7635657055,2436746.583822388,2389415.4108739477,1746504.4478599303,2090757.9380176915
2025-01-08 00:00:00+00:00,909724.1283446748,2369466.8437632928,2320201.879744647,1700306.320231997,2035453.6974943145
2025-01-09 00:00:00+00:00,871626.2711183068,2275726.2978328094,2240462.380799077,1629100.0881326732,1950212.005049522
2025-01-10 00:00:00+00:00,892428.2437777631,2325402.5639768294,2290415.726120952,1667979.7050232587,1996755.1831906796
2025-01-11 00:00:00+00:00,904931.8074949046,2344496.968927743,2312023.7798400926,1691349.3043899788,2024731.1642676694
2025-01-12 00:00:00+00:00,900138.6255704018,2341715.162441031,2309658.6842489787,1682390.6791690663,2014006.7044374547
2025-01-13 00:00:00+00:00,916821.770837855,2341715.162441031,2309658.6842489787,1713572.0631246911,2051334.2509567395
2025-01-14 00:00:00+00:00,922942.3310683095,2341715.162441031,2309658.6842489787,1725011.604980247,2065028.6408972347
2025-01-15 00:00:00+00:00,961005.7886051607,2341715.162441031,2309658.6842489787,1796153.54285277,2150193.366080324
2025-01-16 00:00:00+00:00,966840.0743651459,2379473.6091973176,2309658.6842489787,1807058.0276769795,2163247.233898506
2025-01-17 00:00:00+00:00,981167.7316925324,2401384.9786754753,2309658.6842489787,1833836.9220130034,2195304.516073187
2025-01-18 00:00:00+00:00,980238.8063299725,2412563.1695868364,2342339.400909207,1832100.7279122113,2193226.1007547434
2025-01-19 00:00:00+00:00,935326.6110759764,2287001.977788125,2189756.142571551,1748158.2589081074,2092737.7317602192
2025-01-20 00:00:00+00:00,960956.2602339721,2332114.978488712,2246638.7994265873,1796060.9725889717,2150082.549291934
2025-01-21 00:00:00+00:00,970986.7514487574,2347744.589202071,2281917.3349960484,1814808.3126629042,2172525.1775511065
2025-01-22 00:00:00+00:00,946346.7099754276,2307488.195383837,2219061.8956192406,1768755.210472329,2117394.5484288684
2025-01-23 00:00:00+00:00,947256.7526868759,2297453.7034711107,2214336.53093377,1770456.1122355587,2119430.7149371263
2025-01-24 00:00:00+00:00,947280.400726177,2293810.443791008,2213581.974033343,1770500.311250878,2119483.626020315
2025-01-25 00:00:00+00:00,948295.6419706417,2289774.1809870936,2216818.2336596115,1772397.8327639815,2121755.167997172
2025-01-26 00:00:00+00:00,941391.5545866496,2259295.5138294008,2202769.000785035,1759493.8511626625,2106307.6825939417
2025-01-27 00:00:00+00:00,951704.5528621045,2266491.892641781,2230605.033902967,1778769.2068468141,2129382.403619782
2025-01-28 00:00:00+00:00,931689.8414939963,2217852.9754065587,2181311.0117629906,1741361.0089365998,2084600.675852894
2025-01-29 00:00:00+00:00,947656.9428164524,2256737.0802730164,2224651.0096008377,1771204.0816313494,2120326.116579853
2025-01-30 00:00:00+00:00,975849.2189425549,2324210.740014572,2292986.7565604215,1823896.435044205,2183404.659726857
2025-01-31 00:00:00+00:00,967382.5483646473,2304183.9321599463,2268377.346499758,1808071.9306187439,2164460.9872482265
2025-02-01 00:00:00+00:00,934626.6482173325,2226353.8896539453,2197150.4188943803,1746850.0037619597,2091171.6064433786
2025-02-02 00:00:00+00:00,895402.3071676218,2133042.454297977,2111667.3880354487,1673538.333865817,2003409.4733594807
2025-02-03 00:00:00+00:00,947474.5583987378,2225615.979694854,2198782.387517842,1770863.1987543432,2119918.042279265
2025-02-04 00:00:00+00:00,906422.6433160603,2131988.7204079344,2106015.867115072,1694135.7288567214,2028066.820858647
2025-02-05 00:00:00+00:00,890016.9671378396,2109076.104939731,2081464.1304658484,1663472.9443659263,1991360.0949442564
2025-02-06 00:00:00+00:00,873904.1366039121,2089528.4718446564,2061933.9125687047,1633357.4986609565,1955308.5937632758
2025-02-07 00:00:00+00:00,865557.8365198532,2088437.5631570239,2060544.6444984332,1617757.9709125818,1936634.2431143508
2025-02-08 00:00:00+00:00,864305.0642520601,2088437.5631570239,2060544.6444984332,1615416.4955813559,1933831.239582678
2025-02-09 00:00:00+00:00,860071.3228000134,2088437.5631570239,2060544.6444984332,1607503.4842355512,1924358.494577569
2025-02-10 00:00:00+00:00,861547.5615957929,2088437.5631570239,2060544.6444984332,1610262.626349549,1927661.4911911925
2025-02-11 00:00:00+00:00,861425.7707252915,2088437.5631570239,2060544.6444984332,1610034.9949386544,1927388.9913530997
2025-02-12 00:00:00+00:00,871610.6560340469,2088437.5631570239,2060544.6444984332,1629070.9029922597,1950177.0672261503
2025-02-13 00:00:00+00:00,877718.6058276528,2088437.5631570239,2060544.6444984332,1640486.87549881,1963843.2420632713
2025-02-14 00:00:00+00:00,897071.2528911447,2088437.5631570239,2060544.6444984332,1676657.6519903052,2007143.6402767012
2025-02-15 00:00:00+00:00,908731.4360911292,2088437.5631570239,2060544.6444984332,1698450.9435742851,2033232.6075453358
2025-02-16 00:00:00+00:00,898337.9813579526,2088437.5631570239,2060544.6444984332,1679025.2119472458,2009977.8699746397
2025-02-17 00:00:00+00:00,894225.0434436847,2088437.5631570239,2060544.6444984332,1671337.9866528297,2000775.4157093067
2025-02-18 00:00:00+00:00,893893.3534169969,2088437.5631570239,2060544.6444984332,1670718.046353168,2000033.2789777322
2025-02-19 00:00:00+00:00,899951.3744896065,2088437.5631570239,2060544.6444984332,1682040.7003280602,2013587.7412675032
2025-02-20 00:00:00+00:00,893872.3557284415,2088437.5631570239,2060544.6444984332,1670678.8009364,1999986.2978968997
2025-02-21 00:00:00+00:00,887869.7911060809,2088437.5631570239,2060544.6444984332,1659459.7970131198,1986555.916120322
2025-02-22 00:00:00+00:00,891420.1340267701,2088437.5631570239,2060544.6444984332,1666095.5125217582,1994499.5975069418
2025-02-23 00:00:00+00:00,891754.8467510248,2088437.5631570239,2060544.6444984332,1666721.102349246,1995248.4973447667
2025-02-24 00:00:00+00:00,859923.3558788006,2088437.5631570239,2060544.6444984332,1607226.9288672982,1924027.4273809262
2025-02-25 00:00:00+00:00,886205.3485122926,2088437.5631570239,2060544.6444984332,1635992.9039761703,1958463.463817818
2025-02-26 00:00:00+00:00,896867.3518629621,2088437.5631570239,2060544.6444984332,1662476.1651712258,1990166.8406033786
2025-02-27 00:00:00+00:00,858287.917988914,2088437.5631570239,2060544.6444984332,1633331.7832830995,1955277.8096273122
2025-02-28 00:00:00+00:00,880857.539485451,2088437.5631570239,2060544.6444984332,1630323.0888422567,1951676.0714279218
2025-03-01 00:00:00+00:00,878236.5698146599,2088437.5631570239,2060544.6444984332,1629563.1161360994,1950766.300502333
2025-03-02 00:00:00+00:00,884626.6507315486,2088437.5631570239,2060544.6444984332,1629563.1161360994,1950766.300502333
2025-03-03 00:00:00+00:00,784096.6206382872,2088437.5631570239,2060544.6444984332,1477948.0263477513,1950766.300502333
2025-03-04 00:00:00+00:00,787895.348929597,2088437.5631570239,2060544.6444984332,1506029.2472286848,1950766.300502333
2025-03-05 00:00:00+00:00,797725.2408663243,2088437.5631570239,2060544.6444984332,1522829.96171565,1950766.300502333
2025-03-06 00:00:00+00:00,770623.0965367798,2088437.5631570239,2060544.6444984332,1457869.4950450188,1950766.300502333
2025-03-07 00:00:00+00:00,752429.8053715233,2088437.5631570239,2060544.6444984332,1440989.7122317906,1950766.300502333
2025-03-08 00:00:00+00:00,758786.2344675459,2088437.5631570239,2060544.6444984332,1438658.7545541825,1950766.300502333
2025-03-09 00:00:00+00:00,733018.4741929576,2088437.5631570239,2060544.6444984332,1438658.7545541825,1950766.300502333
2025-03-10 00:00:00+00:00,703190.1745522853,2088437.5631570239,2060544.6444984332,1438658.7545541825,1950766.300502333
2025-03-11 00:00:00+00:00,749718.3132657529,2088437.5631570239,2060544.6444984332,1438658.7545541825,1950766.300502333
2025-03-12 00:00:00+00:00,746227.3869021614,2088437.5631570239,2060544.6444984332,1438658.7545541825,1950766.300502333
2025-03-13 00:00:00+00:00,711095.7562183561,2088437.5631570239,2060544.6444984332,1438658.7545541825,1950766.300502333
2025-03-14 00:00:00+00:00,724119.2219163541,2088437.5631570239,2060544.6444984332,1438658.7545541825,1950766.300502333
2025-03-15 00:00:00+00:00,733633.5880719726,2088437.5631570239,2060544.6444984332,1438658.7545541825,1950766.300502333
2025-03-16 00:00:00+00:00,733480.2227887106,2088437.5631570239,2060544.6444984332,1438658.7545541825,1950766.300502333
2025-03-17 00:00:00+00:00,736305.576478045,2088437.5631570239,2060544.6444984332,1438658.7545541825,1950766.300502333
2025-03-18 00:00:00+00:00,723401.3432951738,2088437.5631570239,2060544.6444984332,1438658.7545541825,1950766.300502333
2025-03-19 00:00:00+00:00,730810.0889354069,2088437.5631570239,2060544.6444984332,1438658.7545541825,1950766.300502333
2025-03-20 00:00:00+00:00,733620.4259722012,2088437.5631570239,2060544.6444984332,1438658.7545541825,1950766.300502333
2025-03-21 00:00:00+00:00,746946.7828426713,2088437.5631570239,2060544.6444984332,1438658.7545541825,1950766.300502333
2025-03-22 00:00:00+00:00,736930.5008834982,2088437.5631570239,2060544.6444984332,1438658.7545541825,1950766.300502333
2025-03-23 00:00:00+00:00,709354.8711912802,2088437.5631570239,2060544.6444984332,1438658.7545541825,1950766.300502333
2025-03-24 00:00:00+00:00,710348.4714618672,2088437.5631570239,2060544.6444984332,1438658.7545541825,1950766.300502333
2025-03-25 00:00:00+00:00,707132.0211043902,2088437.5631570239,2060544.6444984332,1438658.7545541825,1950766.300502333
2025-03-26 00:00:00+00:00,700889.4928544704,2088437.5631570239,2060544.6444984332,1438658.7545541825,1950766.300502333
2025-03-27 00:00:00+00:00,705028.7943730102,2088437.5631570239,2060544.6444984332,1438658.7545541825,1950766.300502333
2025-03-28 00:00:00+00:00,688212.7882182046,2088437.5631570239,2060544.6444984332,1438658.7545541825,1950766.300502333
2025-03-29 00:00:00+00:00,661372.566087543,2088437.5631570239,2060544.6444984332,1438658.7545541825,1950766.300502333
2025-03-30 00:00:00+00:00,661833.4632701876,2088437.5631570239,2060544.6444984332,1438658.7545541825,1950766.300502333
2025-03-31 00:00:00+00:00,665374.4900538896,2088437.5631570239,2060544.6444984332,1438658.7545541825,1950766.300502333
2025-04-01 00:00:00+00:00,675701.8130089627,2088437.5631570239,2060544.6444984332,1438658.7545541825,1950766.300502333
2025-04-02 00:00:00+00:00,668003.2506599836,2088437.5631570239,2060544.6444984332,1438658.7545541825,1950766.300502333
2025-04-03 00:00:00+00:00,682717.4951549115,2088437.5631570239,2060544.6444984332,1438658.7545541825,1950766.300502333
2025-04-04 00:00:00+00:00,689900.4897595535,2088437.5631570239,2060544.6444984332,1438658.7545541825,1950766.300502333
2025-04-05 00:00:00+00:00,689051.2810966301,2088437.5631570239,2060544.6444984332,1438658.7545541825,1950766.300502333
2025-04-06 00:00:00+00:00,634121.185974799,2088437.5631570239,2060544.6444984332,1438658.7545541825,1950766.300502333
2025-04-07 00:00:00+00:00,660569.037207178,2088437.5631570239,2060544.6444984332,1438658.7545541825,1950766.300502333
2025-04-08 00:00:00+00:00,642244.447821256,2088437.5631570239,2060544.6444984332,1438658.7545541825,1950766.300502333
2025-04-09 00:00:00+00:00,697878.4919977698,2088437.5631570239,2060544.6444984332,1438658.7545541825,1950766.300502333
2025-04-10 00:00:00+00:00,691365.2462269304,2088437.5631570239,2060544.6444984332,1438658.7545541825,1950766.300502333
2025-04-11 00:00:00+00:00,689026.0458759875,2088437.5631570239,2060544.6444984332,1438658.7545541825,1950766.300502333
2025-04-12 00:00:00+00:00,690272.8867814592,2088437.5631570239,2060544.6444984332,1438658.7545541825,1950766.300502333
2025-04-13 00:00:00+00:00,633134.3615555924,2073343.375035689,2060544.6444984332,1438658.7545541825,1950766.300502333
2025-04-14 00:00:00+00:00,638782.5377613015,2099072.420410274,2060544.6444984332,1438658.7545541825,1950766.300502333
2025-04-15 00:00:00+00:00,643261.5221710276,2104220.927710364,2060544.6444984332,1438658.7545541825,1950766.300502333
2025-04-16 00:00:00+00:00,632345.2072013754,2084465.241315168,2060544.6444984332,1438658.7545541825,1950766.300502333
2025-04-17 00:00:00+00:00,632948.8183939965,2081512.4915071195,2060544.6444984332,1438658.7545541825,1950766.300502333
2025-04-18 00:00:00+00:00,630815.9175442411,2073486.141222331,2060544.6444984332,1438658.7545541825,1950766.300502333
2025-04-19 00:00:00+00:00,627641.170296467,2077043.4267271103,2060544.6444984332,1438658.7545541825,1950766.300502333
2025-04-20 00:00:00+00:00,622666.1722038324,2076733.5380352251,2060544.6444984332,1438658.7545541825,1950766.300502333
2025-04-21 00:00:00+00:00,626252.2450510989,2076733.5380352251,2060544.6444984332,1438658.7545541825,1950766.300502333
2025-04-22 00:00:00+00:00,622813.7723612536,2071337.1277086004,2058281.2042986809,1440754.0244302903,1950766.300502333
2025-04-23 00:00:00+00:00,633778.8987010261,2094335.7730971961,2081459.0857529573,1457363.0067586692,1950766.300502333
2025-04-24 00:00:00+00:00,638084.7960824731,2110069.5441550766,2100979.499787505,1470732.155912436,1950766.300502333
2025-04-25 00:00:00+00:00,657211.4894363248,2176196.9875749117,2177473.192887785,1524026.2646009927,1950988.5847260165
2025-04-26 00:00:00+00:00,654842.1435467287,2167229.3643158274,2165253.957983267,1515773.6301428599,1950929.635461219
2025-04-27 00:00:00+00:00,654707.5990033819,2166707.5993975736,2165478.8205895484,1517704.2620732356,1942920.1605110087
2025-04-28 00:00:00+00:00,666001.0288870039,2207653.2771917144,2223819.0695600607,1551833.2019127705,1969971.4849874685
2025-04-29 00:00:00+00:00,659080.6953320217,2183839.9981786143,2197037.2776441933,1535812.644351991,1945471.248201813
2025-04-30 00:00:00+00:00,674644.7454991735,2234560.56740678,2246310.991025799,1569820.3314355407,1982533.5780303488
2025-05-01 00:00:00+00:00,666053.7872466814,2208305.7634051004,2221663.504848567,1555277.8615003303,1971735.2663750458
2025-05-02 00:00:00+00:00,674588.2490097913,2237532.4811518816,2252907.3298497917,1574760.5632170916,1996147.5904802976
2025-05-03 00:00:00+00:00,656178.5088202057,2177900.233822994,2198934.616381772,1533331.300066555,1972949.2543918851
2025-05-04 00:00:00+00:00,653284.2432821008,2169281.630042607,2192347.488654723,1528765.9116988913,1974266.817922735
2025-05-05 00:00:00+00:00,651249.9787222145,2163655.8924577264,2191745.396668325,1525252.1847407431,1967891.791548964
2025-05-06 00:00:00+00:00,643935.5303981665,2141911.0541616045,2176744.057108274,1510794.136988711,1933205.8157401579
2025-05-07 00:00:00+00:00,642169.7294325085,2137487.929687859,2181627.523375914,1507333.511402821,1924661.9246402658
2025-05-08 00:00:00+00:00,693542.2003319404,2309038.106355213,2392898.97056215,1626536.2178958452,2081516.9711019327
2025-05-09 00:00:00+00:00,703656.4460528961,2342104.4419774534,2437268.077974759,1649331.3229755773,2106939.513997904
2025-05-10 00:00:00+00:00,715505.1743400758,2381028.803936269,2477187.244075644,1676312.3125260235,2138424.9179617213
2025-05-11 00:00:00+00:00,712703.7632940375,2372203.6866342463,2467525.4360448713,1670594.9970564551,2134652.8335083807
2025-05-12 00:00:00+00:00,720837.1087347954,2399349.4629617,2494197.7890808415,1689550.0924854996,2160142.96600554
2025-05-13 00:00:00+00:00,730558.2514916926,2431556.4360797587,2526587.6737161353,1711688.0562143207,2188317.3658544617
2025-05-14 00:00:00+00:00,726899.2967973356,2419090.076840858,2512078.642475176,1701953.0282546878,2175371.2220824775
2025-05-15 00:00:00+00:00,698721.9444309514,2325367.579284279,2415510.298178112,1636161.418836731,2091292.2595426373
2025-05-16 00:00:00+00:00,692977.7067411132,2306078.0833359133,2394178.1886443314,1622418.8619566266,2072827.2783290143
2025-05-17 00:00:00+00:00,673814.992793886,2242412.5195697257,2328060.6259246217,1577590.866510849,2016512.9225595493
2025-05-18 00:00:00+00:00,721726.4409235367,2401482.603900428,2495433.9958802066,1689266.6081006618,2155911.4808030645
2025-05-19 00:00:00+00:00,724464.8121209524,2410695.7805741075,2503683.292194845,1695968.48124043,2165267.1495984704
2025-05-20 00:00:00+00:00,726253.6075752338,2416746.0861326605,2510225.062293697,1700424.394398657,2171403.2112999437
2025-05-21 00:00:00+00:00,726514.6445089725,2417531.1923134285,2510845.0561011853,1700800.4045776734,2171507.392160859
2025-05-22 00:00:00+00:00,733201.236565923,2439739.4760462316,2533826.516530399,1716336.2010462512,2191151.28629397
2025-05-23 00:00:00+00:00,730402.6948317841,2430416.6616793526,2524118.491841737,1709755.256217074,2182702.147950917
2025-05-24 00:00:00+00:00,730373.75438932,2430304.477730224,2523970.532650372,1709642.7992877925,2182485.7695305552
2025-05-25 00:00:00+00:00,735774.0108261544,2448333.9052710095,2542812.319891772,1722452.992769402,2199115.177507306
2025-05-26 00:00:00+00:00,737419.380590189,2453772.6670760727,2548390.1589195924,1726202.6153116263,2203735.775160701
2025-05-27 00:00:00+00:00,755155.5553983309,2512844.9816470747,2609847.7624959275,1767875.3895192468,2257189.0625225967
2025-05-28 00:00:00+00:00,755247.8923817666,2513152.5294569675,2610167.7381018633,1768092.3695231027,2257467.4246318573
2025-05-29 00:00:00+00:00,749864.8806148968,2495227.0367099866,2591524.7802314144,1755453.5806152243,2241270.526184921
2025-05-30 00:00:00+00:00,718104.5228633096,2389620.8264532387,2481996.58888058,1681322.8925436453,2146984.9309105566
2025-05-31 00:00:00+00:00,689346.6775938154,2293942.1626983527,2382655.0245544524,1614042.368292762,2061153.7189960573
2025-06-01 00:00:00+00:00,698968.2494504413,2325964.728530853,2415925.3763799323,1636583.9577212902,2089961.7360070348
2025-06-02 00:00:00+00:00,701481.6980207182,2334270.388434126,2424438.043479875,1642304.7116432704,2096999.479378931
2025-06-03 00:00:00+00:00,697479.3170721073,2320942.8172106612,2410577.688355267,1632908.6486238644,2084960.092226744
2025-06-04 00:00:00+00:00,704642.2603402933,2344846.8387228977,2435538.605117323,1649871.0438511164,2106932.7303099846
2025-06-05 00:00:00+00:00,690062.0192801456,2296328.4234650712,2385144.4904504353,1615733.6431539224,2063340.2836956116
2025-06-06 00:00:00+00:00,701754.6091271474,2335237.356780624,2425557.049283482,1643109.220312021,2098296.7281886535
2025-06-07 00:00:00+00:00,713636.6654081934,2374776.920220185,2466624.902995468,1670928.814940758,2133820.8396572024
2025-06-08 00:00:00+00:00,710848.2729905492,2365498.3781412537,2456988.3265760127,1664401.1867622044,2125486.826464665
2025-06-09 00:00:00+00:00,743183.0770932779,2473097.6573042236,2568746.003137338,1740106.24144828,2222156.77672869
2025-06-10 00:00:00+00:00,739858.1714792928,2462032.917333031,2557252.5105372076,1732320.0509457765,2212211.7059046086
2025-06-11 00:00:00+00:00,738844.7798140898,2458660.7905799896,2553750.2515615337,1729947.6848940123,2209182.811546845
2025-06-12 00:00:00+00:00,703863.6568843673,2342254.3807313405,2432842.9697636752,1648043.804981953,2104592.4581887345
2025-06-13 00:00:00+00:00,702846.1833120938,2338868.991972772,2429327.563271662,1645662.7861245563,2101553.9889332154
2025-06-14 00:00:00+00:00,685827.4133850886,2282235.9559130836,2370505.177196893,1605816.0264546373,2050670.9955982785
2025-06-15 00:00:00+00:00,689208.8675731043,2293488.3660104587,2382192.607630215,1613733.1936668358,2060780.9996482274
2025-06-16 00:00:00+00:00,689460.3021304482,2294325.25658164,2383062.2350794533,1614322.4413022958,2061534.351559761
2025-06-17 00:00:00+00:00,684709.2385591794,2278514.3374414537,2366638.339689704,1603196.0562347027,2047322.2165166861
2025-06-18 00:00:00+00:00,684599.1407102365,2278147.948438543,2366257.7505096355,1602938.2274757086,2046992.8928677053
2025-06-19 00:00:00+00:00,684879.9856835727,2279082.519293307,2367228.466901319,1603595.8052157336,2047832.6363981392
2025-06-20 00:00:00+00:00,682956.7826031859,2272682.6555987075,2360581.0815544995,1599092.7673808099,2042082.1423045935
2025-06-21 00:00:00+00:00,671426.3138732981,2233344.708923744,2319721.697682323,1572095.0278958185,2007605.3418550685
2025-06-22 00:00:00+00:00,661702.618015813,2213070.9178019916,2298663.7959824903,1549327.7134869392,1978530.90200164
2025-06-23 00:00:00+00:00,700303.000403888,2281370.340881085,2369604.7724461034,1639707.6528938808,2093948.3845433178
2025-06-24 00:00:00+00:00,723991.2186955059,2294547.806306441,2383291.89039921,1695171.8630736358,2164777.59184381
2025-06-25 00:00:00+00:00,721819.1938736414,2302684.051454871,2382226.7352835923,1690086.2276872997,2158283.106090457
2025-06-26 00:00:00+00:00,713835.8161674594,2299335.496034259,2389535.6786501845,1671393.7395637622,2134412.3232533773
2025-06-27 00:00:00+00:00,714235.1827807453,2301527.02520818,2422460.4509070907,1672328.8269356731,2135606.4536147537
2025-06-28 00:00:00+00:00,723404.9373681266,2331019.596585121,2454063.519719394,1693799.1287383554,2163024.575190075
2025-06-29 00:00:00+00:00,725534.0513514951,2337773.6307447245,2470266.9606247894,1698784.2915755336,2169390.7549484232
2025-06-30 00:00:00+00:00,726518.7049816803,2340918.8815465467,2453628.0392341614,1701089.7851860435,2172334.928937448
2025-07-01 00:00:00+00:00,726452.3858508873,2340708.843629581,2452657.782785506,1700934.5038489213,2172136.630719812
2025-07-02 00:00:00+00:00,726476.0657707866,2340785.14899358,2452738.0976045174,1700989.9486290468,2172207.435114467
2025-07-03 00:00:00+00:00,726349.81233119,2341845.5126789287,2452309.885761154,1700694.3355430108,2171829.9296836318
2025-07-04 00:00:00+00:00,726064.6638739558,2331289.837945332,2452309.885761154,1700026.6815314395,2170977.318526706
2025-07-05 00:00:00+00:00,728724.7985907469,2335347.808383329,2452309.885761154,1706255.1901203082,2178931.2824389087
2025-07-06 00:00:00+00:00,729627.4542313381,2342913.4485841515,2452309.885761154,1708368.6915060556,2181630.277472916
2025-07-07 00:00:00+00:00,724127.5529360315,2334052.302728447,2458128.5727791623,1695491.0796168842,2165185.23950269
2025-07-08 00:00:00+00:00,741380.8840411961,2392006.7204998457,2496804.06610878,1735888.4776496957,2216773.744441757
2025-07-09 00:00:00+00:00,744975.1480327663,2403992.600451849,2501781.8778785514,1744304.1808097083,2227520.8114603646
2025-07-10 00:00:00+00:00,761484.9020450307,2516765.1718796142,2626703.1963876123,1782960.5481043467,2276885.9758574897
2025-07-11 00:00:00+00:00,757695.0986351469,2593043.5559796467,2597039.6420219354,1774087.0038663093,2265554.234135431
2025-07-12 00:00:00+00:00,763629.0593295731,2648738.1155632897,2601730.4902717695,1787980.9337180378,2283297.1359974956
2025-07-13 00:00:00+00:00,742380.0223927313,2668154.794760392,2553081.57609917,1738227.8861633786,2219761.228624887
2025-07-14 00:00:00+00:00,742766.6432174231,2667798.380056934,2555629.28062764,1739133.1302143768,2220917.248306106
2025-07-15 00:00:00+00:00,742012.77773334,2675990.047751341,2551591.3792520794,1737368.009969592,2218663.1448514187
2025-07-16 00:00:00+00:00,748367.2225489892,2704842.216754133,2562602.297784097,1752246.4722752555,2237663.319702235
2025-07-17 00:00:00+00:00,758771.1247011019,2748820.3194007715,2593263.3031974835,1776606.4392736,2268771.617241321
2025-07-18 00:00:00+00:00,760930.935074243,2769435.088364261,2612246.774883035,1781663.475435913,2275229.581064254
2025-07-19 00:00:00+00:00,767166.9872800087,2784494.709720429,2621128.433051167,1796264.7302066106,2293875.754841161
2025-07-20 00:00:00+00:00,770902.2514219224,2798195.462751842,2604615.9755919054,1805010.5747846127,2305044.420848861
2025-07-21 00:00:00+00:00,779891.1445403576,2867832.4614943853,2662623.3782061245,1826057.4028415515,2331921.755678326
2025-07-22 00:00:00+00:00,796434.8203460013,2923331.4471157193,2712156.131380281,1864793.195505169,2381388.348292103
2025-07-23 00:00:00+00:00,763148.0551804948,2810309.1637598854,2588991.7024148502,1786854.698097374,2281858.904460109
2025-07-24 00:00:00+00:00,753086.003576772,2764285.6039012778,2557746.3721177657,1763295.148861075,2251772.7607646217
2025-07-25 00:00:00+00:00,789069.5164379076,2885949.7381065306,2643418.17246423,1847547.881438321,2359365.6435329816
2025-07-26 00:00:00+00:00,791346.6621406875,2888300.7143223006,2650231.306739865,1852879.6495921453,2366174.4470978575
2025-07-27 00:00:00+00:00,807901.7803431517,2942215.8102436326,2701327.189794775,1891642.2337811776,2415675.253171127
2025-07-28 00:00:00+00:00,794892.8830513561,2885646.8081772793,2669413.229478099,1861182.8634334235,2376777.8623948772
2025-07-29 00:00:00+00:00,796583.9731783539,2890087.116162638,2675047.4943024227,1865142.425824783,2381834.3242941634
2025-07-30 00:00:00+00:00,804659.7765832788,2925125.7101423074,2700728.66072631,1884051.3218863579,2405981.465579663
2025-07-31 00:00:00+00:00,776536.7934171102,2821267.7764412053,2605996.1837462513,1818203.4379091174,2321892.0426661414
2025-08-01 00:00:00+00:00,755397.9170478996,2744930.191911544,2535179.8775449283,1768708.323171664,2258685.5220625405
2025-08-02 00:00:00+00:00,733289.5835412147,2663334.7231214326,2460693.976301835,1716943.2962868349,2192580.2659034706
2025-08-03 00:00:00+00:00,746555.2092263971,2716390.6843413506,2506396.5560170026,1748003.7771697524,2232245.290124503
2025-08-04 00:00:00+00:00,745314.3240539721,2711684.5632696813,2502177.8910509706,1745098.3363642686,2228534.9683057037
2025-08-05 00:00:00+00:00,741009.0988303949,2696050.765628308,2487731.5931309504,1735017.9700907846,2215662.0841445792
2025-08-06 00:00:00+00:00,748915.6596539395,2724802.245257809,2514271.947627448,1753530.5971720421,2239303.1798617053
2025-08-07 00:00:00+00:00,757809.7648292315,2757156.6995076514,2544130.1155134523,1774355.4862744375,2265897.0930004143
2025-08-08 00:00:00+00:00,760618.9245659605,2767378.7575327046,2553561.4138013474,1780932.92591961,2274296.650747816
2025-08-09 00:00:00+00:00,763548.4954700205,2778038.1102536926,2563396.764440025,1787792.299402637,2283056.2451781463
2025-08-10 00:00:00+00:00,771547.6817839174,2805056.3833897677,2589577.568338783,1806521.8022152493,2306974.2967212168
2025-08-11 00:00:00+00:00,774535.4474835051,2815345.6952207624,2599425.7714483826,1813517.4345055781,2315907.8971146974
2025-08-12 00:00:00+00:00,785757.4763106351,2855467.542412755,2636941.8100450146,1839792.9845719393,2349462.4429612937
2025-08-13 00:00:00+00:00,787736.6712605928,2863216.6428594575,2643768.1573862834,1844427.1230864457,2355380.355730075
2025-08-14 00:00:00+00:00,767966.2020914895,2792513.016248915,2577754.0135803823,1798136.0325456387,2296265.4555313163
2025-08-15 00:00:00+00:00,756214.8461968058,2749759.6793434983,2538286.5914138667,1770621.1023209086,2261128.1896944502
2025-08-16 00:00:00+00:00,763341.1399438744,2775832.2115074415,2562251.1930223247,1787306.791782516,2282436.2395966435
2025-08-17 00:00:00+00:00,770221.863927557,2801116.020460303,2585422.3981560227,1803417.4978153664,2303010.0210335683
2025-08-18 00:00:00+00:00,752231.2898547892,2735545.961071113,2524996.1772499345,1761293.899930037,2249217.1149708186
2025-08-19 00:00:00+00:00,746927.3733883195,2715884.260823523,2507087.4806926483,1748875.1720146714,2233358.083508485
2025-08-20 00:00:00+00:00,754644.8835069905,2743980.5185657684,2532988.9163378235,1766945.150860257,2256433.9061683295
2025-08-21 00:00:00+00:00,748130.296692738,2723477.0338576594,2514077.9030394927,1751691.7279154034,2236954.8970428137
2025-08-22 00:00:00+00:00,778943.2754802626,2797334.5155969756,2583511.006697507,1823838.0375798375,2329087.5697816885
2025-08-23 00:00:00+00:00,774765.2737577306,2790243.6051453,2575941.0084989327,1814055.5557194867,2316595.091593882
2025-08-24 00:00:00+00:00,782376.9310004683,2787907.2161328895,2575620.2212871276,1831877.6878892086,2339354.4077437883
2025-08-25 00:00:00+00:00,730898.0754760416,2761156.0060685296,2575620.2212871276,1711343.7571243038,2185429.511948771
2025-08-26 00:00:00+00:00,736785.8766231459,2776516.0976199135,2575620.2212871276,1725129.6078117932,2203034.3939687246
2025-08-27 00:00:00+00:00,719660.5682114166,2768696.1816489575,2575620.2212871276,1685031.9654419553,2151828.6846366255
2025-08-28 00:00:00+00:00,722871.76120266,2767976.141917791,2575620.2212871276,1692550.7362020318,2161430.3461638577
2025-08-29 00:00:00+00:00,703985.7720044102,2767976.141917791,2575620.2212871276,1648330.5900612846,2104960.0946457935
2025-08-30 00:00:00+00:00,702368.5124217764,2767976.141917791,2575620.2212871276,1644543.8964260777,2100124.3905456453
2025-08-31 00:00:00+00:00,702091.2348457199,2767976.141917791,2575620.2212871276,1643894.671500337,2099295.3138001347
2025-09-01 00:00:00+00:00,701674.7550735062,2767976.141917791,2575620.2212871276,1638336.8528534821,2092197.838005262
2025-09-02 00:00:00+00:00,708766.3493405686,2767976.141917791,2575620.2212871276,1645264.2605600697,2101044.3138697706
2025-09-03 00:00:00+00:00,712364.2843642288,2767976.141917791,2575620.2212871276,1645048.1947499989,2100768.3923339094
2025-09-04 00:00:00+00:00,697867.8324766043,2767976.141917791,2575620.2212871276,1646239.3743331768,2100768.3923339094
2025-09-05 00:00:00+00:00,716353.1720512258,2767976.141917791,2575620.2212871276,1645615.7200703763,2100768.3923339094
2025-09-06 00:00:00+00:00,714645.917960644,2767976.141917791,2575620.2212871276,1641740.5891322778,2104437.4984573303
2025-09-07 00:00:00+00:00,717978.8791292944,2767976.141917791,2575620.2212871276,1651952.043843076,2107274.0396438222
2025-09-08 00:00:00+00:00,719714.7946273072,2767976.141917791,2575620.2212871276,1655194.1963924384,2101960.013117229
2025-09-09 00:00:00+00:00,718345.0115353084,2767976.141917791,2575620.2212871276,1656798.468649735,2091076.1360766033
2025-09-10 00:00:00+00:00,716589.5888028871,2767976.141917791,2575620.2212871276,1656755.4917159039,2085800.2376898257
2025-09-11 00:00:00+00:00,725665.8379621047,2767976.141917791,2575620.2212871276,1656505.229256651,2115003.2979556615
2025-09-12 00:00:00+00:00,726483.7981102774,2778491.9566305336,2575620.2212871276,1662798.4562096412,2116674.33257679
2025-09-13 00:00:00+00:00,733848.623404193,2803147.226654174,2575620.2212871276,1677553.4908013043,2138507.9907663874
2025-09-14 00:00:00+00:00,729720.7567988073,2800257.656030864,2584708.7486806056,1676176.9179089465,2126224.3327898504
2025-09-15 00:00:00+00:00,673195.4074578072,2593848.7830457455,2396862.338420641,1552144.0008737328,1963722.4206133985
2025-09-16 00:00:00+00:00,679066.3229252206,2621888.1270522145,2420551.2959796945,1568753.5216195995,1978756.3860673872
2025-09-17 00:00:00+00:00,696049.7052762795,2689820.1360023306,2523551.622059672,1609717.6387374988,2029934.9225130593
2025-09-18 00:00:00+00:00,703886.3511508439,2714334.7235164046,2547981.738697178,1628044.393700276,2055051.1043100888
2025-09-19 00:00:00+00:00,661342.1705950736,2542913.5333252614,2403597.054646929,1527248.4038916235,1930162.5980963004
2025-09-20 00:00:00+00:00,661079.291693286,2541338.229075474,2401522.8999719797,1526424.278486752,1929271.9551827821
2025-09-21 00:00:00+00:00,658854.4410417737,2533629.7352146283,2399281.0966734607,1521509.8540152167,1923112.6393750869
2025-09-22 00:00:00+00:00,640272.5424659426,2460548.916666306,2363293.817446339,1478023.2547722498,1868498.7271887152
2025-09-23 00:00:00+00:00,630506.961174512,2428165.37810475,2326168.4133780375,1457463.6949083183,1840896.246990921
2025-09-24 00:00:00+00:00,635482.1788287583,2446916.4895622996,2379636.4888540874,1468665.7540912677,1855606.719626387
2025-09-25 00:00:00+00:00,594632.1691463527,2292081.3010963076,2206772.181166842,1372897.1355435909,1735195.0319963188
2025-09-26 00:00:00+00:00,606946.9159077688,2333086.084595901,2260523.0038720816,1401904.8060652905,1771641.5686601433
2025-09-27 00:00:00+00:00,607469.6575156895,2331002.361840438,2257887.0245567476,1402869.104770664,1772983.433815882
2025-09-28 00:00:00+00:00,607306.3199056473,2331002.361840438,2257887.0245567476,1401595.1246411637,1771318.319473982
2025-09-29 00:00:00+00:00,604162.2060809017,2331002.361840438,2257887.0245567476,1386045.4055250855,1764172.2037566614
2025-09-30 00:00:00+00:00,596383.6329869237,2333289.3445597417,2257887.0245567476,1367554.6406434372,1764016.255356888
2025-10-01 00:00:00+00:00,563202.479551686,2368766.849155697,2257887.0245567476,1292415.5765334798,1644503.142388693
2025-10-02 00:00:00+00:00,573168.7670171522,2487625.134060167,2258446.6833919846,1313960.5586872592,1635881.5863429029
2025-10-03 00:00:00+00:00,578958.4448029082,2550819.4846682,2258711.7329590046,1326412.548050468,1634412.6710047047
2025-10-04 00:00:00+00:00,577167.7908855362,2537574.5021562474,2261620.7154084537,1321698.2190480349,1634272.3208801937
2025-10-05 00:00:00+00:00,575593.4114131202,2528949.4734203652,2247443.535225224,1316855.061199689,1628079.2302087364
2025-10-06 00:00:00+00:00,585840.5098289844,2531580.2190132826,2282796.6028058324,1331376.7120817364,1662492.6585238685
2025-10-07 00:00:00+00:00,590156.6879282726,2522581.529954452,2292516.06702623,1329003.4652329304,1676231.5021588616
2025-10-08 00:00:00+00:00,608663.0190020915,2615061.034629165,2353608.5497368593,1371818.750926509,1724446.5497782256
2025-10-09 00:00:00+00:00,617199.3615793295,2651516.4873928614,2395756.530746557,1392917.0347895068,1750634.177673724
2025-10-10 00:00:00+00:00,536178.1162290522,2278223.7357880333,2110881.1238775044,1214778.1800830406,1548123.6681819973
2025-10-11 00:00:00+00:00,555114.0823028974,2354973.231309144,2183927.025015168,1258581.5671410325,1604334.2664599938
2025-10-12 00:00:00+00:00,588422.8113175208,2496685.0200803247,2343308.520292742,1336271.563811095,1701815.1526162429
2025-10-13 00:00:00+00:00,594362.760255482,2528456.0314910673,2362887.980811405,1350411.8082082798,1713426.8161842152
2025-10-14 00:00:00+00:00,588348.6754772869,2526368.859764709,2333624.3266855376,1344865.0952349824,1685045.5887143288
2025-10-15 00:00:00+00:00,578420.6982386522,2484959.648888376,2331712.2511298475,1322937.7250542385,1683768.0059519275
2025-10-16 00:00:00+00:00,567789.9970252814,2429921.48944306,2331712.2511298475,1293792.1070218538,1683768.0059519275
2025-10-17 00:00:00+00:00,568759.517379706,2438156.0599491512,2331712.2511298475,1298414.8283999101,1683768.0059519275
2025-10-18 00:00:00+00:00,576930.039597942,2446999.0070702266,2331712.2511298475,1302950.4479449894,1683768.0059519275
2025-10-19 00:00:00+00:00,591843.4239564701,2445936.275914143,2331712.2511298475,1302401.650016764,1683768.0059519275
2025-10-20 00:00:00+00:00,592182.3874992887,2445936.275914143,2331712.2511298475,1302401.650016764,1683768.0059519275
2025-10-21 00:00:00+00:00,582490.6611529137,2445936.275914143,2331712.2511298475,1302401.650016764,1683768.0059519275
2025-10-22 00:00:00+00:00,581244.5122727811,2445936.275914143,2331712.2511298475,1302401.650016764,1683768.0059519275
2025-10-23 00:00:00+00:00,580261.8352598427,2445936.275914143,2331712.2511298475,1302401.650016764,1683768.0059519275
2025-10-24 00:00:00+00:00,585281.209024918,2445936.275914143,2331712.2511298475,1302401.650016764,1683768.0059519275
2025-10-25 00:00:00+00:00,581961.3962639836,2445936.275914143,2331712.2511298475,1302401.650016764,1683768.0059519275
2025-10-26 00:00:00+00:00,592016.9023109731,2445936.275914143,2331712.2511298475,1302401.650016764,1683768.0059519275
2025-10-27 00:00:00+00:00,590426.2840386619,2447283.4806141444,2331712.2511298475,1303119.0037930952,1683768.0059519275
2025-10-28 00:00:00+00:00,585308.5606665742,2445814.809344712,2331712.2511298475,1300860.1250893925,1683768.0059519275
2025-10-29 00:00:00+00:00,589146.30721441,2445067.5365889147,2331712.2511298475,1309634.09606503,1683768.0059519275
2025-10-30 00:00:00+00:00,576195.7121925246,2449873.98509735,2331712.2511298475,1295704.0936292897,1683768.0059519275
2025-10-31 00:00:00+00:00,611980.2871576943,2447773.859108468,2331712.2511298475,1351164.246271132,1683768.0059519275
2025-11-01 00:00:00+00:00,683738.475102423,2447404.335507895,2331712.2511298475,1470046.9576017251,1683768.0059519275
2025-11-02 00:00:00+00:00,699095.6696706654,2447404.335507895,2331712.2511298475,1515813.3767989636,1683768.0059519275
2025-11-03 00:00:00+00:00,690550.8244872922,2447404.335507895,2331712.2511298475,1515540.114151324,1683768.0059519275
2025-11-04 00:00:00+00:00,673730.093488156,2447404.335507895,2331712.2511298475,1515540.114151324,1683768.0059519275
2025-11-05 00:00:00+00:00,699341.4177096833,2447404.335507895,2331712.2511298475,1515540.114151324,1683768.0059519275
2025-11-06 00:00:00+00:00,711802.5489625197,2447404.335507895,2331712.2511298475,1515540.114151324,1683768.0059519275
2025-11-07 00:00:00+00:00,761134.4836397027,2447404.335507895,2331712.2511298475,1515540.114151324,1683768.0059519275
2025-11-08 00:00:00+00:00,750643.5237095172,2447404.335507895,2331712.2511298475,1515540.114151324,1683768.0059519275
2025-11-09 00:00:00+00:00,742537.2655029554,2447404.335507895,2331712.2511298475,1515540.114151324,1683768.0059519275
2025-11-10 00:00:00+00:00,724844.7293482155,2447404.335507895,2331712.2511298475,1515540.114151324,1683768.0059519275
2025-11-11 00:00:00+00:00,694460.5384938796,2447404.335507895,2331712.2511298475,1515540.114151324,1683768.0059519275
2025-11-12 00:00:00+00:00,693697.1561155899,2447404.335507895,2331712.2511298475,1515540.114151324,1683768.0059519275
2025-11-13 00:00:00+00:00,681082.113458209,2447404.335507895,2331712.2511298475,1515540.114151324,1683768.0059519275
2025-11-14 00:00:00+00:00,674743.7274865159,2447404.335507895,2331712.2511298475,1515540.114151324,1683768.0059519275
2025-11-15 00:00:00+00:00,704633.7760550539,2447404.335507895,2331712.2511298475,1515540.114151324,1683768.0059519275
2025-11-16 00:00:00+00:00,688096.8684788746,2447404.335507895,2331712.2511298475,1515540.114151324,1683768.0059519275
2025-11-17 00:00:00+00:00,681212.5559695815,2447404.335507895,2331712.2511298475,1515540.114151324,1683768.0059519275
2025-11-18 00:00:00+00:00,702035.9158178885,2447404.335507895,2331712.2511298475,1515540.114151324,1683768.0059519275
2025-11-19 00:00:00+00:00,721564.6371983229,2447404.335507895,2331712.2511298475,1515540.114151324,1683768.0059519275
2025-11-20 00:00:00+00:00,697664.4752051563,2447404.335507895,2331712.2511298475,1515540.114151324,1683768.0059519275
2025-11-21 00:00:00+00:00,670486.9573687178,2447404.335507895,2331712.2511298475,1515540.114151324,1683768.0059519275
2025-11-22 00:00:00+00:00,651384.7844136737,2447404.335507895,2331712.2511298475,1515540.114151324,1683768.0059519275
2025-11-23 00:00:00+00:00,651986.2562976293,2447404.335507895,2331712.2511298475,1515540.114151324,1683768.0059519275
2025-11-24 00:00:00+00:00,663052.9162332498,2447404.335507895,2331712.2511298475,1515540.114151324,1683768.0059519275
2025-11-25 00:00:00+00:00,669693.6717842949,2447404.335507895,2331712.2511298475,1515540.114151324,1683768.0059519275
2025-11-26 00:00:00+00:00,671230.5742711838,2447404.335507895,2331712.2511298475,1515540.114151324,1683768.0059519275
2025-11-27 00:00:00+00:00,669870.5469161742,2447404.335507895,2331712.2511298475,1515540.114151324,1683768.0059519275
2025-11-28 00:00:00+00:00,671823.3254488517,2447404.335507895,2331712.2511298475,1515540.114151324,1683768.0059519275
2025-11-29 00:00:00+00:00,669913.9887129143,2447404.335507895,2331712.2511298475,1515540.114151324,1683768.0059519275
2025-11-30 00:00:00+00:00,670289.3019555138,2447404.335507895,2331712.2511298475,1515540.114151324,1683768.0059519275
2025-12-01 00:00:00+00:00,664512.07828909,2447404.335507895,2331712.2511298475,1515540.114151324,1683768.0059519275
2025-12-02 00:00:00+00:00,674345.073324962,2447404.335507895,2331712.2511298475,1515540.114151324,1683768.0059519275
2025-12-03 00:00:00+00:00,683876.9926740751,2447404.335507895,2331712.2511298475,1515540.114151324,1683768.0059519275
2025-12-04 00:00:00+00:00,679620.9668118302,2447404.335507895,2331712.2511298475,1515540.114151324,1683768.0059519275
2025-12-05 00:00:00+00:00,667340.0605061741,2447404.335507895,2331712.2511298475,1515540.114151324,1683768.0059519275
2025-12-06 00:00:00+00:00,670196.9106589309,2447404.335507895,2331712.2511298475,1515540.114151324,1683768.0059519275
2025-12-07 00:00:00+00:00,668002.7211216122,2447404.335507895,2331712.2511298475,1515540.114151324,1683768.0059519275
2025-12-08 00:00:00+00:00,672901.852895367,2447404.335507895,2331712.2511298475,1515540.114151324,1683768.0059519275
2025-12-09 00:00:00+00:00,683977.5803711315,2447404.335507895,2331712.2511298475,1515540.114151324,1683768.0059519275
2025-12-10 00:00:00+00:00,684260.5881106892,2447404.335507895,2331712.2511298475,1515540.114151324,1683768.0059519275
2025-12-11 00:00:00+00:00,691487.6021765636,2447404.335507895,2331712.2511298475,1515540.114151324,1683768.0059519275
2025-12-12 00:00:00+00:00,672035.3406903453,2447404.335507895,2331712.2511298475,1515540.114151324,1683768.0059519275
2025-12-13 00:00:00+00:00,674074.3665637153,2447404.335507895,2331712.2511298475,1515540.114151324,1683768.0059519275
2025-12-14 00:00:00+00:00,659374.3696530259,2447404.335507895,2331712.2511298475,1515540.114151324,1683768.0059519275
2025-12-15 00:00:00+00:00,638099.3790305926,2447404.335507895,2331712.2511298475,1515540.114151324,1683768.0059519275
2025-12-16 00:00:00+00:00,634920.524977471,2447404.335507895,2331712.2511298475,1515540.114151324,1683768.0059519275
2025-12-17 00:00:00+00:00,623430.0014042283,2447404.335507895,2331712.2511298475,1515540.114151324,1683768.0059519275
2025-12-18 00:00:00+00:00,610893.8215691828,2447404.335507895,2331712.2511298475,1515540.114151324,1683768.0059519275
2025-12-19 00:00:00+00:00,618417.5334395033,2447404.335507895,2331712.2511298475,1515540.114151324,1683768.0059519275
2025-12-20 00:00:00+00:00,617751.9110800065,2447404.335507895,2331712.2511298475,1515540.114151324,1683768.0059519275
2025-12-21 00:00:00+00:00,612448.9045933717,2447404.335507895,2331712.2511298475,1515540.114151324,1683768.0059519275
2025-12-22 00:00:00+00:00,613269.024389335,2447404.335507895,2331712.2511298475,1515540.114151324,1683768.0059519275
2025-12-23 00:00:00+00:00,611102.2644037622,2447404.335507895,2331712.2511298475,1515540.114151324,1683768.0059519275
2025-12-24 00:00:00+00:00,610749.6396087392,2447404.335507895,2331712.2511298475,1515540.114151324,1683768.0059519275
2025-12-25 00:00:00+00:00,610786.3553622508,2447404.335507895,2331712.2511298475,1515540.114151324,1683768.0059519275
2025-12-26 00:00:00+00:00,611106.5537332408,2447404.335507895,2331712.2511298475,1515540.114151324,1683768.0059519275
2025-12-27 00:00:00+00:00,612192.4236530547,2447404.335507895,2331712.2511298475,1515540.114151324,1683768.0059519275
2025-12-28 00:00:00+00:00,612214.2184976268,2447404.335507895,2331712.2511298475,1515540.114151324,1683768.0059519275
2025-12-29 00:00:00+00:00,616971.9615282984,2447404.335507895,2331712.2511298475,1515540.114151324,1683768.0059519275
2025-12-30 00:00:00+00:00,620822.6576565793,2447404.335507895,2331712.2511298475,1515540.114151324,1683768.0059519275
2025-12-31 00:00:00+00:00,615940.2514706724,2447404.335507895,2331712.2511298475,1515540.114151324,1683768.0059519275
2026-01-01 00:00:00+00:00,612580.0143040589,2447404.335507895,2331712.2511298475,1515540.114151324,1683768.0059519275
2026-01-02 00:00:00+00:00,615678.2512647804,2447404.335507895,2331712.2511298475,1515540.114151324,1683768.0059519275
2026-01-03 00:00:00+00:00,615860.9057909062,2447404.335507895,2331712.2511298475,1515540.114151324,1683768.0059519275
2026-01-04 00:00:00+00:00,613769.4259508235,2458338.9611390587,2331712.2511298475,1515540.114151324,1683768.0059519275
2026-01-05 00:00:00+00:00,618007.3053355983,2466565.4272614876,2355520.6085788785,1515540.114151324,1683768.0059519275
2026-01-06 00:00:00+00:00,620562.674186484,2516198.2214706843,2358999.4885693933,1515540.114151324,1683768.0059519275
2026-01-07 00:00:00+00:00,603218.1001189935,2440282.0591786224,2323804.0898759486,1515540.114151324,1683768.0059519275
2026-01-08 00:00:00+00:00,605285.813860501,2435409.9129368407,2323706.5238316683,1515540.114151324,1683768.0059519275
2026-01-09 00:00:00+00:00,598613.322491466,2406622.9463263107,2309425.1474116067,1515540.114151324,1683768.0059519275
2026-01-10 00:00:00+00:00,589751.1181158533,2380456.3537560585,2280057.7034425554,1515540.114151324,1683768.0059519275
2026-01-11 00:00:00+00:00,593448.0062256895,2388457.270790603,2293619.831911393,1515540.114151324,1683768.0059519275
2026-01-12 00:00:00+00:00,587159.0250832788,2353485.3956349455,2271233.0464538746,1515540.114151324,1683768.0059519275
2026-01-13 00:00:00+00:00,588191.8266292611,2361197.7126729432,2284729.695572534,1515540.114151324,1683768.0059519275
2026-01-14 00:00:00+00:00,588088.5609437963,2359667.8785608965,2284125.728589382,1515540.114151324,1683768.0059519275
2026-01-15 00:00:00+00:00,586120.5089151608,2343767.535337187,2275559.4144193484,1515540.114151324,1683768.0059519275
2026-01-16 00:00:00+00:00,588825.076439046,2353307.6364262425,2286207.7292108955,1515540.114151324,1683768.0059519275
2026-01-17 00:00:00+00:00,589053.0783034445,2355340.225630838,2287299.12301437,1515540.114151324,1683768.0059519275
2026-01-18 00:00:00+00:00,573626.0235493667,2284999.0200092094,2225598.3121572924,1515540.114151324,1683768.0059519275
2026-01-19 00:00:00+00:00,564351.7308769795,2244410.3722994546,2188643.995595716,1515540.114151324,1683768.0059519275
2026-01-20 00:00:00+00:00,552353.1576280294,2191595.968401882,2143253.72760904,1515540.114151324,1683768.0059519275
2026-01-21 00:00:00+00:00,559117.4493729676,2216226.4913974395,2169194.4867994688,1515540.114151324,1683768.0059519275
2026-01-22 00:00:00+00:00,560629.8474361817,2220481.242768191,2175386.4718045862,1515540.114151324,1683768.0059519275
2026-01-23 00:00:00+00:00,561584.3013155782,2219978.8772136234,2179160.2051804373,1515540.114151324,1683768.0059519275
2026-01-24 00:00:00+00:00,561190.5412096758,2219875.617163829,2177777.4411227936,1515540.114151324,1683768.0059519275
2026-01-25 00:00:00+00:00,549477.7042646252,2219239.8408789565,2177181.4000649187,1515540.114151324,1683768.0059519275
2026-01-26 00:00:00+00:00,568060.3108988386,2219239.8408789565,2177181.4000649187,1515540.114151324,1683768.0059519275
2026-01-27 00:00:00+00:00,584762.3021109933,2219239.8408789565,2177181.4000649187,1515540.114151324,1683768.0059519275
2026-01-28 00:00:00+00:00,573757.5620153446,2219239.8408789565,2177181.4000649187,1515540.114151324,1683768.0059519275
2026-01-29 00:00:00+00:00,555373.8103518528,2219239.8408789565,2177181.4000649187,1515540.114151324,1683768.0059519275
2026-01-30 00:00:00+00:00,546123.8607634015,2219239.8408789565,2177181.4000649187,1515540.114151324,1683768.0059519275
2026-01-31 00:00:00+00:00,523400.8983022747,2219239.8408789565,2177181.4000649187,1515540.114151324,1683768.0059519275
2026-02-01 00:00:00+00:00,504014.8749675788,2219239.8408789565,2177181.4000649187,1515540.114151324,1683768.0059519275
2026-02-02 00:00:00+00:00,504776.02541949967,2219239.8408789565,2177181.4000649187,1515540.114151324,1683768.0059519275
2026-02-03 00:00:00+00:00,501337.96537552273,2219239.8408789565,2177181.4000649187,1515540.114151324,1683768.0059519275
2026-02-04 00:00:00+00:00,497107.86516974785,2219239.8408789565,2177181.4000649187,1515540.114151324,1683768.0059519275
2026-02-05 00:00:00+00:00,489224.4075716447,2219239.8408789565,2177181.4000649187,1515540.114151324,1683768.0059519275
2026-02-06 00:00:00+00:00,494482.6512837984,2219239.8408789565,2177181.4000649187,1515540.114151324,1683768.0059519275
2026-02-07 00:00:00+00:00,496122.52951242466,2219239.8408789565,2177181.4000649187,1515540.114151324,1683768.0059519275
2026-02-08 00:00:00+00:00,517958.43217714486,2219239.8408789565,2177181.4000649187,1515540.114151324,1683768.0059519275
2026-02-09 00:00:00+00:00,505345.83699930395,2219239.8408789565,2177181.4000649187,1515540.114151324,1683768.0059519275
2026-02-10 00:00:00+00:00,505816.7221557365,2219239.8408789565,2177181.4000649187,1515540.114151324,1683768.0059519275
2026-02-11 00:00:00+00:00,511433.19664020813,2219239.8408789565,2177181.4000649187,1515540.114151324,1683768.0059519275
2026-02-12 00:00:00+00:00,504465.8146441191,2219239.8408789565,2177181.4000649187,1515540.114151324,1683768.0059519275
2026-02-13 00:00:00+00:00,502511.06855244667,2219239.8408789565,2177181.4000649187,1515540.114151324,1683768.0059519275
2026-02-14 00:00:00+00:00,500355.88384559203,2219239.8408789565,2177181.4000649187,1515540.114151324,1683768.0059519275
2026-02-15 00:00:00+00:00,496309.32825946424,2219239.8408789565,2177181.4000649187,1515540.114151324,1683768.0059519275
2026-02-16 00:00:00+00:00,496147.06234226935,2219239.8408789565,2177181.4000649187,1515540.114151324,1683768.0059519275
2026-02-17 00:00:00+00:00,495235.09137497423,2219239.8408789565,2177181.4000649187,1515540.114151324,1683768.0059519275
2026-02-18 00:00:00+00:00,493546.0357340457,2219239.8408789565,2177181.4000649187,1515540.114151324,1683768.0059519275
2026-02-19 00:00:00+00:00,493428.0779828584,2219239.8408789565,2177181.4000649187,1515540.114151324,1683768.0059519275
2026-02-20 00:00:00+00:00,493281.1537990214,2219239.8408789565,2177181.4000649187,1515540.114151324,1683768.0059519275
2026-02-21 00:00:00+00:00,493281.1537990214,2219239.8408789565,2177181.4000649187,1515540.114151324,1683768.0059519275
2026-02-22 00:00:00+00:00,493281.1537990214,2219239.8408789565,2177181.4000649187,1515540.114151324,1683768.0059519275
2026-02-23 00:00:00+00:00,490970.170852692,2219239.8408789565,2177181.4000649187,1515540.114151324,1683768.0059519275
2026-02-24 00:00:00+00:00,489774.8590004791,2219239.8408789565,2177181.4000649187,1515540.114151324,1683768.0059519275
2026-02-25 00:00:00+00:00,495367.0549439263,2219239.8408789565,2177181.4000649187,1515540.114151324,1683768.0059519275
2026-02-26 00:00:00+00:00,494749.5209649679,2219239.8408789565,2177181.4000649187,1515540.114151324,1683768.0059519275
2026-02-27 00:00:00+00:00,489990.4491580542,2219239.8408789565,2177181.4000649187,1515540.114151324,1683768.0059519275
2026-02-28 00:00:00+00:00,501116.1505145989,2219239.8408789565,2177181.4000649187,1515540.114151324,1683768.0059519275
2026-03-01 00:00:00+00:00,497911.3219195877,2219239.8408789565,2177181.4000649187,1515540.114151324,1683768.0059519275
2026-03-02 00:00:00+00:00,499699.8081102632,2219239.8408789565,2177181.4000649187,1515540.114151324,1683768.0059519275
2026-03-03 00:00:00+00:00,496970.6006961607,2219239.8408789565,2177181.4000649187,1515540.114151324,1683768.0059519275
2026-03-04 00:00:00+00:00,503313.94642103894,2219239.8408789565,2177181.4000649187,1515540.114151324,1683768.0059519275
2026-03-05 00:00:00+00:00,497424.68548546766,2219239.8408789565,2177181.4000649187,1515540.114151324,1683768.0059519275
2026-03-06 00:00:00+00:00,490393.73489838943,2219239.8408789565,2177181.4000649187,1515540.114151324,1683768.0059519275
2026-03-07 00:00:00+00:00,486422.5948844426,2219239.8408789565,2177181.4000649187,1515540.114151324,1683768.0059519275
2026-03-08 00:00:00+00:00,482506.7940637107,2219239.8408789565,2177181.4000649187,1515540.114151324,1683768.0059519275
2026-03-09 00:00:00+00:00,489424.443065975,2219239.8408789565,2177181.4000649187,1515540.114151324,1683768.0059519275
2026-03-10 00:00:00+00:00,495084.603142088,2219239.8408789565,2177181.4000649187,1515540.114151324,1683768.0059519275
2026-03-11 00:00:00+00:00,493959.1617150955,2219239.8408789565,2177181.4000649187,1515540.114151324,1683768.0059519275
2026-03-12 00:00:00+00:00,496071.9501167899,2219239.8408789565,2177181.4000649187,1515540.114151324,1683768.0059519275
2026-03-13 00:00:00+00:00,493257.62174835755,2219239.8408789565,2177181.4000649187,1515540.114151324,1683768.0059519275
2026-03-14 00:00:00+00:00,495970.6601729315,2219239.8408789565,2177181.4000649187,1515540.114151324,1683768.0059519275
2026-03-15 00:00:00+00:00,499819.55248543865,2219239.8408789565,2177181.4000649187,1515540.114151324,1683768.0059519275
2026-03-16 00:00:00+00:00,503783.7910205489,2218951.2702803006,2177181.4000649187,1515540.114151324,1683768.0059519275
2026-03-17 00:00:00+00:00,506138.5075248813,2230571.684233417,2177181.4000649187,1515540.114151324,1683768.0059519275
2026-03-18 00:00:00+00:00,496680.59609131236,2184494.1397577184,2149100.2916017096,1515540.114151324,1683768.0059519275
2026-03-19 00:00:00+00:00,490268.73810337635,2162654.1938238507,2102586.700049033,1515540.114151324,1683768.0059519275
2026-03-20 00:00:00+00:00,492185.1140621122,2174672.2701129625,2115880.187974463,1515540.114151324,1683768.0059519275
2026-03-21 00:00:00+00:00,480556.5493003832,2126310.5821463848,2063538.145995542,1515540.114151324,1683768.0059519275
2026-03-22 00:00:00+00:00,474739.8322005824,2104596.327492904,2024296.0652954755,1515540.114151324,1683768.0059519275
2026-03-23 00:00:00+00:00,481272.5210115948,2139569.106903312,2021448.2277113148,1515540.114151324,1683768.0059519275
2026-03-24 00:00:00+00:00,481179.7328511474,2136869.9032850284,2021448.2277113148,1515540.114151324,1683768.0059519275
2026-03-25 00:00:00+00:00,475368.32768701506,2093268.99928822,2021448.2277113148,1515540.114151324,1683768.0059519275
2026-03-26 00:00:00+00:00,463299.994815629,2053833.4662999972,2008365.6465790684,1515540.114151324,1683768.0059519275
2026-03-27 00:00:00+00:00,453832.84371945786,2036421.3000438518,1966195.407629975,1515540.114151324,1683768.0059519275
2026-03-28 00:00:00+00:00,452358.1647208361,2031783.3248004012,1973818.4985742744,1515540.114151324,1683768.0059519275
2026-03-29 00:00:00+00:00,449800.2170490732,2027185.75562855,1969797.7498085639,1515540.114151324,1683768.0059519275
2026-03-30 00:00:00+00:00,451492.019488844,2031146.9038452993,1966129.5759839192,1515540.114151324,1683768.0059519275
2026-03-31 00:00:00+00:00,451360.0365601268,2031182.9223240844,1964558.733220422,1515540.114151324,1683768.0059519275
2026-04-01 00:00:00+00:00,450956.23980073445,2031182.9223240844,1964558.733220422,1515540.114151324,1683768.0059519275
2026-04-02 00:00:00+00:00,433186.04604468716,2031182.9223240844,1964558.733220422,1515540.114151324,1683768.0059519275
2026-04-03 00:00:00+00:00,424573.19914765924,2031182.9223240844,1964558.733220422,1515540.114151324,1683768.0059519275
2026-04-04 00:00:00+00:00,431827.7927736613,2031182.9223240844,1964558.733220422,1515540.114151324,1683768.0059519275
2026-04-05 00:00:00+00:00,427872.77831571305,2031182.9223240844,1964558.733220422,1515540.114151324,1683768.0059519275
2026-04-06 00:00:00+00:00,412926.038131505,2020755.7366628922,1964558.733220422,1515540.114151324,1683768.0059519275
2026-04-07 00:00:00+00:00,434936.0192370063,2125345.6693268907,1964558.733220422,1515540.114151324,1683768.0059519275
2026-04-08 00:00:00+00:00,429356.0025977836,2101811.1288465355,1961811.7811618312,1515540.114151324,1683768.0059519275
2026-04-09 00:00:00+00:00,445315.270823559,2195122.4942475813,1957757.1544429336,1515540.114151324,1683768.0059519275
2026-04-10 00:00:00+00:00,440553.24828550627,2203973.9308408997,1941148.1521183494,1515540.114151324,1683768.0059519275
2026-04-11 00:00:00+00:00,457881.4976104298,2216650.8697201163,1952311.6053505046,1515540.114151324,1683768.0059519275
2026-04-12 00:00:00+00:00,462587.916336262,2291357.7241006736,1879188.0470300117,1515540.114151324,1683768.0059519275
2026-04-13 00:00:00+00:00,487141.47043842706,2386980.3790520593,1935316.9996023406,1515540.114151324,1683768.0059519275
2026-04-14 00:00:00+00:00,478396.79456130805,2367290.614451876,1894154.5673687179,1515540.114151324,1683768.0059519275
2026-04-15 00:00:00+00:00,478100.7415332884,2374155.5035556788,1864709.2784405383,1515540.114151324,1683768.0059519275
2026-04-16 00:00:00+00:00,482548.18564573745,2383498.500753034,1859423.7234321763,1515540.114151324,1683768.0059519275
2026-04-17 00:00:00+00:00,486778.6976226581,2402818.871752394,1847159.780797692,1515540.114151324,1683768.0059519275
2026-04-18 00:00:00+00:00,475865.72191481607,2311941.1983040664,1771370.7424156636,1515540.114151324,1683768.0059519275
2026-04-19 00:00:00+00:00,461513.82087396545,2232257.3621617067,1741507.4719098029,1515540.114151324,1683768.0059519275
2026-04-20 00:00:00+00:00,471435.24844259035,2289039.3637617817,1792345.803762128,1515540.114151324,1683768.0059519275
2026-04-21 00:00:00+00:00,472823.57922457415,2291163.154218804,1786793.9004311208,1515540.114151324,1683768.0059519275
2026-04-22 00:00:00+00:00,463561.2613179595,2246145.6170639005,1734798.23593895,1515540.114151324,1683768.0059519275
2026-04-23 00:00:00+00:00,471846.40214022866,2279699.708011986,1763311.0992650653,1517319.2121422354,1683768.0059519275
2026-04-24 00:00:00+00:00,465216.1695738479,2248189.709187424,1759013.9629273152,1514017.1086824334,1683768.0059519275
2026-04-25 00:00:00+00:00,465430.5794865113,2250601.713204191,1754474.1225399477,1506034.003964794,1637283.6349144296
2026-04-26 00:00:00+00:00,461809.64224169764,2235256.5821825005,1741580.8646330892,1508081.978303718,1604817.5544975756
2026-04-27 00:00:00+00:00,458447.10132227454,2217060.031139571,1730709.1572852288,1489833.0677117535,1583479.143226653
2026-04-28 00:00:00+00:00,465245.35760791856,2239175.3656096263,1765890.4994700472,1505083.899072927,1626166.617009291
2026-04-29 00:00:00+00:00,459406.34922025923,2210571.4632696286,1743665.67215333,1487999.777615686,1599057.9891365885
2026-04-30 00:00:00+00:00,468384.8405931918,2245646.996666032,1784866.0898689083,1499651.8869534587,1629996.513073306
2026-05-01 00:00:00+00:00,469037.53845250024,2251272.74057844,1785098.8200970236,1503502.3625205655,1627025.8986574677
2026-05-02 00:00:00+00:00,469115.2040849142,2251344.306199586,1785651.3948782757,1504207.562063737,1628460.4767057346
2026-05-03 00:00:00+00:00,468657.1117753005,2249627.1561240177,1783229.816614712,1503987.3541238178,1628164.8953216963
2026-05-04 00:00:00+00:00,467985.9133844423,2246661.119494994,1780637.3489014194,1501854.5687570986,1624608.7695772867
2026-05-05 00:00:00+00:00,465154.4721501589,2234165.121377918,1769923.2525197198,1491332.1984224769,1613362.4217774624
2026-05-06 00:00:00+00:00,461462.03138368943,2217867.520001299,1755951.2482474104,1477685.9993947642,1588519.7353406716
2026-05-07 00:00:00+00:00,462551.5562725088,2222723.2353253476,1760075.1686871676,1480940.9783270957,1580223.7591872383
2026-05-08 00:00:00+00:00,464897.688412502,2233323.770306132,1768969.8437391897,1489210.7030465363,1622098.9559830986
2026-05-09 00:00:00+00:00,464190.69551857625,2229973.4656619723,1766280.1542456895,1486712.7695442904,1634236.2588412366
2026-05-10 00:00:00+00:00,475122.36560427665,2282411.4548296276,1807856.025140672,1522085.8870460088,1665636.3916680394
2026-05-11 00:00:00+00:00,469228.8414340648,2253991.3856885815,1785439.195079774,1502703.187868989,1642646.8361824132
2026-05-12 00:00:00+00:00,457759.9297474318,2198566.9040475236,1741780.9346757815,1465133.9767613565,1615648.2601099038
2026-05-13 00:00:00+00:00,443083.1861332886,2127613.4764978066,1685907.8322566384,1417008.174219342,1574766.8169405041
2026-05-14 00:00:00+00:00,450284.3825683156,2162361.372096685,1713317.5731178913,1440598.1536246222,1596963.8645231475
2026-05-15 00:00:00+00:00,445531.087306646,2139529.727485168,1695201.273756513,1425665.1679270775,1576780.9594700155
2026-05-16 00:00:00+00:00,441985.4679378417,2122421.0751771857,1681693.93060348,1414047.4603512273,1564310.330844274
2026-05-17 00:00:00+00:00,437956.48331972543,2103217.0201151976,1666373.936760709,1401629.0649040337,1546229.2464821576
2026-05-18 00:00:00+00:00,441920.90561578964,2122280.2817503307,1681460.2933757799,1414449.9730135105,1558912.2491145357
2026-05-19 00:00:00+00:00,437063.53628372354,2098954.4005439174,1662984.6719826392,1399346.4541569937,1542525.8454010198
2026-05-20 00:00:00+00:00,442827.1629281592,2126776.9621969652,1684898.695606837,1419272.4311800548,1560822.456697762
2026-05-21 00:00:00+00:00,446387.1794933118,2143843.4813709,1698451.1810526196,1418621.8278762314,1560185.0113584916
2026-05-22 00:00:00+00:00,438652.9274700151,2106697.730691805,1669023.4501615409,1418621.8278762314,1560185.0113584916
2026-05-23 00:00:00+00:00,448403.110907957,2144111.5278768446,1698674.190515799,1418621.8278762314,1560185.0113584916
2026-05-24 00:00:00+00:00,449004.57299179933,2150461.502033583,1701330.4091017945,1418621.8278762314,1560185.0113584916
2026-05-25 00:00:00+00:00,454814.79032954894,2180165.5285126516,1710641.48465042,1418621.8278762314,1560185.0113584916
2026-05-26 00:00:00+00:00,445365.38127027487,2152564.4816545146,1682650.2566616305,1418621.8278762314,1560185.0113584916
2026-05-27 00:00:00+00:00,440382.64685259265,2128194.358033025,1677307.2675663906,1418621.8278762314,1560185.0113584916
2026-05-28 00:00:00+00:00,433287.67511647724,2093179.2231512272,1676972.1493132594,1418621.8278762314,1560185.0113584916
2026-05-29 00:00:00+00:00,428182.62210775993,2078506.7189755742,1671122.8674214026,1418621.8278762314,1560185.0113584916
2026-05-30 00:00:00+00:00,430754.63499568775,2078366.4547427376,1671139.406663501,1418621.8278762314,1560185.0113584916
2026-05-31 00:00:00+00:00,431939.51782004395,2078366.4547427376,1670711.0438060623,1418621.8278762314,1560185.0113584916
2026-06-01 00:00:00+00:00,424623.06186996953,2078366.4547427376,1670711.0438060623,1418621.8278762314,1560185.0113584916
2026-06-02 00:00:00+00:00,414046.23185583326,2078366.4547427376,1670711.0438060623,1418621.8278762314,1560185.0113584916
2026-06-03 00:00:00+00:00,427867.7664368226,2078366.4547427376,1670711.0438060623,1418621.8278762314,1560185.0113584916
2026-06-04 00:00:00+00:00,403430.64516329765,2078366.4547427376,1670711.0438060623,1418621.8278762314,1560185.0113584916
2026-06-05 00:00:00+00:00,396379.69083271,2078366.4547427376,1670711.0438060623,1418621.8278762314,1560185.0113584916
2026-06-06 00:00:00+00:00,394756.78279421746,2078366.4547427376,1670711.0438060623,1418621.8278762314,1560185.0113584916
2026-06-07 00:00:00+00:00,408313.5794125524,2078366.4547427376,1670711.0438060623,1418621.8278762314,1560185.0113584916
2026-06-08 00:00:00+00:00,408913.8229692863,2078366.4547427376,1670711.0438060623,1418621.8278762314,1560185.0113584916
2026-06-09 00:00:00+00:00,404960.5651495957,2078366.4547427376,1670711.0438060623,1418621.8278762314,1560185.0113584916
2026-06-10 00:00:00+00:00,395748.9612739845,2078366.4547427376,1670711.0438060623,1418621.8278762314,1560185.0113584916
2026-06-11 00:00:00+00:00,407539.24149948737,2078366.4547427376,1670711.0438060623,1418621.8278762314,1560185.0113584916
2026-06-12 00:00:00+00:00,403290.75266082434,2078366.4547427376,1670711.0438060623,1418621.8278762314,1560185.0113584916
2026-06-13 00:00:00+00:00,405251.30422328523,2078366.4547427376,1670711.0438060623,1418621.8278762314,1560185.0113584916
2026-06-14 00:00:00+00:00,413603.94635761285,2078366.4547427376,1670711.0438060623,1418621.8278762314,1560185.0113584916
2026-06-15 00:00:00+00:00,412013.00226413226,2078366.4547427376,1670711.0438060623,1418621.8278762314,1560185.0113584916
2026-06-16 00:00:00+00:00,407976.9483695115,2078366.4547427376,1670711.0438060623,1418621.8278762314,1560185.0113584916
2026-06-17 00:00:00+00:00,405186.40998254734,2078366.4547427376,1670711.0438060623,1418621.8278762314,1560185.0113584916
2026-06-18 00:00:00+00:00,400764.79859426303,2078366.4547427376,1670711.0438060623,1418621.8278762314,1560185.0113584916
2026-06-19 00:00:00+00:00,398921.80158206885,2078366.4547427376,1670711.0438060623,1418621.8278762314,1560185.0113584916
2026-06-20 00:00:00+00:00,398505.25817267946,2078366.4547427376,1670711.0438060623,1418621.8278762314,1560185.0113584916
2026-06-21 00:00:00+00:00,394898.92397943593,2078366.4547427376,1670711.0438060623,1418621.8278762314,1560185.0113584916
2026-06-22 00:00:00+00:00,393267.20602631685,2078366.4547427376,1670711.0438060623,1418621.8278762314,1560185.0113584916
2026-06-23 00:00:00+00:00,394080.36166073434,2078366.4547427376,1670711.0438060623,1418621.8278762314,1560185.0113584916
2026-06-24 00:00:00+00:00,398930.8282169128,2078366.4547427376,1670711.0438060623,1418621.8278762314,1560185.0113584916
2026-06-25 00:00:00+00:00,402290.60306232853,2078366.4547427376,1670711.0438060623,1418621.8278762314,1560185.0113584916
2026-06-26 00:00:00+00:00,405237.1437165862,2078366.4547427376,1670711.0438060623,1418621.8278762314,1560185.0113584916
2026-06-27 00:00:00+00:00,402880.97955967835,2078366.4547427376,1670711.0438060623,1418621.8278762314,1560185.0113584916
2026-06-28 00:00:00+00:00,413137.3598919016,2078366.4547427376,1670711.0438060623,1418621.8278762314,1560185.0113584916
2026-06-29 00:00:00+00:00,434377.8657041578,2078366.4547427376,1670711.0438060623,1418621.8278762314,1560185.0113584916
2026-06-30 00:00:00+00:00,431972.35520233406,2078366.4547427376,1670711.0438060623,1418621.8278762314,1560185.0113584916
