,none,C > SMA(50),"C > SMA(50), 3d",C > EMA(120),"C > EMA(120), 3d"
2020-01-01 00:00:00+00:00,0.0,0.0,0.0,0.0,0.0
2020-01-02 00:00:00+00:00,0.0,0.0,0.0,0.0,0.0
2020-01-03 00:00:00+00:00,0.0,0.0,0.0,0.0,0.0
2020-01-04 00:00:00+00:00,0.0,0.0,0.0,0.0,0.0
2020-01-05 00:00:00+00:00,0.0,0.0,0.0,0.0,0.0
2020-01-06 00:00:00+00:00,0.0,0.0,0.0,0.0,0.0
2020-01-07 00:00:00+00:00,4.660326072388417,0.0,0.0,0.0,0.0
2020-01-08 00:00:00+00:00,4.660326072388417,0.0,0.0,0.0,0.0
2020-01-09 00:00:00+00:00,4.660326072388417,0.0,0.0,0.0,0.0
2020-01-10 00:00:00+00:00,4.660326072388417,0.0,0.0,0.0,0.0
2020-01-11 00:00:00+00:00,4.660326072388417,0.0,0.0,0.0,0.0
2020-01-12 00:00:00+00:00,5.018074133774606,1.0179243867480945,0.0,0.0,0.0
2020-01-13 00:00:00+00:00,6.981986642657789,1.6459182655811417,8.607233284780277,8.607233284780277,0.0
2020-01-14 00:00:00+00:00,9.190823722702623,4.316922340353684,8.607233284780277,8.607233284780277,0.0
2020-01-15 00:00:00+00:00,18.221392544106557,9.574284738443078,8.607233284780277,8.607233284780277,0.0
2020-01-16 00:00:00+00:00,18.221392544106557,9.574284738443078,8.607233284780277,8.607233284780277,0.0
2020-01-17 00:00:00+00:00,18.221392544106557,9.574284738443078,8.607233284780277,8.607233284780277,0.0
2020-01-18 00:00:00+00:00,18.309129342977705,14.221755557609894,8.670711355849475,8.670711355849475,18.13491987807607
2020-01-19 00:00:00+00:00,18.309129342977705,14.221755557609894,8.670711355849475,8.670711355849475,18.13491987807607
2020-01-20 00:00:00+00:00,18.672324829304625,14.983985288764105,8.670711355849475,8.670711355849475,18.13491987807607
2020-01-21 00:00:00+00:00,19.125468631196078,14.426339429398775,8.78099446453694,8.78099446453694,18.821637689975205
2020-01-22 00:00:00+00:00,18.937679815807762,14.290200568656115,8.131986573295602,8.131986573295602,18.821637689975205
2020-01-23 00:00:00+00:00,19.473672422439968,14.666599542142302,9.015249135824861,9.015249135824861,18.821637689975205
2020-01-24 00:00:00+00:00,19.40557802292588,14.020285576090005,9.363490002902148,9.363490002902148,16.486855722820202
2020-01-25 00:00:00+00:00,19.40557802292588,14.020285576090005,9.370925665615228,9.370925665615228,16.486855722820202
2020-01-26 00:00:00+00:00,19.40557802292588,14.020285576090005,9.370925665615228,9.370925665615228,16.486855722820202
2020-01-27 00:00:00+00:00,19.40557802292588,14.020285576090005,9.370925665615228,9.370925665615228,16.486855722820202
2020-01-28 00:00:00+00:00,19.59760571365236,17.144569569922137,9.306064533506442,9.306064533506442,18.995685307376426
2020-01-29 00:00:00+00:00,22.958443806620863,19.945009438361414,13.18927309215451,13.18927309215451,20.615813211202905
2020-01-30 00:00:00+00:00,22.958443806620863,19.945009438361414,13.18927309215451,13.18927309215451,23.059543505015238
2020-01-31 00:00:00+00:00,22.958443806620863,19.945009438361414,13.18927309215451,13.18927309215451,25.5895259322857
2020-02-01 00:00:00+00:00,22.958443806620863,19.945009438361414,13.18927309215451,13.18927309215451,25.5895259322857
2020-02-02 00:00:00+00:00,23.985306272328693,20.908029449473737,14.043236575156538,14.043236575156538,27.073864269568183
2020-02-03 00:00:00+00:00,23.985306272328693,20.908029449473737,14.043236575156538,14.043236575156538,27.073864269568183
2020-02-04 00:00:00+00:00,23.985306272328693,20.908029449473737,14.043236575156538,14.043236575156538,27.073864269568183
2020-02-05 00:00:00+00:00,24.7306769394664,21.569466947302512,14.747879593671959,14.747879593671959,28.04559548825835
2020-02-06 00:00:00+00:00,24.7306769394664,21.569466947302512,14.747879593671959,14.747879593671959,28.04559548825835
2020-02-07 00:00:00+00:00,24.7306769394664,21.569466947302512,14.747879593671959,14.747879593671959,28.04559548825835
2020-02-08 00:00:00+00:00,24.7306769394664,21.569466947302512,14.747879593671959,14.747879593671959,28.04559548825835
2020-02-09 00:00:00+00:00,25.493264206126202,22.36721747027702,14.96499339880123,14.96499339880123,28.408677386681674
2020-02-10 00:00:00+00:00,25.463561369742337,22.327852480031858,14.937448463988176,14.937448463988176,28.37520137349216
2020-02-11 00:00:00+00:00,25.463561369742337,22.327852480031858,14.937448463988176,14.937448463988176,28.37520137349216
2020-02-12 00:00:00+00:00,26.035261304181866,22.88478871704638,15.464077094831685,15.464077094831685,28.963347401958305
2020-02-13 00:00:00+00:00,37.11919551329988,34.338402302508925,22.53908304192411,22.53908304192411,38.11279879276203
2020-02-14 00:00:00+00:00,37.11919551329988,34.338402302508925,22.53908304192411,22.53908304192411,38.11279879276203
2020-02-15 00:00:00+00:00,43.14425494369238,39.83049633422712,28.70035138826581,28.70035138826581,44.42906947884962
2020-02-16 00:00:00+00:00,42.85749684540027,39.52910515205959,28.37778176325763,28.37778176325763,44.06802079745248
2020-02-17 00:00:00+00:00,42.85749684540027,39.52910515205959,28.37778176325763,28.37778176325763,44.06802079745248
2020-02-18 00:00:00+00:00,41.45370031131128,38.1684268398978,26.95236273990234,26.95236273990234,42.478486184787876
2020-02-19 00:00:00+00:00,37.72910279677485,34.44097229919417,24.33736633543471,24.33736633543471,39.342209861027285
2020-02-20 00:00:00+00:00,35.83152292885446,32.61216636179341,22.208465977080316,22.208465977080316,36.97151455600839
2020-02-21 00:00:00+00:00,37.57761463932386,34.461774292269084,22.995073770908263,22.995073770908263,38.07160539608003
2020-02-22 00:00:00+00:00,37.594879789499025,34.479920472107004,23.01449506380593,23.01449506380593,38.09334343849972
2020-02-23 00:00:00+00:00,37.594879789499025,34.479920472107004,23.01449506380593,23.01449506380593,38.09334343849972
2020-02-24 00:00:00+00:00,37.23444092786764,34.13039629442185,22.651516886701557,22.651516886701557,37.68852434758987
2020-02-25 00:00:00+00:00,37.18331931628422,34.07905024165494,22.614031102180228,22.614031102180228,37.643903052503795
2020-02-26 00:00:00+00:00,37.18331931628422,34.07905024165494,22.614031102180228,22.614031102180228,37.643903052503795
2020-02-27 00:00:00+00:00,35.015579623480434,31.960163514286787,20.677733123891677,20.677733123891677,35.46991955319646
2020-02-28 00:00:00+00:00,35.015579623480434,31.960163514286787,20.677733123891677,20.677733123891677,35.46991955319646
2020-02-29 00:00:00+00:00,31.96262531931903,29.054175583555246,17.73760325668282,17.73760325668282,32.27473707992928
2020-03-01 00:00:00+00:00,24.042325172436747,21.237573068524227,10.891828397979921,10.891828397979921,24.49568627582075
2020-03-02 00:00:00+00:00,23.112957271038066,20.332546078522913,10.038066807346157,10.038066807346157,23.53781624067693
2020-03-03 00:00:00+00:00,23.112957271038066,20.332546078522913,10.038066807346157,10.038066807346157,23.53781624067693
2020-03-04 00:00:00+00:00,23.112957271038066,20.332546078522913,10.038066807346157,10.038066807346157,23.53781624067693
2020-03-05 00:00:00+00:00,23.112957271038066,20.332546078522913,10.038066807346157,10.038066807346157,23.53781624067693
2020-03-06 00:00:00+00:00,29.519244109321125,20.332546078522913,10.038066807346157,10.038066807346157,23.53781624067693
2020-03-07 00:00:00+00:00,31.833223028044994,20.332546078522913,10.038066807346157,10.038066807346157,23.53781624067693
2020-03-08 00:00:00+00:00,31.833223028044994,20.332546078522913,10.038066807346157,10.038066807346157,23.53781624067693
2020-03-09 00:00:00+00:00,31.833223028044994,20.332546078522913,10.038066807346157,10.038066807346157,23.53781624067693
2020-03-10 00:00:00+00:00,35.83683453675502,20.332546078522913,10.038066807346157,13.387950340254854,27.298671991084532
2020-03-11 00:00:00+00:00,35.83683453675502,20.332546078522913,10.038066807346157,13.387950340254854,27.298671991084532
2020-03-12 00:00:00+00:00,27.41208168302881,20.332546078522913,10.038066807346157,6.302405441954599,19.589258691274072
2020-03-13 00:00:00+00:00,3.3816018970007278,20.332546078522913,10.038066807346157,-13.74639726681997,-3.3219658525599693
2020-03-14 00:00:00+00:00,3.3816018970007278,20.332546078522913,10.038066807346157,-13.74639726681997,-3.3219658525599693
2020-03-15 00:00:00+00:00,3.3816018970007278,20.332546078522913,10.038066807346157,-13.74639726681997,-3.3219658525599693
2020-03-16 00:00:00+00:00,-8.914312260256702,20.332546078522913,10.038066807346157,-13.74639726681997,-3.3219658525599693
2020-03-17 00:00:00+00:00,-17.482913460294906,20.332546078522913,10.038066807346157,-13.74639726681997,-3.3219658525599693
2020-03-18 00:00:00+00:00,-17.482913460294906,20.332546078522913,10.038066807346157,-13.74639726681997,-3.3219658525599693
2020-03-19 00:00:00+00:00,-17.482913460294906,20.332546078522913,10.038066807346157,-13.74639726681997,-3.3219658525599693
2020-03-20 00:00:00+00:00,-17.482913460294906,20.332546078522913,10.038066807346157,-13.74639726681997,-3.3219658525599693
2020-03-21 00:00:00+00:00,-16.229311055981725,20.332546078522913,10.038066807346157,-13.74639726681997,-3.3219658525599693
2020-03-22 00:00:00+00:00,-16.229311055981725,20.332546078522913,10.038066807346157,-13.74639726681997,-3.3219658525599693
2020-03-23 00:00:00+00:00,-16.229311055981725,20.332546078522913,10.038066807346157,-13.74639726681997,-3.3219658525599693
2020-03-24 00:00:00+00:00,-16.229311055981725,20.332546078522913,10.038066807346157,-13.74639726681997,-3.3219658525599693
2020-03-25 00:00:00+00:00,-16.229311055981725,20.332546078522913,10.038066807346157,-13.74639726681997,-3.3219658525599693
2020-03-26 00:00:00+00:00,-16.229311055981725,20.332546078522913,10.038066807346157,-13.74639726681997,-3.3219658525599693
2020-03-27 00:00:00+00:00,-16.229311055981725,20.332546078522913,10.038066807346157,-13.74639726681997,-3.3219658525599693
2020-03-28 00:00:00+00:00,-16.229311055981725,20.332546078522913,10.038066807346157,-13.74639726681997,-3.3219658525599693
2020-03-29 00:00:00+00:00,-16.229311055981725,20.332546078522913,10.038066807346157,-13.74639726681997,-3.3219658525599693
2020-03-30 00:00:00+00:00,-16.229311055981725,20.332546078522913,10.038066807346157,-13.74639726681997,-3.3219658525599693
2020-03-31 00:00:00+00:00,-16.229311055981725,20.332546078522913,10.038066807346157,-13.74639726681997,-3.3219658525599693
2020-04-01 00:00:00+00:00,-16.229311055981725,20.332546078522913,10.038066807346157,-13.74639726681997,-3.3219658525599693
2020-04-02 00:00:00+00:00,-16.229311055981725,20.332546078522913,10.038066807346157,-13.74639726681997,-3.3219658525599693
2020-04-03 00:00:00+00:00,-16.229311055981725,20.332546078522913,10.038066807346157,-13.74639726681997,-3.3219658525599693
2020-04-04 00:00:00+00:00,-16.229311055981725,20.332546078522913,10.038066807346157,-13.74639726681997,-3.3219658525599693
2020-04-05 00:00:00+00:00,-16.229311055981725,20.332546078522913,10.038066807346157,-13.74639726681997,-3.3219658525599693
2020-04-06 00:00:00+00:00,-16.229311055981725,20.332546078522913,10.038066807346157,-13.74639726681997,-3.3219658525599693
2020-04-07 00:00:00+00:00,-16.229311055981725,20.332546078522913,10.038066807346157,-13.74639726681997,-3.3219658525599693
2020-04-08 00:00:00+00:00,-16.229311055981725,20.332546078522913,10.038066807346157,-13.74639726681997,-3.3219658525599693
2020-04-09 00:00:00+00:00,-16.229311055981725,20.332546078522913,10.038066807346157,-13.74639726681997,-3.3219658525599693
2020-04-10 00:00:00+00:00,-15.091241684718494,20.332546078522913,10.038066807346157,-13.74639726681997,-3.3219658525599693
2020-04-11 00:00:00+00:00,-15.091241684718494,20.332546078522913,10.038066807346157,-13.74639726681997,-3.3219658525599693
2020-04-12 00:00:00+00:00,-15.592952188425233,20.332546078522913,10.038066807346157,-13.74639726681997,-3.3219658525599693
2020-04-13 00:00:00+00:00,-15.592952188425233,20.332546078522913,10.038066807346157,-13.74639726681997,-3.3219658525599693
2020-04-14 00:00:00+00:00,-15.656626129663906,20.332546078522913,10.038066807346157,-13.74639726681997,-3.3219658525599693
2020-04-15 00:00:00+00:00,-16.44621487086401,20.332546078522913,10.038066807346157,-13.74639726681997,-3.3219658525599693
2020-04-16 00:00:00+00:00,-16.44621487086401,20.332546078522913,10.038066807346157,-13.74639726681997,-3.3219658525599693
2020-04-17 00:00:00+00:00,-16.44621487086401,20.332546078522913,10.038066807346157,-13.74639726681997,-3.3219658525599693
2020-04-18 00:00:00+00:00,-15.963606107800086,20.332546078522913,10.038066807346157,-13.74639726681997,-3.3219658525599693
2020-04-19 00:00:00+00:00,-15.963606107800086,20.332546078522913,10.038066807346157,-13.74639726681997,-3.3219658525599693
2020-04-20 00:00:00+00:00,-15.958282885370362,20.332546078522913,10.038066807346157,-13.74639726681997,-3.3219658525599693
2020-04-21 00:00:00+00:00,-15.544227215768124,20.332546078522913,10.038066807346157,-13.74639726681997,-3.3219658525599693
2020-04-22 00:00:00+00:00,-15.544227215768124,20.332546078522913,10.038066807346157,-13.74639726681997,-3.3219658525599693
2020-04-23 00:00:00+00:00,-15.544227215768124,24.51064087534112,10.038066807346157,-13.74639726681997,-3.3219658525599693
2020-04-24 00:00:00+00:00,-14.76786225674888,25.27130813463386,11.445209922323496,-13.74639726681997,-3.3219658525599693
2020-04-25 00:00:00+00:00,-11.016279751149039,33.27368610847288,15.266353155833464,-13.74639726681997,-3.3219658525599693
2020-04-26 00:00:00+00:00,-11.016279751149039,33.27368610847288,15.266353155833464,-13.74639726681997,-3.3219658525599693
2020-04-27 00:00:00+00:00,-11.016279751149039,33.27368610847288,15.266353155833464,-13.74639726681997,-3.3219658525599693
2020-04-28 00:00:00+00:00,-11.016279751149039,33.27368610847288,15.266353155833464,-13.74639726681997,-3.3219658525599693
2020-04-29 00:00:00+00:00,-11.016279751149039,33.27368610847288,15.266353155833464,-13.74639726681997,-3.3219658525599693
2020-04-30 00:00:00+00:00,-11.016279751149039,33.27368610847288,15.266353155833464,-13.74639726681997,-3.3219658525599693
2020-05-01 00:00:00+00:00,-10.586679317245801,33.917112043239,15.822842311284674,-13.74639726681997,-3.3219658525599693
2020-05-02 00:00:00+00:00,-9.367143235222803,35.923821316030306,17.90951037961567,-10.88610961589347,-3.3219658525599693
2020-05-03 00:00:00+00:00,-9.367143235222803,35.923821316030306,17.90951037961567,-10.88610961589347,-3.3219658525599693
2020-05-04 00:00:00+00:00,-9.367143235222803,35.923821316030306,17.90951037961567,-10.88610961589347,-3.3219658525599693
2020-05-05 00:00:00+00:00,-8.767113748709738,36.79152691853025,18.626254692234813,-10.10954007206472,-2.803109428396152
2020-05-06 00:00:00+00:00,-8.767113748709738,36.79152691853025,18.626254692234813,-10.10954007206472,-2.803109428396152
2020-05-07 00:00:00+00:00,-8.767113748709738,36.79152691853025,18.626254692234813,-10.10954007206472,-3.3594080006041387
2020-05-08 00:00:00+00:00,-8.81566677773972,36.712118785343975,18.989863675155107,-7.399771848303932,-2.8823268480357758
2020-05-09 00:00:00+00:00,-7.182587529467864,39.2294657607456,20.649511654962254,-6.149984744253583,-2.0524643066896022
2020-05-10 00:00:00+00:00,-7.182587529467864,39.2294657607456,20.649511654962254,-6.149984744253583,-1.9715608602390189
2020-05-11 00:00:00+00:00,-7.182587529467864,39.2294657607456,20.649511654962254,-6.149984744253583,-1.9715608602390189
2020-05-12 00:00:00+00:00,-6.781242091012729,39.851877535197985,19.893699259021705,-6.7144324928149075,-1.3394111202260688
2020-05-13 00:00:00+00:00,-6.781242091012729,39.851877535197985,19.893699259021705,-6.7144324928149075,-1.3394111202260688
2020-05-14 00:00:00+00:00,-6.298360345818804,40.59572965454499,20.684046068057803,-6.099772639753132,-0.8141124017968917
2020-05-15 00:00:00+00:00,1.1820947390379426,51.618704456947576,30.68265331775701,2.8415314078441223,7.14115912343628
2020-05-16 00:00:00+00:00,1.1820947390379426,51.618704456947576,30.68265331775701,2.8415314078441223,7.201680600491017
2020-05-17 00:00:00+00:00,1.1820947390379426,51.618704456947576,30.68265331775701,2.8415314078441223,7.201680600491017
2020-05-18 00:00:00+00:00,1.4741081130845224,52.071562630703724,31.162453115148974,3.199850372778611,8.030505121546565
2020-05-19 00:00:00+00:00,1.4741081130845224,52.071562630703724,31.162453115148974,3.199850372778611,8.030505121546565
2020-05-20 00:00:00+00:00,1.7325639959157428,52.47090793667346,31.424599394509983,3.402800377742723,8.464055196196863
2020-05-21 00:00:00+00:00,1.7325639959157428,52.47090793667346,31.424599394509983,3.402800377742723,8.464055196196863
2020-05-22 00:00:00+00:00,0.9783644667401982,51.34061069951882,30.450168726589755,2.636085333208765,7.661754930310553
2020-05-23 00:00:00+00:00,0.9783644667401982,51.34061069951882,31.769622180078304,3.674275988179793,7.661754930310553
2020-05-24 00:00:00+00:00,0.9783644667401982,51.34061069951882,31.769622180078304,3.674275988179793,7.661754930310553
2020-05-25 00:00:00+00:00,0.7107161208075281,50.93675016463519,31.927974353836085,3.7907422501020136,7.682838294284345
2020-05-26 00:00:00+00:00,8.21752117792412,62.19582353022703,40.72369437008171,10.705792722621938,15.886872249498058
2020-05-27 00:00:00+00:00,11.640918990859934,67.32653145246758,45.156929096959466,14.19377684837017,19.53281475840242
2020-05-28 00:00:00+00:00,11.640918990859934,67.32653145246758,45.156929096959466,14.19377684837017,19.53281475840242
2020-05-29 00:00:00+00:00,10.970036566749815,66.32101382070661,47.00509124845097,15.647838807005868,18.81679073670254
2020-05-30 00:00:00+00:00,10.970036566749815,66.32101382070661,47.00509124845097,15.647838807005868,18.81679073670254
2020-05-31 00:00:00+00:00,10.970036566749815,66.32101382070661,47.00509124845097,15.647838807005868,18.81679073670254
2020-06-01 00:00:00+00:00,9.80902443018918,64.5748088607892,43.07102738593728,12.552014017393818,17.535737716634827
2020-06-02 00:00:00+00:00,10.81164617922054,66.07633851131139,44.35183191804365,13.559390322334314,18.602567389122747
2020-06-03 00:00:00+00:00,10.258504165437927,65.24795120029749,43.64521768507327,13.003625240946437,18.01400214607559
2020-06-04 00:00:00+00:00,10.258504165437927,65.24795120029749,43.64521768507327,13.003625240946437,18.01400214607559
2020-06-05 00:00:00+00:00,10.823782016887641,66.09451318197726,44.7072461147052,13.839004835615226,18.615480406156614
2020-06-06 00:00:00+00:00,10.823782016887641,66.09451318197726,44.7072461147052,13.839004835615226,18.615480406156614
2020-06-07 00:00:00+00:00,13.5600804209903,70.19942591430987,47.95674135458635,16.395699399991877,21.566206864086336
2020-06-08 00:00:00+00:00,13.814687612001894,70.5807264864443,48.32129849709465,16.68243893310675,21.837119106377493
2020-06-09 00:00:00+00:00,14.175442551359724,71.12099427790348,48.78875615068538,17.05010442203791,22.220976801640273
2020-06-10 00:00:00+00:00,14.175442551359724,71.12099427790348,48.78875615068538,17.05010442203791,22.220976801640273
2020-06-11 00:00:00+00:00,15.217839987072605,72.6832909862406,50.062317106548406,18.05201811198426,23.33682005852927
2020-06-12 00:00:00+00:00,14.134385838239725,71.06053738485426,48.36237118578398,16.714693627327684,22.183037857384203
2020-06-13 00:00:00+00:00,14.134385838239725,71.06053738485426,48.36237118578398,16.714693627327684,22.183037857384203
2020-06-14 00:00:00+00:00,14.134385838239725,71.06053738485426,48.36237118578398,16.714693627327684,22.183037857384203
2020-06-15 00:00:00+00:00,13.392533197251666,69.94877452189439,47.39971299745586,15.957394835133426,21.389424938657395
2020-06-16 00:00:00+00:00,13.045683766579089,69.42820131561733,46.978407671564774,15.62592856557087,21.01405492834626
2020-06-17 00:00:00+00:00,13.045683766579089,69.42820131561733,46.978407671564774,15.62592856557087,21.01405492834626
2020-06-18 00:00:00+00:00,12.82175918259394,69.09274912387315,46.66184987431265,15.376894934007282,20.77522099642004
2020-06-19 00:00:00+00:00,15.75564583708173,73.48889681757224,50.53583268168646,18.424545025255956,23.910105105660424
2020-06-20 00:00:00+00:00,16.208370666838263,74.16742002521082,51.115298930328464,18.880405707453544,24.394730096998156
2020-06-21 00:00:00+00:00,16.208370666838263,74.16742002521082,51.115298930328464,18.880405707453544,24.394730096998156
2020-06-22 00:00:00+00:00,15.250386365902765,72.73163500067739,49.86988421726444,17.900654618304515,23.369232034628673
2020-06-23 00:00:00+00:00,17.25936763499967,75.74260837249645,52.48163352083864,19.955282846090277,25.519795876628603
2020-06-24 00:00:00+00:00,15.66052537387113,73.34609977103035,50.39655202073773,18.314991138279467,23.8069714893318
2020-06-25 00:00:00+00:00,15.66052537387113,73.34609977103035,50.39655202073773,18.314991138279467,23.8069714893318
2020-06-26 00:00:00+00:00,15.621313981559053,73.34609977103035,50.39655202073773,18.273668264075567,23.76511158079181
2020-06-27 00:00:00+00:00,14.834610103718425,73.34609977103035,50.39655202073773,17.468870096420343,22.922987045876305
2020-06-28 00:00:00+00:00,14.834610103718425,73.34609977103035,50.39655202073773,17.468870096420343,22.922987045876305
2020-06-29 00:00:00+00:00,11.306577523460245,66.21894765803432,50.39655202073773,13.858427697185643,19.1465597428294
2020-06-30 00:00:00+00:00,10.485566315046905,66.21894765803432,50.39655202073773,13.018696906324442,18.26777901491503
2020-07-01 00:00:00+00:00,11.066726337570623,66.21894765803432,50.39655202073773,13.615228215427702,18.890212488365364
2020-07-02 00:00:00+00:00,11.309227008560613,66.21894765803432,50.39655202073773,13.866613771292682,19.149105778500402
2020-07-03 00:00:00+00:00,11.309227008560613,66.21894765803432,50.39655202073773,13.866613771292682,19.149105778500402
2020-07-04 00:00:00+00:00,11.309227008560613,66.21894765803432,50.39655202073773,13.866613771292682,19.149105778500402
2020-07-05 00:00:00+00:00,11.309227008560613,66.21894765803432,50.39655202073773,13.866613771292682,19.149105778500402
2020-07-06 00:00:00+00:00,11.309227008560613,66.21894765803432,50.39655202073773,13.866613771292682,19.149105778500402
2020-07-07 00:00:00+00:00,16.73143097147685,66.21894765803432,50.39655202073773,19.40836768698064,24.953763255414703
2020-07-08 00:00:00+00:00,17.01241925700862,66.21894765803432,50.39655202073773,19.69529917874759,25.25459854170147
2020-07-09 00:00:00+00:00,17.22535739950405,66.21894765803432,50.39655202073773,19.915939927701384,25.48222739541137
2020-07-10 00:00:00+00:00,20.38430046966058,66.21894765803432,50.39655202073773,23.144184993819522,28.86402352722953
2020-07-11 00:00:00+00:00,20.522690249248054,66.21894765803432,50.39655202073773,23.285755149422577,29.01216047147251
2020-07-12 00:00:00+00:00,20.632202267033843,66.21894765803432,50.39655202073773,23.397781707824517,29.129385947163932
2020-07-13 00:00:00+00:00,33.63730971050938,66.21894765803432,50.39655202073773,36.68226738066511,43.05260988058474
2020-07-14 00:00:00+00:00,32.16378692758596,67.59786623456876,50.39655202073773,35.17665324158302,41.475109162436105
2020-07-15 00:00:00+00:00,37.87620040122845,67.59786623456876,50.39655202073773,41.03284076348726,47.58849719179774
2020-07-16 00:00:00+00:00,34.82001470028632,67.59786623456876,50.39655202073773,37.90680373516449,44.31701414474756
2020-07-17 00:00:00+00:00,34.82001470028632,67.59786623456876,50.39655202073773,37.90680373516449,44.31701414474756
2020-07-18 00:00:00+00:00,36.6528242037336,67.59786623456876,50.39655202073773,39.781452144071025,46.278944059015046
2020-07-19 00:00:00+00:00,37.99831324640648,67.59786623456876,50.39655202073773,41.15815222244402,47.71916781138423
2020-07-20 00:00:00+00:00,37.99831324640648,67.59786623456876,50.39655202073773,41.15815222244402,47.71916781138423
2020-07-21 00:00:00+00:00,42.7341612166728,67.59786623456876,50.39655202073773,46.00711585632871,52.78810638189252
2020-07-22 00:00:00+00:00,43.22648801158245,67.59786623456876,50.39655202073773,46.50999855700363,53.31519200439452
2020-07-23 00:00:00+00:00,43.22648801158245,67.59786623456876,50.39655202073773,46.50999855700363,53.31519200439452
2020-07-24 00:00:00+00:00,43.22648801158245,67.59786623456876,50.39655202073773,46.50999855700363,53.31519200439452
2020-07-25 00:00:00+00:00,42.07844937959378,67.59786623456876,50.39655202073773,45.33562851305418,52.086288234753695
2020-07-26 00:00:00+00:00,41.8202139142343,67.59786623456876,50.39655202073773,45.071382668589514,51.8098728426137
2020-07-27 00:00:00+00:00,41.8202139142343,67.43451605547752,50.39655202073773,45.071382668589514,51.8098728426137
2020-07-28 00:00:00+00:00,32.59627534100886,55.597691640106696,50.39655202073773,35.63561689112057,41.93625093721977
2020-07-29 00:00:00+00:00,33.04815049218152,56.00931577800399,59.06312130338638,36.09718063036676,42.4200289842642
2020-07-30 00:00:00+00:00,33.04815049218152,56.00931577800399,58.28684113504995,36.09718063036676,42.4200289842642
2020-07-31 00:00:00+00:00,33.04815049218152,56.00931577800399,61.72714494256275,36.09718063036676,42.4200289842642
2020-08-01 00:00:00+00:00,34.176813806499496,57.852182719800226,61.8671774437268,37.25197769945354,43.628165707875375
2020-08-02 00:00:00+00:00,36.99267867377487,61.18223626987345,62.80361469086314,40.1325974683603,46.64235483714584
2020-08-03 00:00:00+00:00,36.99267867377487,61.18223626987345,62.80361469086314,40.1325974683603,46.64235483714584
2020-08-04 00:00:00+00:00,37.72462537047015,62.03840284832103,62.89435227699115,40.8812755708081,47.425864318222125
2020-08-05 00:00:00+00:00,37.72462537047015,62.03840284832103,62.89435227699115,40.8812755708081,47.425864318222125
2020-08-06 00:00:00+00:00,37.72462537047015,62.03840284832103,62.89435227699115,40.8812755708081,47.425864318222125
2020-08-07 00:00:00+00:00,45.69020878281584,71.34986519871927,72.96682208647954,49.02931011777079,55.952551725132885
2020-08-08 00:00:00+00:00,45.69020878281584,71.34986519871927,72.96682208647954,49.02931011777079,55.952551725132885
2020-08-09 00:00:00+00:00,45.69020878281584,71.34986519871927,72.96682208647954,49.02931011777079,55.952551725132885
2020-08-10 00:00:00+00:00,45.69020878281584,71.34986519871927,72.96682208647954,49.02931011777079,55.952551725132885
2020-08-11 00:00:00+00:00,45.63500711482254,71.2925176103673,72.91243531808148,48.97284073611852,55.89346195754877
2020-08-12 00:00:00+00:00,44.11464318235325,69.71305075521649,71.41451534424968,47.417561443409646,54.26601201484426
2020-08-13 00:00:00+00:00,44.11464318235325,69.71305075521649,71.41451534424968,47.417561443409646,54.26601201484426
2020-08-14 00:00:00+00:00,44.97732221033605,70.72769713423607,72.43874954802548,48.30001236507699,55.189457708333514
2020-08-15 00:00:00+00:00,49.65650195185663,77.76036481832492,79.53705245369285,53.08576024829629,60.1983102489959
2020-08-16 00:00:00+00:00,51.66769457363062,80.23526481952207,82.24502673769457,55.14304775056116,62.35117024108043
2020-08-17 00:00:00+00:00,52.3778946925345,80.97307339572987,82.94474272069348,55.869557709802706,63.111392920752685
2020-08-18 00:00:00+00:00,61.65173855339003,90.60743046330056,92.08168398633582,65.3563766303083,73.0384349517269
2020-08-19 00:00:00+00:00,61.65173855339003,90.60743046330056,92.08168398633582,65.3563766303083,73.0384349517269
2020-08-20 00:00:00+00:00,61.54331870790377,90.48461012028605,91.95987472281422,65.24547031832924,72.92237824027372
2020-08-21 00:00:00+00:00,61.5438211098966,90.4852037668744,91.96047352826669,65.24598423364874,72.92291603134731
2020-08-22 00:00:00+00:00,54.7132002214116,82.00078115183554,83.25196417191165,58.25892829917898,65.61113692016578
2020-08-23 00:00:00+00:00,52.65524490461881,79.60982480859984,80.80808925389876,56.15381381424339,63.408219475554475
2020-08-24 00:00:00+00:00,52.4643165234448,79.40775806434152,80.61312426626121,55.958501996037924,63.20384301960785
2020-08-25 00:00:00+00:00,52.4643165234448,79.40775806434152,80.61312426626121,55.958501996037924,63.20384301960785
2020-08-26 00:00:00+00:00,53.81991035307053,80.9640134957772,82.18971449445786,57.34517744106705,64.65492280987174
2020-08-27 00:00:00+00:00,58.435276844281994,86.66439615974353,87.94111920681237,62.066238123235784,69.59540276242959
2020-08-28 00:00:00+00:00,56.29194230325976,83.95557849032694,85.16388850863497,59.87383105400915,67.30108727240632
2020-08-29 00:00:00+00:00,56.29194230325976,83.95557849032694,85.16388850863497,59.87383105400915,67.30108727240632
2020-08-30 00:00:00+00:00,57.33165853243696,85.13965807411707,86.34514935431025,60.937385755151794,68.41403958856965
2020-08-31 00:00:00+00:00,56.66072232066692,84.35000878570554,85.55030436425537,60.25107305501286,67.69584288689138
2020-09-01 00:00:00+00:00,56.687713456716324,84.37557658507362,85.57463019802356,60.278684435666584,67.7247350863905
2020-09-02 00:00:00+00:00,55.62700157062099,83.0886170463094,84.27576869952838,59.193674601735665,66.58930581410264
2020-09-03 00:00:00+00:00,55.62700157062099,83.0886170463094,84.27576869952838,59.193674601735665,66.58930581410264
2020-09-04 00:00:00+00:00,55.62700157062099,83.0886170463094,84.27576869952838,59.193674601735665,66.58930581410264
2020-09-05 00:00:00+00:00,55.62700157062099,83.0886170463094,84.27576869952838,59.193674601735665,66.58930581410264
2020-09-06 00:00:00+00:00,50.97107454786733,77.42623913946514,78.53364970081589,54.431092046037975,61.60541173667414
2020-09-07 00:00:00+00:00,37.042653242303246,61.257677652965036,62.327260203379865,40.18332259172514,46.695892765985874
2020-09-08 00:00:00+00:00,32.27399796140913,55.40569982852953,56.38442517010328,35.30544415652355,41.59132815850525
2020-09-09 00:00:00+00:00,32.9412427428496,55.40569982852953,56.38442517010328,35.30544415652355,41.59132815850525
2020-09-10 00:00:00+00:00,32.9412427428496,55.40569982852953,56.38442517010328,35.566980184798986,41.59132815850525
2020-09-11 00:00:00+00:00,32.9412427428496,55.40569982852953,56.38442517010328,35.566980184798986,41.59132815850525
2020-09-12 00:00:00+00:00,34.215567778787225,55.40569982852953,56.38442517010328,36.86918095353998,41.59132815850525
2020-09-13 00:00:00+00:00,34.215567778787225,55.40569982852953,56.38442517010328,36.86918095353998,41.59132815850525
2020-09-14 00:00:00+00:00,34.215567778787225,55.40569982852953,56.38442517010328,36.86918095353998,41.59132815850525
2020-09-15 00:00:00+00:00,36.96869106021138,55.40569982852953,56.38442517010328,39.67700337159407,41.59132815850525
2020-09-16 00:00:00+00:00,36.14362284621188,55.40569982852953,56.38442517010328,38.83554267736274,41.59132815850525
2020-09-17 00:00:00+00:00,36.14362284621188,55.40569982852953,56.38442517010328,38.83554267736274,41.59132815850525
2020-09-18 00:00:00+00:00,35.01934002810344,55.40569982852953,56.38442517010328,32.52856912051613,39.27147692424119
2020-09-19 00:00:00+00:00,35.01934002810344,55.40569982852953,56.38442517010328,32.52856912051613,39.27147692424119
2020-09-20 00:00:00+00:00,33.52196185373389,55.40569982852953,56.38442517010328,31.945492308292568,40.493834544776504
2020-09-21 00:00:00+00:00,33.52196185373389,55.40569982852953,56.38442517010328,31.945492308292568,40.493834544776504
2020-09-22 00:00:00+00:00,33.52196185373389,55.40569982852953,56.38442517010328,31.945492308292568,40.493834544776504
2020-09-23 00:00:00+00:00,33.52196185373389,55.40569982852953,56.38442517010328,31.945492308292568,40.493834544776504
2020-09-24 00:00:00+00:00,29.743958693382268,55.40569982852953,56.38442517010328,28.217817679941522,36.50208010340295
2020-09-25 00:00:00+00:00,34.94899169479618,55.40569982852953,56.38442517010328,32.86324654935344,39.28536776566706
2020-09-26 00:00:00+00:00,34.290909024268466,55.40569982852953,56.38442517010328,31.99746058250808,39.11770073239824
2020-09-27 00:00:00+00:00,34.290909024268466,55.40569982852953,56.38442517010328,31.99746058250808,39.11770073239824
2020-09-28 00:00:00+00:00,35.32212123977473,55.40569982852953,56.38442517010328,33.01163164594424,40.19867650060091
2020-09-29 00:00:00+00:00,35.32212123977473,55.40569982852953,56.38442517010328,33.01163164594424,40.19867650060091
2020-09-30 00:00:00+00:00,35.32212123977473,55.40569982852953,56.38442517010328,33.01163164594424,40.19867650060091
2020-10-01 00:00:00+00:00,35.32212123977473,55.40569982852953,56.38442517010328,33.01163164594424,40.19867650060091
2020-10-02 00:00:00+00:00,38.336026920041846,55.40569982852953,56.38442517010328,35.95203128416304,43.644410163273655
2020-10-03 00:00:00+00:00,34.96309490727691,55.40569982852953,56.38442517010328,33.301604729180426,40.14991803688627
2020-10-04 00:00:00+00:00,33.74164440685085,55.40569982852953,56.38442517010328,32.15384522418215,38.88444658938684
2020-10-05 00:00:00+00:00,33.498816538205936,55.40569982852953,56.38442517010328,32.0238470692012,39.158140926506405
2020-10-06 00:00:00+00:00,34.23144399716213,55.40569982852953,56.38442517010328,32.34152288898359,39.939322115880685
2020-10-07 00:00:00+00:00,32.45939974807285,55.40569982852953,56.38442517010328,30.787893195234204,38.2217779084216
2020-10-08 00:00:00+00:00,32.45939974807285,55.40569982852953,56.38442517010328,30.787893195234204,38.2217779084216
2020-10-09 00:00:00+00:00,32.45939974807285,55.40569982852953,56.38442517010328,30.787893195234204,38.2217779084216
2020-10-10 00:00:00+00:00,30.987499163780406,55.40569982852953,56.38442517010328,29.32673149632125,36.70411630910166
2020-10-11 00:00:00+00:00,33.073492297126954,55.40569982852953,56.38442517010328,31.394901681101583,40.0520107678119
2020-10-12 00:00:00+00:00,33.073492297126954,55.40569982852953,56.38442517010328,31.394901681101583,40.0520107678119
2020-10-13 00:00:00+00:00,33.66491204806549,55.40569982852953,56.38442517010328,31.978808873888237,40.0520107678119
2020-10-14 00:00:00+00:00,33.66491204806549,55.40569982852953,56.38442517010328,31.978808873888237,40.0520107678119
2020-10-15 00:00:00+00:00,33.66491204806549,55.40569982852953,56.38442517010328,31.978808873888237,40.0520107678119
2020-10-16 00:00:00+00:00,33.46829804848606,55.40569982852953,56.11840483209109,31.784449198394043,39.845978290768464
2020-10-17 00:00:00+00:00,33.51024993951857,53.708077281640534,56.16655374462959,31.825816304417664,39.98782818481258
2020-10-18 00:00:00+00:00,33.33520108208254,51.90377205927529,55.96564713662664,31.653207526442493,39.73696306626522
2020-10-19 00:00:00+00:00,32.0518573234238,51.45508164687982,54.673237185684485,30.385004827109892,38.70888359134517
2020-10-20 00:00:00+00:00,32.245983727140384,51.80089785525861,54.88299350038649,30.57681184849886,38.872972524621105
2020-10-21 00:00:00+00:00,31.510208578234217,52.41834860377642,54.1842735083613,29.850949924487153,37.95627591126163
2020-10-22 00:00:00+00:00,31.510208578234217,52.41834860377642,54.1842735083613,29.850949924487153,37.95627591126163
2020-10-23 00:00:00+00:00,31.510208578234217,53.23077262942263,54.1842735083613,29.850949924487153,37.95627591126163
2020-10-24 00:00:00+00:00,31.510208578234217,53.23077262942263,54.1842735083613,29.850949924487153,37.95627591126163
2020-10-25 00:00:00+00:00,37.04419708133679,58.753238841667596,61.10325653370088,35.313157327457276,44.16857777760354
2020-10-26 00:00:00+00:00,37.04419708133679,58.753238841667596,61.10325653370088,35.313157327457276,44.16857777760354
2020-10-27 00:00:00+00:00,37.04419708133679,58.753238841667596,61.10325653370088,35.313157327457276,44.16857777760354
2020-10-28 00:00:00+00:00,37.04419708133679,58.753238841667596,61.10325653370088,35.313157327457276,44.16857777760354
2020-10-29 00:00:00+00:00,37.04419708133679,58.753238841667596,61.10325653370088,35.313157327457276,44.16857777760354
2020-10-30 00:00:00+00:00,35.973747224887354,57.43710599452165,61.10325653370088,34.255990213586486,43.12446168853817
2020-10-31 00:00:00+00:00,32.894191891650884,53.236352709318815,57.20544804915724,31.214856979921006,39.97030257344425
2020-11-01 00:00:00+00:00,31.480391332915037,52.068701947811014,56.545258630250686,29.819833545504842,38.304976704401945
2020-11-02 00:00:00+00:00,29.976468304424248,50.755981105617984,54.99416676785482,28.33527433807051,36.675093397183694
2020-11-03 00:00:00+00:00,29.976468304424248,50.755981105617984,54.99416676785482,28.33527433807051,36.675093397183694
2020-11-04 00:00:00+00:00,29.976468304424248,50.755981105617984,54.99416676785482,28.33527433807051,36.675093397183694
2020-11-05 00:00:00+00:00,29.976468304424248,50.755981105617984,54.99416676785482,28.33527433807051,36.675093397183694
2020-11-06 00:00:00+00:00,29.976468304424248,50.755981105617984,54.99416676785482,28.33527433807051,36.675093397183694
2020-11-07 00:00:00+00:00,36.09546864754865,57.854383855754385,62.28929597443117,34.37701104074455,43.10967378859462
2020-11-08 00:00:00+00:00,39.886155046755036,62.25147101383509,68.50277647238279,38.119833022671884,47.09579532038093
2020-11-09 00:00:00+00:00,41.395810656806965,64.00247737131134,70.30609921295495,39.6104264308493,48.68325438955926
2020-11-10 00:00:00+00:00,41.395810656806965,64.00247737131134,70.30609921295495,39.6104264308493,48.68325438955926
2020-11-11 00:00:00+00:00,41.395810656806965,64.00247737131134,70.30609921295495,39.6104264308493,48.68325438955926
2020-11-12 00:00:00+00:00,41.84621360730026,64.5247459215605,70.82542546864053,40.05514219809139,49.156842416264496
2020-11-13 00:00:00+00:00,41.84621360730026,64.5247459215605,70.82542546864053,40.05514219809139,49.156842416264496
2020-11-14 00:00:00+00:00,43.214681684469866,66.11179343778822,72.51416237339781,41.40633081271132,50.595798705641805
2020-11-15 00:00:00+00:00,43.94986266998136,66.96451593869376,73.39965444516874,42.132228775357596,51.36887026168597
2020-11-16 00:00:00+00:00,45.048001449999006,68.23822482964049,74.72243152240557,43.21650151736886,52.52360584395016
2020-11-17 00:00:00+00:00,46.0015862363832,69.34426897167211,75.87099031322107,44.1580455279516,53.52633738345146
2020-11-18 00:00:00+00:00,46.0015862363832,69.34426897167211,75.87099031322107,44.1580455279516,53.52633738345146
2020-11-19 00:00:00+00:00,51.238533371699226,75.4190160507784,82.0947387458383,49.32886653587979,59.033291633752995
2020-11-20 00:00:00+00:00,51.51662296680855,75.74148837030546,82.44245402640735,49.60344472835689,59.325698427773645
2020-11-21 00:00:00+00:00,52.12500607969536,76.44723048278289,83.1604736482819,50.20414588341458,59.965454596699985
2020-11-22 00:00:00+00:00,52.347113113705156,76.7048482248655,83.42799147256757,50.4234484043645,60.199008828615874
2020-11-23 00:00:00+00:00,79.41023292453028,108.09491604164711,116.01050242121775,77.14484616145805,88.65695081665937
2020-11-24 00:00:00+00:00,80.0923445332415,108.88612741421709,116.824983245346,77.81834484983246,89.37422622659112
2020-11-25 00:00:00+00:00,80.0923445332415,108.88612741421709,116.824983245346,77.81834484983246,89.37422622659112
2020-11-26 00:00:00+00:00,76.30104829820628,104.48860974980094,112.2695203794349,74.07492075337375,85.38751732536558
2020-11-27 00:00:00+00:00,74.92796370954606,102.89624489517848,110.57515203022761,72.71917392210467,83.94371384899458
2020-11-28 00:00:00+00:00,75.03878573053127,103.02478988709582,110.70786844321819,72.82859660997732,84.06024843901173
2020-11-29 00:00:00+00:00,72.87549669880451,100.51562867606418,108.1030329075053,70.69262311246732,81.78546479527375
2020-11-30 00:00:00+00:00,71.84863538319932,99.32457706149424,106.86871087993264,69.67872782352075,80.70567711875255
2020-12-01 00:00:00+00:00,76.99205187639335,105.29037601364828,113.05545582626262,74.7571991519178,86.11418996120983
2020-12-02 00:00:00+00:00,81.69309984704267,110.7430466221593,118.71487836223584,79.39888767791898,91.05752848619532
2020-12-03 00:00:00+00:00,81.69309984704267,110.7430466221593,118.71487836223584,79.39888767791898,91.05752848619532
2020-12-04 00:00:00+00:00,81.69309984704267,110.7430466221593,118.71487836223584,79.39888767791898,91.05752848619532
2020-12-05 00:00:00+00:00,81.69309984704267,110.7430466221593,118.71487836223584,79.39888767791898,91.05752848619532
2020-12-06 00:00:00+00:00,85.94254263287657,115.67191089738355,123.83008921159025,83.5946733719253,95.52598688201421
2020-12-07 00:00:00+00:00,85.94254263287657,115.67191089738355,123.83008921159025,83.5946733719253,95.52598688201421
2020-12-08 00:00:00+00:00,85.94254263287657,115.67191089738355,123.83008921159025,83.5946733719253,95.52598688201421
2020-12-09 00:00:00+00:00,85.38751636341709,115.02813993015695,123.16270070093739,83.04665533756558,94.94235378765352
2020-12-10 00:00:00+00:00,85.38751636341709,115.02813993015695,123.16270070093739,83.04665533756558,94.94235378765352
2020-12-11 00:00:00+00:00,85.38751636341709,115.02813993015695,123.16270070093739,83.04665533756558,94.94235378765352
2020-12-12 00:00:00+00:00,85.38751636341709,115.02813993015695,123.16270070093739,83.04665533756558,94.94235378765352
2020-12-13 00:00:00+00:00,92.73994254268652,123.55610314863196,132.0138121700132,90.30624350771791,102.67372198246754
2020-12-14 00:00:00+00:00,91.93468200492696,122.62209375172984,131.0444749615436,89.5111508768647,101.82695846225727
2020-12-15 00:00:00+00:00,91.90074110200362,122.58272607639698,131.00364123913272,89.47763854074242,101.79126822398266
2020-12-16 00:00:00+00:00,92.90132168698119,123.74328835438837,132.20742270449392,90.46558494148965,102.84341935771883
2020-12-17 00:00:00+00:00,92.90132168698119,123.74328835438837,132.20742270449392,90.46558494148965,102.84341935771883
2020-12-18 00:00:00+00:00,92.90132168698119,123.74328835438837,132.20742270449392,90.46558494148965,102.84341935771883
2020-12-19 00:00:00+00:00,92.90132168698119,123.74328835438837,132.20742270449392,90.46558494148965,102.84341935771883
2020-12-20 00:00:00+00:00,91.91734391590886,122.60198760309993,131.0229479411553,89.49403171366409,101.80872755703993
2020-12-21 00:00:00+00:00,93.4333887346306,124.36042456618614,132.8479388605384,90.99093365641475,103.4029090001489
2020-12-22 00:00:00+00:00,95.71502216078498,127.00685630282543,135.5944722164163,93.24375723136568,105.80213739626554
2020-12-23 00:00:00+00:00,96.9289621452471,128.41488672568198,137.05576325010566,94.44236897338396,107.07864362375862
2020-12-24 00:00:00+00:00,96.9289621452471,128.41488672568198,137.05576325010566,94.44236897338396,107.07864362375862
2020-12-25 00:00:00+00:00,99.34695197439981,131.21947609756356,139.96644842242048,96.8298271989919,109.62125619287568
2020-12-26 00:00:00+00:00,110.16866091423773,143.77141054385712,152.9932178703743,107.51489200449618,121.0007139673044
2020-12-27 00:00:00+00:00,111.62048261157224,145.45535610066202,154.74089800586847,108.94838176181085,122.52736224314171
2020-12-28 00:00:00+00:00,114.29641372174548,148.55912764968417,157.96207739910932,111.59052428165282,125.3412103452072
2020-12-29 00:00:00+00:00,114.29641372174548,148.55912764968417,157.96207739910932,111.59052428165282,125.3412103452072
2020-12-30 00:00:00+00:00,114.29641372174548,148.55912764968417,157.96207739910932,111.59052428165282,125.3412103452072
2020-12-31 00:00:00+00:00,114.29641372174548,148.55912764968417,157.96207739910932,111.59052428165282,125.3412103452072
2021-01-01 00:00:00+00:00,115.0758836762025,149.46322289590498,158.90037669164687,112.36015198311907,126.16085403095158
2021-01-02 00:00:00+00:00,115.0758836762025,149.46322289590498,158.90037669164687,112.36015198311907,126.16085403095158
2021-01-03 00:00:00+00:00,128.5096975696401,165.04489787211955,175.07150011624455,125.62433907542292,140.2870441554793
2021-01-04 00:00:00+00:00,125.63466283723608,161.71018913428702,171.61063859403785,122.78560698564051,137.263830678422
2021-01-05 00:00:00+00:00,125.63466283723608,161.71018913428702,171.61063859403785,122.78560698564051,137.263830678422
2021-01-06 00:00:00+00:00,127.88547155713037,164.32086770164454,174.32007682559313,125.00799507337923,139.6306456561588
2021-01-07 00:00:00+00:00,127.88547155713037,164.32086770164454,174.32007682559313,125.00799507337923,139.6306456561588
2021-01-08 00:00:00+00:00,127.88547155713037,164.32086770164454,174.32007682559313,125.00799507337923,139.6306456561588
2021-01-09 00:00:00+00:00,158.6995988648837,200.06170188498368,211.41299140035153,155.43303690722897,172.032927243349
2021-01-10 00:00:00+00:00,158.6995988648837,200.06170188498368,211.41299140035153,155.43303690722897,172.032927243349
2021-01-11 00:00:00+00:00,154.22180267862333,194.86797468063963,206.0227862905458,151.01178119780096,167.32434628884067
2021-01-12 00:00:00+00:00,153.25928943167423,193.75157029675728,204.86415059168218,150.06142146469483,166.31222528876052
2021-01-13 00:00:00+00:00,152.32655768285989,192.66970902193407,203.74136385041456,149.14046718310735,165.3314207206795
2021-01-14 00:00:00+00:00,152.32655768285989,192.66970902193407,203.74136385041456,149.14046718310735,165.3314207206795
2021-01-15 00:00:00+00:00,171.5406831528509,214.9558788301377,226.87061560112284,168.1119787040037,185.5358385826492
2021-01-16 00:00:00+00:00,179.47658143044868,224.16060567261886,236.4235567445844,175.94767155597555,193.88075155495264
2021-01-17 00:00:00+00:00,179.86057555068155,224.60599457055065,236.88579463637717,176.32681703867433,194.28453665949127
2021-01-18 00:00:00+00:00,180.69415265825134,225.57284789589983,237.88922269049436,177.14986869015462,195.16107617488325
2021-01-19 00:00:00+00:00,180.69415265825134,225.57284789589983,237.88922269049436,177.14986869015462,195.16107617488325
2021-01-20 00:00:00+00:00,187.63190287827229,233.61983813056546,246.24062462090293,184.00001695393252,202.4563967342414
2021-01-21 00:00:00+00:00,187.63190287827229,233.61983813056546,246.24062462090293,184.00001695393252,202.4563967342414
2021-01-22 00:00:00+00:00,187.63190287827229,233.61983813056546,246.24062462090293,184.00001695393252,202.4563967342414
2021-01-23 00:00:00+00:00,198.13000152482786,245.79642193825234,258.8778466857312,194.36555764594544,213.49556539887078
2021-01-24 00:00:00+00:00,193.856243805949,240.83935582946285,253.73325507365334,190.1457640400456,209.00153901628548
2021-01-25 00:00:00+00:00,204.79405005194025,253.52594973804128,266.8997821742614,200.9454602080148,220.50307772524997
2021-01-26 00:00:00+00:00,204.9682215718397,253.72796861584285,267.1094434154528,201.11743248963361,220.68622601230808
2021-01-27 00:00:00+00:00,211.86941250995775,261.7325542789183,275.41683997600387,207.9314831002068,227.94310302729284
2021-01-28 00:00:00+00:00,211.86941250995775,261.7325542789183,275.41683997600387,207.9314831002068,227.94310302729284
2021-01-29 00:00:00+00:00,211.86941250995775,261.7325542789183,275.41683997600387,207.9314831002068,227.94310302729284
2021-01-30 00:00:00+00:00,218.32607586256802,269.22153919693505,283.18913200691725,214.30661911000882,234.73254158755466
2021-01-31 00:00:00+00:00,267.5930168520732,326.3655093679589,342.49484954903573,262.9514736490038,286.5386913947622
2021-02-01 00:00:00+00:00,272.9843748041105,332.61886286407906,348.9847674591917,268.2747557135499,292.2079189144117
2021-02-02 00:00:00+00:00,272.9843748041105,332.61886286407906,348.9847674591917,268.2747557135499,292.2079189144117
2021-02-03 00:00:00+00:00,272.9843748041105,332.61886286407906,348.9847674591917,268.2747557135499,292.2079189144117
2021-02-04 00:00:00+00:00,274.58351673376956,334.47368309089336,350.9097554651519,269.8537055121996,293.88948031631594
2021-02-05 00:00:00+00:00,279.6919537383647,340.3988809159229,357.05910330017844,274.89763903068354,299.26120519680734
2021-02-06 00:00:00+00:00,320.9402077534634,388.24209888748726,406.7122242910491,315.62505738165,342.63538641807025
2021-02-07 00:00:00+00:00,322.7999886692505,390.3992302830871,408.95095963597214,317.4613551161112,344.591020090391
2021-02-08 00:00:00+00:00,322.7999886692505,390.3992302830871,408.95095963597214,317.4613551161112,344.591020090391
2021-02-09 00:00:00+00:00,322.7999886692505,390.3992302830871,408.95095963597214,317.4613551161112,344.591020090391
2021-02-10 00:00:00+00:00,322.7999886692505,390.3992302830871,408.95095963597214,317.4613551161112,344.591020090391
2021-02-11 00:00:00+00:00,355.8827264602213,428.7713910757704,448.7747335134337,350.1263620207674,379.3788359277727
2021-02-12 00:00:00+00:00,373.5039348421891,449.20996075108,469.98649122987297,367.5250699844855,397.90823805575036
2021-02-13 00:00:00+00:00,373.5039348421891,449.20996075108,469.98649122987297,367.5250699844855,397.90823805575036
2021-02-14 00:00:00+00:00,373.5039348421891,449.20996075108,469.98649122987297,367.5250699844855,397.90823805575036
2021-02-15 00:00:00+00:00,367.6221285600201,442.3877437436282,462.9061907758894,361.71753240906344,391.7232845906517
2021-02-16 00:00:00+00:00,366.1380033995444,440.666329704252,461.11965590239595,360.2521470796926,390.16266790020444
2021-02-17 00:00:00+00:00,369.18533386196515,444.20088162771066,464.7879193952279,363.26099934653587,393.3670571980953
2021-02-18 00:00:00+00:00,371.32702332019403,446.68499442328323,467.3660058052433,365.3756460055487,395.61912892578823
2021-02-19 00:00:00+00:00,384.99881767004706,462.54269926111533,483.8236052397916,378.8748086098866,409.9955649696928
2021-02-20 00:00:00+00:00,432.7980081679046,517.9842481175381,541.3624995777868,426.0704457277926,460.25831670207566
2021-02-21 00:00:00+00:00,432.7980081679046,517.9842481175381,541.3624995777868,426.0704457277926,460.25831670207566
2021-02-22 00:00:00+00:00,432.7980081679046,517.9842481175381,541.3624995777868,426.0704457277926,460.25831670207566
2021-02-23 00:00:00+00:00,429.3751919850293,514.014176058725,537.2422402881706,422.69084894371076,456.659089220741
2021-02-24 00:00:00+00:00,429.3751919850293,514.014176058725,537.2422402881706,422.69084894371076,456.659089220741
2021-02-25 00:00:00+00:00,393.9551746580722,472.93104053541776,494.60493590718136,387.71807498955894,419.413530902314
2021-02-26 00:00:00+00:00,388.93488346119193,467.10808167845323,488.561695389357,382.7611742745813,414.13449484699925
2021-02-27 00:00:00+00:00,393.18544726679494,472.03824552519126,493.67836659461835,386.9580668333525,418.60413190692583
2021-02-28 00:00:00+00:00,389.9519426813254,468.28775308827807,489.78599359112536,383.7653912368539,415.2039731069089
2021-03-01 00:00:00+00:00,389.9519426813254,468.28775308827807,489.78599359112536,383.7653912368539,415.2039731069089
2021-03-02 00:00:00+00:00,394.0388033986332,473.02804023055035,494.7056050853394,387.8006477622573,419.5014698523418
2021-03-03 00:00:00+00:00,395.2440349756748,474.4259698746695,496.15641819832126,388.9906610566383,420.76881883683114
2021-03-04 00:00:00+00:00,395.2440349756748,474.4259698746695,496.15641819832126,388.9906610566383,420.76881883683114
2021-03-05 00:00:00+00:00,414.48686776157945,496.7454368556749,519.3202272691116,407.9905174103732,441.00342358372615
2021-03-06 00:00:00+00:00,414.48686776157945,496.7454368556749,519.3202272691116,407.9905174103732,441.00342358372615
2021-03-07 00:00:00+00:00,414.48686776157945,496.7454368556749,519.3202272691116,407.9905174103732,441.00342358372615
2021-03-08 00:00:00+00:00,414.48686776157945,496.7454368556749,519.3202272691116,407.9905174103732,441.00342358372615
2021-03-09 00:00:00+00:00,414.48686776157945,496.7454368556749,519.3202272691116,407.9905174103732,441.00342358372615
2021-03-10 00:00:00+00:00,431.2616221893869,516.2022175558723,539.5130550663206,424.5534594700776,458.64274568091446
2021-03-11 00:00:00+00:00,511.00927324469944,608.7002964169827,635.5103223836326,503.2941486116777,542.50057558315
2021-03-12 00:00:00+00:00,511.00927324469944,608.7002964169827,635.5103223836326,503.2941486116777,542.50057558315
2021-03-13 00:00:00+00:00,511.00927324469944,608.7002964169827,635.5103223836326,503.2941486116777,542.50057558315
2021-03-14 00:00:00+00:00,511.00927324469944,608.7002964169827,635.5103223836326,503.2941486116777,542.50057558315
2021-03-15 00:00:00+00:00,501.8123487489152,598.0329245755136,624.4394054646854,494.2133523349444,532.8296433389355
2021-03-16 00:00:00+00:00,534.4024708190786,635.8337079396322,663.6701867964576,526.3919637053741,567.0994541344573
2021-03-17 00:00:00+00:00,547.3436054683829,650.8439317832577,679.2482451578076,539.1696925422233,580.7075724150895
2021-03-18 00:00:00+00:00,546.9273135958549,650.3610812171938,678.7471284272174,538.758657126219,580.269824938215
2021-03-19 00:00:00+00:00,547.2185376615254,650.6988675499092,679.0976931662593,539.0462039482513,580.5760586371298
2021-03-20 00:00:00+00:00,547.2185376615254,650.6988675499092,679.0976931662593,539.0462039482513,580.5760586371298
2021-03-21 00:00:00+00:00,557.8779003163427,663.0624990099832,691.9290389509498,549.570972391505,591.7848028263966
2021-03-22 00:00:00+00:00,587.83093214347,697.8045617969274,727.9853887646727,579.1457916712908,623.2816082467007
2021-03-23 00:00:00+00:00,587.83093214347,697.8045617969274,727.9853887646727,579.1457916712908,623.2816082467007
2021-03-24 00:00:00+00:00,587.83093214347,697.8045617969274,727.9853887646727,579.1457916712908,623.2816082467007
2021-03-25 00:00:00+00:00,595.513422652675,706.7153648559078,737.2332861674932,586.7312764976592,631.3600528632024
2021-03-26 00:00:00+00:00,595.513422652675,706.7153648559078,737.2332861674932,586.7312764976592,631.3600528632024
2021-03-27 00:00:00+00:00,613.9722673838069,728.1254961015413,759.453359468384,604.9570440990021,650.7702629593141
2021-03-28 00:00:00+00:00,621.3581610174156,736.6922809878756,768.3442245426568,612.2496771350966,658.5368241533683
2021-03-29 00:00:00+00:00,668.0620082516818,790.8633579716488,824.5645852475283,658.3638017284273,707.6477788375964
2021-03-30 00:00:00+00:00,668.0620082516818,790.8633579716488,824.5645852475283,658.3638017284273,707.6477788375964
2021-03-31 00:00:00+00:00,668.0620082516818,790.8633579716488,824.5645852475283,658.3638017284273,707.6477788375964
2021-04-01 00:00:00+00:00,668.0620082516818,790.8633579716488,824.5645852475283,658.3638017284273,707.6477788375964
2021-04-02 00:00:00+00:00,668.0620082516818,790.8633579716488,824.5645852475283,658.3638017284273,707.6477788375964
2021-04-03 00:00:00+00:00,668.0620082516818,790.8633579716488,824.5645852475283,658.3638017284273,707.6477788375964
2021-04-04 00:00:00+00:00,692.9606426790816,819.7429026393932,854.5366387605096,682.9480447444181,733.8296841724966
2021-04-05 00:00:00+00:00,688.2051869030746,814.2271223302712,848.8121973092076,678.2526354122299,728.8291331055391
2021-04-06 00:00:00+00:00,688.2051869030746,814.2271223302712,848.8121973092076,678.2526354122299,728.8291331055391
2021-04-07 00:00:00+00:00,688.2051869030746,814.2271223302712,848.8121973092076,678.2526354122299,728.8291331055391
2021-04-08 00:00:00+00:00,692.2132753338657,818.8760427040696,853.6369856437917,682.2101142972451,733.0437976557121
2021-04-09 00:00:00+00:00,692.2132753338657,818.8760427040696,853.6369856437917,682.2101142972451,733.0437976557121
2021-04-10 00:00:00+00:00,685.2568184043712,810.8073548726,845.2630605612954,675.3414955308774,725.7288062522515
2021-04-11 00:00:00+00:00,667.3369751375785,790.0224031688706,823.6918172506439,657.6479235013009,706.8853776539705
2021-04-12 00:00:00+00:00,735.8654528397882,869.5075347163105,906.1838594082969,725.3111021490852,778.9458001311816
2021-04-13 00:00:00+00:00,735.4621821180057,869.0397871835344,905.6984170564798,724.9129234676622,778.5217449126984
2021-04-14 00:00:00+00:00,735.4621821180057,869.0397871835344,905.6984170564798,724.9129234676622,778.5217449126984
2021-04-15 00:00:00+00:00,735.4621821180057,869.0397871835344,905.6984170564798,724.9129234676622,778.5217449126984
2021-04-16 00:00:00+00:00,735.4621821180057,869.0397871835344,905.6984170564798,724.9129234676622,778.5217449126984
2021-04-17 00:00:00+00:00,735.4621821180057,869.0397871835344,905.6984170564798,724.9129234676622,778.5217449126984
2021-04-18 00:00:00+00:00,728.6032287555001,861.0841922458269,897.441863154963,718.1405771050191,771.3092823916215
2021-04-19 00:00:00+00:00,705.2496796249171,833.9967683457897,869.3297260696717,695.0819098200242,746.752095757402
2021-04-20 00:00:00+00:00,705.2496796249171,833.9967683457897,869.3297260696717,695.0819098200242,746.752095757402
2021-04-21 00:00:00+00:00,750.3456698895226,886.302916660079,923.6146081330734,739.6084796182377,794.172324827964
2021-04-22 00:00:00+00:00,733.6225371012019,866.9060111087667,903.4839205526943,723.0965073791363,776.5872849397946
2021-04-23 00:00:00+00:00,734.920805716239,868.4118529880878,905.0467282045581,724.3783829464558,777.9524660736147
2021-04-24 00:00:00+00:00,734.920805716239,868.4118529880878,905.0467282045581,724.3783829464558,777.9524660736147
2021-04-25 00:00:00+00:00,729.4062632988042,868.4118529880878,905.0467282045581,718.9334718487204,772.1537051833513
2021-04-26 00:00:00+00:00,729.4062632988042,868.4118529880878,905.0467282045581,718.9334718487204,772.1537051833513
2021-04-27 00:00:00+00:00,756.3383537920396,868.4118529880878,905.0467282045581,745.5254947785296,800.4738705249849
2021-04-28 00:00:00+00:00,810.1119615193261,868.4118529880878,905.0467282045581,798.6201110342463,857.0189598204261
2021-04-29 00:00:00+00:00,838.7275356607104,868.4118529880878,905.0467282045581,826.8743605106646,887.1093752389145
2021-04-30 00:00:00+00:00,838.7275356607104,868.4118529880878,905.0467282045581,826.8743605106646,887.1093752389145
2021-05-01 00:00:00+00:00,838.7275356607104,868.4118529880878,905.0467282045581,826.8743605106646,887.1093752389145
2021-05-02 00:00:00+00:00,838.7275356607104,868.4118529880878,905.0467282045581,826.8743605106646,887.1093752389145
2021-05-03 00:00:00+00:00,838.7275356607104,868.4118529880878,905.0467282045581,826.8743605106646,887.1093752389145
2021-05-04 00:00:00+00:00,849.9458523346041,868.4118529880878,905.0467282045581,837.9510251424344,898.9058818316453
2021-05-05 00:00:00+00:00,849.9458523346041,868.4118529880878,905.0467282045581,837.9510251424344,898.9058818316453
2021-05-06 00:00:00+00:00,853.8667265904859,868.4118529880878,905.0467282045581,841.8223910931576,903.0288372048356
2021-05-07 00:00:00+00:00,853.8667265904859,865.6857761985218,905.0467282045581,841.8223910931576,903.0288372048356
2021-05-08 00:00:00+00:00,853.8667265904859,865.6857761985218,905.0467282045581,841.8223910931576,903.0288372048356
2021-05-09 00:00:00+00:00,873.3279903016211,958.3445098533516,905.0467282045581,861.0379202768115,923.4931307655197
2021-05-10 00:00:00+00:00,873.3279903016211,958.3445098533516,905.0467282045581,861.0379202768115,923.4931307655197
2021-05-11 00:00:00+00:00,875.5497148944916,958.3445098533516,905.0467282045581,863.2315914785393,925.8293626235504
2021-05-12 00:00:00+00:00,875.5497148944916,958.3445098533516,905.0467282045581,863.2315914785393,925.8293626235504
2021-05-13 00:00:00+00:00,849.5688919653777,926.8907466677069,905.0467282045581,837.578824596598,898.5094929963109
2021-05-14 00:00:00+00:00,849.5688919653777,926.8907466677069,905.0467282045581,837.578824596598,898.5094929963109
2021-05-15 00:00:00+00:00,913.709629757013,1020.8745799752595,981.7968676844572,900.9096666832329,965.9560322781286
2021-05-16 00:00:00+00:00,912.0660176902971,1020.8745799752595,981.7968676844572,899.286808265436,964.2277087564702
2021-05-17 00:00:00+00:00,903.8447223900711,1020.8745799752595,981.7968676844572,891.1693220572539,955.5826894519614
2021-05-18 00:00:00+00:00,903.8447223900711,1020.8745799752595,981.7968676844572,891.1693220572539,955.5826894519614
2021-05-19 00:00:00+00:00,903.8447223900711,1020.8745799752595,981.7968676844572,891.1693220572539,955.5826894519614
2021-05-20 00:00:00+00:00,887.5032557583413,1020.8745799752595,981.7968676844572,875.0341967320654,938.3989867218813
2021-05-21 00:00:00+00:00,868.4091777595686,1020.8745799752595,981.7968676844572,875.0341967320654,938.3989867218813
2021-05-22 00:00:00+00:00,798.6195013335895,1020.8745799752595,981.7968676844572,875.0341967320654,938.3989867218813
2021-05-23 00:00:00+00:00,798.6195013335895,1020.8745799752595,981.7968676844572,875.0341967320654,938.3989867218813
2021-05-24 00:00:00+00:00,586.2337599137956,1020.8745799752595,981.7968676844572,875.0341967320654,938.3989867218813
2021-05-25 00:00:00+00:00,586.2337599137956,1020.8745799752595,981.7968676844572,875.0341967320654,938.3989867218813
2021-05-26 00:00:00+00:00,585.7192951437077,1020.8745799752595,981.7968676844572,875.0341967320654,938.3989867218813
2021-05-27 00:00:00+00:00,585.7192951437077,1020.8745799752595,981.7968676844572,875.0341967320654,938.3989867218813
2021-05-28 00:00:00+00:00,645.4391013067336,1020.8745799752595,981.7968676844572,875.0341967320654,938.3989867218813
2021-05-29 00:00:00+00:00,645.4391013067336,1020.8745799752595,981.7968676844572,875.0341967320654,938.3989867218813
2021-05-30 00:00:00+00:00,645.4391013067336,1020.8745799752595,981.7968676844572,875.0341967320654,938.3989867218813
2021-05-31 00:00:00+00:00,645.4391013067336,1020.8745799752595,981.7968676844572,875.0341967320654,938.3989867218813
2021-06-01 00:00:00+00:00,645.4391013067336,1020.8745799752595,981.7968676844572,875.0341967320654,938.3989867218813
2021-06-02 00:00:00+00:00,645.4391013067336,1020.8745799752595,981.7968676844572,875.0341967320654,938.3989867218813
2021-06-03 00:00:00+00:00,651.9024723784507,1020.8745799752595,981.7968676844572,875.0341967320654,938.3989867218813
2021-06-04 00:00:00+00:00,651.9024723784507,1020.8745799752595,981.7968676844572,875.0341967320654,938.3989867218813
2021-06-05 00:00:00+00:00,651.9024723784507,1020.8745799752595,981.7968676844572,875.0341967320654,938.3989867218813
2021-06-06 00:00:00+00:00,651.9024723784507,1020.8745799752595,981.7968676844572,875.0341967320654,938.3989867218813
2021-06-07 00:00:00+00:00,651.9024723784507,1020.8745799752595,981.7968676844572,875.0341967320654,938.3989867218813
2021-06-08 00:00:00+00:00,651.9024723784507,1020.8745799752595,981.7968676844572,875.0341967320654,938.3989867218813
2021-06-09 00:00:00+00:00,651.9024723784507,1020.8745799752595,981.7968676844572,875.0341967320654,938.3989867218813
2021-06-10 00:00:00+00:00,651.1247061152835,1020.8745799752595,981.7968676844572,875.0341967320654,938.3989867218813
2021-06-11 00:00:00+00:00,651.1247061152835,1020.8745799752595,981.7968676844572,875.0341967320654,938.3989867218813
2021-06-12 00:00:00+00:00,651.1247061152835,1020.8745799752595,981.7968676844572,875.0341967320654,938.3989867218813
2021-06-13 00:00:00+00:00,651.1247061152835,1020.8745799752595,981.7968676844572,875.0341967320654,938.3989867218813
2021-06-14 00:00:00+00:00,651.1247061152835,1020.8745799752595,981.7968676844572,875.0341967320654,938.3989867218813
2021-06-15 00:00:00+00:00,651.1247061152835,1020.8745799752595,981.7968676844572,875.0341967320654,938.3989867218813
2021-06-16 00:00:00+00:00,666.5019364584234,1020.8745799752595,981.7968676844572,875.0341967320654,938.3989867218813
2021-06-17 00:00:00+00:00,675.1692561081412,1020.8745799752595,981.7968676844572,875.0341967320654,938.3989867218813
2021-06-18 00:00:00+00:00,687.373465655269,1020.8745799752595,981.7968676844572,875.0341967320654,938.3989867218813
2021-06-19 00:00:00+00:00,687.373465655269,1020.8745799752595,981.7968676844572,875.0341967320654,938.3989867218813
2021-06-20 00:00:00+00:00,673.5119669387443,1020.8745799752595,981.7968676844572,875.0341967320654,938.3989867218813
2021-06-21 00:00:00+00:00,665.1050853105169,1020.8745799752595,981.7968676844572,875.0341967320654,938.3989867218813
2021-06-22 00:00:00+00:00,662.2896077408034,1020.8745799752595,981.7968676844572,875.0341967320654,938.3989867218813
2021-06-23 00:00:00+00:00,620.0437987996515,1020.8745799752595,981.7968676844572,875.0341967320654,938.3989867218813
2021-06-24 00:00:00+00:00,620.0437987996515,1020.8745799752595,981.7968676844572,875.0341967320654,938.3989867218813
2021-06-25 00:00:00+00:00,611.340860879156,1020.8745799752595,981.7968676844572,875.0341967320654,938.3989867218813
2021-06-26 00:00:00+00:00,574.4046098867061,1020.8745799752595,981.7968676844572,875.0341967320654,938.3989867218813
2021-06-27 00:00:00+00:00,596.7234495146992,1020.8745799752595,981.7968676844572,875.0341967320654,938.3989867218813
2021-06-28 00:00:00+00:00,596.7234495146992,1020.8745799752595,981.7968676844572,875.0341967320654,938.3989867218813
2021-06-29 00:00:00+00:00,596.7234495146992,1020.8745799752595,981.7968676844572,875.0341967320654,938.3989867218813
2021-06-30 00:00:00+00:00,596.7234495146992,1020.8745799752595,981.7968676844572,875.0341967320654,938.3989867218813
2021-07-01 00:00:00+00:00,596.7234495146992,1020.8745799752595,981.7968676844572,875.0341967320654,938.3989867218813
2021-07-02 00:00:00+00:00,596.7234495146992,1020.8745799752595,981.7968676844572,875.0341967320654,938.3989867218813
2021-07-03 00:00:00+00:00,596.7234495146992,1020.8745799752595,981.7968676844572,875.0341967320654,938.3989867218813
2021-07-04 00:00:00+00:00,596.7234495146992,1020.8745799752595,981.7968676844572,875.0341967320654,938.3989867218813
2021-07-05 00:00:00+00:00,596.7234495146992,1020.8745799752595,981.7968676844572,875.0341967320654,938.3989867218813
2021-07-06 00:00:00+00:00,608.5839352641925,1020.8745799752595,981.7968676844572,875.0341967320654,938.3989867218813
2021-07-07 00:00:00+00:00,608.5839352641925,1020.8745799752595,981.7968676844572,875.0341967320654,938.3989867218813
2021-07-08 00:00:00+00:00,608.5839352641925,1020.8745799752595,981.7968676844572,875.0341967320654,938.3989867218813
2021-07-09 00:00:00+00:00,608.5839352641925,1020.8745799752595,981.7968676844572,875.0341967320654,938.3989867218813
2021-07-10 00:00:00+00:00,608.5839352641925,1020.8745799752595,981.7968676844572,875.0341967320654,938.3989867218813
2021-07-11 00:00:00+00:00,608.5839352641925,1020.8745799752595,981.7968676844572,875.0341967320654,938.3989867218813
2021-07-12 00:00:00+00:00,607.6154798109051,1020.8745799752595,981.7968676844572,875.0341967320654,938.3989867218813
2021-07-13 00:00:00+00:00,634.0428399922725,1020.8745799752595,981.7968676844572,875.0341967320654,938.3989867218813
2021-07-14 00:00:00+00:00,634.0428399922725,1020.8745799752595,981.7968676844572,875.0341967320654,938.3989867218813
2021-07-15 00:00:00+00:00,634.0428399922725,1020.8745799752595,981.7968676844572,875.0341967320654,938.3989867218813
2021-07-16 00:00:00+00:00,634.0428399922725,1020.8745799752595,981.7968676844572,875.0341967320654,938.3989867218813
2021-07-17 00:00:00+00:00,634.0430371181203,1020.8745799752595,981.7968676844572,875.0341967320654,938.3989867218813
2021-07-18 00:00:00+00:00,621.3518550177981,1020.8745799752595,981.7968676844572,875.0341967320654,938.3989867218813
2021-07-19 00:00:00+00:00,613.6070618617174,1020.8745799752595,981.7968676844572,875.0341967320654,938.3989867218813
2021-07-20 00:00:00+00:00,613.6070618617174,1020.8745799752595,981.7968676844572,875.0341967320654,938.3989867218813
2021-07-21 00:00:00+00:00,576.1729962063783,1020.8745799752595,981.7968676844572,875.0341967320654,938.3989867218813
2021-07-22 00:00:00+00:00,619.0058363415969,1020.8745799752595,981.7968676844572,875.0341967320654,938.3989867218813
2021-07-23 00:00:00+00:00,619.0058363415969,1020.8745799752595,981.7968676844572,875.0341967320654,938.3989867218813
2021-07-24 00:00:00+00:00,638.7416199304299,1020.8745799752595,981.7968676844572,875.0341967320654,938.3989867218813
2021-07-25 00:00:00+00:00,714.3257241429731,1020.8745799752595,981.7968676844572,875.0341967320654,938.3989867218813
2021-07-26 00:00:00+00:00,714.3257241429731,1020.8745799752595,981.7968676844572,875.0341967320654,938.3989867218813
2021-07-27 00:00:00+00:00,714.3257241429731,1020.8745799752595,981.7968676844572,875.0341967320654,938.3989867218813
2021-07-28 00:00:00+00:00,714.3257241429731,1020.8745799752595,981.7968676844572,875.0341967320654,938.3989867218813
2021-07-29 00:00:00+00:00,714.3257241429731,1020.8745799752595,981.7968676844572,875.0341967320654,938.3989867218813
2021-07-30 00:00:00+00:00,772.3987861644387,1020.8745799752595,981.7968676844572,875.0341967320654,938.3989867218813
2021-07-31 00:00:00+00:00,782.5349323328849,1080.577456505257,981.7968676844572,875.0341967320654,938.3989867218813
2021-08-01 00:00:00+00:00,775.5197736377444,1097.1519982305724,981.7968676844572,875.0341967320654,938.3989867218813
2021-08-02 00:00:00+00:00,775.5197736377444,1097.1519982305724,981.7968676844572,875.0341967320654,938.3989867218813
2021-08-03 00:00:00+00:00,777.0644911684308,1098.668598273443,997.8205305574252,889.4764822708389,938.3989867218813
2021-08-04 00:00:00+00:00,785.0655830918151,1125.3403030009163,992.1892131043618,884.4009202560003,995.4283080706972
2021-08-05 00:00:00+00:00,785.0655830918151,1125.3403030009163,992.1892131043618,884.4009202560003,995.4283080706972
2021-08-06 00:00:00+00:00,783.5316811945495,1133.2871611750415,990.0298812901112,882.4546931741154,993.8088020589303
2021-08-07 00:00:00+00:00,822.725252284161,1142.0184743172886,1023.8325251224355,912.9213497720561,993.8088020589303
2021-08-08 00:00:00+00:00,902.1180892261011,1250.7801362370574,1087.970600484033,912.9213497720561,993.8088020589303
2021-08-09 00:00:00+00:00,902.1180892261011,1250.7801362370574,1086.369511480096,912.9213497720561,993.8088020589303
2021-08-10 00:00:00+00:00,908.2415758060442,1261.536690289389,1086.369511480096,966.2708860869659,993.8088020589303
2021-08-11 00:00:00+00:00,908.2415758060442,1261.536690289389,1086.369511480096,966.2708860869659,993.8088020589303
2021-08-12 00:00:00+00:00,908.2415758060442,1261.536690289389,1086.369511480096,966.2708860869659,993.8088020589303
2021-08-13 00:00:00+00:00,951.3941075371217,1311.8273811385397,1136.1426918841416,1036.901757553499,1074.8114488678282
2021-08-14 00:00:00+00:00,983.7982921747562,1356.8048907448174,1163.8170974007944,1036.901757553499,1101.218562661081
2021-08-15 00:00:00+00:00,990.2401895390269,1366.6751825829592,1181.8057540995405,1043.3351875434269,1111.2362111251966
2021-08-16 00:00:00+00:00,990.2401895390269,1366.6751825829592,1181.8057540995405,1043.3351875434269,1111.2362111251966
2021-08-17 00:00:00+00:00,1018.2268823110057,1407.6384171285656,1212.0229849428433,1058.9723544662409,1117.6249289440734
2021-08-18 00:00:00+00:00,1018.2268823110057,1407.6384171285656,1212.0229849428433,1058.9723544662409,1117.6249289440734
2021-08-19 00:00:00+00:00,1015.1718625157732,1403.517437897622,1208.424819675892,1047.3217618595409,1108.7445671917217
2021-08-20 00:00:00+00:00,1048.0468672571449,1444.0436398847683,1220.920115817005,1060.6977229045915,1101.7295386327942
2021-08-21 00:00:00+00:00,1048.7151385898044,1444.9366653020559,1222.3361714662858,1061.2827422279802,1112.516635348222
2021-08-22 00:00:00+00:00,1048.7151385898044,1444.9366653020559,1222.3361714662858,1071.0329913545613,1129.6233384361947
2021-08-23 00:00:00+00:00,1110.0964652840553,1535.0699403624333,1287.292857837088,1124.7186083078022,1158.5736783430127
2021-08-24 00:00:00+00:00,1114.8825191010546,1541.465647462538,1295.1322058121525,1128.908424373351,1163.8449581516104
2021-08-25 00:00:00+00:00,1114.8825191010546,1541.465647462538,1295.1322058121525,1128.908424373351,1163.8449581516104
2021-08-26 00:00:00+00:00,1114.8825191010546,1541.465647462538,1295.1322058121525,1139.7520303023591,1170.9260331372657
2021-08-27 00:00:00+00:00,1101.4494432728386,1523.2959912139208,1279.7243829210456,1146.6089838589767,1177.990185322169
2021-08-28 00:00:00+00:00,1101.4494432728386,1523.2959912139208,1279.7243829210456,1146.6089838589767,1177.990185322169
2021-08-29 00:00:00+00:00,1135.522300062302,1569.327588400847,1314.1167611747785,1134.4409676731445,1159.5624642107837
2021-08-30 00:00:00+00:00,1132.0299658358688,1564.61937455034,1307.8448510379383,1160.4784999106946,1199.381344640202
2021-08-31 00:00:00+00:00,1138.0611958584489,1572.7504518535718,1322.8135112790637,1160.4873462468727,1198.5964407200916
2021-09-01 00:00:00+00:00,1138.473546248818,1573.3063648027119,1323.554054544858,1161.234246139804,1199.4381377230102
2021-09-02 00:00:00+00:00,1138.473546248818,1573.3063648027119,1323.554054544858,1161.234246139804,1199.4381377230102
2021-09-03 00:00:00+00:00,1131.777707347663,1564.255059325284,1315.1927283034659,1153.5826737311895,1192.0180844947647
2021-09-04 00:00:00+00:00,1166.2229040199686,1610.7939043841952,1354.9116190033126,1188.661303859802,1220.0981626063215
2021-09-05 00:00:00+00:00,1225.8656677155252,1691.3770015997854,1423.4702641335123,1249.3381345836772,1282.6711820762039
2021-09-06 00:00:00+00:00,1225.8656677155252,1691.3770015997854,1423.4702641335123,1249.3381345836772,1282.6711820762039
2021-09-07 00:00:00+00:00,1225.8656677155252,1691.3770015997854,1423.4702641335123,1249.3381345836772,1282.6711820762039
2021-09-08 00:00:00+00:00,1225.8656677155252,1691.3770015997854,1423.4702641335123,1249.3381345836772,1282.6711820762039
2021-09-09 00:00:00+00:00,1225.8656677155252,1691.3770015997854,1423.4702641335123,1249.3381345836772,1282.6711820762039
2021-09-10 00:00:00+00:00,1225.8656677155252,1691.3770015997854,1423.4702641335123,1249.3381345836772,1282.6711820762039
2021-09-11 00:00:00+00:00,1224.2496023086717,1689.1959086550528,1421.7655617974128,1250.9723944431735,1283.3306268872682
2021-09-12 00:00:00+00:00,1246.7010799310315,1719.5302356414552,1447.5719886024115,1269.2395931732756,1302.4435174638872
2021-09-13 00:00:00+00:00,1246.7010799310315,1719.5302356414552,1447.5719886024115,1269.2395931732756,1302.4435174638872
2021-09-14 00:00:00+00:00,1246.7010799310315,1719.5302356414552,1447.5719886024115,1269.2395931732756,1302.4435174638872
2021-09-15 00:00:00+00:00,1246.0427307719274,1718.6407401432625,1446.815520287608,1268.5695889278377,1301.7569619309986
2021-09-16 00:00:00+00:00,1246.0427307719274,1718.6407401432625,1446.815520287608,1268.5695889278377,1301.7569619309986
2021-09-17 00:00:00+00:00,1246.0427307719274,1718.6407401432625,1446.815520287608,1268.5695889278377,1301.7569619309986
2021-09-18 00:00:00+00:00,1215.8170789631715,1677.8032678079278,1446.815520287608,1238.4173749205506,1270.682422523011
2021-09-19 00:00:00+00:00,1215.8170789631715,1677.8032678079278,1446.815520287608,1238.4173749205506,1270.682422523011
2021-09-20 00:00:00+00:00,1215.8170789631715,1652.3921005377802,1446.815520287608,1238.4173749205506,1270.682422523011
2021-09-21 00:00:00+00:00,1178.6457734334786,1602.0270828720465,1446.815520287608,1200.3104713140021,1231.7548912041048
2021-09-22 00:00:00+00:00,1096.423330265124,1514.9438778691083,1329.4823802147152,1115.2265978467908,1145.0979328971584
2021-09-23 00:00:00+00:00,1096.423330265124,1514.9438778691083,1329.4823802147152,1115.2265978467908,1145.0979328971584
2021-09-24 00:00:00+00:00,1088.8951127366536,1505.2230494811092,1329.4823802147152,1107.568335795346,1137.2552984392355
2021-09-25 00:00:00+00:00,1104.1678571258174,1523.2266849325435,1311.3958286382356,1122.5103585062348,1152.7531436691809
2021-09-26 00:00:00+00:00,1104.1678571258174,1523.2266849325435,1311.3958286382356,1122.5103585062348,1152.7531436691809
2021-09-27 00:00:00+00:00,1114.054772207714,1523.2266849325435,1311.3958286382356,1122.5103585062348,1152.7531436691809
2021-09-28 00:00:00+00:00,1114.054772207714,1523.2266849325435,1311.3958286382356,1122.5103585062348,1152.7531436691809
2021-09-29 00:00:00+00:00,1104.1268857822936,1523.2266849325435,1311.3958286382356,1111.6209279848347,1152.7531436691809
2021-09-30 00:00:00+00:00,1104.1268857822936,1523.2266849325435,1311.3958286382356,1111.6209279848347,1152.7531436691809
2021-10-01 00:00:00+00:00,1117.9498024591944,1523.2266849325435,1311.3958286382356,1111.6209279848347,1152.7531436691809
2021-10-02 00:00:00+00:00,1120.2077451109353,1523.2266849325435,1311.3958286382356,1111.6209279848347,1152.7531436691809
2021-10-03 00:00:00+00:00,1135.8321250879783,1523.2266849325435,1311.3958286382356,1111.6209279848347,1152.7531436691809
2021-10-04 00:00:00+00:00,1141.6328166361009,1523.2266849325435,1311.3958286382356,1111.6209279848347,1152.7531436691809
2021-10-05 00:00:00+00:00,1141.6328166361009,1523.2266849325435,1311.3958286382356,1111.6209279848347,1152.7531436691809
2021-10-06 00:00:00+00:00,1141.6328166361009,1523.2266849325435,1311.3958286382356,1111.6209279848347,1152.7531436691809
2021-10-07 00:00:00+00:00,1140.3026631823443,1522.1508151559358,1311.3958286382356,1110.5619735196483,1152.7531436691809
2021-10-08 00:00:00+00:00,1141.643039412957,1522.1508151559358,1311.3958286382356,1111.8883051677165,1152.7531436691809
2021-10-09 00:00:00+00:00,1141.643039412957,1522.1508151559358,1309.6174448878235,1110.3441954491764,1152.7531436691809
2021-10-10 00:00:00+00:00,1137.2422508534905,1515.2597662486378,1299.035685427495,1102.0242135300869,1143.232730013736
2021-10-11 00:00:00+00:00,1125.9091050582072,1498.9176378623033,1296.4246376104375,1093.6369497680241,1123.2210331602887
2021-10-12 00:00:00+00:00,1145.2765726218327,1498.9176378623033,1331.3263221736645,1112.5033568631338,1122.8096769421968
2021-10-13 00:00:00+00:00,1145.2765726218327,1498.9176378623033,1331.3263221736645,1112.5033568631338,1122.8096769421968
2021-10-14 00:00:00+00:00,1145.2765726218327,1498.9176378623033,1331.3263221736645,1112.5033568631338,1122.8096769421968
2021-10-15 00:00:00+00:00,1145.2765726218327,1498.9176378623033,1332.7606740101764,1112.5033568631338,1117.5163706862036
2021-10-16 00:00:00+00:00,1138.2690931986917,1491.5081825458763,1332.7606740101764,1104.2759677679023,1109.1400459604079
2021-10-17 00:00:00+00:00,1150.647713193053,1506.7760782466585,1362.2017610570283,1118.060256431543,1133.7232085416754
2021-10-18 00:00:00+00:00,1150.647713193053,1506.7760782466585,1362.2017610570283,1118.060256431543,1133.7232085416754
2021-10-19 00:00:00+00:00,1150.647713193053,1506.7760782466585,1362.2017610570283,1118.060256431543,1145.493293893373
2021-10-20 00:00:00+00:00,1180.1860805818203,1524.0958294351192,1399.8960423504511,1141.7412355216502,1147.4774838491855
2021-10-21 00:00:00+00:00,1194.0067467850292,1546.5774256173042,1416.9964428708474,1154.6083628489316,1160.6838690908396
2021-10-22 00:00:00+00:00,1219.642669162818,1574.989278228484,1441.3119458522026,1178.980778260334,1180.8861869133088
2021-10-23 00:00:00+00:00,1219.642669162818,1574.989278228484,1441.3119458522026,1178.980778260334,1180.8861869133088
2021-10-24 00:00:00+00:00,1241.3393533792316,1594.7850857912324,1465.6045088817423,1200.0241858579086,1201.9368001547905
2021-10-25 00:00:00+00:00,1243.987757685749,1620.2701849281495,1468.6521942308989,1202.5928479976774,1204.5063418510003
2021-10-26 00:00:00+00:00,1271.1296918521723,1619.3985678033214,1495.3487423271565,1226.1500393339554,1222.3647434056518
2021-10-27 00:00:00+00:00,1271.1296918521723,1619.3985678033214,1495.3487423271565,1226.1500393339554,1222.3647434056518
2021-10-28 00:00:00+00:00,1271.1296918521723,1619.3985678033214,1495.3487423271565,1226.1500393339554,1222.3647434056518
2021-10-29 00:00:00+00:00,1271.1296918521723,1619.3985678033214,1495.3487423271565,1226.1500393339554,1222.3647434056518
2021-10-30 00:00:00+00:00,1271.1296918521723,1619.3985678033214,1495.3487423271565,1226.1500393339554,1222.3647434056518
2021-10-31 00:00:00+00:00,1277.3133199721249,1625.0464540692512,1500.2043096880655,1231.708607503956,1226.389207601218
2021-11-01 00:00:00+00:00,1299.418503818406,1666.3683736037406,1530.8694063107282,1252.254699025865,1250.7348173171647
2021-11-02 00:00:00+00:00,1293.6162926114523,1659.4859482073446,1523.8151426674258,1246.5510595634184,1244.96586081918
2021-11-03 00:00:00+00:00,1293.6162926114523,1659.4859482073446,1523.8151426674258,1246.5510595634184,1244.96586081918
2021-11-04 00:00:00+00:00,1287.8079700382777,1650.1017613723548,1515.606172676993,1241.172426918567,1244.96586081918
2021-11-05 00:00:00+00:00,1291.8071233044548,1654.8454483946803,1520.468298594743,1245.103639963346,1231.5472805352122
2021-11-06 00:00:00+00:00,1300.6232150033861,1662.3513698739482,1527.8247042206754,1254.0052354465677,1238.371918277601
2021-11-07 00:00:00+00:00,1300.6232150033861,1662.3513698739482,1527.8247042206754,1254.0052354465677,1238.371918277601
2021-11-08 00:00:00+00:00,1325.5284329154938,1693.7691047123658,1556.8349043356775,1278.0730157240982,1262.5482214615824
2021-11-09 00:00:00+00:00,1335.2587098738206,1706.4348115739851,1568.48710402047,1287.4352321675574,1271.90903013794
2021-11-10 00:00:00+00:00,1329.0224321442706,1697.4815717401043,1560.4429922647987,1281.5309224124746,1268.2851918380868
2021-11-11 00:00:00+00:00,1329.0224321442706,1697.4815717401043,1560.4429922647987,1281.5309224124746,1268.2851918380868
2021-11-12 00:00:00+00:00,1349.3783571762817,1723.8405895748408,1584.8278309288064,1301.1402092683313,1291.9559816364567
2021-11-13 00:00:00+00:00,1343.9336985227876,1716.9930906413101,1578.5023166098852,1295.8763942065905,1286.7454415832685
2021-11-14 00:00:00+00:00,1343.9336985227876,1716.9930906413101,1578.5023166098852,1295.8763942065905,1286.7454415832685
2021-11-15 00:00:00+00:00,1389.0927635468734,1773.8001617254274,1630.9599387924147,1339.6953983027392,1330.969504196648
2021-11-16 00:00:00+00:00,1391.8210391129976,1777.3420118745403,1634.2091495046252,1342.320609918383,1333.342336049224
2021-11-17 00:00:00+00:00,1383.6848597532232,1766.8862582116656,1624.597193658765,1334.4722175443553,1325.9964906451246
2021-11-18 00:00:00+00:00,1377.9211882062916,1759.5804548956373,1617.8617487674408,1328.8938724307834,1320.5371612095078
2021-11-19 00:00:00+00:00,1366.2829193330508,1744.7787247101257,1604.2133664243856,1317.6589950849113,1309.477518169433
2021-11-20 00:00:00+00:00,1366.2829193330508,1744.7787247101257,1604.2133664243856,1317.6589950849113,1309.477518169433
2021-11-21 00:00:00+00:00,1598.9368567205313,2037.590603892598,1874.6926438758096,1542.5918239386285,1532.935801261024
2021-11-22 00:00:00+00:00,1598.9368567205313,2037.590603892598,1874.6926438758096,1542.5918239386285,1532.935801261024
2021-11-23 00:00:00+00:00,1604.7939153956822,2044.7918003342113,1881.3808144136594,1548.2634320171146,1538.8721258342177
2021-11-24 00:00:00+00:00,1630.0803035673835,2044.7918003342113,1881.3808144136594,1572.6998006576148,1562.617776031215
2021-11-25 00:00:00+00:00,1630.0803035673835,2044.7918003342113,1881.3808144136594,1572.6998006576148,1562.617776031215
2021-11-26 00:00:00+00:00,1650.2125887037291,2044.7918003342113,1881.3808144136594,1592.1715590891604,1582.3981095519691
2021-11-27 00:00:00+00:00,1689.105899285877,2044.7918003342113,1881.3808144136594,1629.778300256091,1619.969269456984
2021-11-28 00:00:00+00:00,1689.105899285877,2044.7918003342113,1881.3808144136594,1629.778300256091,1619.969269456984
2021-11-29 00:00:00+00:00,1655.0021959731516,2044.7918003342113,1881.3808144136594,1596.813366126997,1587.4960021289126
2021-11-30 00:00:00+00:00,1607.5528732992875,2044.7918003342113,1881.3808144136594,1550.9373752164406,1541.8743594057214
2021-12-01 00:00:00+00:00,1562.7199595338536,2044.7918003342113,1881.3808144136594,1507.5902458277942,1498.7703978213153
2021-12-02 00:00:00+00:00,1562.7199595338536,2044.7918003342113,1881.3808144136594,1507.5902458277942,1498.7703978213153
2021-12-03 00:00:00+00:00,1546.8731625990697,2044.7918003342113,1881.3808144136594,1492.2670032451213,1483.4344753886248
2021-12-04 00:00:00+00:00,1546.8731625990697,2044.7918003342113,1881.3808144136594,1492.2670032451213,1483.4344753886248
2021-12-05 00:00:00+00:00,1510.7838975804693,2044.7918003342113,1881.3808144136594,1457.3789368952616,1448.8815295768595
2021-12-06 00:00:00+00:00,1488.7605508824804,2044.7918003342113,1881.3808144136594,1436.0858138890753,1427.7062582834742
2021-12-07 00:00:00+00:00,1414.4159708393538,2044.7918003342113,1881.3808144136594,1364.208949884286,1356.3313308346735
2021-12-08 00:00:00+00:00,1375.633205889006,2044.7918003342113,1881.3808144136594,1326.7140182756698,1319.1008936395822
2021-12-09 00:00:00+00:00,1454.8664157323983,2044.7918003342113,1881.3808144136594,1326.7140182756698,1319.1008936395822
2021-12-10 00:00:00+00:00,1454.8664157323983,2044.7918003342113,1881.3808144136594,1326.7140182756698,1319.1008936395822
2021-12-11 00:00:00+00:00,1462.8958542937137,2044.7918003342113,1881.3808144136594,1326.7140182756698,1319.1008936395822
2021-12-12 00:00:00+00:00,1462.8958542937137,2044.7918003342113,1881.3808144136594,1326.7140182756698,1319.1008936395822
2021-12-13 00:00:00+00:00,1461.8256584073563,2044.7918003342113,1881.3808144136594,1326.7140182756698,1319.1008936395822
2021-12-14 00:00:00+00:00,1427.9602607931731,2044.7918003342113,1881.3808144136594,1326.7140182756698,1319.1008936395822
2021-12-15 00:00:00+00:00,1425.6302227960853,2044.7918003342113,1881.3808144136594,1326.7140182756698,1319.1008936395822
2021-12-16 00:00:00+00:00,1425.6302227960853,2044.7918003342113,1881.3808144136594,1326.7140182756698,1319.1008936395822
2021-12-17 00:00:00+00:00,1425.6302227960853,2044.7918003342113,1881.3808144136594,1326.7140182756698,1319.1008936395822
2021-12-18 00:00:00+00:00,1429.3676541051286,2044.7918003342113,1881.3808144136594,1326.7140182756698,1319.1008936395822
2021-12-19 00:00:00+00:00,1429.3676541051286,2044.7918003342113,1881.3808144136594,1326.7140182756698,1319.1008936395822
2021-12-20 00:00:00+00:00,1429.3676541051286,2044.7918003342113,1881.3808144136594,1326.7140182756698,1319.1008936395822
2021-12-21 00:00:00+00:00,1429.3676541051286,2044.7918003342113,1881.3808144136594,1326.7140182756698,1319.1008936395822
2021-12-22 00:00:00+00:00,1441.788690824011,2044.7918003342113,1881.3808144136594,1326.7140182756698,1319.1008936395822
2021-12-23 00:00:00+00:00,1441.788690824011,2044.7918003342113,1881.3808144136594,1326.7140182756698,1319.1008936395822
2021-12-24 00:00:00+00:00,1441.788690824011,2044.7918003342113,1881.3808144136594,1326.7140182756698,1319.1008936395822
2021-12-25 00:00:00+00:00,1485.4330174774448,2044.7918003342113,1881.3808144136594,1326.7140182756698,1319.1008936395822
2021-12-26 00:00:00+00:00,1485.4330174774448,2044.7918003342113,1881.3808144136594,1326.7140182756698,1319.1008936395822
2021-12-27 00:00:00+00:00,1485.4330174774448,2044.7918003342113,1881.3808144136594,1326.7140182756698,1319.1008936395822
2021-12-28 00:00:00+00:00,1485.4330174774448,2044.7918003342113,1881.3808144136594,1326.7140182756698,1319.1008936395822
2021-12-29 00:00:00+00:00,1467.5985905121415,2044.7918003342113,1881.3808144136594,1326.7140182756698,1319.1008936395822
2021-12-30 00:00:00+00:00,1499.008068990225,2044.7918003342113,1881.3808144136594,1326.7140182756698,1319.1008936395822
2021-12-31 00:00:00+00:00,1499.008068990225,2044.7918003342113,1881.3808144136594,1326.7140182756698,1319.1008936395822
2022-01-01 00:00:00+00:00,1516.5363107646672,2044.7918003342113,1881.3808144136594,1326.7140182756698,1319.1008936395822
2022-01-02 00:00:00+00:00,1567.8983889590922,2044.7918003342113,1881.3808144136594,1326.7140182756698,1319.1008936395822
2022-01-03 00:00:00+00:00,1567.8983889590922,2044.7918003342113,1881.3808144136594,1326.7140182756698,1319.1008936395822
2022-01-04 00:00:00+00:00,1567.8983889590922,2044.7918003342113,1881.3808144136594,1326.7140182756698,1319.1008936395822
2022-01-05 00:00:00+00:00,1541.483449006658,2044.7918003342113,1881.3808144136594,1326.7140182756698,1319.1008936395822
2022-01-06 00:00:00+00:00,1541.483449006658,2044.7918003342113,1881.3808144136594,1326.7140182756698,1319.1008936395822
2022-01-07 00:00:00+00:00,1534.5132566795494,2044.7918003342113,1881.3808144136594,1326.7140182756698,1319.1008936395822
2022-01-08 00:00:00+00:00,1489.5308673212862,2044.7918003342113,1881.3808144136594,1326.7140182756698,1319.1008936395822
2022-01-09 00:00:00+00:00,1440.4396773424833,2044.7918003342113,1881.3808144136594,1326.7140182756698,1319.1008936395822
2022-01-10 00:00:00+00:00,1391.0348280002881,2044.7918003342113,1881.3808144136594,1326.7140182756698,1319.1008936395822
2022-01-11 00:00:00+00:00,1373.6139710195723,2044.7918003342113,1881.3808144136594,1326.7140182756698,1319.1008936395822
2022-01-12 00:00:00+00:00,1368.8496966823448,2044.7918003342113,1881.3808144136594,1326.7140182756698,1319.1008936395822
2022-01-13 00:00:00+00:00,1404.6384467804107,2044.7918003342113,1881.3808144136594,1326.7140182756698,1319.1008936395822
2022-01-14 00:00:00+00:00,1404.6384467804107,2044.7918003342113,1881.3808144136594,1326.7140182756698,1319.1008936395822
2022-01-15 00:00:00+00:00,1457.0367849597421,2044.7918003342113,1881.3808144136594,1326.7140182756698,1319.1008936395822
2022-01-16 00:00:00+00:00,1457.0367849597421,2044.7918003342113,1881.3808144136594,1326.7140182756698,1319.1008936395822
2022-01-17 00:00:00+00:00,1457.0367849597421,2044.7918003342113,1881.3808144136594,1326.7140182756698,1319.1008936395822
2022-01-18 00:00:00+00:00,1438.3575063670805,2044.7918003342113,1881.3808144136594,1326.7140182756698,1319.1008936395822
2022-01-19 00:00:00+00:00,1438.3575063670805,2044.7918003342113,1881.3808144136594,1326.7140182756698,1319.1008936395822
2022-01-20 00:00:00+00:00,1438.3575063670805,2044.7918003342113,1881.3808144136594,1326.7140182756698,1319.1008936395822
2022-01-21 00:00:00+00:00,1407.5018052826224,2044.7918003342113,1881.3808144136594,1326.7140182756698,1319.1008936395822
2022-01-22 00:00:00+00:00,1297.9660582223992,2044.7918003342113,1881.3808144136594,1326.7140182756698,1319.1008936395822
2022-01-23 00:00:00+00:00,1179.52092447127,2044.7918003342113,1881.3808144136594,1326.7140182756698,1319.1008936395822
2022-01-24 00:00:00+00:00,1060.2776067605134,2044.7918003342113,1881.3808144136594,1326.7140182756698,1319.1008936395822
2022-01-25 00:00:00+00:00,1054.0344280273564,2044.7918003342113,1881.3808144136594,1326.7140182756698,1319.1008936395822
2022-01-26 00:00:00+00:00,1038.255758746306,2044.7918003342113,1881.3808144136594,1326.7140182756698,1319.1008936395822
2022-01-27 00:00:00+00:00,1038.255758746306,2044.7918003342113,1881.3808144136594,1326.7140182756698,1319.1008936395822
2022-01-28 00:00:00+00:00,1038.255758746306,2044.7918003342113,1881.3808144136594,1326.7140182756698,1319.1008936395822
2022-01-29 00:00:00+00:00,1038.255758746306,2044.7918003342113,1881.3808144136594,1326.7140182756698,1319.1008936395822
2022-01-30 00:00:00+00:00,1038.255758746306,2044.7918003342113,1881.3808144136594,1326.7140182756698,1319.1008936395822
2022-01-31 00:00:00+00:00,1038.255758746306,2044.7918003342113,1881.3808144136594,1326.7140182756698,1319.1008936395822
2022-02-01 00:00:00+00:00,1038.255758746306,2044.7918003342113,1881.3808144136594,1326.7140182756698,1319.1008936395822
2022-02-02 00:00:00+00:00,1038.255758746306,2044.7918003342113,1881.3808144136594,1326.7140182756698,1319.1008936395822
2022-02-03 00:00:00+00:00,1038.255758746306,2044.7918003342113,1881.3808144136594,1326.7140182756698,1319.1008936395822
2022-02-04 00:00:00+00:00,1038.255758746306,2044.7918003342113,1881.3808144136594,1326.7140182756698,1319.1008936395822
2022-02-05 00:00:00+00:00,1038.255758746306,2044.7918003342113,1881.3808144136594,1326.7140182756698,1319.1008936395822
2022-02-06 00:00:00+00:00,1038.255758746306,2044.7918003342113,1881.3808144136594,1326.7140182756698,1319.1008936395822
2022-02-07 00:00:00+00:00,1038.255758746306,2044.7918003342113,1881.3808144136594,1326.7140182756698,1319.1008936395822
2022-02-08 00:00:00+00:00,1038.255758746306,2044.7918003342113,1881.3808144136594,1326.7140182756698,1319.1008936395822
2022-02-09 00:00:00+00:00,1038.255758746306,2044.7918003342113,1881.3808144136594,1326.7140182756698,1319.1008936395822
2022-02-10 00:00:00+00:00,1038.255758746306,2044.7918003342113,1881.3808144136594,1326.7140182756698,1319.1008936395822
2022-02-11 00:00:00+00:00,1024.106647976157,2044.7918003342113,1881.3808144136594,1326.7140182756698,1319.1008936395822
2022-02-12 00:00:00+00:00,1024.106647976157,2044.7918003342113,1881.3808144136594,1326.7140182756698,1319.1008936395822
2022-02-13 00:00:00+00:00,1008.9320617687233,2013.1387194675085,1881.3808144136594,1326.7140182756698,1319.1008936395822
2022-02-14 00:00:00+00:00,1000.7104073365028,1999.830969995951,1881.3808144136594,1326.7140182756698,1319.1008936395822
2022-02-15 00:00:00+00:00,984.0236378223708,1979.6624940854247,1836.2754075059374,1326.7140182756698,1319.1008936395822
2022-02-16 00:00:00+00:00,998.2892382596538,2036.4508358888977,1887.3939123050736,1326.7140182756698,1319.1008936395822
2022-02-17 00:00:00+00:00,999.7343476776086,2036.4508358888977,1887.3939123050736,1326.7140182756698,1319.1008936395822
2022-02-18 00:00:00+00:00,999.7343476776086,2036.4508358888977,1887.3939123050736,1326.7140182756698,1319.1008936395822
2022-02-19 00:00:00+00:00,999.7343476776086,2036.4508358888977,1887.3939123050736,1326.7140182756698,1319.1008936395822
2022-02-20 00:00:00+00:00,999.7343476776086,2036.4508358888977,1887.3939123050736,1326.7140182756698,1319.1008936395822
2022-02-21 00:00:00+00:00,999.7343476776086,2036.4508358888977,1887.3939123050736,1326.7140182756698,1319.1008936395822
2022-02-22 00:00:00+00:00,801.8249509158242,1665.5762711360828,1533.3425564418258,1326.7140182756698,1319.1008936395822
2022-02-23 00:00:00+00:00,801.8249509158242,1665.5762711360828,1533.3425564418258,1326.7140182756698,1319.1008936395822
2022-02-24 00:00:00+00:00,801.8249509158242,1665.5762711360828,1533.3425564418258,1326.7140182756698,1319.1008936395822
2022-02-25 00:00:00+00:00,797.3729960478959,1665.5762711360828,1533.3425564418258,1326.7140182756698,1319.1008936395822
2022-02-26 00:00:00+00:00,797.3729960478959,1665.5762711360828,1533.3425564418258,1326.7140182756698,1319.1008936395822
2022-02-27 00:00:00+00:00,797.5074024365691,1665.5762711360828,1533.3425564418258,1326.7140182756698,1319.1008936395822
2022-02-28 00:00:00+00:00,797.5074024365691,1665.5762711360828,1533.3425564418258,1326.7140182756698,1319.1008936395822
2022-03-01 00:00:00+00:00,962.5304866659345,1665.5762711360828,1533.3425564418258,1326.7140182756698,1319.1008936395822
2022-03-02 00:00:00+00:00,962.5304866659345,1665.5762711360828,1533.3425564418258,1326.7140182756698,1319.1008936395822
2022-03-03 00:00:00+00:00,962.5304866659345,1665.5762711360828,1533.3425564418258,1326.7140182756698,1319.1008936395822
2022-03-04 00:00:00+00:00,962.5304866659345,1665.5762711360828,1533.3425564418258,1326.7140182756698,1319.1008936395822
2022-03-05 00:00:00+00:00,962.5304866659345,1665.5762711360828,1533.3425564418258,1326.7140182756698,1319.1008936395822
2022-03-06 00:00:00+00:00,962.5304866659345,1648.5887520605513,1533.3425564418258,1326.7140182756698,1319.1008936395822
2022-03-07 00:00:00+00:00,936.994911958976,1576.3672108195085,1533.3425564418258,1326.7140182756698,1319.1008936395822
2022-03-08 00:00:00+00:00,918.9657357256232,1557.1846736456982,1517.3461063303976,1326.7140182756698,1319.1008936395822
2022-03-09 00:00:00+00:00,911.9203734240108,1553.1863738392476,1476.682302772343,1326.7140182756698,1319.1008936395822
2022-03-10 00:00:00+00:00,926.2284479637285,1553.1863738392476,1476.682302772343,1326.7140182756698,1319.1008936395822
2022-03-11 00:00:00+00:00,923.8329493243564,1553.1863738392476,1476.682302772343,1326.7140182756698,1319.1008936395822
2022-03-12 00:00:00+00:00,923.8329493243564,1553.1863738392476,1476.682302772343,1326.7140182756698,1319.1008936395822
2022-03-13 00:00:00+00:00,923.8329493243564,1553.1863738392476,1476.682302772343,1326.7140182756698,1319.1008936395822
2022-03-14 00:00:00+00:00,923.8329493243564,1553.1863738392476,1476.682302772343,1326.7140182756698,1319.1008936395822
2022-03-15 00:00:00+00:00,922.0075559010437,1588.1555311986735,1476.682302772343,1326.7140182756698,1319.1008936395822
2022-03-16 00:00:00+00:00,918.5362731277614,1588.1555311986735,1476.682302772343,1326.7140182756698,1319.1008936395822
2022-03-17 00:00:00+00:00,918.5362731277614,1588.1555311986735,1476.682302772343,1326.7140182756698,1319.1008936395822
2022-03-18 00:00:00+00:00,915.9031472404745,1588.1555311986735,1476.682302772343,1326.7140182756698,1319.1008936395822
2022-03-19 00:00:00+00:00,910.5304385606537,1588.1555311986735,1476.682302772343,1326.7140182756698,1319.1008936395822
2022-03-20 00:00:00+00:00,910.5304385606537,1588.1555311986735,1476.682302772343,1326.7140182756698,1319.1008936395822
2022-03-21 00:00:00+00:00,910.5304385606537,1588.1555311986735,1476.682302772343,1326.7140182756698,1319.1008936395822
2022-03-22 00:00:00+00:00,908.155453636819,1581.3955103954288,1476.682302772343,1326.7140182756698,1319.1008936395822
2022-03-23 00:00:00+00:00,913.8043896459033,1702.41736384923,1476.682302772343,1326.7140182756698,1319.1008936395822
2022-03-24 00:00:00+00:00,913.8043896459033,1702.41736384923,1514.762779434683,1326.7140182756698,1319.1008936395822
2022-03-25 00:00:00+00:00,915.4409232139187,1704.4363118896988,1517.6191697046752,1326.7140182756698,1319.1008936395822
2022-03-26 00:00:00+00:00,954.9997475875514,1749.9347671123535,1554.4330499963346,1326.7140182756698,1319.1008936395822
2022-03-27 00:00:00+00:00,954.9997475875514,1749.9347671123535,1554.4330499963346,1326.7140182756698,1319.1008936395822
2022-03-28 00:00:00+00:00,939.9695866876116,1757.585402400584,1531.055464735627,1326.7140182756698,1319.1008936395822
2022-03-29 00:00:00+00:00,949.258442482884,1772.7422343814587,1587.5864105805208,1326.7140182756698,1319.1008936395822
2022-03-30 00:00:00+00:00,958.5612081513792,1798.04993562245,1604.8927242704608,1413.0489868973787,1319.1008936395822
2022-03-31 00:00:00+00:00,955.8420146618258,1792.9228083064718,1598.8383719367305,1413.0489868973787,1319.1008936395822
2022-04-01 00:00:00+00:00,955.8420146618258,1792.9228083064718,1598.8383719367305,1413.0489868973787,1319.1008936395822
2022-04-02 00:00:00+00:00,969.1550319287151,1816.5284133199357,1621.3022866722365,1426.3641811474897,1333.616039455024
2022-04-03 00:00:00+00:00,969.1550319287151,1816.5284133199357,1621.3022866722365,1426.3641811474897,1333.616039455024
2022-04-04 00:00:00+00:00,973.5913622397119,1824.1262076261837,1628.0032605780502,1426.3641811474897,1343.1501214906446
2022-04-05 00:00:00+00:00,983.358440030999,1839.311160843911,1643.7546016800645,1438.573032226742,1361.2427185947263
2022-04-06 00:00:00+00:00,979.0481316006562,1830.1507056174798,1634.376832324991,1430.8997513814736,1357.8468745475436
2022-04-07 00:00:00+00:00,972.2564388722551,1815.7167043956103,1624.371250011216,1430.8997513814736,1357.8468745475436
2022-04-08 00:00:00+00:00,972.2564388722551,1815.7167043956103,1624.371250011216,1419.4849737815462,1348.319750648432
2022-04-09 00:00:00+00:00,917.4090065218282,1716.9637498812758,1552.7263007438303,1370.569255106299,1307.493189784371
2022-04-10 00:00:00+00:00,918.3251560868027,1718.8234892106902,1554.0988152027373,1370.569255106299,1309.4661984189604
2022-04-11 00:00:00+00:00,873.8819681551263,1644.6157646676056,1483.2929864611,1306.9498502378415,1253.9887668296808
2022-04-12 00:00:00+00:00,873.8819681551263,1644.6157646676056,1483.2929864611,1306.9498502378415,1253.9887668296808
2022-04-13 00:00:00+00:00,872.9157693620564,1642.5623569064712,1481.0626597368284,1306.9498502378415,1253.9887668296808
2022-04-14 00:00:00+00:00,872.9157693620564,1642.5623569064712,1481.0626597368284,1306.9498502378415,1253.9887668296808
2022-04-15 00:00:00+00:00,872.9157693620564,1642.5623569064712,1481.0626597368284,1306.9498502378415,1253.9887668296808
2022-04-16 00:00:00+00:00,876.9739461546268,1650.0546973373353,1487.6628448980975,1306.9498502378415,1253.9887668296808
2022-04-17 00:00:00+00:00,876.9739461546268,1650.0546973373353,1487.6628448980975,1306.9498502378415,1253.9887668296808
2022-04-18 00:00:00+00:00,876.9739461546268,1650.0546973373353,1487.6628448980975,1306.9498502378415,1253.9887668296808
2022-04-19 00:00:00+00:00,876.1029610254791,1650.0546973373353,1487.6628448980975,1306.9498502378415,1253.9887668296808
2022-04-20 00:00:00+00:00,886.0989134479356,1650.0546973373353,1487.6628448980975,1306.9498502378415,1253.9887668296808
2022-04-21 00:00:00+00:00,886.0989134479356,1650.0546973373353,1487.6628448980975,1306.9498502378415,1253.9887668296808
2022-04-22 00:00:00+00:00,886.0989134479356,1650.0546973373353,1487.6628448980975,1306.9498502378415,1253.9887668296808
2022-04-23 00:00:00+00:00,884.9183111687394,1650.0546973373353,1487.6628448980975,1306.9498502378415,1253.9887668296808
2022-04-24 00:00:00+00:00,884.9183111687394,1650.0546973373353,1487.6628448980975,1306.9498502378415,1253.9887668296808
2022-04-25 00:00:00+00:00,885.2430274587231,1650.0546973373353,1487.6628448980975,1306.9498502378415,1253.9887668296808
2022-04-26 00:00:00+00:00,906.3083044670631,1650.0546973373353,1487.6628448980975,1306.9498502378415,1253.9887668296808
2022-04-27 00:00:00+00:00,906.3083044670631,1650.0546973373353,1487.6628448980975,1306.9498502378415,1253.9887668296808
2022-04-28 00:00:00+00:00,906.3083044670631,1650.0546973373353,1487.6628448980975,1306.9498502378415,1253.9887668296808
2022-04-29 00:00:00+00:00,919.7034840408429,1650.0546973373353,1487.6628448980975,1306.9498502378415,1253.9887668296808
2022-04-30 00:00:00+00:00,901.0634689132249,1650.0546973373353,1487.6628448980975,1306.9498502378415,1253.9887668296808
2022-05-01 00:00:00+00:00,901.0634689132249,1650.0546973373353,1487.6628448980975,1306.9498502378415,1253.9887668296808
2022-05-02 00:00:00+00:00,901.0634689132249,1650.0546973373353,1487.6628448980975,1306.9498502378415,1253.9887668296808
2022-05-03 00:00:00+00:00,901.0634689132249,1650.0546973373353,1487.6628448980975,1306.9498502378415,1253.9887668296808
2022-05-04 00:00:00+00:00,882.0755216536962,1650.0546973373353,1487.6628448980975,1306.9498502378415,1253.9887668296808
2022-05-05 00:00:00+00:00,856.7814104048488,1650.0546973373353,1487.6628448980975,1306.9498502378415,1253.9887668296808
2022-05-06 00:00:00+00:00,831.5695622801089,1650.0546973373353,1487.6628448980975,1306.9498502378415,1253.9887668296808
2022-05-07 00:00:00+00:00,831.5695622801089,1650.0546973373353,1487.6628448980975,1306.9498502378415,1253.9887668296808
2022-05-08 00:00:00+00:00,815.0501008716658,1650.0546973373353,1487.6628448980975,1306.9498502378415,1253.9887668296808
2022-05-09 00:00:00+00:00,815.0501008716658,1650.0546973373353,1487.6628448980975,1306.9498502378415,1253.9887668296808
2022-05-10 00:00:00+00:00,623.1105430244122,1650.0546973373353,1487.6628448980975,1306.9498502378415,1253.9887668296808
2022-05-11 00:00:00+00:00,610.9516049824816,1650.0546973373353,1487.6628448980975,1306.9498502378415,1253.9887668296808
2022-05-12 00:00:00+00:00,605.3234775122083,1650.0546973373353,1487.6628448980975,1306.9498502378415,1253.9887668296808
2022-05-13 00:00:00+00:00,576.1219557368202,1650.0546973373353,1487.6628448980975,1306.9498502378415,1253.9887668296808
2022-05-14 00:00:00+00:00,546.1163299483825,1650.0546973373353,1487.6628448980975,1306.9498502378415,1253.9887668296808
2022-05-15 00:00:00+00:00,546.1163299483825,1650.0546973373353,1487.6628448980975,1306.9498502378415,1253.9887668296808
2022-05-16 00:00:00+00:00,546.1163299483825,1650.0546973373353,1487.6628448980975,1306.9498502378415,1253.9887668296808
2022-05-17 00:00:00+00:00,546.1163299483825,1650.0546973373353,1487.6628448980975,1306.9498502378415,1253.9887668296808
2022-05-18 00:00:00+00:00,546.1163299483825,1650.0546973373353,1487.6628448980975,1306.9498502378415,1253.9887668296808
2022-05-19 00:00:00+00:00,546.1163299483825,1650.0546973373353,1487.6628448980975,1306.9498502378415,1253.9887668296808
2022-05-20 00:00:00+00:00,546.1163299483825,1650.0546973373353,1487.6628448980975,1306.9498502378415,1253.9887668296808
2022-05-21 00:00:00+00:00,546.1163299483825,1650.0546973373353,1487.6628448980975,1306.9498502378415,1253.9887668296808
2022-05-22 00:00:00+00:00,546.1163299483825,1650.0546973373353,1487.6628448980975,1306.9498502378415,1253.9887668296808
2022-05-23 00:00:00+00:00,546.1163299483825,1650.0546973373353,1487.6628448980975,1306.9498502378415,1253.9887668296808
2022-05-24 00:00:00+00:00,546.1163299483825,1650.0546973373353,1487.6628448980975,1306.9498502378415,1253.9887668296808
2022-05-25 00:00:00+00:00,546.1163299483825,1650.0546973373353,1487.6628448980975,1306.9498502378415,1253.9887668296808
2022-05-26 00:00:00+00:00,546.1163299483825,1650.0546973373353,1487.6628448980975,1306.9498502378415,1253.9887668296808
2022-05-27 00:00:00+00:00,546.1163299483825,1650.0546973373353,1487.6628448980975,1306.9498502378415,1253.9887668296808
2022-05-28 00:00:00+00:00,546.1163299483825,1650.0546973373353,1487.6628448980975,1306.9498502378415,1253.9887668296808
2022-05-29 00:00:00+00:00,546.1163299483825,1650.0546973373353,1487.6628448980975,1306.9498502378415,1253.9887668296808
2022-05-30 00:00:00+00:00,546.1163299483825,1650.0546973373353,1487.6628448980975,1306.9498502378415,1253.9887668296808
2022-05-31 00:00:00+00:00,546.1163299483825,1650.0546973373353,1487.6628448980975,1306.9498502378415,1253.9887668296808
2022-06-01 00:00:00+00:00,546.1163299483825,1650.0546973373353,1487.6628448980975,1306.9498502378415,1253.9887668296808
2022-06-02 00:00:00+00:00,546.1163299483825,1650.0546973373353,1487.6628448980975,1306.9498502378415,1253.9887668296808
2022-06-03 00:00:00+00:00,546.1163299483825,1650.0546973373353,1487.6628448980975,1306.9498502378415,1253.9887668296808
2022-06-04 00:00:00+00:00,546.1163299483825,1650.0546973373353,1487.6628448980975,1306.9498502378415,1253.9887668296808
2022-06-05 00:00:00+00:00,546.1163299483825,1650.0546973373353,1487.6628448980975,1306.9498502378415,1253.9887668296808
2022-06-06 00:00:00+00:00,533.0398950376792,1650.0546973373353,1487.6628448980975,1306.9498502378415,1253.9887668296808
2022-06-07 00:00:00+00:00,535.5358955272255,1650.0546973373353,1487.6628448980975,1306.9498502378415,1253.9887668296808
2022-06-08 00:00:00+00:00,536.0099451916716,1650.0546973373353,1487.6628448980975,1306.9498502378415,1253.9887668296808
2022-06-09 00:00:00+00:00,536.0099451916716,1650.0546973373353,1487.6628448980975,1306.9498502378415,1253.9887668296808
2022-06-10 00:00:00+00:00,534.7384246133151,1650.0546973373353,1487.6628448980975,1306.9498502378415,1253.9887668296808
2022-06-11 00:00:00+00:00,534.7384246133151,1650.0546973373353,1487.6628448980975,1306.9498502378415,1253.9887668296808
2022-06-12 00:00:00+00:00,489.26442824280025,1650.0546973373353,1487.6628448980975,1306.9498502378415,1253.9887668296808
2022-06-13 00:00:00+00:00,439.7285721547503,1650.0546973373353,1487.6628448980975,1306.9498502378415,1253.9887668296808
2022-06-14 00:00:00+00:00,439.7285721547503,1650.0546973373353,1487.6628448980975,1306.9498502378415,1253.9887668296808
2022-06-15 00:00:00+00:00,415.23228548924334,1650.0546973373353,1487.6628448980975,1306.9498502378415,1253.9887668296808
2022-06-16 00:00:00+00:00,408.63827101690066,1650.0546973373353,1487.6628448980975,1306.9498502378415,1253.9887668296808
2022-06-17 00:00:00+00:00,401.031449396968,1650.0546973373353,1487.6628448980975,1306.9498502378415,1253.9887668296808
2022-06-18 00:00:00+00:00,385.0274465844436,1650.0546973373353,1487.6628448980975,1306.9498502378415,1253.9887668296808
2022-06-19 00:00:00+00:00,385.0274465844436,1650.0546973373353,1487.6628448980975,1306.9498502378415,1253.9887668296808
2022-06-20 00:00:00+00:00,397.06249042688273,1650.0546973373353,1487.6628448980975,1306.9498502378415,1253.9887668296808
2022-06-21 00:00:00+00:00,402.29620779006325,1650.0546973373353,1487.6628448980975,1306.9498502378415,1253.9887668296808
2022-06-22 00:00:00+00:00,402.29620779006325,1650.0546973373353,1487.6628448980975,1306.9498502378415,1253.9887668296808
2022-06-23 00:00:00+00:00,424.5377719189271,1650.0546973373353,1487.6628448980975,1306.9498502378415,1253.9887668296808
2022-06-24 00:00:00+00:00,424.5377719189271,1650.0546973373353,1487.6628448980975,1306.9498502378415,1253.9887668296808
2022-06-25 00:00:00+00:00,424.5377719189271,1650.0546973373353,1487.6628448980975,1306.9498502378415,1253.9887668296808
2022-06-26 00:00:00+00:00,424.5377719189271,1650.0546973373353,1487.6628448980975,1306.9498502378415,1253.9887668296808
2022-06-27 00:00:00+00:00,424.5377719189271,1650.0546973373353,1487.6628448980975,1306.9498502378415,1253.9887668296808
2022-06-28 00:00:00+00:00,424.5377719189271,1650.0546973373353,1487.6628448980975,1306.9498502378415,1253.9887668296808
2022-06-29 00:00:00+00:00,424.5377719189271,1650.0546973373353,1487.6628448980975,1306.9498502378415,1253.9887668296808
2022-06-30 00:00:00+00:00,422.1101883595198,1650.0546973373353,1487.6628448980975,1306.9498502378415,1253.9887668296808
2022-07-01 00:00:00+00:00,414.9625832091614,1650.0546973373353,1487.6628448980975,1306.9498502378415,1253.9887668296808
2022-07-02 00:00:00+00:00,414.9625832091614,1650.0546973373353,1487.6628448980975,1306.9498502378415,1253.9887668296808
2022-07-03 00:00:00+00:00,402.8839328307729,1650.0546973373353,1487.6628448980975,1306.9498502378415,1253.9887668296808
2022-07-04 00:00:00+00:00,402.8839328307729,1650.0546973373353,1487.6628448980975,1306.9498502378415,1253.9887668296808
2022-07-05 00:00:00+00:00,415.5300072828467,1650.0546973373353,1487.6628448980975,1306.9498502378415,1253.9887668296808
2022-07-06 00:00:00+00:00,415.5300072828467,1650.0546973373353,1487.6628448980975,1306.9498502378415,1253.9887668296808
2022-07-07 00:00:00+00:00,415.5300072828467,1650.0546973373353,1487.6628448980975,1306.9498502378415,1253.9887668296808
2022-07-08 00:00:00+00:00,417.8780869180451,1650.0546973373353,1487.6628448980975,1306.9498502378415,1253.9887668296808
2022-07-09 00:00:00+00:00,417.8780869180451,1650.0546973373353,1487.6628448980975,1306.9498502378415,1253.9887668296808
2022-07-10 00:00:00+00:00,421.25549376043347,1650.0546973373353,1487.6628448980975,1306.9498502378415,1253.9887668296808
2022-07-11 00:00:00+00:00,421.25549376043347,1650.0546973373353,1487.6628448980975,1306.9498502378415,1253.9887668296808
2022-07-12 00:00:00+00:00,421.25549376043347,1650.0546973373353,1487.6628448980975,1306.9498502378415,1253.9887668296808
2022-07-13 00:00:00+00:00,418.68815450199486,1650.0546973373353,1487.6628448980975,1306.9498502378415,1253.9887668296808
2022-07-14 00:00:00+00:00,451.68121146199746,1650.0546973373353,1487.6628448980975,1306.9498502378415,1253.9887668296808
2022-07-15 00:00:00+00:00,475.56075736321174,1650.0546973373353,1487.6628448980975,1306.9498502378415,1253.9887668296808
2022-07-16 00:00:00+00:00,476.71361519219226,1650.0546973373353,1487.6628448980975,1306.9498502378415,1253.9887668296808
2022-07-17 00:00:00+00:00,479.22543118841696,1650.0546973373353,1487.6628448980975,1306.9498502378415,1253.9887668296808
2022-07-18 00:00:00+00:00,480.181507001355,1650.0546973373353,1487.6628448980975,1306.9498502378415,1253.9887668296808
2022-07-19 00:00:00+00:00,480.10787806019397,1650.0546973373353,1487.6628448980975,1306.9498502378415,1253.9887668296808
2022-07-20 00:00:00+00:00,468.2424327387893,1650.0546973373353,1487.6628448980975,1306.9498502378415,1253.9887668296808
2022-07-21 00:00:00+00:00,470.31954982683317,1650.0546973373353,1487.6628448980975,1306.9498502378415,1253.9887668296808
2022-07-22 00:00:00+00:00,470.31954982683317,1650.0546973373353,1487.6628448980975,1306.9498502378415,1253.9887668296808
2022-07-23 00:00:00+00:00,477.7259835734168,1650.0546973373353,1487.6628448980975,1306.9498502378415,1253.9887668296808
2022-07-24 00:00:00+00:00,472.18813325916375,1650.0546973373353,1487.6628448980975,1306.9498502378415,1253.9887668296808
2022-07-25 00:00:00+00:00,475.11613870308247,1694.8288200267295,1487.6628448980975,1306.9498502378415,1253.9887668296808
2022-07-26 00:00:00+00:00,469.8253510569092,1700.0144715278143,1487.6628448980975,1306.9498502378415,1253.9887668296808
2022-07-27 00:00:00+00:00,469.8253510569092,1696.650110454447,1469.1110630757346,1306.9498502378415,1253.9887668296808
2022-07-28 00:00:00+00:00,469.8253510569092,1696.2966603121356,1500.0526984312285,1306.9498502378415,1253.9887668296808
2022-07-29 00:00:00+00:00,481.9005779382258,1696.2966603121356,1500.0526984312285,1306.9498502378415,1253.9887668296808
2022-07-30 00:00:00+00:00,547.7939504987962,1710.1367332978477,1500.0526984312285,1306.9498502378415,1253.9887668296808
2022-07-31 00:00:00+00:00,567.2741092147202,1710.1367332978477,1500.0526984312285,1306.9498502378415,1253.9887668296808
2022-08-01 00:00:00+00:00,567.2741092147202,1710.1367332978477,1500.0526984312285,1306.9498502378415,1253.9887668296808
2022-08-02 00:00:00+00:00,567.2741092147202,1716.4184333016678,1500.0526984312285,1306.9498502378415,1253.9887668296808
2022-08-03 00:00:00+00:00,566.6817324444679,1708.8729475389086,1500.0526984312285,1306.9498502378415,1253.9887668296808
2022-08-04 00:00:00+00:00,547.7474123507698,1638.5810765598442,1413.9362041049937,1306.9498502378415,1253.9887668296808
2022-08-05 00:00:00+00:00,564.3808637458749,1675.0839130785178,1473.335510732799,1306.9498502378415,1253.9887668296808
2022-08-06 00:00:00+00:00,569.5567726689023,1685.7135170484771,1484.6517600969335,1306.9498502378415,1253.9887668296808
2022-08-07 00:00:00+00:00,622.0633283615562,1757.061950590597,1507.2032542222069,1306.9498502378415,1253.9887668296808
2022-08-08 00:00:00+00:00,618.1767124840449,1747.0744838092407,1504.3323789624285,1306.9498502378415,1253.9887668296808
2022-08-09 00:00:00+00:00,617.7096762219193,1745.0427258650539,1503.7599239174779,1306.9498502378415,1253.9887668296808
2022-08-10 00:00:00+00:00,617.7096762219193,1745.0427258650539,1503.7599239174779,1306.9498502378415,1253.9887668296808
2022-08-11 00:00:00+00:00,617.7096762219193,1745.0427258650539,1503.7599239174779,1306.9498502378415,1253.9887668296808
2022-08-12 00:00:00+00:00,617.7096762219193,1745.0427258650539,1518.9696852341046,1306.9498502378415,1253.9887668296808
2022-08-13 00:00:00+00:00,618.401205361637,1746.8626432403355,1521.486431965732,1306.9498502378415,1253.9887668296808
2022-08-14 00:00:00+00:00,634.7789498665545,1790.4604178946747,1508.7356072498008,1306.9498502378415,1253.9887668296808
2022-08-15 00:00:00+00:00,652.5412936825936,1836.60474018583,1546.399363862329,1306.9498502378415,1253.9887668296808
2022-08-16 00:00:00+00:00,652.5412936825936,1836.60474018583,1546.399363862329,1306.9498502378415,1253.9887668296808
2022-08-17 00:00:00+00:00,652.5412936825936,1836.60474018583,1546.399363862329,1306.9498502378415,1253.9887668296808
2022-08-18 00:00:00+00:00,652.5412936825936,1836.60474018583,1546.399363862329,1306.9498502378415,1253.9887668296808
2022-08-19 00:00:00+00:00,649.5859439693843,1828.7760130188153,1534.5596484496552,1306.9498502378415,1253.9887668296808
2022-08-20 00:00:00+00:00,584.4293260000803,1660.3616064866217,1382.7786635205664,1306.9498502378415,1253.9887668296808
2022-08-21 00:00:00+00:00,572.9606984369743,1630.8469598246554,1358.5835326668298,1306.9498502378415,1253.9887668296808
2022-08-22 00:00:00+00:00,548.1117048343876,1567.560680520442,1314.8295680517924,1306.9498502378415,1253.9887668296808
2022-08-23 00:00:00+00:00,546.8802771093426,1564.427109662425,1312.7042230430588,1306.9498502378415,1253.9887668296808
2022-08-24 00:00:00+00:00,555.5840883908347,1586.5753923676614,1327.7262998469582,1306.9498502378415,1253.9887668296808
2022-08-25 00:00:00+00:00,562.9688061939383,1586.5753923676614,1327.7262998469582,1306.9498502378415,1253.9887668296808
2022-08-26 00:00:00+00:00,562.9688061939383,1586.5753923676614,1327.7262998469582,1306.9498502378415,1253.9887668296808
2022-08-27 00:00:00+00:00,553.06919572831,1586.5753923676614,1327.7262998469582,1306.9498502378415,1253.9887668296808
2022-08-28 00:00:00+00:00,553.06919572831,1586.5753923676614,1327.7262998469582,1306.9498502378415,1253.9887668296808
2022-08-29 00:00:00+00:00,553.06919572831,1586.5753923676614,1327.7262998469582,1306.9498502378415,1253.9887668296808
2022-08-30 00:00:00+00:00,549.6354304617886,1586.5753923676614,1327.7262998469582,1306.9498502378415,1253.9887668296808
2022-08-31 00:00:00+00:00,538.4259378907478,1586.5753923676614,1327.7262998469582,1306.9498502378415,1253.9887668296808
2022-09-01 00:00:00+00:00,538.383127377816,1586.5753923676614,1327.7262998469582,1306.9498502378415,1253.9887668296808
2022-09-02 00:00:00+00:00,538.383127377816,1586.5753923676614,1327.7262998469582,1306.9498502378415,1253.9887668296808
2022-09-03 00:00:00+00:00,538.383127377816,1586.5753923676614,1327.7262998469582,1306.9498502378415,1253.9887668296808
2022-09-04 00:00:00+00:00,538.383127377816,1586.5753923676614,1327.7262998469582,1306.9498502378415,1253.9887668296808
2022-09-05 00:00:00+00:00,538.383127377816,1586.5753923676614,1327.7262998469582,1306.9498502378415,1253.9887668296808
2022-09-06 00:00:00+00:00,538.383127377816,1586.5753923676614,1327.7262998469582,1306.9498502378415,1253.9887668296808
2022-09-07 00:00:00+00:00,538.383127377816,1586.5753923676614,1327.7262998469582,1306.9498502378415,1253.9887668296808
2022-09-08 00:00:00+00:00,538.383127377816,1586.5753923676614,1327.7262998469582,1306.9498502378415,1253.9887668296808
2022-09-09 00:00:00+00:00,538.383127377816,1586.5753923676614,1327.7262998469582,1306.9498502378415,1253.9887668296808
2022-09-10 00:00:00+00:00,539.2276945268591,1586.5753923676614,1327.7262998469582,1306.9498502378415,1253.9887668296808
2022-09-11 00:00:00+00:00,587.8169767303602,1586.5753923676614,1327.7262998469582,1306.9498502378415,1253.9887668296808
2022-09-12 00:00:00+00:00,587.8169767303602,1586.5753923676614,1327.7262998469582,1306.9498502378415,1253.9887668296808
2022-09-13 00:00:00+00:00,587.8169767303602,1586.5753923676614,1327.7262998469582,1306.9498502378415,1253.9887668296808
2022-09-14 00:00:00+00:00,587.8169767303602,1586.5753923676614,1327.7262998469582,1306.9498502378415,1253.9887668296808
2022-09-15 00:00:00+00:00,602.8351993543318,1586.5753923676614,1327.7262998469582,1306.9498502378415,1253.9887668296808
2022-09-16 00:00:00+00:00,602.8351993543318,1586.5753923676614,1327.7262998469582,1306.9498502378415,1253.9887668296808
2022-09-17 00:00:00+00:00,565.668218760207,1586.5753923676614,1327.7262998469582,1306.9498502378415,1253.9887668296808
2022-09-18 00:00:00+00:00,562.9308803866043,1531.7368763186753,1327.7262998469582,1306.9498502378415,1253.9887668296808
2022-09-19 00:00:00+00:00,545.5631888925702,1531.7368763186753,1327.7262998469582,1306.9498502378415,1253.9887668296808
2022-09-20 00:00:00+00:00,545.5631888925702,1531.7368763186753,1327.7262998469582,1306.9498502378415,1253.9887668296808
2022-09-21 00:00:00+00:00,545.5631888925702,1531.7368763186753,1327.7262998469582,1306.9498502378415,1253.9887668296808
2022-09-22 00:00:00+00:00,537.7293624255686,1531.7368763186753,1327.7262998469582,1306.9498502378415,1253.9887668296808
2022-09-23 00:00:00+00:00,536.7715248583397,1531.7368763186753,1327.7262998469582,1306.9498502378415,1253.9887668296808
2022-09-24 00:00:00+00:00,543.2505675366167,1531.7368763186753,1327.7262998469582,1306.9498502378415,1253.9887668296808
2022-09-25 00:00:00+00:00,543.2505675366167,1531.7368763186753,1327.7262998469582,1306.9498502378415,1253.9887668296808
2022-09-26 00:00:00+00:00,544.2373611207969,1531.7368763186753,1327.7262998469582,1306.9498502378415,1253.9887668296808
2022-09-27 00:00:00+00:00,544.2373611207969,1531.7368763186753,1327.7262998469582,1306.9498502378415,1253.9887668296808
2022-09-28 00:00:00+00:00,544.2373611207969,1531.7368763186753,1327.7262998469582,1306.9498502378415,1253.9887668296808
2022-09-29 00:00:00+00:00,547.7195754904607,1531.7368763186753,1327.7262998469582,1306.9498502378415,1253.9887668296808
2022-09-30 00:00:00+00:00,547.7195754904607,1531.7368763186753,1327.7262998469582,1306.9498502378415,1253.9887668296808
2022-10-01 00:00:00+00:00,542.2823490366656,1531.7368763186753,1327.7262998469582,1306.9498502378415,1253.9887668296808
2022-10-02 00:00:00+00:00,544.9367012237385,1531.7368763186753,1327.7262998469582,1306.9498502378415,1253.9887668296808
2022-10-03 00:00:00+00:00,546.0166114435615,1531.7368763186753,1327.7262998469582,1306.9498502378415,1253.9887668296808
2022-10-04 00:00:00+00:00,543.7525675169741,1531.7368763186753,1327.7262998469582,1306.9498502378415,1253.9887668296808
2022-10-05 00:00:00+00:00,543.7525675169741,1531.7368763186753,1327.7262998469582,1306.9498502378415,1253.9887668296808
2022-10-06 00:00:00+00:00,554.2708931883066,1531.7368763186753,1327.7262998469582,1306.9498502378415,1253.9887668296808
2022-10-07 00:00:00+00:00,550.7051918036409,1531.7368763186753,1327.7262998469582,1306.9498502378415,1253.9887668296808
2022-10-08 00:00:00+00:00,554.2983241418633,1531.7368763186753,1327.7262998469582,1306.9498502378415,1253.9887668296808
2022-10-09 00:00:00+00:00,554.2983241418633,1531.7368763186753,1327.7262998469582,1306.9498502378415,1253.9887668296808
2022-10-10 00:00:00+00:00,542.8239696925649,1521.7612423056241,1327.7262998469582,1306.9498502378415,1253.9887668296808
2022-10-11 00:00:00+00:00,541.3488932240325,1521.7612423056241,1327.7262998469582,1306.9498502378415,1253.9887668296808
2022-10-12 00:00:00+00:00,536.297028027473,1521.7612423056241,1327.7262998469582,1306.9498502378415,1253.9887668296808
2022-10-13 00:00:00+00:00,530.6919063326378,1521.7612423056241,1327.7262998469582,1306.9498502378415,1253.9887668296808
2022-10-14 00:00:00+00:00,530.6919063326378,1521.7612423056241,1327.7262998469582,1306.9498502378415,1253.9887668296808
2022-10-15 00:00:00+00:00,538.3753836993841,1521.7612423056241,1327.7262998469582,1306.9498502378415,1253.9887668296808
2022-10-16 00:00:00+00:00,528.8536443311702,1521.7612423056241,1327.7262998469582,1306.9498502378415,1253.9887668296808
2022-10-17 00:00:00+00:00,528.8536443311702,1521.7612423056241,1327.7262998469582,1306.9498502378415,1253.9887668296808
2022-10-18 00:00:00+00:00,540.8579600923333,1521.7612423056241,1327.7262998469582,1306.9498502378415,1253.9887668296808
2022-10-19 00:00:00+00:00,541.6591518670924,1521.7612423056241,1327.7262998469582,1306.9498502378415,1253.9887668296808
2022-10-20 00:00:00+00:00,541.7705947313168,1521.7612423056241,1327.7262998469582,1306.9498502378415,1253.9887668296808
2022-10-21 00:00:00+00:00,541.7705947313168,1521.7612423056241,1327.7262998469582,1306.9498502378415,1253.9887668296808
2022-10-22 00:00:00+00:00,541.5061105905291,1521.7612423056241,1327.7262998469582,1306.9498502378415,1253.9887668296808
2022-10-23 00:00:00+00:00,541.5061105905291,1521.7612423056241,1327.7262998469582,1306.9498502378415,1253.9887668296808
2022-10-24 00:00:00+00:00,529.9841340359732,1521.7612423056241,1327.7262998469582,1306.9498502378415,1253.9887668296808
2022-10-25 00:00:00+00:00,528.6266448578396,1521.7612423056241,1327.7262998469582,1306.9498502378415,1253.9887668296808
2022-10-26 00:00:00+00:00,532.2590172186035,1521.7612423056241,1327.7262998469582,1306.9498502378415,1253.9887668296808
2022-10-27 00:00:00+00:00,535.2291809678956,1521.7612423056241,1327.7262998469582,1306.9498502378415,1253.9887668296808
2022-10-28 00:00:00+00:00,535.2291809678956,1521.7612423056241,1327.7262998469582,1306.9498502378415,1253.9887668296808
2022-10-29 00:00:00+00:00,535.2291809678956,1521.7612423056241,1327.7262998469582,1306.9498502378415,1253.9887668296808
2022-10-30 00:00:00+00:00,556.7712427109275,1521.7612423056241,1327.7262998469582,1306.9498502378415,1253.9887668296808
2022-10-31 00:00:00+00:00,556.7712427109275,1521.7612423056241,1327.7262998469582,1306.9498502378415,1253.9887668296808
2022-11-01 00:00:00+00:00,545.3602620542115,1497.8806159529295,1327.7262998469582,1306.9498502378415,1253.9887668296808
2022-11-02 00:00:00+00:00,545.3602620542115,1497.8806159529295,1458.585948790711,1306.9498502378415,1253.9887668296808
2022-11-03 00:00:00+00:00,542.9492335037503,1492.9395924777543,1458.585948790711,1306.9498502378415,1253.9887668296808
2022-11-04 00:00:00+00:00,545.5472008441945,1500.416496523219,1451.9722357067624,1306.9498502378415,1253.9887668296808
2022-11-05 00:00:00+00:00,559.7446443058936,1527.0645568982586,1530.8208977026613,1306.9498502378415,1253.9887668296808
2022-11-06 00:00:00+00:00,568.1083494254988,1542.518277642167,1560.290622071203,1306.9498502378415,1253.9887668296808
2022-11-07 00:00:00+00:00,575.2291126391626,1559.8886878023013,1573.9772764414636,1306.9498502378415,1253.9887668296808
2022-11-08 00:00:00+00:00,575.2291126391626,1559.8886878023013,1573.9772764414636,1306.9498502378415,1253.9887668296808
2022-11-09 00:00:00+00:00,575.2291126391626,1559.8886878023013,1554.2895286666576,1306.9498502378415,1253.9887668296808
2022-11-10 00:00:00+00:00,575.2291126391626,1559.8886878023013,1554.2895286666576,1306.9498502378415,1253.9887668296808
2022-11-11 00:00:00+00:00,543.7457499273318,1482.510212683626,1512.8692440372215,1306.9498502378415,1253.9887668296808
2022-11-12 00:00:00+00:00,518.4288002917268,1419.6010428303139,1418.8065315897286,1306.9498502378415,1253.9887668296808
2022-11-13 00:00:00+00:00,440.38357474457007,1228.5724298502873,1249.2363943300736,1306.9498502378415,1253.9887668296808
2022-11-14 00:00:00+00:00,440.38357474457007,1228.5724298502873,1249.2363943300736,1306.9498502378415,1253.9887668296808
2022-11-15 00:00:00+00:00,440.38357474457007,1228.5724298502873,1249.2363943300736,1306.9498502378415,1253.9887668296808
2022-11-16 00:00:00+00:00,440.38357474457007,1228.5724298502873,1249.2363943300736,1306.9498502378415,1253.9887668296808
2022-11-17 00:00:00+00:00,446.7378036647211,1228.5724298502873,1249.2363943300736,1306.9498502378415,1253.9887668296808
2022-11-18 00:00:00+00:00,446.7378036647211,1228.5724298502873,1249.2363943300736,1306.9498502378415,1253.9887668296808
2022-11-19 00:00:00+00:00,482.7074673084212,1228.5724298502873,1249.2363943300736,1306.9498502378415,1253.9887668296808
2022-11-20 00:00:00+00:00,485.46608981781077,1228.5724298502873,1249.2363943300736,1306.9498502378415,1253.9887668296808
2022-11-21 00:00:00+00:00,485.46608981781077,1228.5724298502873,1249.2363943300736,1306.9498502378415,1253.9887668296808
2022-11-22 00:00:00+00:00,485.46608981781077,1228.5724298502873,1249.2363943300736,1306.9498502378415,1253.9887668296808
2022-11-23 00:00:00+00:00,485.46608981781077,1228.5724298502873,1249.2363943300736,1306.9498502378415,1253.9887668296808
2022-11-24 00:00:00+00:00,472.84121443465665,1228.5724298502873,1249.2363943300736,1306.9498502378415,1253.9887668296808
2022-11-25 00:00:00+00:00,474.51447311545223,1228.5724298502873,1249.2363943300736,1306.9498502378415,1253.9887668296808
2022-11-26 00:00:00+00:00,489.6226843281959,1228.5724298502873,1249.2363943300736,1306.9498502378415,1253.9887668296808
2022-11-27 00:00:00+00:00,489.6226843281959,1228.5724298502873,1249.2363943300736,1306.9498502378415,1253.9887668296808
2022-11-28 00:00:00+00:00,486.63527026661455,1228.5724298502873,1249.2363943300736,1306.9498502378415,1253.9887668296808
2022-11-29 00:00:00+00:00,486.63527026661455,1228.5724298502873,1249.2363943300736,1306.9498502378415,1253.9887668296808
2022-11-30 00:00:00+00:00,486.63527026661455,1228.5724298502873,1249.2363943300736,1306.9498502378415,1253.9887668296808
2022-12-01 00:00:00+00:00,486.63527026661455,1228.5724298502873,1249.2363943300736,1306.9498502378415,1253.9887668296808
2022-12-02 00:00:00+00:00,486.63527026661455,1228.5724298502873,1249.2363943300736,1306.9498502378415,1253.9887668296808
2022-12-03 00:00:00+00:00,493.3247559873072,1228.5724298502873,1249.2363943300736,1306.9498502378415,1253.9887668296808
2022-12-04 00:00:00+00:00,493.3247559873072,1228.5724298502873,1249.2363943300736,1306.9498502378415,1253.9887668296808
2022-12-05 00:00:00+00:00,493.3247559873072,1228.5724298502873,1249.2363943300736,1306.9498502378415,1253.9887668296808
2022-12-06 00:00:00+00:00,493.3247559873072,1228.5724298502873,1249.2363943300736,1306.9498502378415,1253.9887668296808
2022-12-07 00:00:00+00:00,488.5313434855901,1228.5724298502873,1249.2363943300736,1306.9498502378415,1253.9887668296808
2022-12-08 00:00:00+00:00,480.6425656511311,1228.5724298502873,1249.2363943300736,1306.9498502378415,1253.9887668296808
2022-12-09 00:00:00+00:00,482.0772396928621,1228.5724298502873,1249.2363943300736,1306.9498502378415,1253.9887668296808
2022-12-10 00:00:00+00:00,482.0772396928621,1228.5724298502873,1249.2363943300736,1306.9498502378415,1253.9887668296808
2022-12-11 00:00:00+00:00,480.9917477401723,1228.5724298502873,1249.2363943300736,1306.9498502378415,1253.9887668296808
2022-12-12 00:00:00+00:00,473.908539174487,1228.5724298502873,1249.2363943300736,1306.9498502378415,1253.9887668296808
2022-12-13 00:00:00+00:00,473.908539174487,1228.5724298502873,1249.2363943300736,1306.9498502378415,1253.9887668296808
2022-12-14 00:00:00+00:00,473.908539174487,1228.5724298502873,1249.2363943300736,1306.9498502378415,1253.9887668296808
2022-12-15 00:00:00+00:00,473.6920376561231,1228.5724298502873,1249.2363943300736,1306.9498502378415,1253.9887668296808
2022-12-16 00:00:00+00:00,468.5019960850146,1228.5724298502873,1249.2363943300736,1306.9498502378415,1253.9887668296808
2022-12-17 00:00:00+00:00,460.11607268818284,1228.5724298502873,1249.2363943300736,1306.9498502378415,1253.9887668296808
2022-12-18 00:00:00+00:00,445.3392100923968,1228.5724298502873,1249.2363943300736,1306.9498502378415,1253.9887668296808
2022-12-19 00:00:00+00:00,444.9373842222948,1228.5724298502873,1249.2363943300736,1306.9498502378415,1253.9887668296808
2022-12-20 00:00:00+00:00,442.30307384208845,1228.5724298502873,1249.2363943300736,1306.9498502378415,1253.9887668296808
2022-12-21 00:00:00+00:00,425.19517567607573,1228.5724298502873,1249.2363943300736,1306.9498502378415,1253.9887668296808
2022-12-22 00:00:00+00:00,427.9828126918345,1228.5724298502873,1249.2363943300736,1306.9498502378415,1253.9887668296808
2022-12-23 00:00:00+00:00,427.9828126918345,1228.5724298502873,1249.2363943300736,1306.9498502378415,1253.9887668296808
2022-12-24 00:00:00+00:00,435.4680466431355,1228.5724298502873,1249.2363943300736,1306.9498502378415,1253.9887668296808
2022-12-25 00:00:00+00:00,435.7365499469167,1228.5724298502873,1249.2363943300736,1306.9498502378415,1253.9887668296808
2022-12-26 00:00:00+00:00,435.7365499469167,1228.5724298502873,1249.2363943300736,1306.9498502378415,1253.9887668296808
2022-12-27 00:00:00+00:00,436.34872548937204,1228.5724298502873,1249.2363943300736,1306.9498502378415,1253.9887668296808
2022-12-28 00:00:00+00:00,435.9177710139474,1228.5724298502873,1249.2363943300736,1306.9498502378415,1253.9887668296808
2022-12-29 00:00:00+00:00,435.9177710139474,1228.5724298502873,1249.2363943300736,1306.9498502378415,1253.9887668296808
2022-12-30 00:00:00+00:00,435.9177710139474,1228.5724298502873,1249.2363943300736,1306.9498502378415,1253.9887668296808
2022-12-31 00:00:00+00:00,435.9177710139474,1228.5724298502873,1249.2363943300736,1306.9498502378415,1253.9887668296808
2023-01-01 00:00:00+00:00,435.9177710139474,1228.5724298502873,1249.2363943300736,1306.9498502378415,1253.9887668296808
2023-01-02 00:00:00+00:00,431.679463957654,1228.5724298502873,1249.2363943300736,1306.9498502378415,1253.9887668296808
2023-01-03 00:00:00+00:00,431.679463957654,1228.5724298502873,1249.2363943300736,1306.9498502378415,1253.9887668296808
2023-01-04 00:00:00+00:00,431.679463957654,1228.5724298502873,1249.2363943300736,1306.9498502378415,1253.9887668296808
2023-01-05 00:00:00+00:00,431.679463957654,1228.5724298502873,1249.2363943300736,1306.9498502378415,1253.9887668296808
2023-01-06 00:00:00+00:00,431.679463957654,1228.5724298502873,1249.2363943300736,1306.9498502378415,1253.9887668296808
2023-01-07 00:00:00+00:00,431.679463957654,1228.5724298502873,1249.2363943300736,1306.9498502378415,1253.9887668296808
2023-01-08 00:00:00+00:00,431.679463957654,1228.5724298502873,1249.2363943300736,1306.9498502378415,1253.9887668296808
2023-01-09 00:00:00+00:00,431.679463957654,1228.5724298502873,1249.2363943300736,1306.9498502378415,1253.9887668296808
2023-01-10 00:00:00+00:00,438.23425004238237,1302.5605752002998,1249.2363943300736,1306.9498502378415,1253.9887668296808
2023-01-11 00:00:00+00:00,480.59953298594553,1393.1932258685727,1249.2363943300736,1306.9498502378415,1253.9887668296808
2023-01-12 00:00:00+00:00,483.9820807207651,1400.7150466777723,1257.8214343041936,1306.9498502378415,1253.9887668296808
2023-01-13 00:00:00+00:00,498.0362827728192,1435.8339982936875,1286.6693637058497,1306.9498502378415,1253.9887668296808
2023-01-14 00:00:00+00:00,498.0362827728192,1435.8339982936875,1286.6693637058497,1306.9498502378415,1253.9887668296808
2023-01-15 00:00:00+00:00,500.83808391479437,1443.1935604414052,1392.3568814820187,1306.9498502378415,1253.9887668296808
2023-01-16 00:00:00+00:00,563.1337036341386,1656.7034644346631,1534.610809270116,1306.9498502378415,1253.9887668296808
2023-01-17 00:00:00+00:00,594.3573886768122,1720.7699544200061,1548.9098748836025,1306.9498502378415,1253.9887668296808
2023-01-18 00:00:00+00:00,594.3573886768122,1720.7699544200061,1548.9098748836025,1335.7496196507088,1253.9887668296808
2023-01-19 00:00:00+00:00,594.3573886768122,1720.7699544200061,1543.1096927815881,1335.7496196507088,1253.9887668296808
2023-01-20 00:00:00+00:00,592.7899113357453,1718.048167367428,1540.1428680493464,1330.5369534251029,1219.433044982949
2023-01-21 00:00:00+00:00,599.6661838352029,1740.5838877130484,1598.5485218062468,1367.4010320356738,1219.433044982949
2023-01-22 00:00:00+00:00,602.3739335584734,1747.6844149926162,1605.0099757292703,1367.4010320356738,1219.433044982949
2023-01-23 00:00:00+00:00,647.2151992922617,1866.7940688760734,1666.0292814805794,1385.7897345551287,1230.095802088785
2023-01-24 00:00:00+00:00,647.2151992922617,1866.7940688760734,1666.0292814805794,1399.9120434223144,1230.095802088785
2023-01-25 00:00:00+00:00,647.2151992922617,1866.7940688760734,1666.0292814805794,1399.9120434223144,1230.095802088785
2023-01-26 00:00:00+00:00,646.997046425875,1866.4152655392356,1666.0292814805794,1399.9120434223144,1225.7141917963781
2023-01-27 00:00:00+00:00,647.0698719072532,1866.5417206063169,1666.0292814805794,1399.9120434223144,1227.0340891074916
2023-01-28 00:00:00+00:00,647.0698719072532,1866.5417206063169,1666.8276788865512,1400.5918761372707,1227.0340891074916
2023-01-29 00:00:00+00:00,664.8682961175456,1913.3909214474595,1699.9479390731342,1427.9355224157362,1253.0451065790216
2023-01-30 00:00:00+00:00,679.5795584890501,1952.115247515806,1725.9459961863015,1447.94585390035,1272.2375283049707
2023-01-31 00:00:00+00:00,679.5795584890501,1952.115247515806,1731.180185878252,1447.94585390035,1272.2375283049707
2023-02-01 00:00:00+00:00,679.5795584890501,1952.115247515806,1731.180185878252,1447.94585390035,1272.2375283049707
2023-02-02 00:00:00+00:00,681.7042336437947,1957.7097700904346,1731.180185878252,1453.0085015585248,1287.3905938193209
2023-02-03 00:00:00+00:00,681.0954289723937,1956.1067149268783,1731.180185878252,1451.5578498967536,1284.0785007562783
2023-02-04 00:00:00+00:00,694.1102703096888,1990.3677525499681,1781.8491492342073,1494.0550796009063,1378.3538708343938
2023-02-05 00:00:00+00:00,694.1102703096888,1990.3677525499681,1781.8491492342073,1494.0550796009063,1378.3538708343938
2023-02-06 00:00:00+00:00,751.72062429544,2142.0173762720365,1900.4773458345717,1580.1978826453476,1449.8309990625016
2023-02-07 00:00:00+00:00,750.4801640079597,2138.7534676149207,1900.4773458345717,1580.1978826453476,1449.8309990625016
2023-02-08 00:00:00+00:00,777.3716641523446,2209.5417594203595,1948.5432043937421,1628.0352519307744,1484.4846098145358
2023-02-09 00:00:00+00:00,777.3716641523446,2209.5417594203595,1948.5432043937421,1628.0352519307744,1484.4846098145358
2023-02-10 00:00:00+00:00,736.5183771007195,2102.00138515488,1857.0278321561564,1534.16522389086,1396.7126971897226
2023-02-11 00:00:00+00:00,736.5183771007195,2102.00138515488,1857.0278321561564,1534.16522389086,1396.7126971897226
2023-02-12 00:00:00+00:00,736.5183771007195,2102.00138515488,1857.0278321561564,1534.16522389086,1396.7126971897226
2023-02-13 00:00:00+00:00,718.6466985604574,2054.959265973092,1814.4556861760395,1497.087753431184,1361.390955017616
2023-02-14 00:00:00+00:00,693.4566906463567,1988.6498693826131,1764.7419508307821,1448.779170835252,1327.4456458202988
2023-02-15 00:00:00+00:00,693.4566906463567,1988.6498693826131,1764.7419508307821,1448.779170835252,1327.4456458202988
2023-02-16 00:00:00+00:00,693.4566906463567,1988.6498693826131,1764.7419508307821,1448.779170835252,1327.4456458202988
2023-02-17 00:00:00+00:00,693.4566906463567,1988.6498693826131,1764.7419508307821,1448.779170835252,1327.4456458202988
2023-02-18 00:00:00+00:00,714.5344759942813,2044.1341544039449,1827.075399072035,1503.3503345972642,1369.7999791069853
2023-02-19 00:00:00+00:00,714.5344759942813,2044.1341544039449,1827.075399072035,1503.3503345972642,1369.7999791069853
2023-02-20 00:00:00+00:00,714.5344759942813,2044.1341544039449,1827.075399072035,1503.3503345972642,1369.7999791069853
2023-02-21 00:00:00+00:00,726.0705822261762,2074.5012414655835,1855.0943968340778,1525.8152339833696,1388.818710564513
2023-02-22 00:00:00+00:00,726.0705822261762,2074.5012414655835,1855.0943968340778,1525.8152339833696,1388.818710564513
2023-02-23 00:00:00+00:00,726.0705822261762,2074.5012414655835,1855.0943968340778,1525.8152339833696,1388.818710564513
2023-02-24 00:00:00+00:00,726.127320032786,2074.650595529378,1855.2342772082636,1525.9315284568402,1388.9251122577227
2023-02-25 00:00:00+00:00,716.1917960538221,2048.4969062525697,1831.740234905594,1506.3047973020473,1370.851611377835
2023-02-26 00:00:00+00:00,705.5466781755435,2020.4754227719422,1807.5213999676396,1485.6556891864213,1350.795541273898
2023-02-27 00:00:00+00:00,715.8968240822924,2047.7205499406423,1831.9879206211617,1506.037587535839,1369.3557555039267
2023-02-28 00:00:00+00:00,715.8968240822924,2047.7205499406423,1831.9879206211617,1506.037587535839,1369.3557555039267
2023-03-01 00:00:00+00:00,700.6460013139665,2007.5753561652225,1795.4237043021444,1475.2587581805558,1339.9829877863328
2023-03-02 00:00:00+00:00,712.3786422598107,2038.4596955571076,1823.2054502690357,1498.3526170302857,1361.1129067061372
2023-03-03 00:00:00+00:00,712.3786422598107,2038.4596955571076,1823.2054502690357,1498.3526170302857,1361.1129067061372
2023-03-04 00:00:00+00:00,712.3786422598107,2038.4596955571076,1823.2054502690357,1498.3526170302857,1361.1129067061372
2023-03-05 00:00:00+00:00,688.8059113862045,1976.4081743877516,1767.3883035806884,1451.9537018892115,1318.6666301261625
2023-03-06 00:00:00+00:00,688.8059113862045,1976.4081743877516,1767.3883035806884,1451.9537018892115,1318.6666301261625
2023-03-07 00:00:00+00:00,655.4816312093765,1888.6872154678435,1688.5067872627624,1386.4041554864195,1258.7724674464166
2023-03-08 00:00:00+00:00,637.4080919173315,1841.111452732713,1645.7150382224431,1350.8363553489212,1226.2451128668458
2023-03-09 00:00:00+00:00,635.9188717209428,1841.111452732713,1645.7150382224431,1347.8837067795666,1223.5072136821952
2023-03-10 00:00:00+00:00,635.9188717209428,1841.111452732713,1645.7150382224431,1347.8837067795666,1223.5072136821952
2023-03-11 00:00:00+00:00,635.9188717209428,1841.111452732713,1645.7150382224431,1347.8837067795666,1223.5072136821952
2023-03-12 00:00:00+00:00,631.8182417860868,1841.111452732713,1645.7150382224431,1339.8122835173617,1216.1233328887038
2023-03-13 00:00:00+00:00,637.2213456227788,1841.111452732713,1645.7150382224431,1350.4474148723973,1225.8525392006095
2023-03-14 00:00:00+00:00,679.7239309297377,1841.111452732713,1645.7150382224431,1434.0689649920491,1302.2905419044391
2023-03-15 00:00:00+00:00,757.0518572551438,1841.111452732713,1645.7150382224431,1434.0689649920491,1302.2905419044391
2023-03-16 00:00:00+00:00,757.0518572551438,1841.111452732713,1645.7150382224431,1434.0689649920491,1302.2905419044391
2023-03-17 00:00:00+00:00,757.0518572551438,1841.111452732713,1645.7150382224431,1434.0689649920491,1302.2905419044391
2023-03-18 00:00:00+00:00,757.0518572551438,1841.111452732713,1645.7150382224431,1434.0689649920491,1302.2905419044391
2023-03-19 00:00:00+00:00,756.1397925182719,1838.9774238394575,1645.7150382224431,1432.3817201634772,1302.2905419044391
2023-03-20 00:00:00+00:00,802.5134277315466,2000.3859029424336,1645.7150382224431,1560.0622081706447,1473.1888168993758
2023-03-21 00:00:00+00:00,802.5134277315466,2000.3859029424336,1645.7150382224431,1560.0622081706447,1473.1888168993758
2023-03-22 00:00:00+00:00,802.5134277315466,2000.3859029424336,1645.7150382224431,1560.0622081706447,1473.1888168993758
2023-03-23 00:00:00+00:00,802.5134277315466,2000.3859029424336,1645.7150382224431,1560.0622081706447,1472.1087368727588
2023-03-24 00:00:00+00:00,802.5134277315466,2000.3859029424336,1645.7150382224431,1560.0622081706447,1469.713232752807
2023-03-25 00:00:00+00:00,796.1558118253033,1992.3994486796953,1644.693937765127,1553.8364980858119,1469.713232752807
2023-03-26 00:00:00+00:00,792.5133556917127,1988.0498244627245,1607.981910157464,1550.4650059304154,1469.713232752807
2023-03-27 00:00:00+00:00,796.7299023382328,1989.2881509258889,1603.408509138621,1554.3025401626198,1501.1477935257724
2023-03-28 00:00:00+00:00,796.7299023382328,1989.2881509258889,1597.94822925587,1554.3025401626198,1501.1477935257724
2023-03-29 00:00:00+00:00,796.3325741342649,1983.991252394371,1595.895097741894,1545.35227702949,1484.2446127941616
2023-03-30 00:00:00+00:00,796.3325741342649,1983.991252394371,1595.895097741894,1545.35227702949,1485.6281160420958
2023-03-31 00:00:00+00:00,796.3325741342649,1983.991252394371,1595.895097741894,1545.35227702949,1485.6281160420958
2023-04-01 00:00:00+00:00,815.9943805153378,2003.37321168209,1622.613099353366,1560.225438918347,1485.7057054184452
2023-04-02 00:00:00+00:00,824.6037799272924,2018.3748263345547,1638.9112304766772,1571.7372494638234,1485.7057054184452
2023-04-03 00:00:00+00:00,824.6037799272924,2018.3748263345547,1638.9112304766772,1571.7372494638234,1485.7057054184452
2023-04-04 00:00:00+00:00,824.6037799272924,2018.3748263345547,1638.9112304766772,1571.7372494638234,1485.7057054184452
2023-04-05 00:00:00+00:00,823.4955776311399,2015.1338816159164,1637.5839995799602,1569.1800626469096,1483.2945332747656
2023-04-06 00:00:00+00:00,824.6939167581505,2017.8772460345317,1638.75212594925,1571.3448286874834,1485.3415799451673
2023-04-07 00:00:00+00:00,830.758528420961,2029.484825414621,1653.6118934411459,1580.4665814182406,1486.05336226509
2023-04-08 00:00:00+00:00,838.0006892910848,2043.4155552405325,1668.469355013589,1591.3726318447045,1496.6674459454523
2023-04-09 00:00:00+00:00,831.7787210464752,2011.2867619239112,1643.215154374864,1565.2077774611473,1471.1879330969166
2023-04-10 00:00:00+00:00,831.7787210464752,2011.2867619239112,1643.215154374864,1565.2077774611473,1471.1879330969166
2023-04-11 00:00:00+00:00,831.7787210464752,2011.2867619239112,1643.215154374864,1565.2077774611473,1471.1879330969166
2023-04-12 00:00:00+00:00,836.8085892117446,2020.239379868364,1652.528392290264,1572.207413809124,1476.172550433717
2023-04-13 00:00:00+00:00,830.4044428941363,2005.6970961334373,1640.506269614525,1560.7361318286994,1465.3501747717592
2023-04-14 00:00:00+00:00,808.687011019408,1956.4938003355373,1599.87226711765,1521.928728001633,1428.739539547017
2023-04-15 00:00:00+00:00,808.687011019408,1956.4938003355373,1599.87226711765,1521.928728001633,1428.739539547017
2023-04-16 00:00:00+00:00,808.687011019408,1956.4938003355373,1599.87226711765,1521.928728001633,1428.739539547017
2023-04-17 00:00:00+00:00,829.2890477872696,2005.6786195944749,1640.3546271611535,1560.8415909001544,1467.9909839839154
2023-04-18 00:00:00+00:00,829.2890477872696,2005.6786195944749,1640.3546271611535,1560.8415909001544,1467.9909839839154
2023-04-19 00:00:00+00:00,837.4189246605748,2024.0763445004707,1655.6951800594675,1575.346606748391,1481.170575378116
2023-04-20 00:00:00+00:00,833.1306500155727,2014.3320989363676,1647.671682454528,1567.66173870434,1474.3876817718578
2023-04-21 00:00:00+00:00,831.9505476352298,2011.7529160182157,1645.3433237619472,1565.6294977606633,1472.5782962344092
2023-04-22 00:00:00+00:00,807.3103905703476,1956.3162216960695,1599.1679442972816,1521.9246593224557,1434.0916502695968
2023-04-23 00:00:00+00:00,779.6557877479303,1893.467372709586,1567.5107042378024,1472.3493754114604,1405.2859807597254
2023-04-24 00:00:00+00:00,746.6997886472863,1818.2492337933138,1483.452053988637,1412.9878223965766,1316.7984664512594
2023-04-25 00:00:00+00:00,742.7300567281571,1809.2658215059153,1475.961426092723,1405.9051783052143,1310.3630129439093
2023-04-26 00:00:00+00:00,741.0820109480828,1805.5209674302457,1472.8778802697739,1402.9517727053221,1307.756249126318
2023-04-27 00:00:00+00:00,741.0820109480828,1805.5209674302457,1472.8778802697739,1402.9517727053221,1307.756249126318
2023-04-28 00:00:00+00:00,745.9675221924922,1816.4757740607008,1482.1386616071372,1411.5877180998307,1315.3090647933648
2023-04-29 00:00:00+00:00,746.2454655693155,1817.106372047067,1482.60452902006,1412.0850957905914,1315.7270930086554
2023-04-30 00:00:00+00:00,754.4210336480699,1835.4676259825844,1497.908391009163,1426.5572531637022,1328.1007996872574
2023-05-01 00:00:00+00:00,759.0760150274659,1846.0240424957772,1505.9879480433913,1434.8834940282466,1335.343138211549
2023-05-02 00:00:00+00:00,759.0760150274659,1846.0240424957772,1505.9879480433913,1434.8834940282466,1335.343138211549
2023-05-03 00:00:00+00:00,759.0760150274659,1846.0240424957772,1505.9879480433913,1434.8834940282466,1335.343138211549
2023-05-04 00:00:00+00:00,759.0760150274659,1846.0240424957772,1499.6383733395664,1434.8834940282466,1329.6703483954755
2023-05-05 00:00:00+00:00,759.8485265793145,1847.7752609023291,1500.9758608878897,1436.2644747636475,1330.8372907020005
2023-05-06 00:00:00+00:00,759.3780420213515,1846.7037852186597,1500.5770609308374,1435.4206149669571,1330.6204851111502
2023-05-07 00:00:00+00:00,756.4948182224373,1846.7037852186597,1500.5770609308374,1430.269251947764,1330.6204851111502
2023-05-08 00:00:00+00:00,739.1387488603143,1832.1736960144342,1500.5770609308374,1399.2610641033768,1302.3853844942983
2023-05-09 00:00:00+00:00,722.7948695784507,1803.6299670558851,1500.5770609308374,1370.051182763763,1275.3268600060915
2023-05-10 00:00:00+00:00,722.7948695784507,1803.6299670558851,1500.5770609308374,1370.051182763763,1275.3268600060915
2023-05-11 00:00:00+00:00,701.9097472085872,1707.4243325850268,1416.370085319637,1332.7357590303848,1237.0771992559187
2023-05-12 00:00:00+00:00,701.9097472085872,1707.4243325850268,1416.370085319637,1332.7357590303848,1237.0771992559187
2023-05-13 00:00:00+00:00,673.016288980959,1707.4243325850268,1416.370085319637,1281.1128638227456,1188.8026131374033
2023-05-14 00:00:00+00:00,673.016288980959,1707.4243325850268,1416.370085319637,1281.1128638227456,1188.8026131374033
2023-05-15 00:00:00+00:00,673.016288980959,1707.4243325850268,1416.370085319637,1281.1128638227456,1188.8026131374033
2023-05-16 00:00:00+00:00,673.016288980959,1707.4243325850268,1416.370085319637,1281.1128638227456,1188.8026131374033
2023-05-17 00:00:00+00:00,673.8853194823342,1707.4243325850268,1416.370085319637,1282.6655208309173,1190.251469216552
2023-05-18 00:00:00+00:00,673.8853194823342,1707.4243325850268,1416.370085319637,1282.6655208309173,1190.251469216552
2023-05-19 00:00:00+00:00,673.8853194823342,1707.4243325850268,1416.370085319637,1282.6655208309173,1190.251469216552
2023-05-20 00:00:00+00:00,673.8853194823342,1707.4243325850268,1416.370085319637,1282.6655208309173,1190.251469216552
2023-05-21 00:00:00+00:00,673.8853194823342,1707.4243325850268,1416.370085319637,1282.6655208309173,1190.251469216552
2023-05-22 00:00:00+00:00,673.8853194823342,1707.4243325850268,1416.370085319637,1282.6655208309173,1190.251469216552
2023-05-23 00:00:00+00:00,682.1498405601171,1707.4243325850268,1416.370085319637,1297.4313628139064,1204.0303976889431
2023-05-24 00:00:00+00:00,674.9548683885373,1707.4243325850268,1416.370085319637,1284.5764349653991,1192.034662436739
2023-05-25 00:00:00+00:00,674.9548683885373,1707.4243325850268,1416.370085319637,1284.5764349653991,1192.034662436739
2023-05-26 00:00:00+00:00,674.9548683885373,1707.4243325850268,1416.370085319637,1284.5764349653991,1192.034662436739
2023-05-27 00:00:00+00:00,674.9548683885373,1707.4243325850268,1416.370085319637,1284.5764349653991,1192.034662436739
2023-05-28 00:00:00+00:00,674.9548683885373,1707.4243325850268,1416.370085319637,1284.5764349653991,1192.034662436739
2023-05-29 00:00:00+00:00,684.598219223967,1707.4243325850268,1416.370085319637,1301.80576904082,1208.1124290908451
2023-05-30 00:00:00+00:00,684.598219223967,1707.4243325850268,1416.370085319637,1301.80576904082,1208.1124290908451
2023-05-31 00:00:00+00:00,684.598219223967,1707.4243325850268,1416.370085319637,1301.80576904082,1208.1124290908451
2023-06-01 00:00:00+00:00,659.7275035473256,1707.4243325850268,1416.370085319637,1257.370398348578,1166.6470121425664
2023-06-02 00:00:00+00:00,659.7275035473256,1707.4243325850268,1416.370085319637,1257.370398348578,1166.6470121425664
2023-06-03 00:00:00+00:00,656.2190991395796,1707.4243325850268,1416.370085319637,1251.1020925859534,1160.7976649230575
2023-06-04 00:00:00+00:00,660.2413192498758,1707.4243325850268,1416.370085319637,1258.2884093743628,1167.503665510239
2023-06-05 00:00:00+00:00,639.3565600492453,1707.4243325850268,1416.370085319637,1220.9745648930066,1132.6837890186305
2023-06-06 00:00:00+00:00,635.7407838470486,1707.4243325850268,1416.370085319637,1214.5144228539218,1126.6554273998868
2023-06-07 00:00:00+00:00,634.818625130354,1707.4243325850268,1416.370085319637,1212.866844032863,1125.1179688008908
2023-06-08 00:00:00+00:00,634.818625130354,1707.4243325850268,1416.370085319637,1212.866844032863,1125.1179688008908
2023-06-09 00:00:00+00:00,634.818625130354,1707.4243325850268,1416.370085319637,1212.866844032863,1125.1179688008908
2023-06-10 00:00:00+00:00,620.9045503249774,1707.4243325850268,1416.370085319637,1188.0072026837727,1101.9198863349175
2023-06-11 00:00:00+00:00,620.9045503249774,1707.4243325850268,1416.370085319637,1188.0072026837727,1101.9198863349175
2023-06-12 00:00:00+00:00,585.4721890119632,1707.4243325850268,1416.370085319637,1094.237051173315,1101.9198863349175
2023-06-13 00:00:00+00:00,566.1958904675204,1707.4243325850268,1416.370085319637,1083.8866897597966,1101.9198863349175
2023-06-14 00:00:00+00:00,562.1775125763533,1707.4243325850268,1416.370085319637,1076.7072376886515,1096.4979846304852
2023-06-15 00:00:00+00:00,562.1775125763533,1707.4243325850268,1416.370085319637,1076.7072376886515,1093.859190698576
2023-06-16 00:00:00+00:00,579.7670540547737,1707.4243325850268,1416.370085319637,1076.7072376886515,1093.859190698576
2023-06-17 00:00:00+00:00,579.7670540547737,1707.4243325850268,1416.370085319637,1076.7072376886515,1093.859190698576
2023-06-18 00:00:00+00:00,577.6238280224973,1707.4243325850268,1416.370085319637,1076.7072376886515,1093.859190698576
2023-06-19 00:00:00+00:00,575.1587530110411,1707.4243325850268,1416.370085319637,1076.7072376886515,1093.859190698576
2023-06-20 00:00:00+00:00,575.1587530110411,1707.4243325850268,1416.370085319637,1076.7072376886515,1093.859190698576
2023-06-21 00:00:00+00:00,575.1587530110411,1707.4243325850268,1416.370085319637,1076.7072376886515,1093.859190698576
2023-06-22 00:00:00+00:00,575.1587530110411,1707.4243325850268,1416.370085319637,1076.7072376886515,1093.859190698576
2023-06-23 00:00:00+00:00,575.1587530110411,1707.4243325850268,1416.370085319637,1076.7072376886515,1093.859190698576
2023-06-24 00:00:00+00:00,575.1587530110411,1707.4243325850268,1416.370085319637,1076.7072376886515,1093.859190698576
2023-06-25 00:00:00+00:00,575.1587530110411,1707.4243325850268,1416.370085319637,1076.7072376886515,1093.859190698576
2023-06-26 00:00:00+00:00,575.1587530110411,1707.4243325850268,1416.370085319637,1076.7072376886515,1093.859190698576
2023-06-27 00:00:00+00:00,572.4066683141665,1700.0569025927734,1416.370085319637,1071.9107391361229,1088.9927772894455
2023-06-28 00:00:00+00:00,572.4066683141665,1700.0569025927734,1416.370085319637,1071.9107391361229,1088.9927772894455
2023-06-29 00:00:00+00:00,572.4066683141665,1700.0569025927734,1410.0106148228106,1071.9107391361229,1088.9927772894455
2023-06-30 00:00:00+00:00,563.9599089300707,1677.4446230744838,1390.942781961508,1057.1892194076843,1074.056673332637
2023-07-01 00:00:00+00:00,568.6640729726656,1690.0378398803668,1402.6060198459459,1065.3879191231354,1082.3748791646124
2023-07-02 00:00:00+00:00,568.6640729726656,1690.0378398803668,1402.6060198459459,1065.3879191231354,1082.3748791646124
2023-07-03 00:00:00+00:00,585.6605972141299,1735.5381482839693,1425.256337242718,1095.0104827073105,1112.429227990142
2023-07-04 00:00:00+00:00,582.8024541236547,1727.8867961468666,1417.3339245014604,1090.0291392145202,1107.3752752987525
2023-07-05 00:00:00+00:00,584.2300624187052,1731.7085550418924,1420.2424432364196,1092.5172607205784,1109.8996642312259
2023-07-06 00:00:00+00:00,584.2300624187052,1731.7085550418924,1420.2424432364196,1092.5172607205784,1109.8996642312259
2023-07-07 00:00:00+00:00,578.6408579364648,1716.7460530585558,1407.8246445153216,1082.7760593544656,1100.016472892807
2023-07-08 00:00:00+00:00,573.0978624860318,1701.9072543199766,1391.5292600067946,1073.1153938651844,1090.2149913405242
2023-07-09 00:00:00+00:00,584.0298763562575,1731.1726497326613,1410.0281052820537,1092.1683644239429,1109.5456823426152
2023-07-10 00:00:00+00:00,574.5618574155706,1705.826421547875,1397.4347521520613,1075.6669321839058,1092.8037214635822
2023-07-11 00:00:00+00:00,574.9777388445376,1706.9397511327068,1397.9565222068532,1076.3917553240983,1093.5391097911406
2023-07-12 00:00:00+00:00,574.9777388445376,1706.9397511327068,1397.9565222068532,1076.3917553240983,1093.5391097911406
2023-07-13 00:00:00+00:00,574.9777388445376,1706.9397511327068,1397.9565222068532,1076.3917553240983,1093.5391097911406
2023-07-14 00:00:00+00:00,577.0122944932501,1712.3863299840973,1402.4756175221144,1079.937701142979,1097.1367421248256
2023-07-15 00:00:00+00:00,577.0122944932501,1712.3863299840973,1402.4756175221144,1079.937701142979,1097.1367421248256
2023-07-16 00:00:00+00:00,577.5879896927609,1713.927486796636,1403.75334731326,1080.941057323945,1098.154723454271
2023-07-17 00:00:00+00:00,570.3467720839851,1694.542486090838,1387.6585586523133,1068.3206282294182,1085.350336107546
2023-07-18 00:00:00+00:00,570.3467720839851,1694.542486090838,1387.6585586523133,1068.3206282294182,1085.350336107546
2023-07-19 00:00:00+00:00,560.2339399388165,1667.4700697013457,1365.380841133812,1050.6953767968034,1067.4681749911308
2023-07-20 00:00:00+00:00,562.3846204689459,1673.227519048535,1370.1688546377438,1054.4437120356977,1071.2711468191646
2023-07-21 00:00:00+00:00,562.9576819861043,1674.761625398428,1371.4432669574537,1055.4424780768304,1072.284471101852
2023-07-22 00:00:00+00:00,563.0228628501667,1674.9361169223846,1371.5897966211267,1055.5560792027275,1072.3997281036634
2023-07-23 00:00:00+00:00,567.0160285405808,1685.6259654960877,1380.492814918032,1062.5156082738456,1079.4607008574376
2023-07-24 00:00:00+00:00,564.3938972355952,1678.6064254209161,1374.6501202895233,1057.945600300186,1074.8240794054984
2023-07-25 00:00:00+00:00,559.5554585181156,1665.653750467517,1363.8689973719804,1049.5128786142418,1066.2684404454264
2023-07-26 00:00:00+00:00,559.5554585181156,1665.653750467517,1363.8689973719804,1049.5128786142418,1066.2684404454264
2023-07-27 00:00:00+00:00,555.4289392660515,1654.606909599649,1354.7015776712965,1042.3209329441158,1058.9716633353016
2023-07-28 00:00:00+00:00,555.4289392660515,1654.606909599649,1354.7015776712965,1042.3209329441158,1058.9716633353016
2023-07-29 00:00:00+00:00,566.3409571802457,1683.818775116848,1378.9058766101437,1061.339053349363,1078.266996200097
2023-07-30 00:00:00+00:00,569.104489745075,1691.2168514645036,1385.0417913113395,1066.155503933941,1083.1536524666453
2023-07-31 00:00:00+00:00,570.8490291150948,1695.8870462778923,1388.9158689820076,1069.1959919583944,1086.238459337837
2023-08-01 00:00:00+00:00,570.8490291150948,1695.8870462778923,1388.9158689820076,1069.1959919583944,1086.238459337837
2023-08-02 00:00:00+00:00,570.8490291150948,1695.8870462778923,1388.9158689820076,1069.1959919583944,1086.238459337837
2023-08-03 00:00:00+00:00,570.8490291150948,1695.8870462778923,1388.9158689820076,1069.1959919583944,1086.238459337837
2023-08-04 00:00:00+00:00,556.5075676285991,1657.4944366287966,1357.0856894229394,1044.2008312574021,1060.8789634750578
2023-08-05 00:00:00+00:00,560.472460524,1657.4944366287966,1357.0856894229394,1051.1110848027668,1067.8899424517792
2023-08-06 00:00:00+00:00,575.7058370867247,1657.4944366287966,1357.0856894229394,1077.6607286840804,1094.8265799961698
2023-08-07 00:00:00+00:00,569.3546322561374,1661.2935595737833,1357.0856894229394,1066.5914673305615,1083.5959705651435
2023-08-08 00:00:00+00:00,569.3546322561374,1661.2935595737833,1357.0856894229394,1066.5914673305615,1083.5959705651435
2023-08-09 00:00:00+00:00,569.3546322561374,1661.2935595737833,1357.0856894229394,1066.5914673305615,1083.5959705651435
2023-08-10 00:00:00+00:00,569.3546322561374,1661.2935595737833,1357.0856894229394,1066.5914673305615,1083.5959705651435
2023-08-11 00:00:00+00:00,569.3546322561374,1661.2935595737833,1357.0856894229394,1066.5914673305615,1083.5959705651435
2023-08-12 00:00:00+00:00,574.0032687714585,1661.2935595737833,1357.0856894229394,1074.6933903354354,1091.8159890471409
2023-08-13 00:00:00+00:00,566.7825473464236,1661.2935595737833,1357.0856894229394,1062.1086832213248,1079.047844372564
2023-08-14 00:00:00+00:00,563.3610947907521,1661.2935595737833,1357.0856894229394,1056.1455701494558,1072.9978116048471
2023-08-15 00:00:00+00:00,563.3610947907521,1661.2935595737833,1357.0856894229394,1056.1455701494558,1072.9978116048471
2023-08-16 00:00:00+00:00,549.3615260112674,1661.2935595737833,1357.0856894229394,1031.7462805988537,1048.2428724462175
2023-08-17 00:00:00+00:00,549.3615260112674,1661.2935595737833,1357.0856894229394,1031.7462805988537,1048.2428724462175
2023-08-18 00:00:00+00:00,535.8167166194776,1661.2935595737833,1357.0856894229394,1008.139573030668,1024.2920681257046
2023-08-19 00:00:00+00:00,535.8167166194776,1661.2935595737833,1357.0856894229394,1008.139573030668,1024.2920681257046
2023-08-20 00:00:00+00:00,520.231133461114,1661.2935595737833,1357.0856894229394,980.9760823342142,996.7326361950267
2023-08-21 00:00:00+00:00,526.9331670255309,1661.2935595737833,1357.0856894229394,992.6567890825318,1008.5836035883483
2023-08-22 00:00:00+00:00,529.0613739925395,1661.2935595737833,1357.0856894229394,996.3659560454273,1012.3468362146613
2023-08-23 00:00:00+00:00,529.0613739925395,1661.2935595737833,1357.0856894229394,996.3659560454273,1012.3468362146613
2023-08-24 00:00:00+00:00,547.896498921608,1661.2935595737833,1357.0856894229394,996.3659560454273,1012.3468362146613
2023-08-25 00:00:00+00:00,547.896498921608,1661.2935595737833,1357.0856894229394,996.3659560454273,1012.3468362146613
2023-08-26 00:00:00+00:00,547.896498921608,1661.2935595737833,1357.0856894229394,996.3659560454273,1012.3468362146613
2023-08-27 00:00:00+00:00,537.8740338537957,1661.2935595737833,1357.0856894229394,996.3659560454273,1012.3468362146613
2023-08-28 00:00:00+00:00,537.8740338537957,1661.2935595737833,1357.0856894229394,996.3659560454273,1012.3468362146613
2023-08-29 00:00:00+00:00,537.8740338537957,1661.2935595737833,1357.0856894229394,996.3659560454273,1012.3468362146613
2023-08-30 00:00:00+00:00,550.0788813636489,1661.2935595737833,1357.0856894229394,996.3659560454273,1012.3468362146613
2023-08-31 00:00:00+00:00,551.8036456265766,1661.2935595737833,1357.0856894229394,996.3659560454273,1012.3468362146613
2023-09-01 00:00:00+00:00,550.5570606183286,1661.2935595737833,1357.0856894229394,996.3659560454273,1012.3468362146613
2023-09-02 00:00:00+00:00,550.7434020613584,1661.2935595737833,1357.0856894229394,996.3659560454273,1012.3468362146613
2023-09-03 00:00:00+00:00,550.7434020613584,1661.2935595737833,1357.0856894229394,996.3659560454273,1012.3468362146613
2023-09-04 00:00:00+00:00,550.7434020613584,1661.2935595737833,1357.0856894229394,996.3659560454273,1012.3468362146613
2023-09-05 00:00:00+00:00,551.8410705076847,1661.2935595737833,1357.0856894229394,996.3659560454273,1012.3468362146613
2023-09-06 00:00:00+00:00,551.1657580192978,1661.2935595737833,1357.0856894229394,996.3659560454273,1012.3468362146613
2023-09-07 00:00:00+00:00,531.4725014587486,1661.2935595737833,1357.0856894229394,996.3659560454273,1012.3468362146613
2023-09-08 00:00:00+00:00,535.0186189044197,1661.2935595737833,1357.0856894229394,996.3659560454273,1012.3468362146613
2023-09-09 00:00:00+00:00,523.1129293206857,1661.2935595737833,1357.0856894229394,996.3659560454273,1012.3468362146613
2023-09-10 00:00:00+00:00,516.3579889087063,1661.2935595737833,1357.0856894229394,996.3659560454273,1012.3468362146613
2023-09-11 00:00:00+00:00,512.1944527690046,1661.2935595737833,1357.0856894229394,996.3659560454273,1012.3468362146613
2023-09-12 00:00:00+00:00,510.49698172873235,1661.2935595737833,1357.0856894229394,996.3659560454273,1012.3468362146613
2023-09-13 00:00:00+00:00,517.112592328466,1661.2935595737833,1357.0856894229394,996.3659560454273,1012.3468362146613
2023-09-14 00:00:00+00:00,487.6256751868664,1661.2935595737833,1357.0856894229394,996.3659560454273,1012.3468362146613
2023-09-15 00:00:00+00:00,498.86585992328236,1661.2935595737833,1357.0856894229394,996.3659560454273,1012.3468362146613
2023-09-16 00:00:00+00:00,506.24171975626365,1661.2935595737833,1357.0856894229394,996.3659560454273,1012.3468362146613
2023-09-17 00:00:00+00:00,504.19041094610344,1661.2935595737833,1357.0856894229394,996.3659560454273,1012.3468362146613
2023-09-18 00:00:00+00:00,504.19041094610344,1661.2935595737833,1357.0856894229394,996.3659560454273,1012.3468362146613
2023-09-19 00:00:00+00:00,505.15148652617273,1661.2935595737833,1357.0856894229394,996.3659560454273,1012.3468362146613
2023-09-20 00:00:00+00:00,498.1180304406062,1661.2935595737833,1357.0856894229394,996.3659560454273,1012.3468362146613
2023-09-21 00:00:00+00:00,498.1180304406062,1661.2935595737833,1357.0856894229394,996.3659560454273,1012.3468362146613
2023-09-22 00:00:00+00:00,516.7418626536765,1661.2935595737833,1357.0856894229394,996.3659560454273,1012.3468362146613
2023-09-23 00:00:00+00:00,520.0647306370902,1661.2935595737833,1357.0856894229394,996.3659560454273,1012.3468362146613
2023-09-24 00:00:00+00:00,520.0647306370902,1661.2935595737833,1357.0856894229394,996.3659560454273,1012.3468362146613
2023-09-25 00:00:00+00:00,516.2508567905695,1578.434546931473,1357.0856894229394,996.3659560454273,1012.3468362146613
2023-09-26 00:00:00+00:00,519.8107164098934,1578.434546931473,1357.0856894229394,996.3659560454273,1012.3468362146613
2023-09-27 00:00:00+00:00,519.8107164098934,1578.434546931473,1357.0856894229394,996.3659560454273,1012.3468362146613
2023-09-28 00:00:00+00:00,519.8107164098934,1578.434546931473,1357.0856894229394,996.3659560454273,1012.3468362146613
2023-09-29 00:00:00+00:00,547.2795648593914,1578.434546931473,1357.0856894229394,996.3659560454273,1012.3468362146613
2023-09-30 00:00:00+00:00,547.2795648593914,1578.434546931473,1357.0856894229394,996.3659560454273,1012.3468362146613
2023-10-01 00:00:00+00:00,540.5783025769346,1578.434546931473,1357.0856894229394,996.3659560454273,1012.3468362146613
2023-10-02 00:00:00+00:00,540.5783025769346,1578.434546931473,1357.0856894229394,996.3659560454273,1012.3468362146613
2023-10-03 00:00:00+00:00,542.465524244322,1578.434546931473,1357.0856894229394,996.3659560454273,1012.3468362146613
2023-10-04 00:00:00+00:00,542.465524244322,1573.2066584899035,1357.0856894229394,996.3659560454273,1012.3468362146613
2023-10-05 00:00:00+00:00,545.210534271015,1582.4708976409288,1357.0856894229394,996.3659560454273,1012.3468362146613
2023-10-06 00:00:00+00:00,540.8557443556598,1570.7522290774755,1332.8838895561344,996.3659560454273,1012.3468362146613
2023-10-07 00:00:00+00:00,508.00526973210987,1474.4574883929865,1313.912455551696,919.6298876573962,1012.3468362146613
2023-10-08 00:00:00+00:00,506.7484466778933,1528.0954952231862,1317.9480079214602,955.3560607535564,1012.3468362146613
2023-10-09 00:00:00+00:00,505.79020496033945,1525.2101697443495,1311.7895931404403,955.3560607535564,965.8053053059358
2023-10-10 00:00:00+00:00,503.4947162084936,1519.5521666886,1311.7895931404403,955.3560607535564,965.8053053059358
2023-10-11 00:00:00+00:00,503.4947162084936,1519.5521666886,1311.7895931404403,955.3560607535564,965.8053053059358
2023-10-12 00:00:00+00:00,502.5229877473153,1516.6095426311772,1308.2734493648677,955.3560607535564,963.7169788864762
2023-10-13 00:00:00+00:00,503.08038763545096,1518.06274952743,1309.1711905573175,948.8574730148976,963.7169788864762
2023-10-14 00:00:00+00:00,497.8146918727693,1499.6129469431855,1287.6142465075413,937.6317699824945,955.6961600217243
2023-10-15 00:00:00+00:00,497.8146918727693,1499.6129469431855,1287.6142465075413,937.6317699824945,956.2128529984218
2023-10-16 00:00:00+00:00,513.0005261980147,1518.8396914561763,1314.25365912954,939.575940915522,989.5263027390068
2023-10-17 00:00:00+00:00,518.6061626424323,1522.9695609681128,1323.0684183768215,939.575940915522,989.5263027390068
2023-10-18 00:00:00+00:00,521.3247174934073,1531.336309638835,1329.4155660356541,939.575940915522,989.5263027390068
2023-10-19 00:00:00+00:00,520.3750741327991,1528.819344217666,1327.221293533099,939.575940915522,989.5263027390068
2023-10-20 00:00:00+00:00,499.1302962554741,1472.23773389517,1277.8223081390079,939.575940915522,989.5263027390068
2023-10-21 00:00:00+00:00,461.7946697735051,1373.5388551466335,1191.6525359829543,939.575940915522,989.5263027390068
2023-10-22 00:00:00+00:00,461.7946697735051,1373.5388551466335,1191.6525359829543,883.9171148690186,989.5263027390068
2023-10-23 00:00:00+00:00,442.8729859141005,1315.3694962912148,1140.187085659351,845.6734655996779,989.5263027390068
2023-10-24 00:00:00+00:00,442.8729859141005,1315.3694962912148,1140.187085659351,845.6734655996779,991.1227856807384
2023-10-25 00:00:00+00:00,442.8729859141005,1315.3694962912148,1140.187085659351,845.6129356279483,1010.4404761328229
2023-10-26 00:00:00+00:00,453.3833662632337,1343.6174276478064,1164.7383082601539,848.4835605692477,1029.97203896469
2023-10-27 00:00:00+00:00,453.3833662632337,1343.6174276478064,1164.7383082601539,848.4835605692477,1059.9968038129134
2023-10-28 00:00:00+00:00,456.67374557807767,1352.2937414731105,1172.2941742274961,857.8069910891294,1065.571339271737
2023-10-29 00:00:00+00:00,468.3222688832984,1382.6851528679206,1198.9185769337553,857.5589769654774,1065.5235665517098
2023-10-30 00:00:00+00:00,466.420679093934,1377.8392921736934,1194.630165070722,856.7018634416064,1057.4874948596403
2023-10-31 00:00:00+00:00,468.24179810588316,1382.5914117149316,1198.7888699300304,879.935727795611,1058.1274490812343
2023-11-01 00:00:00+00:00,475.226702932417,1400.9360681033752,1214.8290384204745,893.1603014592605,1066.230241810423
2023-11-02 00:00:00+00:00,475.226702932417,1400.9360681033752,1214.8290384204745,893.1603014592605,1066.230241810423
2023-11-03 00:00:00+00:00,475.226702932417,1400.9360681033752,1214.8290384204745,893.1603014592605,1066.230241810423
2023-11-04 00:00:00+00:00,473.2749191852957,1395.8139679517792,1210.3548696652526,897.8691180591259,1072.2220139976557
2023-11-05 00:00:00+00:00,478.82259998942993,1410.1731288355065,1222.9770206105793,903.1526640685694,1082.1417527814058
2023-11-06 00:00:00+00:00,482.65110668672787,1420.1006667405663,1231.6930489998304,915.8296096963594,1100.3980047456057
2023-11-07 00:00:00+00:00,503.7585467923086,1474.9702644414635,1279.8220574600361,972.425269141192,1178.7738805317463
2023-11-08 00:00:00+00:00,504.73449458594644,1477.4883337120077,1282.038535379849,973.4135718058778,1193.3261516226955
2023-11-09 00:00:00+00:00,504.73449458594644,1477.4883337120077,1282.038535379849,973.4135718058778,1193.3261516226955
2023-11-10 00:00:00+00:00,504.73449458594644,1477.4883337120077,1282.038535379849,973.4135718058778,1193.3261516226955
2023-11-11 00:00:00+00:00,504.73449458594644,1477.4883337120077,1282.038535379849,973.4135718058778,1193.3261516226955
2023-11-12 00:00:00+00:00,525.2641279453175,1530.9074092357257,1328.883897330057,1023.6777456982855,1252.1658712801748
2023-11-13 00:00:00+00:00,525.2641279453175,1530.9074092357257,1328.883897330057,1023.6777456982855,1252.1658712801748
2023-11-14 00:00:00+00:00,530.7037968327149,1545.1977987663383,1341.3699496963297,1034.0959094809705,1260.9612757693435
2023-11-15 00:00:00+00:00,529.346307262447,1541.6627425864976,1338.270858079763,1030.297586491747,1257.741774662343
2023-11-16 00:00:00+00:00,505.7261463908595,1480.048459648281,1284.2904077150686,1009.2947609412752,1218.4415172636159
2023-11-17 00:00:00+00:00,505.62163114656744,1479.7758315975002,1284.0515558906752,1009.0486919082864,1218.2435512593056
2023-11-18 00:00:00+00:00,516.8556316216022,1509.0252521217697,1309.6955015463002,1034.7825763906558,1246.725230577568
2023-11-19 00:00:00+00:00,516.8556316216022,1509.0252521217697,1309.6955015463002,1034.7825763906558,1246.725230577568
2023-11-20 00:00:00+00:00,516.8556316216022,1509.0252521217697,1309.6955015463002,1034.7825763906558,1246.725230577568
2023-11-21 00:00:00+00:00,513.0369416718628,1499.0348387866875,1300.9526610265193,1027.5901414418922,1239.6458998875544
2023-11-22 00:00:00+00:00,509.7344066811554,1490.3947842012167,1293.3915505109305,1021.3698752251237,1233.5234501411028
2023-11-23 00:00:00+00:00,504.63407404117487,1477.0685134338448,1281.7236845346683,1012.2595101084582,1224.4307589738846
2023-11-24 00:00:00+00:00,504.63407404117487,1477.0685134338448,1281.7236845346683,1012.2595101084582,1224.4307589738846
2023-11-25 00:00:00+00:00,504.4912697092768,1476.696765276764,1281.3977387995833,1011.958752130607,1224.0392418393178
2023-11-26 00:00:00+00:00,526.061103076971,1532.893726463758,1330.6551835448086,1052.0764992550125,1275.94239732549
2023-11-27 00:00:00+00:00,526.061103076971,1532.893726463758,1330.6551835448086,1052.0764992550125,1275.94239732549
2023-11-28 00:00:00+00:00,526.9182879025157,1535.1362836821927,1332.6176969523779,1053.6909917060739,1277.531501160146
2023-11-29 00:00:00+00:00,526.9182879025157,1535.1362836821927,1332.6176969523779,1053.6909917060739,1277.531501160146
2023-11-30 00:00:00+00:00,531.220962486238,1546.3842372582214,1342.4639345813896,1061.2126307386804,1285.1219684582034
2023-12-01 00:00:00+00:00,517.6114913399023,1510.8827228159905,1311.3611507038688,1036.1162101806892,1255.8007536950472
2023-12-02 00:00:00+00:00,525.4799907847417,1531.4451112091422,1329.3634925725196,1050.4381437456764,1270.7373323980528
2023-12-03 00:00:00+00:00,566.6423877922726,1638.631170612334,1423.3325510728976,1126.5145037505051,1371.372559668953
2023-12-04 00:00:00+00:00,568.827673702822,1644.3276980265364,1428.3246004732832,1130.5567884467441,1376.3907305814262
2023-12-05 00:00:00+00:00,568.827673702822,1644.3276980265364,1428.3246004732832,1130.5567884467441,1376.3907305814262
2023-12-06 00:00:00+00:00,568.827673702822,1644.3276980265364,1428.3246004732832,1130.5567884467441,1376.3907305814262
2023-12-07 00:00:00+00:00,568.827673702822,1644.3276980265364,1428.3246004732832,1130.5567884467441,1376.3907305814262
2023-12-08 00:00:00+00:00,568.827673702822,1644.3276980265364,1428.3246004732832,1130.5567884467441,1376.3907305814262
2023-12-09 00:00:00+00:00,592.6280143083832,1706.384252680185,1482.7018282484005,1174.3053521067607,1429.7496896676196
2023-12-10 00:00:00+00:00,595.2105652682184,1713.1209109047625,1488.6038489981975,1179.0602134771075,1435.383789423671
2023-12-11 00:00:00+00:00,594.3717253758567,1710.9327729946617,1486.6868101759346,1177.5157841658845,1433.5537741765672
2023-12-12 00:00:00+00:00,594.3717253758567,1710.9327729946617,1486.6868101759346,1177.5157841658845,1433.5537741765672
2023-12-13 00:00:00+00:00,597.298138960119,1718.5644667952981,1493.3736268851164,1182.8986918912356,1440.0400574113105
2023-12-14 00:00:00+00:00,593.9634440599111,1709.8680301283166,1485.753892716764,1176.764782782642,1432.6488343317963
2023-12-15 00:00:00+00:00,608.2004558278182,1746.9983936361853,1518.2864394586597,1202.9582687711913,1464.0917128354629
2023-12-16 00:00:00+00:00,594.1696240454755,1710.4059030610783,1486.2251103389663,1177.1444987161035,1433.0961692365954
2023-12-17 00:00:00+00:00,594.1696240454755,1710.4059030610783,1486.2251103389663,1177.1444987161035,1433.0961692365954
2023-12-18 00:00:00+00:00,617.0495665250043,1770.077173630584,1538.5073455651136,1219.2393893101598,1483.6272261242757
2023-12-19 00:00:00+00:00,617.0495665250043,1770.077173630584,1538.5073455651136,1219.2393893101598,1483.6272261242757
2023-12-20 00:00:00+00:00,606.6703326370384,1743.0081271503348,1514.7901763459527,1200.1439562000123,1460.6955458039781
2023-12-21 00:00:00+00:00,606.6703326370384,1743.0081271503348,1514.7901763459527,1200.1439562000123,1460.6955458039781
2023-12-22 00:00:00+00:00,663.6287392383263,1891.5574246837405,1644.9444819722241,1304.9390977312567,1586.4464988454565
2023-12-23 00:00:00+00:00,683.5301292631285,1943.4600605501548,1690.4202395440527,1341.5526699971365,1630.426736748721
2023-12-24 00:00:00+00:00,703.0693045402891,1994.418564040537,1735.068598017982,1377.5011868900979,1673.5791142492303
2023-12-25 00:00:00+00:00,703.0693045402891,1994.418564040537,1735.068598017982,1377.5011868900979,1673.5791142492303
2023-12-26 00:00:00+00:00,703.0693045402891,1994.418564040537,1735.068598017982,1377.5011868900979,1673.5791142492303
2023-12-27 00:00:00+00:00,704.5455325552831,1998.26859681959,1738.4418831205783,1380.217187859322,1676.8391139183502
2023-12-28 00:00:00+00:00,725.196679638335,2052.1271435606495,1785.6311745462797,1418.211535020359,1722.4471959989387
2023-12-29 00:00:00+00:00,725.196679638335,2052.1271435606495,1785.6311745462797,1418.211535020359,1722.4471959989387
2023-12-30 00:00:00+00:00,725.196679638335,2052.1271435606495,1785.6311745462797,1418.211535020359,1722.4471959989387
2023-12-31 00:00:00+00:00,733.6487801196054,2074.1703676256693,1804.944805817042,1433.7618610757352,1741.1136348514012
2024-01-01 00:00:00+00:00,733.6487801196054,2074.1703676256693,1804.944805817042,1433.7618610757352,1741.1136348514012
2024-01-02 00:00:00+00:00,710.8855132675884,2014.8033743469532,1752.9291744482307,1391.8815942355088,1690.8410324615375
2024-01-03 00:00:00+00:00,711.9636896251365,2017.6152768072363,1755.3928815678696,1393.8652421959728,1693.2221873641095
2024-01-04 00:00:00+00:00,711.9636896251365,2017.6152768072363,1755.3928815678696,1393.8652421959728,1693.2221873641095
2024-01-05 00:00:00+00:00,697.4727570697578,1979.822674118063,1722.2801032797022,1367.2045640066394,1661.219019282341
2024-01-06 00:00:00+00:00,697.4727570697578,1979.822674118063,1722.2801032797022,1367.2045640066394,1661.219019282341
2024-01-07 00:00:00+00:00,697.4727570697578,1979.822674118063,1722.2801032797022,1367.2045640066394,1661.219019282341
2024-01-08 00:00:00+00:00,679.7163389548136,1933.5136303842728,1681.705466680532,1334.5359907253794,1622.003945312387
2024-01-09 00:00:00+00:00,679.7163389548136,1933.5136303842728,1681.705466680532,1334.5359907253794,1622.003945312387
2024-01-10 00:00:00+00:00,678.3946739757496,1930.0667053417915,1678.6853712763268,1332.1043679148613,1619.0850492191064
2024-01-11 00:00:00+00:00,680.262999924343,1934.9393316523579,1682.9546246256011,1335.5417474177204,1623.2112435928855
2024-01-12 00:00:00+00:00,680.262999924343,1934.9393316523579,1682.9546246256011,1335.5417474177204,1623.2112435928855
2024-01-13 00:00:00+00:00,682.1053033100097,1939.744090671294,1687.1644146288163,1338.931250147117,1627.2799671061782
2024-01-14 00:00:00+00:00,705.9096524043232,2001.8262427681552,1741.5589896737301,1382.7269150694306,1679.8518845051315
2024-01-15 00:00:00+00:00,705.9096524043232,2001.8262427681552,1741.5589896737301,1382.7269150694306,1679.8518845051315
2024-01-16 00:00:00+00:00,706.8248758444581,2004.2131612423766,1743.650338183016,1384.4107594175557,1681.8731563816173
2024-01-17 00:00:00+00:00,715.1628950571638,2025.9588589202358,1762.7032856510364,1399.7511956658725,1700.287671978349
2024-01-18 00:00:00+00:00,713.41977760611,2021.412778593405,1758.7201423674478,1396.544177134364,1696.4379970531033
2024-01-19 00:00:00+00:00,713.2804286602181,2021.049354145457,1758.4017204416405,1396.287800467133,1696.1302447773985
2024-01-20 00:00:00+00:00,713.2804286602181,2021.049354145457,1758.4017204416405,1396.287800467133,1696.1302447773985
2024-01-21 00:00:00+00:00,713.2804286602181,2021.049354145457,1758.4017204416405,1396.287800467133,1696.1302447773985
2024-01-22 00:00:00+00:00,713.2804286602181,1977.860157730705,1758.4017204416405,1396.287800467133,1696.1302447773985
2024-01-23 00:00:00+00:00,665.3793480780528,1977.860157730705,1758.4017204416405,1308.1585402776013,1590.3406836919962
2024-01-24 00:00:00+00:00,652.1034471418932,1977.860157730705,1758.4017204416405,1283.7333015642537,1561.020849647807
2024-01-25 00:00:00+00:00,652.1034471418932,1977.860157730705,1758.4017204416405,1283.7333015642537,1561.020849647807
2024-01-26 00:00:00+00:00,651.5921385660043,1977.860157730705,1758.4017204416405,1282.792586950431,1559.8916243951035
2024-01-27 00:00:00+00:00,649.2475771149889,1977.860157730705,1758.4017204416405,1278.4790210865042,1554.7136591738592
2024-01-28 00:00:00+00:00,652.7269697106682,1977.860157730705,1758.4017204416405,1284.8804694894784,1562.3978992942136
2024-01-29 00:00:00+00:00,652.7269697106682,1977.860157730705,1758.4017204416405,1284.8804694894784,1562.3978992942136
2024-01-30 00:00:00+00:00,664.7523297374756,1977.860157730705,1758.4017204416405,1307.0049407914687,1588.9559130944947
2024-01-31 00:00:00+00:00,664.7523297374756,1977.860157730705,1758.4017204416405,1307.0049407914687,1588.9559130944947
2024-02-01 00:00:00+00:00,664.7523297374756,1977.860157730705,1758.4017204416405,1307.0049407914687,1588.9559130944947
2024-02-02 00:00:00+00:00,677.5669660995115,1977.860157730705,1758.4017204416405,1330.5815367359864,1617.2570440826173
2024-02-03 00:00:00+00:00,677.5669660995115,1977.860157730705,1758.4017204416405,1330.5815367359864,1617.2570440826173
2024-02-04 00:00:00+00:00,677.5669660995115,1977.860157730705,1758.4017204416405,1330.5815367359864,1617.2570440826173
2024-02-05 00:00:00+00:00,679.0927145988629,1977.4876968614194,1758.4017204416405,1333.3886359673227,1620.626660427994
2024-02-06 00:00:00+00:00,676.4258111442844,1977.4876968614194,1758.4017204416405,1328.4820195487835,1614.7368027785149
2024-02-07 00:00:00+00:00,676.4258111442844,1977.4876968614194,1758.4017204416405,1328.4820195487835,1614.7368027785149
2024-02-08 00:00:00+00:00,676.4258111442844,1991.090280892977,1758.4017204416405,1328.4820195487835,1614.7368027785149
2024-02-09 00:00:00+00:00,676.4258111442844,1991.090280892977,1758.4017204416405,1328.4820195487835,1614.7368027785149
2024-02-10 00:00:00+00:00,676.4258111442844,1991.090280892977,1758.4017204416405,1328.4820195487835,1614.7368027785149
2024-02-11 00:00:00+00:00,676.4258111442844,1991.090280892977,1758.4017204416405,1328.4820195487835,1614.7368027785149
2024-02-12 00:00:00+00:00,677.2105230017573,1993.5598347606585,1758.4017204416405,1329.9257463837725,1616.4698393188673
2024-02-13 00:00:00+00:00,677.9847496392013,2016.7882118977288,1758.4017204416405,1331.3501823244253,1618.1797192453992
2024-02-14 00:00:00+00:00,677.9847496392013,2016.7882118977288,1758.4017204416405,1331.3501823244253,1618.1797192453992
2024-02-15 00:00:00+00:00,680.5130035688321,2023.6596502105285,1764.433854579725,1336.0017088804634,1623.763369347806
2024-02-16 00:00:00+00:00,687.0859532343885,2041.6308840721329,1790.1209528318077,1348.0947386044606,1638.2797320608506
2024-02-17 00:00:00+00:00,702.2356081780883,2079.91948498099,1806.4818494155923,1375.9673432742482,1671.73775278671
2024-02-18 00:00:00+00:00,711.0841608924515,2099.989198089734,1814.3341559613682,1392.2470679692176,1691.2797860020698
2024-02-19 00:00:00+00:00,711.0841608924515,2099.989198089734,1814.3341559613682,1392.2470679692176,1691.2797860020698
2024-02-20 00:00:00+00:00,711.0841608924515,2099.989198089734,1822.984904712103,1392.2470679692176,1691.2797860020698
2024-02-21 00:00:00+00:00,707.6198849247816,2091.2883670405345,1813.5520048628082,1385.873431416257,1683.6289307477994
2024-02-22 00:00:00+00:00,713.1405406841351,2115.9992280027423,1827.7457025049337,1396.0304320918688,1695.821301828409
2024-02-23 00:00:00+00:00,713.1405406841351,2115.9992280027423,1827.7457025049337,1396.0304320918688,1695.821301828409
2024-02-24 00:00:00+00:00,713.1405406841351,2115.9992280027423,1827.7457025049337,1396.0304320918688,1695.821301828409
2024-02-25 00:00:00+00:00,739.5019097082968,2185.728812414164,1890.773192029902,1444.530547777368,1754.0403988606633
2024-02-26 00:00:00+00:00,748.6280021546759,2206.9882313796784,1910.000774742619,1461.320895008586,1774.1953787167581
2024-02-27 00:00:00+00:00,754.6262928481455,2223.7103873351516,1924.192460451147,1472.356656932858,1787.4426067947347
2024-02-28 00:00:00+00:00,764.4358939529407,2261.298161127711,1959.2586566821872,1490.4045355530882,1809.1071158740747
2024-02-29 00:00:00+00:00,764.4358939529407,2261.298161127711,1960.3188516071132,1490.4045355530882,1809.1071158740747
2024-03-01 00:00:00+00:00,764.4358939529407,2261.298161127711,1960.3188516071132,1490.4045355530882,1809.1071158740747
2024-03-02 00:00:00+00:00,789.6992607042595,2322.7833593483483,1964.1836633608125,1536.88452712413,1864.9012743226883
2024-03-03 00:00:00+00:00,885.6678094847151,2571.149613687383,2204.801981760604,1713.4491704002617,2076.8478636053983
2024-03-04 00:00:00+00:00,898.0827078924151,2601.389553501825,2233.8212023276515,1736.2903213452405,2104.2661731165995
2024-03-05 00:00:00+00:00,974.3330765288272,2843.1014146846815,2470.047222798285,1876.57710601634,2272.6651514215437
2024-03-06 00:00:00+00:00,974.3330765288272,2843.1014146846815,2470.047222798285,1876.57710601634,2272.6651514215437
2024-03-07 00:00:00+00:00,974.3330765288272,2843.1014146846815,2470.047222798285,1876.57710601634,2272.6651514215437
2024-03-08 00:00:00+00:00,1006.2593608742526,2922.186894585314,2487.590838249418,1935.315651906808,2343.174366799624
2024-03-09 00:00:00+00:00,1050.2860010825418,3035.2457159559517,2584.337341790369,2016.3166477727189,2440.4072243170467
2024-03-10 00:00:00+00:00,1277.0558375312885,3617.6546772103984,3207.915962069508,2433.53182698687,2941.2285246105666
2024-03-11 00:00:00+00:00,1275.5442414677996,3613.5118507844963,3204.296539234579,2430.750765658766,2937.890163927813
2024-03-12 00:00:00+00:00,1275.5442414677996,3613.5118507844963,3204.296539234579,2430.750765658766,2937.890163927813
2024-03-13 00:00:00+00:00,1275.5442414677996,3613.5118507844963,3204.296539234579,2430.750765658766,2937.890163927813
2024-03-14 00:00:00+00:00,1275.5442414677996,3613.5118507844963,3204.296539234579,2430.750765658766,2937.890163927813
2024-03-15 00:00:00+00:00,1279.2398750070636,3624.8327479232594,3213.7265424262096,2437.550057987675,2946.0519724978026
2024-03-16 00:00:00+00:00,1296.5197555718696,3669.678096198588,3250.7807280361803,2469.341889650764,2984.2145976022175
2024-03-17 00:00:00+00:00,1273.6950564566491,3609.327612786323,3196.536262607243,2427.348602179226,2933.8062378807217
2024-03-18 00:00:00+00:00,1273.6950564566491,3609.327612786323,3196.536262607243,2427.348602179226,2933.8062378807217
2024-03-19 00:00:00+00:00,1268.8238272869069,3596.8080592803212,3184.894638275564,2418.386428096137,2923.0481257568917
2024-03-20 00:00:00+00:00,1228.77746478454,3489.3902501316625,3088.1966285974095,2344.7084179606222,2834.605713597751
2024-03-21 00:00:00+00:00,1253.3088989456592,3559.8647864834106,3149.259661589806,2389.84178693152,2888.7833985448992
2024-03-22 00:00:00+00:00,1253.3088989456592,3559.8647864834106,3149.259661589806,2389.84178693152,2888.7833985448992
2024-03-23 00:00:00+00:00,1265.668549600932,3593.2552985048146,3178.930653584497,2412.581292078755,2916.0796933664833
2024-03-24 00:00:00+00:00,1276.7539838924104,3623.167916625597,3205.5132724298423,2432.9764712922442,2940.561880694035
2024-03-25 00:00:00+00:00,1276.7539838924104,3623.167916625597,3205.5132724298423,2432.9764712922442,2940.561880694035
2024-03-26 00:00:00+00:00,1282.6776422432583,3638.875008571237,3219.767580501437,2443.8749233048907,2953.644283204992
2024-03-27 00:00:00+00:00,1297.3303482904562,3677.7279247092556,3255.026903998609,2470.833232554435,2986.0047920376333
2024-03-28 00:00:00+00:00,1297.3303482904562,3677.7279247092556,3255.026903998609,2470.833232554435,2986.0047920376333
2024-03-29 00:00:00+00:00,1297.3303482904562,3677.7279247092556,3255.026903998609,2470.833232554435,2986.0047920376333
2024-03-30 00:00:00+00:00,1297.3303482904562,3677.7279247092556,3255.026903998609,2470.833232554435,2986.0047920376333
2024-03-31 00:00:00+00:00,1297.3303482904562,3677.7279247092556,3255.026903998609,2470.833232554435,2986.0047920376333
2024-04-01 00:00:00+00:00,1301.831083137113,3689.8726056425803,3265.835893837215,2479.1137645910126,2995.9446672585977
2024-04-02 00:00:00+00:00,1302.9073235060857,3692.773568586474,3268.420948824591,2481.093850767597,2998.321544666361
2024-04-03 00:00:00+00:00,1271.3330289132814,3607.6720228628333,3192.5835959464675,2423.0029018857135,2928.5896988377694
2024-04-04 00:00:00+00:00,1251.4593285153244,3553.353334196408,3144.9287441598085,2386.438914350908,2884.6986212993415
2024-04-05 00:00:00+00:00,1251.4593285153244,3553.353334196408,3144.9287441598085,2386.438914350908,2884.6986212993415
2024-04-06 00:00:00+00:00,1225.115017375547,3482.132344923602,3081.6751685549016,2337.9701820645496,2826.5171966135126
2024-04-07 00:00:00+00:00,1207.2949222051698,3433.978551895764,3038.8862575339135,2305.1844539599974,2787.161507275174
2024-04-08 00:00:00+00:00,1222.2017331129352,3474.170169216955,3074.6898802281585,2332.610269852406,2820.083206822918
2024-04-09 00:00:00+00:00,1222.2017331129352,3474.170169216955,3074.6898802281585,2332.610269852406,2820.083206822918
2024-04-10 00:00:00+00:00,1226.4591084664003,3485.8421346945265,3084.894846909204,2340.4430647641725,2829.4856224781493
2024-04-11 00:00:00+00:00,1224.553346361756,3480.7038350482094,3080.3175306903386,2336.936809741546,2825.276745891013
2024-04-12 00:00:00+00:00,1224.553346361756,3480.7038350482094,3080.3175306903386,2336.936809741546,2825.276745891013
2024-04-13 00:00:00+00:00,1224.553346361756,3480.7038350482094,3080.3175306903386,2336.936809741546,2825.276745891013
2024-04-14 00:00:00+00:00,1184.7751535202249,3373.2467526792325,2984.8001135358127,2263.7521829186335,2737.4265865655916
2024-04-15 00:00:00+00:00,1121.3754225824723,3201.8524130823807,2832.574667712628,2147.1082300915923,2597.4082482197814
2024-04-16 00:00:00+00:00,1101.9009343217647,3149.214837952334,2785.814586869191,2111.2787201486713,2554.398830891552
2024-04-17 00:00:00+00:00,1062.0039185963149,3041.3660427094137,2690.019268572131,2037.8754808701285,2466.2862511659546
2024-04-18 00:00:00+00:00,1032.8066210717147,2962.404232312333,2619.918474744639,1984.1577734798507,2401.804004583606
2024-04-19 00:00:00+00:00,1032.8066210717147,2962.404232312333,2619.918474744639,1984.1577734798507,2401.804004583606
2024-04-20 00:00:00+00:00,1032.8066210717147,2962.404232312333,2619.918474744639,1984.1577734798507,2401.804004583606
2024-04-21 00:00:00+00:00,1043.6022604681332,2962.404232312333,2619.918474744639,2004.0197828901103,2425.646179736544
2024-04-22 00:00:00+00:00,1043.6022604681332,2962.404232312333,2619.918474744639,2004.0197828901103,2425.646179736544
2024-04-23 00:00:00+00:00,1043.1353658131475,2962.404232312333,2619.918474744639,2003.1607817980578,2424.6150426511545
2024-04-24 00:00:00+00:00,1063.688798756689,2962.404232312333,2619.918474744639,2040.9753533623139,2470.0073098657
2024-04-25 00:00:00+00:00,1063.688798756689,2962.404232312333,2619.918474744639,2040.9753533623139,2470.0073098657
2024-04-26 00:00:00+00:00,1063.688798756689,2962.404232312333,2619.918474744639,2040.9753533623139,2470.0073098657
2024-04-27 00:00:00+00:00,1063.688798756689,2962.404232312333,2619.918474744639,2040.9753533623139,2470.0073098657
2024-04-28 00:00:00+00:00,1063.688798756689,2962.404232312333,2619.918474744639,2040.9753533623139,2470.0073098657
2024-04-29 00:00:00+00:00,1044.3544567805677,2962.404232312333,2619.918474744639,2005.4036870469026,2427.307405678975
2024-04-30 00:00:00+00:00,1050.0024341339958,2962.404232312333,2619.918474744639,2015.7949362562772,2439.7809665655072
2024-05-01 00:00:00+00:00,1050.0024341339958,2962.404232312333,2619.918474744639,2015.7949362562772,2439.7809665655072
2024-05-02 00:00:00+00:00,1034.3827103156984,2962.404232312333,2619.918474744639,1987.057490508728,2405.284798488615
2024-05-03 00:00:00+00:00,1034.3827103156984,2962.404232312333,2619.918474744639,1987.057490508728,2405.284798488615
2024-05-04 00:00:00+00:00,1034.3827103156984,2962.404232312333,2619.918474744639,1987.057490508728,2405.284798488615
2024-05-05 00:00:00+00:00,1057.373652575933,2962.404232312333,2619.918474744639,2029.3566350758401,2456.060306281276
2024-05-06 00:00:00+00:00,1060.819161032284,2962.404232312333,2619.918474744639,2035.6957428276125,2463.669713477158
2024-05-07 00:00:00+00:00,1060.819161032284,2962.404232312333,2619.918474744639,2035.6957428276125,2463.669713477158
2024-05-08 00:00:00+00:00,1060.819161032284,2962.404232312333,2619.918474744639,2035.6957428276125,2463.669713477158
2024-05-09 00:00:00+00:00,1060.819161032284,2962.404232312333,2619.918474744639,2035.6957428276125,2463.669713477158
2024-05-10 00:00:00+00:00,1060.819161032284,2962.404232312333,2619.918474744639,2035.6957428276125,2463.669713477158
2024-05-11 00:00:00+00:00,1050.290152020616,2962.404232312333,2619.918474744639,2016.3242847424308,2440.416391665915
2024-05-12 00:00:00+00:00,1049.0917252947368,2962.404232312333,2619.918474744639,2014.1193979327784,2437.7696656261533
2024-05-13 00:00:00+00:00,1061.8148375004128,2962.404232312333,2619.918474744639,2037.5276061062343,2465.8686654685207
2024-05-14 00:00:00+00:00,1064.6350109801244,2962.404232312333,2619.918474744639,2042.7162114436064,2472.0970200472466
2024-05-15 00:00:00+00:00,1065.070523531037,2962.404232312333,2619.918474744639,2043.5174751823133,2473.0588497396684
2024-05-16 00:00:00+00:00,1065.070523531037,2962.404232312333,2619.918474744639,2043.5174751823133,2473.0588497396684
2024-05-17 00:00:00+00:00,1065.070523531037,2962.404232312333,2619.918474744639,2043.5174751823133,2473.0588497396684
2024-05-18 00:00:00+00:00,1066.3285941712682,2962.404232312333,2619.918474744639,2045.8320959266239,2475.8372993949165
2024-05-19 00:00:00+00:00,1071.7220940381005,2962.404232312333,2619.918474744639,2055.7551529291395,2487.7488466215714
2024-05-20 00:00:00+00:00,1086.0430544642,2962.404232312333,2619.918474744639,2082.103110683407,2519.376695079592
2024-05-21 00:00:00+00:00,1117.8487946775151,3112.748275019539,2619.918474744639,2140.619877335202,2589.61968867998
2024-05-22 00:00:00+00:00,1117.8487946775151,3112.748275019539,2619.918474744639,2140.619877335202,2589.61968867998
2024-05-23 00:00:00+00:00,1149.1428330443262,3184.4885076942114,2878.7755784997903,2198.195205826892,2658.7325884894917
2024-05-24 00:00:00+00:00,1139.4465261571238,3184.4885076942114,2841.1367751741564,2180.3557679236333,2637.318289747907
2024-05-25 00:00:00+00:00,1139.7851494497893,3150.4016112757063,2841.1367751741564,2180.9787730814087,2638.0661394637164
2024-05-26 00:00:00+00:00,1134.028903347605,3153.878613550578,2803.2574326401154,2170.388329102029,2625.3534669899373
2024-05-27 00:00:00+00:00,1164.7339447097897,3246.085801277753,2803.2574326401154,2226.880010426662,2693.1655666121515
2024-05-28 00:00:00+00:00,1181.2160659483934,3321.654619871241,2828.75834339788,2257.2041102896856,2729.5663398348224
2024-05-29 00:00:00+00:00,1196.333074027827,3334.0875981576564,2972.636934242615,2285.016650677826,2762.952259944178
2024-05-30 00:00:00+00:00,1200.8552123187735,3344.3958340928943,2996.989641184714,2293.336561151964,2772.9394046828515
2024-05-31 00:00:00+00:00,1200.8552123187735,3344.3958340928943,2996.989641184714,2293.336561151964,2772.9394046828515
2024-06-01 00:00:00+00:00,1200.8552123187735,3344.3958340928943,2996.989641184714,2293.336561151964,2772.9394046828515
2024-06-02 00:00:00+00:00,1203.593906566324,3346.553662417911,3003.519024195443,2298.375259548533,2778.987812335492
2024-06-03 00:00:00+00:00,1186.8747537103382,3302.0538453925165,2980.740343857329,2267.6150646991814,2742.063554664064
2024-06-04 00:00:00+00:00,1182.6250636465777,3263.5860512676923,2992.3128956853175,2259.796409320131,2732.6781119750935
2024-06-05 00:00:00+00:00,1182.6124255069801,3263.5524225455724,2992.2846048551237,2259.7731574460736,2732.6502006372993
2024-06-06 00:00:00+00:00,1186.6322441239429,3273.662849590557,3013.932210134085,2267.168891248014,2741.5279721179277
2024-06-07 00:00:00+00:00,1182.2518464674038,3252.984450422347,3005.3154327321813,2259.10975771455,2731.853861643158
2024-06-08 00:00:00+00:00,1174.598051334863,3229.296567510955,2986.856709424841,2245.028169272724,2714.9504511610244
2024-06-09 00:00:00+00:00,1164.2717538259374,3198.4590775034785,2968.7935526521946,2226.0296634164183,2692.1448178077253
2024-06-10 00:00:00+00:00,1164.2717538259374,3198.4590775034785,2968.7935526521946,2226.0296634164183,2692.1448178077253
2024-06-11 00:00:00+00:00,1164.2717538259374,3198.4590775034785,2968.7935526521946,2226.0296634164183,2692.1448178077253
2024-06-12 00:00:00+00:00,1066.521550555202,2943.9940756497995,2731.9164178616265,2046.1871005143767,2476.263443667958
2024-06-13 00:00:00+00:00,1064.569848851421,2938.9036987104787,2727.1829200151947,2042.5963250000161,2471.953109452527
2024-06-14 00:00:00+00:00,1047.1623718769988,2897.3688665687273,2679.3980031416545,2010.5697391926433,2433.5086876119267
2024-06-15 00:00:00+00:00,1009.2559264981951,2804.2877673570583,2582.503028070192,1940.8287866490568,2349.7922835194954
2024-06-16 00:00:00+00:00,1015.3749850130042,2823.5884553790315,2589.362481092371,1952.0867393594249,2363.3062273929413
2024-06-17 00:00:00+00:00,1015.3749850130042,2823.5884553790315,2589.362481092371,1952.0867393594249,2363.3062273929413
2024-06-18 00:00:00+00:00,983.2879192232442,2739.6537804223694,2511.7288313783556,1893.0523849074532,2292.4419261124517
2024-06-19 00:00:00+00:00,983.9103912577789,2741.305562048871,2513.232983303468,1894.1976200300396,2293.8166559204988
2024-06-20 00:00:00+00:00,983.9103912577789,2741.305562048871,2513.232983303468,1894.1976200300396,2293.8166559204988
2024-06-21 00:00:00+00:00,983.9103912577789,2741.305562048871,2513.232983303468,1894.1976200300396,2293.8166559204988
2024-06-22 00:00:00+00:00,931.2537093026785,2603.312559723483,2386.203599614471,1797.3189198344558,2177.5243467718074
2024-06-23 00:00:00+00:00,931.2537093026785,2603.312559723483,2386.203599614471,1797.3189198344558,2177.5243467718074
2024-06-24 00:00:00+00:00,931.2537093026785,2603.312559723483,2386.203599614471,1797.3189198344558,2177.5243467718074
2024-06-25 00:00:00+00:00,931.2537093026785,2603.312559723483,2386.203599614471,1797.3189198344558,2177.5243467718074
2024-06-26 00:00:00+00:00,931.2537093026785,2603.312559723483,2386.203599614471,1797.3189198344558,2177.5243467718074
2024-06-27 00:00:00+00:00,931.2537093026785,2603.312559723483,2386.203599614471,1797.3189198344558,2177.5243467718074
2024-06-28 00:00:00+00:00,923.8372948684164,2603.312559723483,2386.203599614471,1783.6740686242006,2161.1451916837714
2024-06-29 00:00:00+00:00,926.4330292829038,2603.312559723483,2386.203599614471,1788.44974697672,2166.87787247165
2024-06-30 00:00:00+00:00,926.4330292829038,2603.312559723483,2386.203599614471,1788.44974697672,2166.87787247165
2024-07-01 00:00:00+00:00,926.4330292829038,2603.312559723483,2386.203599614471,1788.44974697672,2166.87787247165
2024-07-02 00:00:00+00:00,926.4330292829038,2603.312559723483,2386.203599614471,1788.44974697672,2166.87787247165
2024-07-03 00:00:00+00:00,912.3116640759374,2603.312559723483,2386.203599614471,1788.44974697672,2166.87787247165
2024-07-04 00:00:00+00:00,912.3116640759374,2603.312559723483,2386.203599614471,1788.44974697672,2166.87787247165
2024-07-05 00:00:00+00:00,912.3116640759374,2603.312559723483,2386.203599614471,1788.44974697672,2166.87787247165
2024-07-06 00:00:00+00:00,912.3116640759374,2603.312559723483,2386.203599614471,1788.44974697672,2166.87787247165
2024-07-07 00:00:00+00:00,897.2462030528409,2603.312559723483,2386.203599614471,1760.4716649185143,2166.87787247165
2024-07-08 00:00:00+00:00,878.0142825902888,2603.312559723483,2386.203599614471,1760.4716649185143,2166.87787247165
2024-07-09 00:00:00+00:00,876.4347155149153,2603.312559723483,2386.203599614471,1760.4716649185143,2166.87787247165
2024-07-10 00:00:00+00:00,876.4347155149153,2603.312559723483,2386.203599614471,1760.4716649185143,2166.87787247165
2024-07-11 00:00:00+00:00,876.4347155149153,2603.312559723483,2386.203599614471,1760.4716649185143,2166.87787247165
2024-07-12 00:00:00+00:00,876.4347155149153,2603.312559723483,2386.203599614471,1760.4716649185143,2166.87787247165
2024-07-13 00:00:00+00:00,876.4347155149153,2603.312559723483,2386.203599614471,1760.4716649185143,2166.87787247165
2024-07-14 00:00:00+00:00,876.4347155149153,2603.312559723483,2386.203599614471,1760.4716649185143,2166.87787247165
2024-07-15 00:00:00+00:00,871.0723794879849,2603.312559723483,2386.203599614471,1760.4716649185143,2166.87787247165
2024-07-16 00:00:00+00:00,886.0923837003936,2603.312559723483,2386.203599614471,1760.4716649185143,2166.87787247165
2024-07-17 00:00:00+00:00,886.0923837003936,2603.312559723483,2386.203599614471,1760.4716649185143,2166.87787247165
2024-07-18 00:00:00+00:00,886.0923837003936,2603.312559723483,2386.203599614471,1760.4716649185143,2166.87787247165
2024-07-19 00:00:00+00:00,886.0923837003936,2603.312559723483,2386.203599614471,1760.4716649185143,2166.87787247165
2024-07-20 00:00:00+00:00,886.0923837003936,2603.312559723483,2386.203599614471,1760.4716649185143,2166.87787247165
2024-07-21 00:00:00+00:00,894.578198468078,2646.5736903939974,2386.203599614471,1790.2448065832957,2166.87787247165
2024-07-22 00:00:00+00:00,894.578198468078,2646.5736903939974,2386.203599614471,1790.2448065832957,2166.87787247165
2024-07-23 00:00:00+00:00,892.7200543650258,2636.595531528086,2389.6928751374285,1783.3776458580917,2170.0593341488743
2024-07-24 00:00:00+00:00,900.0781120709655,2652.2776652340435,2389.6928751374285,1794.1703917063119,2170.0593341488743
2024-07-25 00:00:00+00:00,900.0781120709655,2652.2776652340435,2389.6928751374285,1794.1703917063119,2170.0593341488743
2024-07-26 00:00:00+00:00,900.0781120709655,2649.400503254707,2371.0801549274515,1792.190273529195,2153.088574554992
2024-07-27 00:00:00+00:00,899.456470565304,2705.2884295628724,2368.1680746158036,1830.6534186558658,2150.4333895885
2024-07-28 00:00:00+00:00,894.3142333133858,2701.521832054495,2414.541089935357,1828.0611738515115,2192.715510941709
2024-07-29 00:00:00+00:00,891.0967112914423,2693.867038733477,2409.1402879493753,1822.792997952525,2187.791152165331
2024-07-30 00:00:00+00:00,898.6507710547802,2707.2887318637568,2410.4746467453265,1832.0300651478447,2189.0077976681164
2024-07-31 00:00:00+00:00,898.6507710547802,2707.2887318637568,2410.4746467453265,1832.0300651478447,2189.0077976681164
2024-08-01 00:00:00+00:00,898.6507710547802,2707.2887318637568,2410.4746467453265,1832.0300651478447,2189.0077976681164
2024-08-02 00:00:00+00:00,896.0765805603266,2692.2574713744802,2400.939543154012,1821.685262758006,2180.3138534769696
2024-08-03 00:00:00+00:00,885.491607892153,2655.418342950627,2371.558011622237,1796.33186647893,2153.524276107265
2024-08-04 00:00:00+00:00,832.0836373259112,2526.99486542508,2235.088965952034,1707.948360773241,2029.0941369364114
2024-08-05 00:00:00+00:00,777.1846913413816,2385.1952999130035,2113.934487834021,1610.3591742087542,1918.6275582382057
2024-08-06 00:00:00+00:00,706.6811732473182,2196.236872425693,1950.7735269118537,1480.3143523759206,1769.860187769018
2024-08-07 00:00:00+00:00,706.6811732473182,2196.236872425693,1950.7735269118537,1480.3143523759206,1769.860187769018
2024-08-08 00:00:00+00:00,697.3363428756502,2196.236872425693,1950.7735269118537,1480.3143523759206,1769.860187769018
2024-08-09 00:00:00+00:00,697.3363428756502,2196.236872425693,1950.7735269118537,1480.3143523759206,1769.860187769018
2024-08-10 00:00:00+00:00,697.3363428756502,2196.236872425693,1950.7735269118537,1480.3143523759206,1769.860187769018
2024-08-11 00:00:00+00:00,697.3363428756502,2196.236872425693,1950.7735269118537,1480.3143523759206,1769.860187769018
2024-08-12 00:00:00+00:00,690.8068707682019,2196.236872425693,1950.7735269118537,1480.3143523759206,1769.860187769018
2024-08-13 00:00:00+00:00,690.8068707682019,2196.236872425693,1950.7735269118537,1480.3143523759206,1769.860187769018
2024-08-14 00:00:00+00:00,691.563721196338,2196.236872425693,1950.7735269118537,1480.3143523759206,1769.860187769018
2024-08-15 00:00:00+00:00,691.563721196338,2196.236872425693,1950.7735269118537,1480.3143523759206,1769.860187769018
2024-08-16 00:00:00+00:00,691.563721196338,2196.236872425693,1950.7735269118537,1480.3143523759206,1769.860187769018
2024-08-17 00:00:00+00:00,691.563721196338,2196.236872425693,1950.7735269118537,1480.3143523759206,1769.860187769018
2024-08-18 00:00:00+00:00,691.563721196338,2196.236872425693,1950.7735269118537,1480.3143523759206,1769.860187769018
2024-08-19 00:00:00+00:00,673.0188015370722,2196.236872425693,1950.7735269118537,1480.3143523759206,1769.860187769018
2024-08-20 00:00:00+00:00,662.8464864047468,2196.236872425693,1950.7735269118537,1480.3143523759206,1769.860187769018
2024-08-21 00:00:00+00:00,662.8464864047468,2196.236872425693,1950.7735269118537,1480.3143523759206,1769.860187769018
2024-08-22 00:00:00+00:00,662.8464864047468,2196.236872425693,1950.7735269118537,1480.3143523759206,1769.860187769018
2024-08-23 00:00:00+00:00,662.8464864047468,2196.236872425693,1950.7735269118537,1480.3143523759206,1769.860187769018
2024-08-24 00:00:00+00:00,678.0653484284273,2196.236872425693,1950.7735269118537,1480.3143523759206,1769.860187769018
2024-08-25 00:00:00+00:00,678.0653484284273,2196.236872425693,1950.7735269118537,1480.3143523759206,1769.860187769018
2024-08-26 00:00:00+00:00,678.0653484284273,2196.236872425693,1950.7735269118537,1480.3143523759206,1769.860187769018
2024-08-27 00:00:00+00:00,678.0653484284273,2196.236872425693,1950.7735269118537,1480.3143523759206,1769.860187769018
2024-08-28 00:00:00+00:00,670.4038920661103,2196.236872425693,1950.7735269118537,1480.3143523759206,1769.860187769018
2024-08-29 00:00:00+00:00,670.4038920661103,2177.8134063853404,1950.7735269118537,1467.6349689230608,1769.860187769018
2024-08-30 00:00:00+00:00,647.8382492959345,2125.931624478916,1950.7735269118537,1431.9289293771722,1769.860187769018
2024-08-31 00:00:00+00:00,638.2633500302252,2061.9373446390728,1876.3451258740356,1387.8868359349424,1701.9976460921264
2024-09-01 00:00:00+00:00,616.5437656297908,2010.9047749774516,1826.291020672051,1352.7652405789327,1656.3591700130385
2024-09-02 00:00:00+00:00,613.5705924035166,2010.9047749774516,1826.291020672051,1352.7652405789327,1656.3591700130385
2024-09-03 00:00:00+00:00,608.9662088362301,2010.9047749774516,1826.291020672051,1352.7652405789327,1656.3591700130385
2024-09-04 00:00:00+00:00,608.7589460565013,2010.9047749774516,1826.291020672051,1352.7652405789327,1656.3591700130385
2024-09-05 00:00:00+00:00,608.7589460565013,2010.9047749774516,1826.291020672051,1352.7652405789327,1656.3591700130385
2024-09-06 00:00:00+00:00,587.6285666468536,2010.9047749774516,1826.291020672051,1352.7652405789327,1656.3591700130385
2024-09-07 00:00:00+00:00,587.6285666468536,2010.9047749774516,1826.291020672051,1352.7652405789327,1656.3591700130385
2024-09-08 00:00:00+00:00,577.9320095551865,2010.9047749774516,1826.291020672051,1352.7652405789327,1656.3591700130385
2024-09-09 00:00:00+00:00,582.3251044330223,2010.9047749774516,1826.291020672051,1352.7652405789327,1656.3591700130385
2024-09-10 00:00:00+00:00,584.5389329185817,2010.9047749774516,1826.291020672051,1352.7652405789327,1656.3591700130385
2024-09-11 00:00:00+00:00,605.8748929658695,2010.9047749774516,1826.291020672051,1352.7652405789327,1656.3591700130385
2024-09-12 00:00:00+00:00,605.8748929658695,2010.9047749774516,1826.291020672051,1352.7652405789327,1656.3591700130385
2024-09-13 00:00:00+00:00,605.8748929658695,2010.9047749774516,1826.291020672051,1352.7652405789327,1656.3591700130385
2024-09-14 00:00:00+00:00,611.0975788334405,2010.9047749774516,1826.291020672051,1352.7652405789327,1656.3591700130385
2024-09-15 00:00:00+00:00,611.0975788334405,2010.9047749774516,1826.291020672051,1352.7652405789327,1656.3591700130385
2024-09-16 00:00:00+00:00,620.9000307387406,2010.9047749774516,1826.291020672051,1352.7652405789327,1656.3591700130385
2024-09-17 00:00:00+00:00,620.9000307387406,2010.9047749774516,1826.291020672051,1352.7652405789327,1656.3591700130385
2024-09-18 00:00:00+00:00,621.212436696093,2010.9047749774516,1826.291020672051,1352.7652405789327,1656.3591700130385
2024-09-19 00:00:00+00:00,621.212436696093,2010.9047749774516,1826.291020672051,1352.7652405789327,1656.3591700130385
2024-09-20 00:00:00+00:00,635.0772924436701,2027.081532203726,1826.291020672051,1352.7652405789327,1656.3591700130385
2024-09-21 00:00:00+00:00,640.025047889652,2027.081532203726,1826.291020672051,1352.7652405789327,1656.3591700130385
2024-09-22 00:00:00+00:00,640.025047889652,2027.081532203726,1826.291020672051,1352.7652405789327,1656.3591700130385
2024-09-23 00:00:00+00:00,644.7673316668271,2058.4731086706383,1826.291020672051,1352.7652405789327,1656.3591700130385
2024-09-24 00:00:00+00:00,644.7673316668271,2058.4731086706383,1826.291020672051,1352.7652405789327,1656.3591700130385
2024-09-25 00:00:00+00:00,644.7673316668271,2058.4731086706383,1840.4464220318598,1366.2672669629087,1656.3591700130385
2024-09-26 00:00:00+00:00,644.7673316668271,2058.4731086706383,1843.1181655500502,1366.6840884567646,1676.2415058812223
2024-09-27 00:00:00+00:00,677.0122496941934,2143.9453339656934,1910.1244811422798,1419.7329609147205,1749.1508666699342
2024-09-28 00:00:00+00:00,691.5760937595313,2158.653514046362,1950.4783852909193,1433.4911587935924,1757.464244473787
2024-09-29 00:00:00+00:00,693.8583885555985,2169.294643551416,1950.4783852909193,1433.4911587935924,1756.9207983725807
2024-09-30 00:00:00+00:00,699.8859199071081,2169.294643551416,1969.1913169195068,1457.4550715046344,1763.552392275248
2024-10-01 00:00:00+00:00,705.244328010246,2183.610621615293,1988.6741953576397,1471.0127939523863,1788.992666213321
2024-10-02 00:00:00+00:00,705.244328010246,2183.610621615293,1988.6741953576397,1471.0127939523863,1788.992666213321
2024-10-03 00:00:00+00:00,695.7736883566657,2156.6957036089775,1964.2394112676313,1452.7264862403972,1766.8418258498755
2024-10-04 00:00:00+00:00,684.3676559549137,2087.805957692155,1934.7236164544943,1430.59140135709,1741.3868842614456
2024-10-05 00:00:00+00:00,668.08464805564,2042.8575897220621,1910.6813518258075,1412.5227587003426,1718.6534285209384
2024-10-06 00:00:00+00:00,647.7941281912789,2011.4327935611616,1845.0124430470105,1364.2738499049874,1675.488861052191
2024-10-07 00:00:00+00:00,657.8404238980733,2028.8281187253024,1875.9088254980024,1364.2738499049874,1675.488861052191
2024-10-08 00:00:00+00:00,668.9223768568271,2030.689022469113,1909.9902687394156,1364.2738499049874,1675.488861052191
2024-10-09 00:00:00+00:00,668.9223768568271,2030.689022469113,1909.9902687394156,1364.2738499049874,1675.488861052191
2024-10-10 00:00:00+00:00,669.2535843675221,2031.512063978088,1910.7607525134065,1372.5978838154808,1675.488861052191
2024-10-11 00:00:00+00:00,658.1847447258566,2000.422762176289,1889.1519519257588,1357.1624626700414,1675.488861052191
2024-10-12 00:00:00+00:00,658.1847447258566,2000.422762176289,1889.1519519257588,1357.1624626700414,1673.8111690887617
2024-10-13 00:00:00+00:00,662.2685244071199,2009.6646458281984,1902.478637568946,1368.0509386278625,1694.2567819044516
2024-10-14 00:00:00+00:00,713.3927804539763,2090.8138421220524,2044.052583172115,1436.4974019232782,1763.8865646532633
2024-10-15 00:00:00+00:00,722.5218343402624,2090.8138421220524,2044.052583172115,1436.4974019232782,1763.8865646532633
2024-10-16 00:00:00+00:00,722.5218343402624,2090.8138421220524,2044.052583172115,1436.4974019232782,1763.8865646532633
2024-10-17 00:00:00+00:00,722.5218343402624,2090.8138421220524,2044.052583172115,1436.4974019232782,1763.8865646532633
2024-10-18 00:00:00+00:00,724.9603856355495,2105.4518659250116,2044.052583172115,1444.701347896439,1763.8865646532633
2024-10-19 00:00:00+00:00,723.7542838382565,2105.4518659250116,2041.1303646058616,1444.701347896439,1761.3276032284875
2024-10-20 00:00:00+00:00,709.4823571439052,2063.9412237516685,2004.2084169755356,1415.6858643507321,1722.7151932140182
2024-10-21 00:00:00+00:00,711.8126311858754,2069.376741509232,2010.9140628368486,1419.37284570955,1728.485607676216
2024-10-22 00:00:00+00:00,712.0560102708312,2069.7665714185528,2011.997909799624,1419.8137221135898,1729.43472305045
2024-10-23 00:00:00+00:00,712.0560102708312,2069.7665714185528,2011.997909799624,1419.8137221135898,1729.43472305045
2024-10-24 00:00:00+00:00,712.0560102708312,2069.7665714185528,2011.997909799624,1419.8137221135898,1729.43472305045
2024-10-25 00:00:00+00:00,712.6916512272909,2070.076789824726,2014.1159586163833,1420.1645622418366,1731.2894800082183
2024-10-26 00:00:00+00:00,698.9188693001776,2027.0135036080248,1983.4525230802662,1392.6505126682623,1704.7716606638364
2024-10-27 00:00:00+00:00,679.9200588118767,1976.301787201956,1934.0113771618549,1357.1169675996643,1661.944620671321
2024-10-28 00:00:00+00:00,673.0023249571246,1956.0075003406275,1903.1263194204037,1342.8989338893023,1635.2683824336561
2024-10-29 00:00:00+00:00,673.0023249571246,1956.0075003406275,1903.1263194204037,1342.8989338893023,1635.2683824336561
2024-10-30 00:00:00+00:00,680.7634045326763,1977.0744088360989,1915.3016001137776,1357.7962932475166,1645.8148862310334
2024-10-31 00:00:00+00:00,680.0217290809309,1974.9237149694434,1912.3312068851735,1356.237348195795,1643.2418643636836
2024-11-01 00:00:00+00:00,680.0217290809309,1974.9237149694434,1912.3312068851735,1356.237348195795,1643.2418643636836
2024-11-02 00:00:00+00:00,680.0217290809309,1974.9237149694434,1912.3312068851735,1356.237348195795,1643.2418643636836
2024-11-03 00:00:00+00:00,680.0217290809309,1974.9237149694434,1912.3312068851735,1356.237348195795,1643.2418643636836
2024-11-04 00:00:00+00:00,677.9449165104368,1969.399146393662,1905.2884038950792,1352.4376180265551,1637.1402204711874
2024-11-05 00:00:00+00:00,622.6275350093928,1822.2674522972839,1759.8928554953716,1249.7261145057455,1511.1858103163825
2024-11-06 00:00:00+00:00,620.5572351766739,1817.1665572283696,1759.9550285446735,1246.3424904494336,1511.240354129924
2024-11-07 00:00:00+00:00,622.1331443323676,1821.414542631205,1764.3690436629022,1249.4130055375983,1515.0640574956092
2024-11-08 00:00:00+00:00,626.5330663171808,1833.274873728065,1776.6929279996496,1257.9858517529435,1525.739797554164
2024-11-09 00:00:00+00:00,626.5330663171808,1833.274873728065,1776.6929279996496,1257.9858517529435,1525.739797554164
2024-11-10 00:00:00+00:00,626.5330663171808,1833.274873728065,1776.6929279996496,1257.9858517529435,1525.739797554164
2024-11-11 00:00:00+00:00,626.5330663171808,1833.274873728065,1776.6929279996496,1257.9858517529435,1525.739797554164
2024-11-12 00:00:00+00:00,691.058532757827,2004.9713407113638,1943.3474183484768,1378.5851776528452,1670.1090976684322
2024-11-13 00:00:00+00:00,693.1004628731205,2010.40473323004,1948.6212558186046,1382.401583934319,1674.6777127887633
2024-11-14 00:00:00+00:00,693.1004628731205,2010.40473323004,1948.6212558186046,1382.401583934319,1674.6777127887633
2024-11-15 00:00:00+00:00,686.7592807275602,1993.5258292058325,1932.2085156077624,1370.5369578329367,1660.4597059912116
2024-11-16 00:00:00+00:00,688.481678034134,1998.1045185453795,1936.629246141463,1373.7459161915367,1664.2892978743373
2024-11-17 00:00:00+00:00,697.5905061047597,2022.3431289307673,1960.1605219346613,1390.772408932602,1684.6739490252776
2024-11-18 00:00:00+00:00,758.893309666411,2185.4431283845447,2118.358908799776,1505.2996892361082,1821.7179295905808
2024-11-19 00:00:00+00:00,760.1444030356623,2188.772175398319,2121.5901962174835,1507.638006574865,1824.517126311809
2024-11-20 00:00:00+00:00,760.1444030356623,2188.772175398319,2121.5901962174835,1507.638006574865,1824.517126311809
2024-11-21 00:00:00+00:00,760.1444030356623,2188.772175398319,2121.5901962174835,1507.638006574865,1824.517126311809
2024-11-22 00:00:00+00:00,770.0822668509174,2215.2150889732698,2147.252135542362,1526.210110501574,1846.747528787746
2024-11-23 00:00:00+00:00,773.8434421590115,2225.2232600333878,2156.96653171056,1533.2398672464772,1855.1629070301753
2024-11-24 00:00:00+00:00,791.2291200142081,2271.4865247661564,2201.8794070150097,1565.7375578342335,1894.069989880528
2024-11-25 00:00:00+00:00,791.2488878434315,2271.53875428347,2201.928140351815,1565.7736530904203,1894.1122070028812
2024-11-26 00:00:00+00:00,791.2488878434315,2271.53875428347,2201.928140351815,1565.7736530904203,1894.1122070028812
2024-11-27 00:00:00+00:00,782.8322759467377,2249.1418774824538,2180.1835117597657,1550.0404846166912,1875.2752912006952
2024-11-28 00:00:00+00:00,782.8322759467377,2249.1418774824538,2180.1835117597657,1550.0404846166912,1875.2752912006952
2024-11-29 00:00:00+00:00,780.3650323541978,2242.5768646498327,2173.8118112240873,1545.4293911958978,1869.755620138162
2024-11-30 00:00:00+00:00,794.5571023051345,2280.341306951643,2210.470578283523,1571.9560587699673,1901.512342735966
2024-12-01 00:00:00+00:00,892.8032480778595,2541.767364409582,2464.2298893047378,1755.5842939165057,2121.338725358097
2024-12-02 00:00:00+00:00,892.8032480778595,2541.767364409582,2464.2298893047378,1755.5842939165057,2121.338725358097
2024-12-03 00:00:00+00:00,892.8032480778595,2541.767364409582,2464.2298893047378,1755.5842939165057,2121.338725358097
2024-12-04 00:00:00+00:00,892.8032480778595,2541.767364409582,2464.2298893047378,1755.5842939165057,2121.338725358097
2024-12-05 00:00:00+00:00,892.8032480778595,2541.767364409582,2464.2298893047378,1755.5842939165057,2121.338725358097
2024-12-06 00:00:00+00:00,899.7530139824739,2560.260179860522,2482.1802617978324,1768.5737961056795,2136.888757561686
2024-12-07 00:00:00+00:00,937.6263244725914,2661.0378196247075,2579.999444628901,1839.3601007099314,2221.627470011611
2024-12-08 00:00:00+00:00,955.3967651803513,2708.32345608423,2625.89702295811,1872.5735960470558,2261.3875822716263
2024-12-09 00:00:00+00:00,955.3967651803513,2708.32345608423,2625.89702295811,1872.5735960470558,2261.3875822716263
2024-12-10 00:00:00+00:00,953.5273074021401,2703.3489864424405,2621.068572603126,1869.079520287483,2257.204796706655
2024-12-11 00:00:00+00:00,953.5273074021401,2703.3489864424405,2621.068572603126,1869.079520287483,2257.204796706655
2024-12-12 00:00:00+00:00,953.5273074021401,2703.3489864424405,2621.068572603126,1869.079520287483,2257.204796706655
2024-12-13 00:00:00+00:00,953.5273074021401,2703.3489864424405,2621.068572603126,1869.079520287483,2257.204796706655
2024-12-14 00:00:00+00:00,980.4695393143915,2775.0400546363244,2690.6555515270975,1919.4355400447143,2317.4865412013687
2024-12-15 00:00:00+00:00,983.5132750311172,2783.139173168082,2698.5169001765053,1925.1243651914442,2324.2966631387467
2024-12-16 00:00:00+00:00,999.4633678767186,2825.581049632898,2739.7130715480025,1954.9356469290992,2359.9840448324785
2024-12-17 00:00:00+00:00,999.4633678767186,2825.581049632898,2739.7130715480025,1954.9356469290992,2359.9840448324785
2024-12-18 00:00:00+00:00,999.4633678767186,2825.581049632898,2739.7130715480025,1954.9356469290992,2359.9840448324785
2024-12-19 00:00:00+00:00,998.6477711752697,2823.410817778009,2737.606556005837,1953.4112760500911,2358.1592144691795
2024-12-20 00:00:00+00:00,998.6477711752697,2823.410817778009,2737.606556005837,1953.4112760500911,2358.1592144691795
2024-12-21 00:00:00+00:00,998.6477711752697,2823.410817778009,2737.606556005837,1953.4112760500911,2358.1592144691795
2024-12-22 00:00:00+00:00,964.8609105515592,2733.5067774953745,2650.341267334329,1890.2624475012797,2282.563119937212
2024-12-23 00:00:00+00:00,893.992634469862,2544.932145452495,2467.3013711595145,1757.8071203386141,2123.999485947769
2024-12-24 00:00:00+00:00,901.762765635657,2565.6078233280423,2487.3702118338797,1772.3297724177037,2141.384702907096
2024-12-25 00:00:00+00:00,931.3315246626537,2644.2878401503526,2563.7408886777926,1827.594811466722,2207.543023065056
2024-12-26 00:00:00+00:00,931.3315246626537,2644.2878401503526,2563.7408886777926,1827.594811466722,2207.543023065056
2024-12-27 00:00:00+00:00,931.3315246626537,2644.2878401503526,2563.7408886777926,1827.594811466722,2207.543023065056
2024-12-28 00:00:00+00:00,931.3315246626537,2644.2878401503526,2563.7408886777926,1827.594811466722,2207.543023065056
2024-12-29 00:00:00+00:00,931.3315246626537,2644.2878401503526,2563.7408886777926,1827.594811466722,2207.543023065056
2024-12-30 00:00:00+00:00,931.3315246626537,2644.2878401503526,2563.7408886777926,1827.594811466722,2207.543023065056
2024-12-31 00:00:00+00:00,893.2218205829491,2542.8810713258295,2465.3104862147934,1756.3664371700572,2122.27482395966
2025-01-01 00:00:00+00:00,866.3476435805686,2471.3711102725156,2395.8993973273273,1706.137657273921,2062.14544930223
2025-01-02 00:00:00+00:00,866.3476435805686,2471.3711102725156,2395.8993973273273,1706.137657273921,2062.14544930223
2025-01-03 00:00:00+00:00,866.3476435805686,2471.3711102725156,2395.8993973273273,1706.137657273921,2062.14544930223
2025-01-04 00:00:00+00:00,866.3476435805686,2471.3711102725156,2395.8993973273273,1706.137657273921,2062.14544930223
2025-01-05 00:00:00+00:00,881.7320062376981,2471.3711102725156,2395.8993973273273,1734.891570939594,2096.567046848718
2025-01-06 00:00:00+00:00,881.7320062376981,2471.3711102725156,2395.8993973273273,1734.891570939594,2096.567046848718
2025-01-07 00:00:00+00:00,881.7320062376981,2471.3711102725156,2395.8993973273273,1734.891570939594,2096.567046848718
2025-01-08 00:00:00+00:00,870.4197056778378,2441.465429906005,2395.8993973273273,1713.7484842179306,2071.2564463221197
2025-01-09 00:00:00+00:00,870.4197056778378,2441.465429906005,2395.8993973273273,1713.7484842179306,2071.2564463221197
2025-01-10 00:00:00+00:00,870.4197056778378,2441.465429906005,2395.8993973273273,1713.7484842179306,2071.2564463221197
2025-01-11 00:00:00+00:00,870.4197056778378,2441.465429906005,2401.966465808989,1713.7484842179306,2071.2564463221197
2025-01-12 00:00:00+00:00,797.4048209981892,2241.715162441041,2209.6586842489774,1577.2811024879459,1907.8899791012564
2025-01-13 00:00:00+00:00,797.253273073176,2241.715162441041,2209.6586842489774,1576.9978540979241,1907.5508996213302
2025-01-14 00:00:00+00:00,800.317854346827,2241.715162441041,2209.6586842489774,1582.7256640417565,1914.4077181781058
2025-01-15 00:00:00+00:00,800.317854346827,2241.715162441041,2209.6586842489774,1582.7256640417565,1914.4077181781058
2025-01-16 00:00:00+00:00,800.317854346827,2241.715162441041,2209.6586842489774,1582.7256640417565,1914.4077181781058
2025-01-17 00:00:00+00:00,800.317854346827,2241.715162441041,2209.6586842489774,1582.7256640417565,1914.4077181781058
2025-01-18 00:00:00+00:00,871.1314096987096,2241.715162441041,2209.6586842489774,1715.0786840084431,2072.8488417923127
2025-01-19 00:00:00+00:00,871.1314096987096,2241.715162441041,2209.6586842489774,1715.0786840084431,2072.8488417923127
2025-01-20 00:00:00+00:00,871.1314096987096,2241.715162441041,2209.6586842489774,1715.0786840084431,2072.8488417923127
2025-01-21 00:00:00+00:00,869.1192604001408,2237.346429084862,2209.6586842489774,1711.317906358377,2068.3467772630033
2025-01-22 00:00:00+00:00,869.1192604001408,2237.346429084862,2209.6586842489774,1711.317906358377,2068.3467772630033
2025-01-23 00:00:00+00:00,866.1738096555904,2223.7936790876583,2098.681889453792,1705.812755554029,2061.756506188527
2025-01-24 00:00:00+00:00,846.0800588898691,2206.304372531275,2113.5819740333422,1668.2568302359955,2016.7979324645942
2025-01-25 00:00:00+00:00,846.0800588898691,2206.304372531275,2113.5819740333422,1668.2568302359955,2016.7979324645942
2025-01-26 00:00:00+00:00,846.0800588898691,2206.304372531275,2113.5819740333422,1668.2568302359955,2016.7979324645942
2025-01-27 00:00:00+00:00,845.0266965847745,2182.700249489459,2113.5819740333422,1666.2880591228172,2014.441096879056
2025-01-28 00:00:00+00:00,845.0266965847745,2171.103289452346,2113.5819740333422,1666.2880591228172,2014.441096879056
2025-01-29 00:00:00+00:00,845.0266965847745,2171.103289452346,2113.5819740333422,1666.2880591228172,2014.441096879056
2025-01-30 00:00:00+00:00,836.9533308806922,2149.2556682183326,2090.4836497458336,1651.1986553085276,1996.3774206924081
2025-01-31 00:00:00+00:00,836.9533308806922,2149.2556682183326,2090.4836497458336,1651.1986553085276,1996.3774206924081
2025-02-01 00:00:00+00:00,861.1120230388293,2189.2585136882253,2153.098861542762,1696.3520987373229,2050.4310593151267
2025-02-02 00:00:00+00:00,856.9810303887427,2179.420522137353,2143.416641390943,1688.6311285080787,2041.1882086508917
2025-02-03 00:00:00+00:00,856.9810303887427,2179.420522137353,2143.416641390943,1688.6311285080787,2041.1882086508917
2025-02-04 00:00:00+00:00,856.9810303887427,2179.420522137353,2143.416641390943,1688.6311285080787,2041.1882086508917
2025-02-05 00:00:00+00:00,850.2376816501965,2163.4551729676723,2137.0924361756415,1676.027573075794,2026.1003664186055
2025-02-06 00:00:00+00:00,824.3262608604732,2101.8006468565504,2077.1531085591346,1627.598218327201,1968.125101598769
2025-02-07 00:00:00+00:00,776.9262522228032,1988.4375631570333,1960.5446444984327,1539.0059388057884,1862.0703979400118
2025-02-08 00:00:00+00:00,770.9688385973477,1988.4375631570333,1960.5446444984327,1527.8713236801786,1848.741038836938
2025-02-09 00:00:00+00:00,770.9688385973477,1988.4375631570333,1960.5446444984327,1527.8713236801786,1848.741038836938
2025-02-10 00:00:00+00:00,770.9688385973477,1988.4375631570333,1960.5446444984327,1527.8713236801786,1848.741038836938
2025-02-11 00:00:00+00:00,761.4257707252955,1988.4375631570333,1960.5446444984327,1510.0349949386523,1827.3889913530986
2025-02-12 00:00:00+00:00,761.4257707252955,1988.4375631570333,1960.5446444984327,1510.0349949386523,1827.3889913530986
2025-02-13 00:00:00+00:00,761.4257707252955,1988.4375631570333,1960.5446444984327,1510.0349949386523,1827.3889913530986
2025-02-14 00:00:00+00:00,761.4257707252955,1988.4375631570333,1960.5446444984327,1510.0349949386523,1827.3889913530986
2025-02-15 00:00:00+00:00,761.4257707252955,1988.4375631570333,1960.5446444984327,1510.0349949386523,1827.3889913530986
2025-02-16 00:00:00+00:00,761.4257707252955,1988.4375631570333,1960.5446444984327,1510.0349949386523,1827.3889913530986
2025-02-17 00:00:00+00:00,764.5791408070097,1988.4375631570333,1960.5446444984327,1515.928754280537,1834.444469593599
2025-02-18 00:00:00+00:00,793.9268391482592,1988.4375631570333,1960.5446444984327,1570.7806323599814,1900.1082013122946
2025-02-19 00:00:00+00:00,793.9268391482592,1988.4375631570333,1960.5446444984327,1570.7806323599814,1900.1082013122946
2025-02-20 00:00:00+00:00,793.9268391482592,1988.4375631570333,1960.5446444984327,1570.7806323599814,1900.1082013122946
2025-02-21 00:00:00+00:00,793.9268391482592,1988.4375631570333,1960.5446444984327,1570.7806323599814,1900.1082013122946
2025-02-22 00:00:00+00:00,793.9268391482592,1988.4375631570333,1960.5446444984327,1570.7806323599814,1900.1082013122946
2025-02-23 00:00:00+00:00,789.9651555879399,1988.4375631570333,1960.5446444984327,1563.3761067609655,1891.2441696790697
2025-02-24 00:00:00+00:00,789.9651555879399,1988.4375631570333,1960.5446444984327,1563.3761067609655,1891.2441696790697
2025-02-25 00:00:00+00:00,789.9651555879399,1988.4375631570333,1960.5446444984327,1563.3761067609655,1891.2441696790697
2025-02-26 00:00:00+00:00,771.9017663727897,1988.4375631570333,1960.5446444984327,1529.614998431106,1850.8284093164636
2025-02-27 00:00:00+00:00,771.9017663727897,1988.4375631570333,1960.5446444984327,1529.614998431106,1850.8284093164636
2025-02-28 00:00:00+00:00,770.4606171699596,1988.4375631570333,1960.5446444984327,1526.921439997707,1847.603923582663
2025-03-01 00:00:00+00:00,771.8740075066127,1988.4375631570333,1960.5446444984327,1529.5631161360973,1850.7663005023326
2025-03-02 00:00:00+00:00,762.1809274811006,1988.4375631570333,1960.5446444984327,1529.5631161360973,1850.7663005023326
2025-03-03 00:00:00+00:00,762.1809274811006,1988.4375631570333,1960.5446444984327,1529.5631161360973,1850.7663005023326
2025-03-04 00:00:00+00:00,760.4563570478861,1988.4375631570333,1960.5446444984327,1529.5631161360973,1850.7663005023326
2025-03-05 00:00:00+00:00,749.0799679860158,1988.4375631570333,1960.5446444984327,1529.5631161360973,1850.7663005023326
2025-03-06 00:00:00+00:00,737.2547658207271,1988.4375631570333,1960.5446444984327,1529.5631161360973,1850.7663005023326
2025-03-07 00:00:00+00:00,715.2407114393642,1988.4375631570333,1960.5446444984327,1529.5631161360973,1850.7663005023326
2025-03-08 00:00:00+00:00,649.4632209655,1988.4375631570333,1960.5446444984327,1338.6587545541806,1850.7663005023326
2025-03-09 00:00:00+00:00,649.4632209655,1988.4375631570333,1960.5446444984327,1338.6587545541806,1850.7663005023326
2025-03-10 00:00:00+00:00,649.4632209655,1988.4375631570333,1960.5446444984327,1338.6587545541806,1850.7663005023326
2025-03-11 00:00:00+00:00,649.4632209655,1988.4375631570333,1960.5446444984327,1338.6587545541806,1850.7663005023326
2025-03-12 00:00:00+00:00,642.2673607785447,1988.4375631570333,1960.5446444984327,1338.6587545541806,1850.7663005023326
2025-03-13 00:00:00+00:00,641.7466845137168,1988.4375631570333,1960.5446444984327,1338.6587545541806,1850.7663005023326
2025-03-14 00:00:00+00:00,615.5811163177564,1988.4375631570333,1960.5446444984327,1338.6587545541806,1850.7663005023326
2025-03-15 00:00:00+00:00,615.5811163177564,1988.4375631570333,1960.5446444984327,1338.6587545541806,1850.7663005023326
2025-03-16 00:00:00+00:00,633.4802227887144,1988.4375631570333,1960.5446444984327,1338.6587545541806,1850.7663005023326
2025-03-17 00:00:00+00:00,633.4802227887144,1988.4375631570333,1960.5446444984327,1338.6587545541806,1850.7663005023326
2025-03-18 00:00:00+00:00,633.4802227887144,1988.4375631570333,1960.5446444984327,1338.6587545541806,1850.7663005023326
2025-03-19 00:00:00+00:00,633.4802227887144,1988.4375631570333,1960.5446444984327,1338.6587545541806,1850.7663005023326
2025-03-20 00:00:00+00:00,633.4802227887144,1988.4375631570333,1960.5446444984327,1338.6587545541806,1850.7663005023326
2025-03-21 00:00:00+00:00,633.4802227887144,1988.4375631570333,1960.5446444984327,1338.6587545541806,1850.7663005023326
2025-03-22 00:00:00+00:00,622.8302834207371,1988.4375631570333,1960.5446444984327,1338.6587545541806,1850.7663005023326
2025-03-23 00:00:00+00:00,627.1830929180531,1988.4375631570333,1960.5446444984327,1338.6587545541806,1850.7663005023326
2025-03-24 00:00:00+00:00,639.8852568450113,1988.4375631570333,1960.5446444984327,1338.6587545541806,1850.7663005023326
2025-03-25 00:00:00+00:00,639.8852568450113,1988.4375631570333,1960.5446444984327,1338.6587545541806,1850.7663005023326
2025-03-26 00:00:00+00:00,639.8852568450113,1988.4375631570333,1960.5446444984327,1338.6587545541806,1850.7663005023326
2025-03-27 00:00:00+00:00,604.5103784784189,1988.4375631570333,1960.5446444984327,1338.6587545541806,1850.7663005023326
2025-03-28 00:00:00+00:00,604.5103784784189,1988.4375631570333,1960.5446444984327,1338.6587545541806,1850.7663005023326
2025-03-29 00:00:00+00:00,604.5103784784189,1988.4375631570333,1960.5446444984327,1338.6587545541806,1850.7663005023326
2025-03-30 00:00:00+00:00,604.5103784784189,1988.4375631570333,1960.5446444984327,1338.6587545541806,1850.7663005023326
2025-03-31 00:00:00+00:00,590.1587378275559,1988.4375631570333,1960.5446444984327,1338.6587545541806,1850.7663005023326
2025-04-01 00:00:00+00:00,591.0423703295655,1988.4375631570333,1960.5446444984327,1338.6587545541806,1850.7663005023326
2025-04-02 00:00:00+00:00,581.7878155467903,1988.4375631570333,1960.5446444984327,1338.6587545541806,1850.7663005023326
2025-04-03 00:00:00+00:00,570.5928513451785,1988.4375631570333,1960.5446444984327,1338.6587545541806,1850.7663005023326
2025-04-04 00:00:00+00:00,570.5928513451785,1988.4375631570333,1960.5446444984327,1338.6587545541806,1850.7663005023326
2025-04-05 00:00:00+00:00,570.5928513451785,1988.4375631570333,1960.5446444984327,1338.6587545541806,1850.7663005023326
2025-04-06 00:00:00+00:00,570.5928513451785,1988.4375631570333,1960.5446444984327,1338.6587545541806,1850.7663005023326
2025-04-07 00:00:00+00:00,566.3787621280123,1988.4375631570333,1960.5446444984327,1338.6587545541806,1850.7663005023326
2025-04-08 00:00:00+00:00,552.5875834904494,1988.4375631570333,1960.5446444984327,1338.6587545541806,1850.7663005023326
2025-04-09 00:00:00+00:00,552.5875834904494,1988.4375631570333,1960.5446444984327,1338.6587545541806,1850.7663005023326
2025-04-10 00:00:00+00:00,569.5146681593176,1988.4375631570333,1960.5446444984327,1338.6587545541806,1850.7663005023326
2025-04-11 00:00:00+00:00,570.6409382488124,1988.4375631570333,1960.5446444984327,1338.6587545541806,1850.7663005023326
2025-04-12 00:00:00+00:00,570.6409382488124,1988.4375631570333,1960.5446444984327,1338.6587545541806,1850.7663005023326
2025-04-13 00:00:00+00:00,592.785795136084,1988.4375631570333,1960.5446444984327,1338.6587545541806,1850.7663005023326
2025-04-14 00:00:00+00:00,592.785795136084,1988.4375631570333,1960.5446444984327,1338.6587545541806,1850.7663005023326
2025-04-15 00:00:00+00:00,529.3903223526258,1988.4375631570333,1960.5446444984327,1338.6587545541806,1850.7663005023326
2025-04-16 00:00:00+00:00,529.3903223526258,1988.4375631570333,1960.5446444984327,1338.6587545541806,1850.7663005023326
2025-04-17 00:00:00+00:00,529.3903223526258,1988.4375631570333,1960.5446444984327,1338.6587545541806,1850.7663005023326
2025-04-18 00:00:00+00:00,531.8567847215181,1980.289320395259,1960.5446444984327,1338.6587545541806,1850.7663005023326
2025-04-19 00:00:00+00:00,532.4738811064813,1980.289320395259,1960.5446444984327,1338.6587545541806,1850.7663005023326
2025-04-20 00:00:00+00:00,532.4738811064813,1976.7335380352342,1960.5446444984327,1338.6587545541806,1850.7663005023326
2025-04-21 00:00:00+00:00,532.4738811064813,1976.7335380352342,1960.5446444984327,1338.6587545541806,1850.7663005023326
2025-04-22 00:00:00+00:00,532.4076365851772,1976.7335380352342,1960.5446444984327,1338.6587545541806,1850.7663005023326
2025-04-23 00:00:00+00:00,532.4076365851772,1976.7335380352342,1960.5446444984327,1338.6587545541806,1850.7663005023326
2025-04-24 00:00:00+00:00,527.3368803087985,1976.7335380352342,1960.5446444984327,1338.6587545541806,1850.7663005023326
2025-04-25 00:00:00+00:00,527.3368803087985,1976.7335380352342,1960.5446444984327,1338.6587545541806,1850.7663005023326
2025-04-26 00:00:00+00:00,527.3368803087985,1976.7335380352342,1960.5446444984327,1338.6587545541806,1850.7663005023326
2025-04-27 00:00:00+00:00,545.2967307909527,2032.072845778313,2019.4939201673926,1384.622587232926,1850.7663005023326
2025-04-28 00:00:00+00:00,545.2967307909527,2032.072845778313,2019.4939201673926,1384.622587232926,1850.7663005023326
2025-04-29 00:00:00+00:00,559.4450783616551,2084.300204791724,2087.7619778250323,1431.0684847666632,1850.7663005023326
2025-04-30 00:00:00+00:00,559.4450783616551,2084.300204791724,2087.7619778250323,1431.0684847666632,1850.9311774855614
2025-05-01 00:00:00+00:00,559.4450783616551,2084.300204791724,2087.7619778250323,1431.0684847666632,1850.9311774855614
2025-05-02 00:00:00+00:00,561.8722172346711,2094.0621878145926,2088.3587350633948,1445.8673141340678,1863.6910378714422
2025-05-03 00:00:00+00:00,566.4163162635156,2110.3674705219846,2136.310554902751,1455.6778654716663,1880.1309529411799
2025-05-04 00:00:00+00:00,566.4163162635156,2110.3674705219846,2136.310554902751,1455.6778654716663,1880.1309529411799
2025-05-05 00:00:00+00:00,549.8944278656962,2058.503584867439,2074.731547461761,1421.0627449562237,1853.8068671017825
2025-05-06 00:00:00+00:00,549.8944278656962,2058.503584867439,2074.731547461761,1421.0627449562237,1853.8068671017825
2025-05-07 00:00:00+00:00,549.8944278656962,2058.503584867439,2074.731547461761,1421.0627449562237,1853.8068671017825
2025-05-08 00:00:00+00:00,523.6077943912545,1975.1085916742436,2005.1350797370617,1363.9878108541345,1765.2842975333222
2025-05-09 00:00:00+00:00,542.2846885097164,2039.2912177514595,2091.4540501405845,1407.4859461648703,1832.0995515272095
2025-05-10 00:00:00+00:00,542.2846885097164,2039.2912177514595,2129.704985936054,1407.4859461648703,1832.0995515272095
2025-05-11 00:00:00+00:00,607.37320069377,2255.535590142301,2348.756735059011,1559.9257137715235,2028.7784813330074
2025-05-12 00:00:00+00:00,612.5897524893785,2271.833804074504,2367.033124004093,1570.34093326937,2034.4244482788333
2025-05-13 00:00:00+00:00,612.5897524893785,2271.833804074504,2367.033124004093,1570.34093326937,2034.4244482788333
2025-05-14 00:00:00+00:00,612.5897524893785,2271.833804074504,2367.033124004093,1570.34093326937,2034.4244482788333
2025-05-15 00:00:00+00:00,612.5897524893785,2271.833804074504,2367.033124004093,1570.34093326937,2034.4244482788333
2025-05-16 00:00:00+00:00,610.0074298339227,2263.034928895558,2353.022603557312,1563.7724915124172,2026.0186575928572
2025-05-17 00:00:00+00:00,607.4861006907979,2254.6092193854847,2344.920539305303,1557.4659826201378,2018.149793024923
2025-05-18 00:00:00+00:00,609.4556539133906,2261.0818126829713,2351.4565010592987,1561.8480987040455,2023.378191302502
2025-05-19 00:00:00+00:00,608.8938128881505,2259.1461053099665,2348.8278638390175,1560.3301914206154,2021.2761743143872
2025-05-20 00:00:00+00:00,608.7547846566457,2258.6920111167497,2350.3027171638555,1559.9502789182545,2020.5215212493486
2025-05-21 00:00:00+00:00,608.7547846566457,2258.6920111167497,2350.3027171638555,1559.9502789182545,2020.5215212493486
2025-05-22 00:00:00+00:00,613.6958306459807,2274.9298973471323,2366.699576736157,1570.9437554350704,2033.6380778591117
2025-05-23 00:00:00+00:00,615.9222021395418,2282.2464791188954,2374.0877898421454,1575.8972739380358,2039.5482288256658
2025-05-24 00:00:00+00:00,630.2499823186567,2329.9209342886757,2423.6273767508783,1609.4327511665188,2082.347583305529
2025-05-25 00:00:00+00:00,630.2499823186567,2329.9209342886757,2423.6273767508783,1609.4327511665188,2082.347583305529
2025-05-26 00:00:00+00:00,630.2499823186567,2329.9209342886757,2423.6273767508783,1609.4327511665188,2082.347583305529
2025-05-27 00:00:00+00:00,630.2499823186567,2329.9209342886757,2423.6273767508783,1609.4327511665188,2082.347583305529
2025-05-28 00:00:00+00:00,649.0128847221634,2392.3540274194083,2488.466841564809,1653.352258334066,2138.4135522922675
2025-05-29 00:00:00+00:00,649.0128847221634,2392.3540274194083,2488.466841564809,1653.352258334066,2138.4135522922675
2025-05-30 00:00:00+00:00,653.3175855606737,2406.7153153474537,2503.4547934624247,1663.5341045023558,2151.583480841347
2025-05-31 00:00:00+00:00,653.3175855606737,2406.7153153474537,2503.4547934624247,1663.5341045023558,2151.583480841347
2025-06-01 00:00:00+00:00,653.3175855606737,2406.7153153474537,2503.4547934624247,1663.5341045023558,2151.583480841347
2025-06-02 00:00:00+00:00,652.0449398875036,2402.480570167312,2499.056756477415,1660.5550069261121,2147.7802518065696
2025-06-03 00:00:00+00:00,651.8656663590838,2401.8840221011396,2498.4371800025065,1660.1353142460803,2147.244396320032
2025-06-04 00:00:00+00:00,596.39861576284,2217.344212118218,2306.835329054819,1530.37166948821,1981.709549636847
2025-06-05 00:00:00+00:00,604.6086650065671,2244.7344734896456,2335.420781972059,1549.790779333401,2006.8276161368483
2025-06-06 00:00:00+00:00,604.6086650065671,2244.7344734896456,2335.420781972059,1549.790779333401,2006.8276161368483
2025-06-07 00:00:00+00:00,604.6086650065671,2244.7344734896456,2335.420781972059,1549.790779333401,2006.8276161368483
2025-06-08 00:00:00+00:00,604.6086650065671,2244.7344734896456,2335.420781972059,1549.790779333401,2006.8276161368483
2025-06-09 00:00:00+00:00,604.5808739593182,2244.6420065739576,2335.3247654920106,1549.725747080868,2006.7446309382256
2025-06-10 00:00:00+00:00,642.1273515645255,2369.5844876263154,2465.096917932486,1637.6342807038807,2118.9999261674193
2025-06-11 00:00:00+00:00,642.1273515645255,2369.5844876263154,2465.096917932486,1637.6342807038807,2118.9999261674193
2025-06-12 00:00:00+00:00,642.1273515645255,2369.5844876263154,2465.096917932486,1637.6342807038807,2118.9999261674193
2025-06-13 00:00:00+00:00,633.9447339426223,2342.3536774508575,2436.810143073222,1618.4712753749616,2094.521740806367
2025-06-14 00:00:00+00:00,633.9447339426223,2342.3536774508575,2436.810143073222,1618.4712753749616,2094.521740806367
2025-06-15 00:00:00+00:00,633.9447339426223,2342.3536774508575,2436.810143073222,1618.4712753749616,2094.521740806367
2025-06-16 00:00:00+00:00,601.0283563941388,2232.819821580273,2323.044497298854,1541.406568594192,1996.118837004526
2025-06-17 00:00:00+00:00,585.5133049707744,2181.190240680919,2269.418132499525,1505.079288977329,1949.7280830741431
2025-06-18 00:00:00+00:00,584.5991407102406,2178.147948438552,2266.257750509636,1502.9382274757077,1946.992892867705
2025-06-19 00:00:00+00:00,584.5991407102406,2178.147948438552,2266.257750509636,1502.9382274757077,1946.992892867705
2025-06-20 00:00:00+00:00,584.5991407102406,2178.147948438552,2266.257750509636,1502.9382274757077,1946.992892867705
2025-06-21 00:00:00+00:00,584.5991407102406,2178.147948438552,2266.257750509636,1502.9382274757077,1946.992892867705
2025-06-22 00:00:00+00:00,584.5991407102406,2178.147948438552,2266.257750509636,1502.9382274757077,1946.992892867705
2025-06-23 00:00:00+00:00,584.5991407102406,2178.147948438552,2266.257750509636,1502.9382274757077,1946.992892867705
2025-06-24 00:00:00+00:00,585.1609296726255,2180.017419643736,2268.1995255322604,1504.253614793727,1948.6726759915673
2025-06-25 00:00:00+00:00,589.2192431594704,2193.5223132295087,2282.2267352835934,1513.755855507132,1960.807279105735
2025-06-26 00:00:00+00:00,589.9391377581845,2193.5223132295087,2282.2267352835934,1515.4414354376702,1962.9598075557262
2025-06-27 00:00:00+00:00,611.7123209314161,2193.5223132295087,2282.2267352835934,1566.421732607762,2028.0629438901474
2025-06-28 00:00:00+00:00,611.7123209314161,2193.5223132295087,2282.2267352835934,1566.421732607762,2028.0629438901474
2025-06-29 00:00:00+00:00,611.7123209314161,2193.5223132295087,2282.2267352835934,1566.421732607762,2028.0629438901474
2025-06-30 00:00:00+00:00,615.4429719577042,2205.3458780841875,2282.2267352835934,1575.1567759168577,2039.217816402619
2025-07-01 00:00:00+00:00,618.9586244111002,2216.561203062524,2327.2413077166784,1583.388415977485,2049.7298301609826
2025-07-02 00:00:00+00:00,618.9586244111002,2216.561203062524,2327.2413077166784,1583.388415977485,2049.7298301609826
2025-07-03 00:00:00+00:00,626.3498123311941,2240.378314227867,2352.3098857611544,1600.6943355430103,2071.8299296836312
2025-07-04 00:00:00+00:00,626.3498123311941,2240.378314227867,2352.3098857611544,1600.6943355430103,2071.8299296836312
2025-07-05 00:00:00+00:00,626.3498123311941,2240.378314227867,2352.3098857611544,1600.6943355430103,2071.8299296836312
2025-07-06 00:00:00+00:00,626.3498123311941,2240.378314227867,2352.3098857611544,1600.6943355430103,2071.8299296836312
2025-07-07 00:00:00+00:00,626.3498123311941,2240.378314227867,2352.3098857611544,1600.6943355430103,2071.8299296836312
2025-07-08 00:00:00+00:00,626.3498123311941,2241.5870711535467,2352.3098857611544,1600.6943355430103,2071.8299296836312
2025-07-09 00:00:00+00:00,628.422408542105,2239.2960343671543,2352.3098857611544,1605.547166198326,2078.027117879438
2025-07-10 00:00:00+00:00,627.7776663602278,2239.2960343671543,2352.3098857611544,1604.0375500905106,2076.0992997073145
2025-07-11 00:00:00+00:00,627.7776663602278,2239.2960343671543,2352.3098857611544,1604.0375500905106,2076.0992997073145
2025-07-12 00:00:00+00:00,636.3749889994,2405.2026803089875,2583.5541441812898,1624.1675448465471,2101.80581508862
2025-07-13 00:00:00+00:00,662.5641796697033,2489.299032047328,2583.5541441812898,1685.4875967957482,2180.1130813208606
2025-07-14 00:00:00+00:00,683.0000920297917,2554.920978733777,2641.2926022226684,1733.336773325319,2241.2176969627167
2025-07-15 00:00:00+00:00,683.0000920297917,2554.920978733777,2641.2926022226684,1733.336773325319,2241.2176969627167
2025-07-16 00:00:00+00:00,637.8275517706401,2554.920978733777,2447.709093546714,1627.5686130854726,2106.1490657479667
2025-07-17 00:00:00+00:00,643.8596161618461,2588.0828789993093,2447.709093546714,1641.6922454835174,2124.185303604977
2025-07-18 00:00:00+00:00,643.8596161618461,2588.0828789993093,2447.709093546714,1641.6922454835174,2124.185303604977
2025-07-19 00:00:00+00:00,643.8596161618461,2588.0828789993093,2469.0700479839074,1641.6922454835174,2124.185303604977
2025-07-20 00:00:00+00:00,651.3079387944472,2615.5443543481297,2483.6052905101424,1659.1319417503978,2146.456239378341
2025-07-21 00:00:00+00:00,651.3079387944472,2615.5443543481297,2464.342779085555,1659.1319417503978,2146.456239378341
2025-07-22 00:00:00+00:00,662.6543158341221,2706.03829395623,2535.8491917520196,1685.6986439546404,2180.3825939114995
2025-07-23 00:00:00+00:00,683.0922061084179,2780.079182233045,2573.209995049392,1733.552451623962,2241.493123636627
2025-07-24 00:00:00+00:00,683.405068131023,2781.374545359023,2574.3475238594747,1734.2849948980397,2242.4286000324614
2025-07-25 00:00:00+00:00,683.405068131023,2781.374545359023,2574.164402525453,1734.2849948980397,2242.4286000324614
2025-07-26 00:00:00+00:00,686.9623332116473,2791.33811416388,2581.0049090914235,1742.6140678459988,2253.06503806653
2025-07-27 00:00:00+00:00,678.0019705516114,2762.8374999307403,2553.6758363081212,1721.634041746142,2226.2730110356033
2025-07-28 00:00:00+00:00,708.7102936688342,2847.0281755458254,2611.373107555369,1793.535307903105,2318.092756981886
2025-07-29 00:00:00+00:00,698.6780523738873,2797.897316336328,2582.1894662192217,1770.0455572988365,2288.095747915077
2025-07-30 00:00:00+00:00,698.6780523738873,2797.897316336328,2582.1894662192217,1770.0455572988365,2288.095747915077
2025-07-31 00:00:00+00:00,698.6780523738873,2797.897316336328,2582.1894662192217,1770.0455572988365,2288.095747915077
2025-08-01 00:00:00+00:00,698.6780523738873,2797.897316336328,2582.1894662192217,1770.0455572988365,2288.095747915077
2025-08-02 00:00:00+00:00,690.344096399511,2770.2187272321758,2554.76324855444,1750.5322160992328,2263.176714812108
2025-08-03 00:00:00+00:00,655.6482259918436,2653.721998885883,2441.256610461096,1669.2944030409856,2159.433960964685
2025-08-04 00:00:00+00:00,646.0835929743694,2614.4785762668553,2404.759320599479,1646.899522615314,2130.8351289678526
2025-08-05 00:00:00+00:00,646.0835929743694,2614.4785762668553,2404.759320599479,1646.899522615314,2130.8351289678526
2025-08-06 00:00:00+00:00,646.0835929743694,2614.4785762668553,2404.759320599479,1646.899522615314,2130.8351289678526
2025-08-07 00:00:00+00:00,646.0835929743694,2614.4785762668553,2404.759320599479,1646.899522615314,2130.8351289678526
2025-08-08 00:00:00+00:00,646.0835929743694,2614.4785762668553,2404.759320599479,1646.899522615314,2130.8351289678526
2025-08-09 00:00:00+00:00,643.4048408800069,2604.749250189296,2395.770253673461,1640.627422814551,2122.825497969164
2025-08-10 00:00:00+00:00,663.1966869936645,2676.758121953752,2462.2156689437716,1686.9685658891347,2182.0043165268194
2025-08-11 00:00:00+00:00,663.1966869936645,2676.758121953752,2462.2156689437716,1686.9685658891347,2182.0043165268194
2025-08-12 00:00:00+00:00,663.1966869936645,2676.758121953752,2462.2156689437716,1686.9685658891347,2182.0043165268194
2025-08-13 00:00:00+00:00,663.1966869936645,2676.758121953752,2462.2156689437716,1686.9685658891347,2182.0043165268194
2025-08-14 00:00:00+00:00,663.1966869936645,2676.758121953752,2462.2156689437716,1686.9685658891347,2182.0043165268194
2025-08-15 00:00:00+00:00,669.2017114184492,2697.1068055980677,2481.8910343705634,1701.028886206767,2199.959703246576
2025-08-16 00:00:00+00:00,672.2989428498727,2708.303072204949,2492.289107416527,1708.2808244077037,2209.220612807953
2025-08-17 00:00:00+00:00,672.2989428498727,2708.303072204949,2492.289107416527,1708.2808244077037,2209.220612807953
2025-08-18 00:00:00+00:00,674.2349764821254,2715.486333095748,2498.8287328904903,1712.8139038907498,2215.0094706227646
2025-08-19 00:00:00+00:00,650.6291546543562,2629.499240002058,2419.55142178614,1657.5426189165348,2144.426633689433
2025-08-20 00:00:00+00:00,650.6764535839528,2629.678964017323,2419.712400743475,1657.6533658600554,2144.56806035355
2025-08-21 00:00:00+00:00,652.2436177669531,2635.377509745429,2424.9726939686866,1661.322764824089,2149.253976174805
2025-08-22 00:00:00+00:00,652.2436177669531,2635.377509745429,2424.9726939686866,1661.322764824089,2149.253976174805
2025-08-23 00:00:00+00:00,663.7746776883637,2674.6152359106654,2462.8071759476134,1688.321888329346,2183.7325437095287
2025-08-24 00:00:00+00:00,667.567935697961,2688.689351904893,2475.620221287127,1697.203521256971,2195.0746148939556
2025-08-25 00:00:00+00:00,667.567935697961,2688.689351904893,2475.620221287127,1697.203521256971,2195.0746148939556
2025-08-26 00:00:00+00:00,666.5757852424986,2688.689351904893,2475.620221287127,1694.8804743848366,2192.1080249433
2025-08-27 00:00:00+00:00,665.9119647773904,2688.689351904893,2475.620221287127,1693.3261878886324,2190.1231615488546
2025-08-28 00:00:00+00:00,665.9119647773904,2667.9761419178,2475.620221287127,1693.3261878886324,2190.1231615488546
2025-08-29 00:00:00+00:00,643.6592966543828,2667.9761419178,2475.620221287127,1641.223212180474,2123.586336145466
2025-08-30 00:00:00+00:00,603.3585207386329,2667.9761419178,2475.620221287127,1546.8619276391726,2003.084575372118
2025-08-31 00:00:00+00:00,603.3585207386329,2667.9761419178,2475.620221287127,1546.8619276391726,2003.084575372118
2025-09-01 00:00:00+00:00,603.3585207386329,2667.9761419178,2475.620221287127,1546.8619276391726,2003.084575372118
2025-09-02 00:00:00+00:00,603.3585207386329,2667.9761419178,2475.620221287127,1546.8619276391726,2003.084575372118
2025-09-03 00:00:00+00:00,602.5838932725802,2667.9761419178,2475.620221287127,1545.0481947499968,2000.7683923339084
2025-09-04 00:00:00+00:00,602.5838932725802,2667.9761419178,2475.620221287127,1545.0481947499968,2000.7683923339084
2025-09-05 00:00:00+00:00,602.5838932725802,2667.9761419178,2475.620221287127,1545.0481947499968,2000.7683923339084
2025-09-06 00:00:00+00:00,613.4798814565193,2667.9761419178,2475.620221287127,1545.0481947499968,2000.7683923339084
2025-09-07 00:00:00+00:00,613.4798814565193,2667.9761419178,2475.620221287127,1545.0481947499968,2000.7683923339084
2025-09-08 00:00:00+00:00,613.4798814565193,2667.9761419178,2475.620221287127,1545.0481947499968,2000.7683923339084
2025-09-09 00:00:00+00:00,615.6258790882555,2667.9761419178,2475.620221287127,1545.1854115425708,2000.7683923339084
2025-09-10 00:00:00+00:00,621.0803816282269,2667.9761419178,2475.620221287127,1557.7813821064901,2000.7683923339084
2025-09-11 00:00:00+00:00,620.7413483569509,2667.9761419178,2475.620221287127,1556.5052292566486,1998.9901869895252
2025-09-12 00:00:00+00:00,620.7413483569509,2667.9761419178,2475.620221287127,1556.5052292566486,1998.9901869895252
2025-09-13 00:00:00+00:00,620.7413483569509,2667.9761419178,2475.620221287127,1556.5052292566486,1998.9901869895252
2025-09-14 00:00:00+00:00,625.0893063125101,2667.9761419178,2475.620221287127,1556.5052292566486,2012.9451705095366
2025-09-15 00:00:00+00:00,625.0893063125101,2667.9761419178,2475.620221287127,1556.5052292566486,2012.9451705095366
2025-09-16 00:00:00+00:00,618.2473077009405,2667.9761419178,2475.620221287127,1556.5052292566486,1993.0299462957355
2025-09-17 00:00:00+00:00,624.4826033841956,2691.7600225776946,2475.620221287127,1570.7387777647057,2011.2031470224615
2025-09-18 00:00:00+00:00,624.4826033841956,2691.7600225776946,2475.620221287127,1570.7387777647057,2011.2031470224615
2025-09-19 00:00:00+00:00,552.6177212649554,2414.688577146401,2236.833004320158,1406.0207553106811,1800.9802726664511
2025-09-20 00:00:00+00:00,563.1398083514006,2447.627526967139,2301.522899971978,1430.6464141751242,1834.8313293436963
2025-09-21 00:00:00+00:00,563.1398083514006,2447.627526967139,2301.522899971978,1430.6464141751242,1834.8313293436963
2025-09-22 00:00:00+00:00,563.1398083514006,2447.627526967139,2301.522899971978,1430.6464141751242,1834.8313293436963
2025-09-23 00:00:00+00:00,563.1398083514006,2447.627526967139,2301.522899971978,1430.6464141751242,1834.8313293436963
2025-09-24 00:00:00+00:00,555.159043837111,2424.0433169641674,2301.522899971978,1414.6461315634456,1813.3360812836124
2025-09-25 00:00:00+00:00,555.159043837111,2424.0433169641674,2301.522899971978,1414.6461315634456,1813.3360812836124
2025-09-26 00:00:00+00:00,538.8870918140709,2363.019496348111,2245.912214375209,1377.6734479924428,1766.097671828215
2025-09-27 00:00:00+00:00,506.3527912130296,2231.002361840448,2157.8870245567464,1300.1529300355187,1669.4333458656345
2025-09-28 00:00:00+00:00,506.3527912130296,2231.002361840448,2157.8870245567464,1300.1529300355187,1669.4333458656345
2025-09-29 00:00:00+00:00,506.3527912130296,2231.002361840448,2157.8870245567464,1300.1529300355187,1669.4333458656345
2025-09-30 00:00:00+00:00,504.34630935855216,2231.002361840448,2157.8870245567464,1296.0083103573445,1664.016255356887
2025-10-01 00:00:00+00:00,503.43134515263944,2231.002361840448,2157.8870245567464,1296.0083103573445,1664.016255356887
2025-10-02 00:00:00+00:00,503.43134515263944,2231.002361840448,2157.8870245567464,1296.0083103573445,1664.016255356887
2025-10-03 00:00:00+00:00,503.43134515263944,2231.002361840448,2157.8870245567464,1296.0083103573445,1664.016255356887
2025-10-04 00:00:00+00:00,512.7950802714265,2231.002361840448,2157.8870245567464,1306.5500496271225,1664.016255356887
2025-10-05 00:00:00+00:00,520.8436648918644,2434.6407763709385,2157.8870245567464,1320.9388577223563,1664.016255356887
2025-10-06 00:00:00+00:00,475.97859303973917,2434.6407763709385,2157.8870245567464,1219.702320195937,1531.3118824207525
2025-10-07 00:00:00+00:00,477.5248305794157,2434.6407763709385,2159.3324114793672,1222.6279942090323,1534.474629467129
2025-10-08 00:00:00+00:00,477.5248305794157,2457.2822116551565,2159.3324114793672,1222.6279942090323,1534.474629467129
2025-10-09 00:00:00+00:00,494.7949940466447,2457.2822116551565,2202.9411768082136,1240.6433722427666,1588.6384265569593
2025-10-10 00:00:00+00:00,494.7949940466447,2457.2822116551565,2202.9411768082136,1240.6433722427666,1588.6384265569593
2025-10-11 00:00:00+00:00,470.4903861474796,2355.056832606897,2138.322313189802,1193.9851557332684,1545.8820001185006
2025-10-12 00:00:00+00:00,519.2716785696873,2504.0855556311635,2359.9516782609194,1305.6737753689767,1671.6510192861929
2025-10-13 00:00:00+00:00,504.2813716241701,2441.036202359848,2320.096824229566,1276.8964756112712,1645.280219194909
2025-10-14 00:00:00+00:00,493.06059946566165,2451.5437855904447,2283.4786393357404,1255.6684042732313,1613.4096801408386
2025-10-15 00:00:00+00:00,482.445896387466,2402.0477793084306,2231.712251129846,1231.8905125903805,1583.7680059519266
2025-10-16 00:00:00+00:00,482.445896387466,2402.0477793084306,2231.712251129846,1231.8905125903805,1583.7680059519266
2025-10-17 00:00:00+00:00,482.445896387466,2402.0477793084306,2231.712251129846,1231.8905125903805,1583.7680059519266
2025-10-18 00:00:00+00:00,474.5283183883046,2368.453401242831,2231.712251129846,1213.9101859765187,1583.7680059519266
2025-10-19 00:00:00+00:00,469.2275211912925,2345.936275914152,2231.712251129846,1202.401650016761,1583.7680059519266
2025-10-20 00:00:00+00:00,469.2275211912925,2345.936275914152,2231.712251129846,1202.401650016761,1583.7680059519266
2025-10-21 00:00:00+00:00,486.7225062588913,2345.936275914152,2231.712251129846,1202.401650016761,1583.7680059519266
2025-10-22 00:00:00+00:00,484.97506688640726,2345.936275914152,2231.712251129846,1202.401650016761,1583.7680059519266
2025-10-23 00:00:00+00:00,484.97506688640726,2345.936275914152,2231.712251129846,1202.401650016761,1583.7680059519266
2025-10-24 00:00:00+00:00,484.97506688640726,2345.936275914152,2231.712251129846,1202.401650016761,1583.7680059519266
2025-10-25 00:00:00+00:00,484.97506688640726,2345.936275914152,2231.712251129846,1202.401650016761,1583.7680059519266
2025-10-26 00:00:00+00:00,482.3785816910269,2345.936275914152,2231.712251129846,1202.401650016761,1583.7680059519266
2025-10-27 00:00:00+00:00,493.3492038801159,2345.936275914152,2231.712251129846,1202.401650016761,1583.7680059519266
2025-10-28 00:00:00+00:00,493.3492038801159,2345.936275914152,2231.712251129846,1202.401650016761,1583.7680059519266
2025-10-29 00:00:00+00:00,487.5150391528736,2345.936275914152,2231.712251129846,1202.401650016761,1583.7680059519266
2025-10-30 00:00:00+00:00,487.5150391528736,2345.936275914152,2231.712251129846,1202.401650016761,1583.7680059519266
2025-10-31 00:00:00+00:00,487.5150391528736,2345.936275914152,2231.712251129846,1202.401650016761,1583.7680059519266
2025-11-01 00:00:00+00:00,487.8703697891047,2347.4043355079043,2231.712251129846,1203.1833560881962,1583.7680059519266
2025-11-02 00:00:00+00:00,523.1425759055959,2347.4043355079043,2231.712251129846,1286.8006969833675,1583.7680059519266
2025-11-03 00:00:00+00:00,581.6620894182752,2347.4043355079043,2231.712251129846,1415.540114151321,1583.7680059519266
2025-11-04 00:00:00+00:00,580.0469504808975,2347.4043355079043,2231.712251129846,1415.540114151321,1583.7680059519266
2025-11-05 00:00:00+00:00,580.0469504808975,2347.4043355079043,2231.712251129846,1415.540114151321,1583.7680059519266
2025-11-06 00:00:00+00:00,580.0469504808975,2347.4043355079043,2231.712251129846,1415.540114151321,1583.7680059519266
2025-11-07 00:00:00+00:00,591.2911607860461,2347.4043355079043,2231.712251129846,1415.540114151321,1583.7680059519266
2025-11-08 00:00:00+00:00,596.9518843953712,2347.4043355079043,2231.712251129846,1415.540114151321,1583.7680059519266
2025-11-09 00:00:00+00:00,596.9518843953712,2347.4043355079043,2231.712251129846,1415.540114151321,1583.7680059519266
2025-11-10 00:00:00+00:00,621.3670026495555,2347.4043355079043,2231.712251129846,1415.540114151321,1583.7680059519266
2025-11-11 00:00:00+00:00,636.4340338251819,2347.4043355079043,2231.712251129846,1415.540114151321,1583.7680059519266
2025-11-12 00:00:00+00:00,631.7400570889972,2347.4043355079043,2231.712251129846,1415.540114151321,1583.7680059519266
2025-11-13 00:00:00+00:00,612.1642368046088,2347.4043355079043,2231.712251129846,1415.540114151321,1583.7680059519266
2025-11-14 00:00:00+00:00,608.517518612573,2347.4043355079043,2231.712251129846,1415.540114151321,1583.7680059519266
2025-11-15 00:00:00+00:00,608.517518612573,2347.4043355079043,2231.712251129846,1415.540114151321,1583.7680059519266
2025-11-16 00:00:00+00:00,564.4754233260347,2347.4043355079043,2231.712251129846,1415.540114151321,1583.7680059519266
2025-11-17 00:00:00+00:00,564.4754233260347,2347.4043355079043,2231.712251129846,1415.540114151321,1583.7680059519266
2025-11-18 00:00:00+00:00,586.6178788771854,2347.4043355079043,2231.712251129846,1415.540114151321,1583.7680059519266
2025-11-19 00:00:00+00:00,585.4311390844448,2347.4043355079043,2231.712251129846,1415.540114151321,1583.7680059519266
2025-11-20 00:00:00+00:00,585.4311390844448,2347.4043355079043,2231.712251129846,1415.540114151321,1583.7680059519266
2025-11-21 00:00:00+00:00,584.9427471635349,2347.4043355079043,2231.712251129846,1415.540114151321,1583.7680059519266
2025-11-22 00:00:00+00:00,583.6418226170642,2347.4043355079043,2231.712251129846,1415.540114151321,1583.7680059519266
2025-11-23 00:00:00+00:00,583.6418226170642,2347.4043355079043,2231.712251129846,1415.540114151321,1583.7680059519266
2025-11-24 00:00:00+00:00,578.1065268325544,2347.4043355079043,2231.712251129846,1415.540114151321,1583.7680059519266
2025-11-25 00:00:00+00:00,574.0666011076084,2347.4043355079043,2231.712251129846,1415.540114151321,1583.7680059519266
2025-11-26 00:00:00+00:00,568.216681557273,2347.4043355079043,2231.712251129846,1415.540114151321,1583.7680059519266
2025-11-27 00:00:00+00:00,569.5848036998567,2347.4043355079043,2231.712251129846,1415.540114151321,1583.7680059519266
2025-11-28 00:00:00+00:00,569.5848036998567,2347.4043355079043,2231.712251129846,1415.540114151321,1583.7680059519266
2025-11-29 00:00:00+00:00,569.5848036998567,2347.4043355079043,2231.712251129846,1415.540114151321,1583.7680059519266
2025-11-30 00:00:00+00:00,568.4112270198239,2347.4043355079043,2231.712251129846,1415.540114151321,1583.7680059519266
2025-12-01 00:00:00+00:00,568.4112270198239,2347.4043355079043,2231.712251129846,1415.540114151321,1583.7680059519266
2025-12-02 00:00:00+00:00,568.4112270198239,2347.4043355079043,2231.712251129846,1415.540114151321,1583.7680059519266
2025-12-03 00:00:00+00:00,568.4112270198239,2347.4043355079043,2231.712251129846,1415.540114151321,1583.7680059519266
2025-12-04 00:00:00+00:00,570.9060928501852,2347.4043355079043,2231.712251129846,1415.540114151321,1583.7680059519266
2025-12-05 00:00:00+00:00,570.9060928501852,2347.4043355079043,2231.712251129846,1415.540114151321,1583.7680059519266
2025-12-06 00:00:00+00:00,574.9756668611232,2347.4043355079043,2231.712251129846,1415.540114151321,1583.7680059519266
2025-12-07 00:00:00+00:00,575.0885778652745,2347.4043355079043,2231.712251129846,1415.540114151321,1583.7680059519266
2025-12-08 00:00:00+00:00,575.0885778652745,2347.4043355079043,2231.712251129846,1415.540114151321,1583.7680059519266
2025-12-09 00:00:00+00:00,573.8327011778849,2347.4043355079043,2231.712251129846,1415.540114151321,1583.7680059519266
2025-12-10 00:00:00+00:00,580.3772355010321,2347.4043355079043,2231.712251129846,1415.540114151321,1583.7680059519266
2025-12-11 00:00:00+00:00,580.3772355010321,2347.4043355079043,2231.712251129846,1415.540114151321,1583.7680059519266
2025-12-12 00:00:00+00:00,580.8184233523049,2347.4043355079043,2231.712251129846,1415.540114151321,1583.7680059519266
2025-12-13 00:00:00+00:00,580.8184233523049,2347.4043355079043,2231.712251129846,1415.540114151321,1583.7680059519266
2025-12-14 00:00:00+00:00,582.2425547366324,2347.4043355079043,2231.712251129846,1415.540114151321,1583.7680059519266
2025-12-15 00:00:00+00:00,577.4279483676434,2347.4043355079043,2231.712251129846,1415.540114151321,1583.7680059519266
2025-12-16 00:00:00+00:00,550.2865228370675,2347.4043355079043,2231.712251129846,1415.540114151321,1583.7680059519266
2025-12-17 00:00:00+00:00,550.2865228370675,2347.4043355079043,2231.712251129846,1415.540114151321,1583.7680059519266
2025-12-18 00:00:00+00:00,550.2865228370675,2347.4043355079043,2231.712251129846,1415.540114151321,1583.7680059519266
2025-12-19 00:00:00+00:00,518.0041884500899,2347.4043355079043,2231.712251129846,1415.540114151321,1583.7680059519266
2025-12-20 00:00:00+00:00,516.8670934264228,2347.4043355079043,2231.712251129846,1415.540114151321,1583.7680059519266
2025-12-21 00:00:00+00:00,517.3826588072371,2347.4043355079043,2231.712251129846,1415.540114151321,1583.7680059519266
2025-12-22 00:00:00+00:00,512.3540155301417,2347.4043355079043,2231.712251129846,1415.540114151321,1583.7680059519266
2025-12-23 00:00:00+00:00,512.3540155301417,2347.4043355079043,2231.712251129846,1415.540114151321,1583.7680059519266
2025-12-24 00:00:00+00:00,512.3540155301417,2347.4043355079043,2231.712251129846,1415.540114151321,1583.7680059519266
2025-12-25 00:00:00+00:00,512.3540155301417,2347.4043355079043,2231.712251129846,1415.540114151321,1583.7680059519266
2025-12-26 00:00:00+00:00,512.3540155301417,2347.4043355079043,2231.712251129846,1415.540114151321,1583.7680059519266
2025-12-27 00:00:00+00:00,511.2091379076805,2347.4043355079043,2231.712251129846,1415.540114151321,1583.7680059519266
2025-12-28 00:00:00+00:00,511.2091379076805,2347.4043355079043,2231.712251129846,1415.540114151321,1583.7680059519266
2025-12-29 00:00:00+00:00,512.0993144315372,2347.4043355079043,2231.712251129846,1415.540114151321,1583.7680059519266
2025-12-30 00:00:00+00:00,512.0993144315372,2347.4043355079043,2231.712251129846,1415.540114151321,1583.7680059519266
2025-12-31 00:00:00+00:00,512.0993144315372,2347.4043355079043,2231.712251129846,1415.540114151321,1583.7680059519266
2026-01-01 00:00:00+00:00,512.0993144315372,2347.4043355079043,2231.712251129846,1415.540114151321,1583.7680059519266
2026-01-02 00:00:00+00:00,512.0993144315372,2347.4043355079043,2231.712251129846,1415.540114151321,1583.7680059519266
2026-01-03 00:00:00+00:00,529.2707787257275,2347.4043355079043,2231.712251129846,1415.540114151321,1583.7680059519266
2026-01-04 00:00:00+00:00,512.2565980940241,2347.4043355079043,2231.712251129846,1415.540114151321,1583.7680059519266
2026-01-05 00:00:00+00:00,513.5876184788625,2347.4043355079043,2231.712251129846,1415.540114151321,1583.7680059519266
2026-01-06 00:00:00+00:00,513.5876184788625,2347.4043355079043,2231.712251129846,1415.540114151321,1583.7680059519266
2026-01-07 00:00:00+00:00,513.5876184788625,2347.4043355079043,2231.712251129846,1415.540114151321,1583.7680059519266
2026-01-08 00:00:00+00:00,513.5876184788625,2347.4043355079043,2231.712251129846,1415.540114151321,1583.7680059519266
2026-01-09 00:00:00+00:00,513.5876184788625,2321.5420854809545,2231.712251129846,1415.540114151321,1583.7680059519266
2026-01-10 00:00:00+00:00,511.4411594878436,2334.003811208417,2224.2803172811186,1415.540114151321,1583.7680059519266
2026-01-11 00:00:00+00:00,505.8148368191343,2294.644944856359,2207.5642831466253,1415.540114151321,1583.7680059519266
2026-01-12 00:00:00+00:00,492.4272997049317,2298.8024119697557,2194.327350254571,1415.540114151321,1583.7680059519266
2026-01-13 00:00:00+00:00,490.39350558488894,2278.1010813855873,2175.9252572641726,1415.540114151321,1583.7680059519266
2026-01-14 00:00:00+00:00,490.39350558488894,2278.1010813855873,2192.930341973415,1415.540114151321,1583.7680059519266
2026-01-15 00:00:00+00:00,490.39350558488894,2278.1010813855873,2192.930341973415,1415.540114151321,1583.7680059519266
2026-01-16 00:00:00+00:00,486.6685691359884,2249.502918122006,2178.6002443907983,1415.540114151321,1583.7680059519266
2026-01-17 00:00:00+00:00,486.6685691359884,2249.502918122006,2178.6002443907983,1415.540114151321,1583.7680059519266
2026-01-18 00:00:00+00:00,486.6685691359884,2249.502918122006,2178.6002443907983,1415.540114151321,1583.7680059519266
2026-01-19 00:00:00+00:00,484.8206111242497,2237.524560603832,2169.8798585561776,1415.540114151321,1583.7680059519266
2026-01-20 00:00:00+00:00,469.84410763027176,2171.1606086850234,2109.657294483425,1415.540114151321,1583.7680059519266
2026-01-21 00:00:00+00:00,464.7312239150951,2156.397505047996,2089.879772618819,1415.540114151321,1583.7680059519266
2026-01-22 00:00:00+00:00,464.7312239150951,2156.397505047996,2089.879772618819,1415.540114151321,1583.7680059519266
2026-01-23 00:00:00+00:00,452.9897905707883,2098.263938876035,2044.3969312436443,1415.540114151321,1583.7680059519266
2026-01-24 00:00:00+00:00,462.4781058293378,2123.43907128204,2082.742026517533,1415.540114151321,1583.7680059519266
2026-01-25 00:00:00+00:00,461.04197494513215,2119.239840878967,2077.1814000649174,1415.540114151321,1583.7680059519266
2026-01-26 00:00:00+00:00,461.04197494513215,2119.239840878967,2077.1814000649174,1415.540114151321,1583.7680059519266
2026-01-27 00:00:00+00:00,461.04197494513215,2119.239840878967,2077.1814000649174,1415.540114151321,1583.7680059519266
2026-01-28 00:00:00+00:00,461.04197494513215,2119.239840878967,2077.1814000649174,1415.540114151321,1583.7680059519266
2026-01-29 00:00:00+00:00,461.04197494513215,2119.239840878967,2077.1814000649174,1415.540114151321,1583.7680059519266
2026-01-30 00:00:00+00:00,455.82307433942617,2119.239840878967,2077.1814000649174,1415.540114151321,1583.7680059519266
2026-01-31 00:00:00+00:00,454.6680003599399,2119.239840878967,2077.1814000649174,1415.540114151321,1583.7680059519266
2026-02-01 00:00:00+00:00,454.6680003599399,2119.239840878967,2077.1814000649174,1415.540114151321,1583.7680059519266
2026-02-02 00:00:00+00:00,454.6680003599399,2119.239840878967,2077.1814000649174,1415.540114151321,1583.7680059519266
2026-02-03 00:00:00+00:00,435.0271304391143,2119.239840878967,2077.1814000649174,1415.540114151321,1583.7680059519266
2026-02-04 00:00:00+00:00,412.53948349206553,2119.239840878967,2077.1814000649174,1415.540114151321,1583.7680059519266
2026-02-05 00:00:00+00:00,393.0707775562828,2119.239840878967,2077.1814000649174,1415.540114151321,1583.7680059519266
2026-02-06 00:00:00+00:00,393.0707775562828,2119.239840878967,2077.1814000649174,1415.540114151321,1583.7680059519266
2026-02-07 00:00:00+00:00,395.77186997110186,2119.239840878967,2077.1814000649174,1415.540114151321,1583.7680059519266
2026-02-08 00:00:00+00:00,395.77186997110186,2119.239840878967,2077.1814000649174,1415.540114151321,1583.7680059519266
2026-02-09 00:00:00+00:00,395.77186997110186,2119.239840878967,2077.1814000649174,1415.540114151321,1583.7680059519266
2026-02-10 00:00:00+00:00,405.09050317756123,2119.239840878967,2077.1814000649174,1415.540114151321,1583.7680059519266
2026-02-11 00:00:00+00:00,405.09050317756123,2119.239840878967,2077.1814000649174,1415.540114151321,1583.7680059519266
2026-02-12 00:00:00+00:00,405.09050317756123,2119.239840878967,2077.1814000649174,1415.540114151321,1583.7680059519266
2026-02-13 00:00:00+00:00,405.09050317756123,2119.239840878967,2077.1814000649174,1415.540114151321,1583.7680059519266
2026-02-14 00:00:00+00:00,405.09050317756123,2119.239840878967,2077.1814000649174,1415.540114151321,1583.7680059519266
2026-02-15 00:00:00+00:00,403.9178161462527,2119.239840878967,2077.1814000649174,1415.540114151321,1583.7680059519266
2026-02-16 00:00:00+00:00,403.9178161462527,2119.239840878967,2077.1814000649174,1415.540114151321,1583.7680059519266
2026-02-17 00:00:00+00:00,395.7326566257371,2119.239840878967,2077.1814000649174,1415.540114151321,1583.7680059519266
2026-02-18 00:00:00+00:00,395.7326566257371,2119.239840878967,2077.1814000649174,1415.540114151321,1583.7680059519266
2026-02-19 00:00:00+00:00,395.7326566257371,2119.239840878967,2077.1814000649174,1415.540114151321,1583.7680059519266
2026-02-20 00:00:00+00:00,393.28115379902636,2119.239840878967,2077.1814000649174,1415.540114151321,1583.7680059519266
2026-02-21 00:00:00+00:00,393.28115379902636,2119.239840878967,2077.1814000649174,1415.540114151321,1583.7680059519266
2026-02-22 00:00:00+00:00,393.28115379902636,2119.239840878967,2077.1814000649174,1415.540114151321,1583.7680059519266
2026-02-23 00:00:00+00:00,393.28115379902636,2119.239840878967,2077.1814000649174,1415.540114151321,1583.7680059519266
2026-02-24 00:00:00+00:00,393.28115379902636,2119.239840878967,2077.1814000649174,1415.540114151321,1583.7680059519266
2026-02-25 00:00:00+00:00,393.28115379902636,2119.239840878967,2077.1814000649174,1415.540114151321,1583.7680059519266
2026-02-26 00:00:00+00:00,393.28115379902636,2119.239840878967,2077.1814000649174,1415.540114151321,1583.7680059519266
2026-02-27 00:00:00+00:00,393.28115379902636,2119.239840878967,2077.1814000649174,1415.540114151321,1583.7680059519266
2026-02-28 00:00:00+00:00,390.4813978648016,2119.239840878967,2077.1814000649174,1415.540114151321,1583.7680059519266
2026-03-01 00:00:00+00:00,390.4813978648016,2119.239840878967,2077.1814000649174,1415.540114151321,1583.7680059519266
2026-03-02 00:00:00+00:00,390.4813978648016,2119.239840878967,2077.1814000649174,1415.540114151321,1583.7680059519266
2026-03-03 00:00:00+00:00,393.94196784434877,2119.239840878967,2077.1814000649174,1415.540114151321,1583.7680059519266
2026-03-04 00:00:00+00:00,393.88808172463035,2119.239840878967,2077.1814000649174,1415.540114151321,1583.7680059519266
2026-03-05 00:00:00+00:00,398.4952540824276,2119.239840878967,2077.1814000649174,1415.540114151321,1583.7680059519266
2026-03-06 00:00:00+00:00,398.52278332066663,2119.239840878967,2077.1814000649174,1415.540114151321,1583.7680059519266
2026-03-07 00:00:00+00:00,398.52278332066663,2119.239840878967,2077.1814000649174,1415.540114151321,1583.7680059519266
2026-03-08 00:00:00+00:00,394.9773917309183,2119.239840878967,2077.1814000649174,1415.540114151321,1583.7680059519266
2026-03-09 00:00:00+00:00,394.9773917309183,2119.239840878967,2077.1814000649174,1415.540114151321,1583.7680059519266
2026-03-10 00:00:00+00:00,393.66981261393835,2119.239840878967,2077.1814000649174,1415.540114151321,1583.7680059519266
2026-03-11 00:00:00+00:00,390.62526687728047,2119.239840878967,2077.1814000649174,1415.540114151321,1583.7680059519266
2026-03-12 00:00:00+00:00,391.4457633173721,2119.239840878967,2077.1814000649174,1415.540114151321,1583.7680059519266
2026-03-13 00:00:00+00:00,393.09358783017905,2119.239840878967,2077.1814000649174,1415.540114151321,1583.7680059519266
2026-03-14 00:00:00+00:00,393.09358783017905,2119.239840878967,2077.1814000649174,1415.540114151321,1583.7680059519266
2026-03-15 00:00:00+00:00,393.09358783017905,2119.239840878967,2077.1814000649174,1415.540114151321,1583.7680059519266
2026-03-16 00:00:00+00:00,393.09358783017905,2119.239840878967,2077.1814000649174,1415.540114151321,1583.7680059519266
2026-03-17 00:00:00+00:00,396.92859727913054,2119.239840878967,2077.1814000649174,1415.540114151321,1583.7680059519266
2026-03-18 00:00:00+00:00,405.46279250037634,2119.239840878967,2077.1814000649174,1415.540114151321,1583.7680059519266
2026-03-19 00:00:00+00:00,405.46279250037634,2119.239840878967,2077.1814000649174,1415.540114151321,1583.7680059519266
2026-03-20 00:00:00+00:00,405.46279250037634,2119.239840878967,2077.1814000649174,1415.540114151321,1583.7680059519266
2026-03-21 00:00:00+00:00,407.599101498192,2129.1001289135556,2077.1814000649174,1415.540114151321,1583.7680059519266
2026-03-22 00:00:00+00:00,399.03301361245707,2092.7855256432317,2077.1814000649174,1415.540114151321,1583.7680059519266
2026-03-23 00:00:00+00:00,376.9767794020136,2017.580661278432,1921.4482277113138,1415.540114151321,1583.7680059519266
2026-03-24 00:00:00+00:00,380.7892417450339,2037.4722416270736,1921.4482277113138,1415.540114151321,1583.7680059519266
2026-03-25 00:00:00+00:00,380.7892417450339,2037.4722416270736,1921.4482277113138,1415.540114151321,1583.7680059519266
2026-03-26 00:00:00+00:00,380.7892417450339,2039.4028950486272,1921.4482277113138,1415.540114151321,1583.7680059519266
2026-03-27 00:00:00+00:00,380.99882362407874,2039.4028950486272,1921.4482277113138,1415.540114151321,1583.7680059519266
2026-03-28 00:00:00+00:00,381.1957360629766,2039.4028950486272,1921.4482277113138,1415.540114151321,1583.7680059519266
2026-03-29 00:00:00+00:00,381.1957360629766,1959.3387572293636,1921.4482277113138,1415.540114151321,1583.7680059519266
2026-03-30 00:00:00+00:00,356.79955167927767,1931.7518800041391,1921.4482277113138,1415.540114151321,1583.7680059519266
2026-03-31 00:00:00+00:00,352.2643684519159,1931.1829223240948,1864.5587332204211,1415.540114151321,1583.7680059519266
2026-04-01 00:00:00+00:00,351.08425717974666,1931.1829223240948,1864.5587332204211,1415.540114151321,1583.7680059519266
2026-04-02 00:00:00+00:00,351.0273348754066,1931.1829223240948,1864.5587332204211,1415.540114151321,1583.7680059519266
2026-04-03 00:00:00+00:00,350.2962552693681,1931.1829223240948,1864.5587332204211,1415.540114151321,1583.7680059519266
2026-04-04 00:00:00+00:00,350.2962552693681,1931.1829223240948,1864.5587332204211,1415.540114151321,1583.7680059519266
2026-04-05 00:00:00+00:00,350.6365880423713,1931.1829223240948,1864.5587332204211,1415.540114151321,1583.7680059519266
2026-04-06 00:00:00+00:00,350.6365880423713,1931.1829223240948,1864.5587332204211,1415.540114151321,1583.7680059519266
2026-04-07 00:00:00+00:00,322.26302578841785,1931.1829223240948,1864.5587332204211,1415.540114151321,1583.7680059519266
2026-04-08 00:00:00+00:00,326.72515762886405,1931.1829223240948,1864.5587332204211,1415.540114151321,1583.7680059519266
2026-04-09 00:00:00+00:00,328.109205281699,1931.1829223240948,1864.5587332204211,1415.540114151321,1583.7680059519266
2026-04-10 00:00:00+00:00,322.95233296342553,1931.1829223240948,1864.5587332204211,1415.540114151321,1583.7680059519266
2026-04-11 00:00:00+00:00,330.2188519915699,1934.8749676442885,1864.5587332204211,1415.540114151321,1583.7680059519266
2026-04-12 00:00:00+00:00,330.718625441622,1927.0301746948526,1864.5587332204211,1415.540114151321,1583.7680059519266
2026-04-13 00:00:00+00:00,331.6045288411508,1931.9273317950801,1854.9837835258718,1415.540114151321,1583.7680059519266
2026-04-14 00:00:00+00:00,379.5621473613927,2278.687962816242,1847.0322800625577,1415.540114151321,1583.7680059519266
2026-04-15 00:00:00+00:00,379.5621473613927,2278.687962816242,1847.0322800625577,1415.540114151321,1583.7680059519266
2026-04-16 00:00:00+00:00,380.0568570950673,2281.567930478387,1807.8763571667964,1415.540114151321,1583.7680059519266
2026-04-17 00:00:00+00:00,381.23775466432045,2273.5775106543942,1789.5121094186018,1415.540114151321,1583.7680059519266
2026-04-18 00:00:00+00:00,379.1826974691483,2272.310630135615,1777.4229290221817,1415.540114151321,1583.7680059519266
2026-04-19 00:00:00+00:00,379.1826974691483,2272.310630135615,1777.4229290221817,1415.540114151321,1583.7680059519266
2026-04-20 00:00:00+00:00,389.1801294063177,2321.781753400948,1721.6716284215781,1415.540114151321,1583.7680059519266
2026-04-21 00:00:00+00:00,389.1801294063177,2321.781753400948,1721.6716284215781,1415.540114151321,1583.7680059519266
2026-04-22 00:00:00+00:00,371.43076101031306,2187.012551142743,1665.596020362277,1415.540114151321,1583.7680059519266
2026-04-23 00:00:00+00:00,371.8174575387026,2188.5919550687518,1667.5489312288657,1415.540114151321,1583.7680059519266
2026-04-24 00:00:00+00:00,376.19577765755207,2201.0758447519697,1661.7478968558776,1415.540114151321,1583.7680059519266
2026-04-25 00:00:00+00:00,376.19577765755207,2201.0758447519697,1661.7478968558776,1415.540114151321,1583.7680059519266
2026-04-26 00:00:00+00:00,372.3112392443043,2184.8167605670697,1650.3940873899512,1415.540114151321,1583.7680059519266
2026-04-27 00:00:00+00:00,364.1773579190593,2145.322949709352,1650.3940873899512,1415.540114151321,1583.7680059519266
2026-04-28 00:00:00+00:00,363.8334052642785,2143.77691047062,1649.3144795385006,1413.937104968518,1583.7680059519266
2026-04-29 00:00:00+00:00,363.8334052642785,2143.77691047062,1649.3144795385006,1413.937104968518,1583.7680059519266
2026-04-30 00:00:00+00:00,359.82285258301874,2126.9440079509127,1634.1503072100675,1390.5543831707482,1474.454435315317
2026-05-01 00:00:00+00:00,359.82285258301874,2126.9440079509127,1634.1503072100675,1390.5543831707482,1474.454435315317
2026-05-02 00:00:00+00:00,367.7000020770648,2144.787422740887,1679.9142488576454,1399.3332213598035,1523.5856139235254
2026-05-03 00:00:00+00:00,367.7000020770648,2144.787422740887,1679.9142488576454,1403.9873541238148,1528.1648953216952
2026-05-04 00:00:00+00:00,368.5761846883673,2149.2675699044744,1682.8708465875816,1403.9873541238148,1528.1648953216952
2026-05-05 00:00:00+00:00,368.5761846883673,2149.2675699044744,1682.8708465875816,1403.9873541238148,1528.1648953216952
2026-05-06 00:00:00+00:00,368.52425367518975,2149.033919905999,1682.6745721444304,1403.9873541238148,1528.1648953216952
2026-05-07 00:00:00+00:00,368.52425367518975,2149.033919905999,1682.6745721444304,1403.9873541238148,1528.1648953216952
2026-05-08 00:00:00+00:00,368.52425367518975,2149.033919905999,1682.6745721444304,1403.9873541238148,1528.1648953216952
2026-05-09 00:00:00+00:00,363.94670602789165,2128.8326752170187,1665.353213033417,1386.9395043831291,1508.582461177518
2026-05-10 00:00:00+00:00,363.94670602789165,2128.8326752170187,1665.353213033417,1386.9395043831291,1529.362530584519
2026-05-11 00:00:00+00:00,363.94670602789165,2128.8326752170187,1665.353213033417,1386.9395043831291,1529.362530584519
2026-05-12 00:00:00+00:00,366.23876961689746,2139.7721869513916,1674.0716528727273,1393.151455764548,1533.0580132241457
2026-05-13 00:00:00+00:00,366.23876961689746,2139.7721869513916,1674.0716528727273,1393.151455764548,1533.0580132241457
2026-05-14 00:00:00+00:00,360.2643492289769,2110.6852795715986,1651.3384682043118,1373.0265409518606,1518.7920922244573
2026-05-15 00:00:00+00:00,355.5200641677707,2087.5983465494796,1633.2864252941774,1357.060531853756,1507.386413386323
2026-05-16 00:00:00+00:00,351.25483011852344,2066.8748592996744,1617.0003220927888,1343.5874051919882,1507.386413386323
2026-05-17 00:00:00+00:00,343.51250462709004,2029.8470802730812,1587.506800857429,1319.2347848687832,1466.3620367914327
2026-05-18 00:00:00+00:00,341.0647480745404,2018.2091657572118,1578.200059298325,1311.8001161610464,1454.5800993848122
2026-05-19 00:00:00+00:00,341.0647480745404,2018.2091657572118,1578.200059298325,1311.8001161610464,1454.5800993848122
2026-05-20 00:00:00+00:00,339.0461804014747,2008.544426814911,1570.5211780954946,1305.4400880032022,1447.556075478842
2026-05-21 00:00:00+00:00,343.03893675067576,2027.7879049408575,1585.7055487348973,1318.6218278762287,1460.1850113584908
2026-05-22 00:00:00+00:00,343.03893675067576,2027.7879049408575,1585.7055487348973,1318.6218278762287,1460.1850113584908
2026-05-23 00:00:00+00:00,343.03893675067576,2027.7879049408575,1585.7055487348973,1318.6218278762287,1460.1850113584908
2026-05-24 00:00:00+00:00,347.15196836256104,2047.510815876446,1601.3624746705914,1318.6218278762287,1460.1850113584908
2026-05-25 00:00:00+00:00,347.15196836256104,2047.510815876446,1601.3624746705914,1318.6218278762287,1460.1850113584908
2026-05-26 00:00:00+00:00,347.15196836256104,2047.510815876446,1601.3624746705914,1318.6218278762287,1460.1850113584908
2026-05-27 00:00:00+00:00,342.4970893800289,2025.1490447040503,1583.6526404333592,1318.6218278762287,1460.1850113584908
2026-05-28 00:00:00+00:00,342.79970624437794,2025.1490447040503,1583.6526404333592,1318.6218278762287,1460.1850113584908
2026-05-29 00:00:00+00:00,342.4080027753293,2021.298404783105,1583.6526404333592,1318.6218278762287,1460.1850113584908
2026-05-30 00:00:00+00:00,332.26228144969787,1978.3664547427468,1583.6526404333592,1318.6218278762287,1460.1850113584908
2026-05-31 00:00:00+00:00,332.26228144969787,1978.3664547427468,1570.7110438060622,1318.6218278762287,1460.1850113584908
2026-06-01 00:00:00+00:00,333.2687637571079,1978.3664547427468,1570.7110438060622,1318.6218278762287,1460.1850113584908
2026-06-02 00:00:00+00:00,335.30676785290996,1978.3664547427468,1570.7110438060622,1318.6218278762287,1460.1850113584908
2026-06-03 00:00:00+00:00,335.30676785290996,1978.3664547427468,1570.7110438060622,1318.6218278762287,1460.1850113584908
2026-06-04 00:00:00+00:00,330.3259720712357,1978.3664547427468,1570.7110438060622,1318.6218278762287,1460.1850113584908
2026-06-05 00:00:00+00:00,329.638943196965,1978.3664547427468,1570.7110438060622,1318.6218278762287,1460.1850113584908
2026-06-06 00:00:00+00:00,327.8526106743585,1978.3664547427468,1570.7110438060622,1318.6218278762287,1460.1850113584908
2026-06-07 00:00:00+00:00,318.3459676721277,1978.3664547427468,1570.7110438060622,1318.6218278762287,1460.1850113584908
2026-06-08 00:00:00+00:00,318.3459676721277,1978.3664547427468,1570.7110438060622,1318.6218278762287,1460.1850113584908
2026-06-09 00:00:00+00:00,295.52774459404196,1978.3664547427468,1570.7110438060622,1318.6218278762287,1460.1850113584908
2026-06-10 00:00:00+00:00,297.4151652321575,1978.3664547427468,1570.7110438060622,1318.6218278762287,1460.1850113584908
2026-06-11 00:00:00+00:00,297.38898523562864,1978.3664547427468,1570.7110438060622,1318.6218278762287,1460.1850113584908
2026-06-12 00:00:00+00:00,303.767710785605,1978.3664547427468,1570.7110438060622,1318.6218278762287,1460.1850113584908
2026-06-13 00:00:00+00:00,293.92463817587566,1978.3664547427468,1570.7110438060622,1318.6218278762287,1460.1850113584908
2026-06-14 00:00:00+00:00,297.057928454392,1978.3664547427468,1570.7110438060622,1318.6218278762287,1460.1850113584908
2026-06-15 00:00:00+00:00,311.35820435440695,1978.3664547427468,1570.7110438060622,1318.6218278762287,1460.1850113584908
2026-06-16 00:00:00+00:00,311.35820435440695,1978.3664547427468,1570.7110438060622,1318.6218278762287,1460.1850113584908
2026-06-17 00:00:00+00:00,312.47434800000065,1978.3664547427468,1570.7110438060622,1318.6218278762287,1460.1850113584908
2026-06-18 00:00:00+00:00,312.47434800000065,1978.3664547427468,1570.7110438060622,1318.6218278762287,1460.1850113584908
2026-06-19 00:00:00+00:00,309.89249786924313,1978.3664547427468,1570.7110438060622,1318.6218278762287,1460.1850113584908
2026-06-20 00:00:00+00:00,309.89249786924313,1978.3664547427468,1570.7110438060622,1318.6218278762287,1460.1850113584908
2026-06-21 00:00:00+00:00,301.79163276370105,1978.3664547427468,1570.7110438060622,1318.6218278762287,1460.1850113584908
2026-06-22 00:00:00+00:00,301.79163276370105,1978.3664547427468,1570.7110438060622,1318.6218278762287,1460.1850113584908
2026-06-23 00:00:00+00:00,296.6600443475207,1978.3664547427468,1570.7110438060622,1318.6218278762287,1460.1850113584908
2026-06-24 00:00:00+00:00,295.3902447550951,1978.3664547427468,1570.7110438060622,1318.6218278762287,1460.1850113584908
2026-06-25 00:00:00+00:00,295.94743045881495,1978.3664547427468,1570.7110438060622,1318.6218278762287,1460.1850113584908
2026-06-26 00:00:00+00:00,302.141936585184,1978.3664547427468,1570.7110438060622,1318.6218278762287,1460.1850113584908
2026-06-27 00:00:00+00:00,302.0608370835839,1978.3664547427468,1570.7110438060622,1318.6218278762287,1460.1850113584908
2026-06-28 00:00:00+00:00,299.5231058646094,1978.3664547427468,1570.7110438060622,1318.6218278762287,1460.1850113584908
2026-06-29 00:00:00+00:00,300.3918410113156,1978.3664547427468,1570.7110438060622,1318.6218278762287,1460.1850113584908
2026-06-30 00:00:00+00:00,331.972355202339,1978.3664547427468,1570.7110438060622,1318.6218278762287,1460.1850113584908
